period,addressId,diceName,bet_count
2012-04-21 17:00,3524394,lessthan 32000,0
2012-04-21 17:00,3517636,lessthan 32768,0
2012-04-21 17:00,3517367,lessthan 48000,1
2012-04-21 18:00,3524394,lessthan 32000,0
2012-04-21 18:00,3517636,lessthan 32768,2
2012-04-21 18:00,3517367,lessthan 48000,0
2012-04-21 19:00,3524394,lessthan 32000,0
2012-04-21 19:00,3517636,lessthan 32768,0
2012-04-21 19:00,3517367,lessthan 48000,0
2012-04-21 20:00,3524394,lessthan 32000,0
2012-04-21 20:00,3517636,lessthan 32768,0
2012-04-21 20:00,3517367,lessthan 48000,0
2012-04-21 21:00,3524394,lessthan 32000,0
2012-04-21 21:00,3517636,lessthan 32768,0
2012-04-21 21:00,3517367,lessthan 48000,0
2012-04-21 22:00,3524394,lessthan 32000,0
2012-04-21 22:00,3517636,lessthan 32768,0
2012-04-21 22:00,3517367,lessthan 48000,0
2012-04-21 23:00,3524394,lessthan 32000,0
2012-04-21 23:00,3517636,lessthan 32768,0
2012-04-21 23:00,3517367,lessthan 48000,0
2012-04-22 00:00,3524394,lessthan 32000,0
2012-04-22 00:00,3517636,lessthan 32768,0
2012-04-22 00:00,3517367,lessthan 48000,0
2012-04-22 01:00,3524394,lessthan 32000,0
2012-04-22 01:00,3517636,lessthan 32768,0
2012-04-22 01:00,3517367,lessthan 48000,0
2012-04-22 02:00,3524394,lessthan 32000,0
2012-04-22 02:00,3517636,lessthan 32768,0
2012-04-22 02:00,3517367,lessthan 48000,0
2012-04-22 03:00,3524394,lessthan 32000,0
2012-04-22 03:00,3517636,lessthan 32768,1
2012-04-22 03:00,3517367,lessthan 48000,0
2012-04-22 04:00,3524394,lessthan 32000,0
2012-04-22 04:00,3517636,lessthan 32768,0
2012-04-22 04:00,3517367,lessthan 48000,0
2012-04-22 05:00,3524394,lessthan 32000,0
2012-04-22 05:00,3517636,lessthan 32768,0
2012-04-22 05:00,3517367,lessthan 48000,0
2012-04-22 06:00,3524394,lessthan 32000,0
2012-04-22 06:00,3517636,lessthan 32768,0
2012-04-22 06:00,3517367,lessthan 48000,0
2012-04-22 07:00,3524394,lessthan 32000,0
2012-04-22 07:00,3517636,lessthan 32768,3
2012-04-22 07:00,3517367,lessthan 48000,0
2012-04-22 08:00,3524394,lessthan 32000,0
2012-04-22 08:00,3517636,lessthan 32768,0
2012-04-22 08:00,3517367,lessthan 48000,0
2012-04-22 09:00,3524394,lessthan 32000,0
2012-04-22 09:00,3517636,lessthan 32768,0
2012-04-22 09:00,3517367,lessthan 48000,0
2012-04-22 10:00,3524394,lessthan 32000,0
2012-04-22 10:00,3517636,lessthan 32768,0
2012-04-22 10:00,3517367,lessthan 48000,0
2012-04-22 11:00,3524394,lessthan 32000,0
2012-04-22 11:00,3517636,lessthan 32768,0
2012-04-22 11:00,3517367,lessthan 48000,0
2012-04-22 12:00,3524394,lessthan 32000,0
2012-04-22 12:00,3517636,lessthan 32768,0
2012-04-22 12:00,3517367,lessthan 48000,0
2012-04-22 13:00,3524394,lessthan 32000,0
2012-04-22 13:00,3517636,lessthan 32768,0
2012-04-22 13:00,3517367,lessthan 48000,0
2012-04-22 14:00,3524394,lessthan 32000,0
2012-04-22 14:00,3517636,lessthan 32768,0
2012-04-22 14:00,3517367,lessthan 48000,0
2012-04-22 15:00,3524394,lessthan 32000,0
2012-04-22 15:00,3517636,lessthan 32768,0
2012-04-22 15:00,3517367,lessthan 48000,0
2012-04-22 16:00,3524394,lessthan 32000,0
2012-04-22 16:00,3517636,lessthan 32768,0
2012-04-22 16:00,3517367,lessthan 48000,0
2012-04-22 17:00,3524394,lessthan 32000,0
2012-04-22 17:00,3517636,lessthan 32768,0
2012-04-22 17:00,3517367,lessthan 48000,0
2012-04-22 18:00,3524394,lessthan 32000,2
2012-04-22 18:00,3517636,lessthan 32768,3
2012-04-22 18:00,3517367,lessthan 48000,0
2012-04-22 19:00,3524394,lessthan 32000,0
2012-04-22 19:00,3517636,lessthan 32768,0
2012-04-22 19:00,3517367,lessthan 48000,0
2012-04-22 20:00,3524394,lessthan 32000,0
2012-04-22 20:00,3517636,lessthan 32768,0
2012-04-22 20:00,3517367,lessthan 48000,0
2012-04-22 21:00,3524394,lessthan 32000,0
2012-04-22 21:00,3517636,lessthan 32768,0
2012-04-22 21:00,3517367,lessthan 48000,0
2012-04-22 22:00,3524394,lessthan 32000,0
2012-04-22 22:00,3517636,lessthan 32768,8
2012-04-22 22:00,3517367,lessthan 48000,0
2012-04-22 23:00,3524394,lessthan 32000,0
2012-04-22 23:00,3517636,lessthan 32768,5
2012-04-22 23:00,3517367,lessthan 48000,0
2012-04-23 00:00,3524394,lessthan 32000,0
2012-04-23 00:00,3517636,lessthan 32768,3
2012-04-23 00:00,3517367,lessthan 48000,0
2012-04-23 01:00,3524394,lessthan 32000,0
2012-04-23 01:00,3517636,lessthan 32768,0
2012-04-23 01:00,3517367,lessthan 48000,0
2012-04-23 02:00,3524394,lessthan 32000,0
2012-04-23 02:00,3517636,lessthan 32768,0
2012-04-23 02:00,3517367,lessthan 48000,0
2012-04-23 03:00,3524394,lessthan 32000,0
2012-04-23 03:00,3517636,lessthan 32768,0
2012-04-23 03:00,3517367,lessthan 48000,0
2012-04-23 04:00,3524394,lessthan 32000,0
2012-04-23 04:00,3517636,lessthan 32768,0
2012-04-23 04:00,3517367,lessthan 48000,0
2012-04-23 05:00,3524394,lessthan 32000,0
2012-04-23 05:00,3517636,lessthan 32768,0
2012-04-23 05:00,3517367,lessthan 48000,0
2012-04-23 06:00,3524394,lessthan 32000,0
2012-04-23 06:00,3517636,lessthan 32768,0
2012-04-23 06:00,3517367,lessthan 48000,0
2012-04-23 07:00,3524394,lessthan 32000,0
2012-04-23 07:00,3517636,lessthan 32768,0
2012-04-23 07:00,3517367,lessthan 48000,0
2012-04-23 08:00,3524394,lessthan 32000,0
2012-04-23 08:00,3517636,lessthan 32768,0
2012-04-23 08:00,3517367,lessthan 48000,0
2012-04-23 09:00,3524394,lessthan 32000,0
2012-04-23 09:00,3517636,lessthan 32768,0
2012-04-23 09:00,3517367,lessthan 48000,0
2012-04-23 10:00,3524394,lessthan 32000,0
2012-04-23 10:00,3517636,lessthan 32768,0
2012-04-23 10:00,3517367,lessthan 48000,0
2012-04-23 11:00,3524394,lessthan 32000,0
2012-04-23 11:00,3517636,lessthan 32768,0
2012-04-23 11:00,3517367,lessthan 48000,0
2012-04-23 12:00,3524394,lessthan 32000,0
2012-04-23 12:00,3517636,lessthan 32768,0
2012-04-23 12:00,3517367,lessthan 48000,0
2012-04-23 13:00,3524394,lessthan 32000,0
2012-04-23 13:00,3517636,lessthan 32768,0
2012-04-23 13:00,3517367,lessthan 48000,0
2012-04-23 14:00,3524394,lessthan 32000,0
2012-04-23 14:00,3517636,lessthan 32768,0
2012-04-23 14:00,3517367,lessthan 48000,0
2012-04-23 15:00,3524394,lessthan 32000,0
2012-04-23 15:00,3517636,lessthan 32768,0
2012-04-23 15:00,3517367,lessthan 48000,0
2012-04-23 16:00,3524394,lessthan 32000,0
2012-04-23 16:00,3517636,lessthan 32768,0
2012-04-23 16:00,3517367,lessthan 48000,0
2012-04-23 17:00,3524394,lessthan 32000,0
2012-04-23 17:00,3517636,lessthan 32768,0
2012-04-23 17:00,3517367,lessthan 48000,0
2012-04-23 18:00,3524394,lessthan 32000,0
2012-04-23 18:00,3517636,lessthan 32768,0
2012-04-23 18:00,3517367,lessthan 48000,0
2012-04-23 19:00,3524394,lessthan 32000,0
2012-04-23 19:00,3517636,lessthan 32768,0
2012-04-23 19:00,3517367,lessthan 48000,0
2012-04-23 20:00,3524394,lessthan 32000,0
2012-04-23 20:00,3517636,lessthan 32768,0
2012-04-23 20:00,3517367,lessthan 48000,0
2012-04-23 21:00,3524394,lessthan 32000,0
2012-04-23 21:00,3517636,lessthan 32768,1
2012-04-23 21:00,3517367,lessthan 48000,0
2012-04-23 22:00,3524394,lessthan 32000,0
2012-04-23 22:00,3517636,lessthan 32768,0
2012-04-23 22:00,3517367,lessthan 48000,0
2012-04-23 23:00,3524394,lessthan 32000,0
2012-04-23 23:00,3517636,lessthan 32768,0
2012-04-23 23:00,3517367,lessthan 48000,0
2012-04-24 00:00,3524394,lessthan 32000,0
2012-04-24 00:00,3517636,lessthan 32768,0
2012-04-24 00:00,3517367,lessthan 48000,1
2012-04-24 01:00,3524394,lessthan 32000,0
2012-04-24 01:00,3517636,lessthan 32768,0
2012-04-24 01:00,3517367,lessthan 48000,0
2012-04-24 02:00,3524394,lessthan 32000,0
2012-04-24 02:00,3517636,lessthan 32768,1
2012-04-24 02:00,3517367,lessthan 48000,0
2012-04-24 03:00,3524394,lessthan 32000,0
2012-04-24 03:00,3517636,lessthan 32768,1
2012-04-24 03:00,3517367,lessthan 48000,0
2012-04-24 04:00,3524394,lessthan 32000,0
2012-04-24 04:00,3517636,lessthan 32768,0
2012-04-24 04:00,3517367,lessthan 48000,0
2012-04-24 05:00,3524394,lessthan 32000,0
2012-04-24 05:00,3517636,lessthan 32768,1
2012-04-24 05:00,3517367,lessthan 48000,0
2012-04-24 06:00,3524394,lessthan 32000,0
2012-04-24 06:00,3517636,lessthan 32768,0
2012-04-24 06:00,3517367,lessthan 48000,0
2012-04-24 07:00,3524394,lessthan 32000,0
2012-04-24 07:00,3517636,lessthan 32768,0
2012-04-24 07:00,3517367,lessthan 48000,0
2012-04-24 08:00,3524394,lessthan 32000,0
2012-04-24 08:00,3517636,lessthan 32768,0
2012-04-24 08:00,3517367,lessthan 48000,0
2012-04-24 09:00,3524394,lessthan 32000,0
2012-04-24 09:00,3517636,lessthan 32768,0
2012-04-24 09:00,3517367,lessthan 48000,0
2012-04-24 10:00,3524394,lessthan 32000,0
2012-04-24 10:00,3517636,lessthan 32768,0
2012-04-24 10:00,3517367,lessthan 48000,0
2012-04-24 11:00,3524394,lessthan 32000,0
2012-04-24 11:00,3517636,lessthan 32768,0
2012-04-24 11:00,3517367,lessthan 48000,0
2012-04-24 12:00,3524394,lessthan 32000,3
2012-04-24 12:00,3517636,lessthan 32768,3
2012-04-24 12:00,3517367,lessthan 48000,3
2012-04-24 13:00,3524394,lessthan 32000,0
2012-04-24 13:00,3517636,lessthan 32768,0
2012-04-24 13:00,3517367,lessthan 48000,0
2012-04-24 14:00,3524394,lessthan 32000,0
2012-04-24 14:00,3517636,lessthan 32768,0
2012-04-24 14:00,3517367,lessthan 48000,0
2012-04-24 15:00,3524394,lessthan 32000,0
2012-04-24 15:00,3517636,lessthan 32768,0
2012-04-24 15:00,3517367,lessthan 48000,0
2012-04-24 16:00,3524394,lessthan 32000,0
2012-04-24 16:00,3517636,lessthan 32768,0
2012-04-24 16:00,3517367,lessthan 48000,0
2012-04-24 17:00,3524394,lessthan 32000,2
2012-04-24 17:00,3517636,lessthan 32768,2
2012-04-24 17:00,3517367,lessthan 48000,2
2012-04-24 18:00,3524394,lessthan 32000,6
2012-04-24 18:00,3517636,lessthan 32768,1
2012-04-24 18:00,3517367,lessthan 48000,0
2012-04-24 19:00,3524394,lessthan 32000,0
2012-04-24 19:00,3517636,lessthan 32768,0
2012-04-24 19:00,3517367,lessthan 48000,0
2012-04-24 20:00,3524394,lessthan 32000,0
2012-04-24 20:00,3517636,lessthan 32768,2
2012-04-24 20:00,3517367,lessthan 48000,0
2012-04-24 21:00,3524394,lessthan 32000,1
2012-04-24 21:00,3517636,lessthan 32768,1
2012-04-24 21:00,3517367,lessthan 48000,1
2012-04-24 22:00,3524394,lessthan 32000,0
2012-04-24 22:00,3517636,lessthan 32768,1
2012-04-24 22:00,3517367,lessthan 48000,0
2012-04-24 23:00,3524394,lessthan 32000,0
2012-04-24 23:00,3517636,lessthan 32768,0
2012-04-24 23:00,3517367,lessthan 48000,0
2012-04-25 00:00,3524394,lessthan 32000,0
2012-04-25 00:00,3517636,lessthan 32768,36
2012-04-25 00:00,3517367,lessthan 48000,2
2012-04-25 01:00,3524394,lessthan 32000,0
2012-04-25 01:00,3517636,lessthan 32768,14
2012-04-25 01:00,3517367,lessthan 48000,1
2012-04-25 02:00,3524394,lessthan 32000,32
2012-04-25 02:00,3517636,lessthan 32768,6
2012-04-25 02:00,3517367,lessthan 48000,0
2012-04-25 03:00,3524394,lessthan 32000,51
2012-04-25 03:00,3517636,lessthan 32768,0
2012-04-25 03:00,3517367,lessthan 48000,0
2012-04-25 04:00,3524394,lessthan 32000,31
2012-04-25 04:00,3517636,lessthan 32768,3
2012-04-25 04:00,3517367,lessthan 48000,0
2012-04-25 05:00,3524394,lessthan 32000,39
2012-04-25 05:00,3517636,lessthan 32768,0
2012-04-25 05:00,3517367,lessthan 48000,0
2012-04-25 06:00,3524394,lessthan 32000,0
2012-04-25 06:00,3517636,lessthan 32768,0
2012-04-25 06:00,3517367,lessthan 48000,0
2012-04-25 07:00,3524394,lessthan 32000,0
2012-04-25 07:00,3517636,lessthan 32768,0
2012-04-25 07:00,3517367,lessthan 48000,0
2012-04-25 08:00,3524394,lessthan 32000,0
2012-04-25 08:00,3517636,lessthan 32768,0
2012-04-25 08:00,3517367,lessthan 48000,0
2012-04-25 09:00,3524394,lessthan 32000,5
2012-04-25 09:00,3517636,lessthan 32768,0
2012-04-25 09:00,3517367,lessthan 48000,0
2012-04-25 10:00,3524394,lessthan 32000,0
2012-04-25 10:00,3517636,lessthan 32768,0
2012-04-25 10:00,3517367,lessthan 48000,0
2012-04-25 11:00,3524394,lessthan 32000,0
2012-04-25 11:00,3517636,lessthan 32768,0
2012-04-25 11:00,3517367,lessthan 48000,1
2012-04-25 12:00,3524394,lessthan 32000,0
2012-04-25 12:00,3517636,lessthan 32768,0
2012-04-25 12:00,3517367,lessthan 48000,0
2012-04-25 13:00,3524394,lessthan 32000,10
2012-04-25 13:00,3517636,lessthan 32768,0
2012-04-25 13:00,3517367,lessthan 48000,0
2012-04-25 14:00,3524394,lessthan 32000,0
2012-04-25 14:00,3517636,lessthan 32768,0
2012-04-25 14:00,3517367,lessthan 48000,0
2012-04-25 15:00,3524394,lessthan 32000,0
2012-04-25 15:00,3517636,lessthan 32768,0
2012-04-25 15:00,3517367,lessthan 48000,0
2012-04-25 16:00,3524394,lessthan 32000,0
2012-04-25 16:00,3517636,lessthan 32768,0
2012-04-25 16:00,3517367,lessthan 48000,0
2012-04-25 17:00,3524394,lessthan 32000,0
2012-04-25 17:00,3517636,lessthan 32768,0
2012-04-25 17:00,3517367,lessthan 48000,0
2012-04-25 18:00,3524394,lessthan 32000,2
2012-04-25 18:00,3517636,lessthan 32768,0
2012-04-25 18:00,3517367,lessthan 48000,0
2012-04-25 19:00,3524394,lessthan 32000,0
2012-04-25 19:00,3517636,lessthan 32768,4
2012-04-25 19:00,3517367,lessthan 48000,0
2012-04-25 20:00,3524394,lessthan 32000,7
2012-04-25 20:00,3517636,lessthan 32768,1
2012-04-25 20:00,3517367,lessthan 48000,0
2012-04-25 21:00,3524394,lessthan 32000,6
2012-04-25 21:00,3517636,lessthan 32768,0
2012-04-25 21:00,3517367,lessthan 48000,0
2012-04-25 22:00,3524394,lessthan 32000,0
2012-04-25 22:00,3517636,lessthan 32768,0
2012-04-25 22:00,3517367,lessthan 48000,0
2012-04-25 23:00,3524394,lessthan 32000,8
2012-04-25 23:00,3517636,lessthan 32768,0
2012-04-25 23:00,3517367,lessthan 48000,0
2012-04-26 00:00,3524394,lessthan 32000,3
2012-04-26 00:00,3517636,lessthan 32768,3
2012-04-26 00:00,3517367,lessthan 48000,5
2012-04-26 01:00,3524394,lessthan 32000,19
2012-04-26 01:00,3517636,lessthan 32768,4
2012-04-26 01:00,3517367,lessthan 48000,14
2012-04-26 02:00,3524394,lessthan 32000,4
2012-04-26 02:00,3517636,lessthan 32768,0
2012-04-26 02:00,3517367,lessthan 48000,0
2012-04-26 03:00,3524394,lessthan 32000,7
2012-04-26 03:00,3517636,lessthan 32768,2
2012-04-26 03:00,3517367,lessthan 48000,0
2012-04-26 04:00,3524394,lessthan 32000,0
2012-04-26 04:00,3517636,lessthan 32768,0
2012-04-26 04:00,3517367,lessthan 48000,0
2012-04-26 05:00,3524394,lessthan 32000,0
2012-04-26 05:00,3517636,lessthan 32768,1
2012-04-26 05:00,3517367,lessthan 48000,0
2012-04-26 06:00,3524394,lessthan 32000,5
2012-04-26 06:00,3517636,lessthan 32768,2
2012-04-26 06:00,3517367,lessthan 48000,0
2012-04-26 07:00,3524394,lessthan 32000,0
2012-04-26 07:00,3517636,lessthan 32768,3
2012-04-26 07:00,3517367,lessthan 48000,1
2012-04-26 08:00,3524394,lessthan 32000,0
2012-04-26 08:00,3517636,lessthan 32768,1
2012-04-26 08:00,3517367,lessthan 48000,0
2012-04-26 09:00,3524394,lessthan 32000,0
2012-04-26 09:00,3517636,lessthan 32768,2
2012-04-26 09:00,3517367,lessthan 48000,0
2012-04-26 10:00,3524394,lessthan 32000,0
2012-04-26 10:00,3517636,lessthan 32768,0
2012-04-26 10:00,3517367,lessthan 48000,1
2012-04-26 11:00,3524394,lessthan 32000,0
2012-04-26 11:00,3517636,lessthan 32768,0
2012-04-26 11:00,3517367,lessthan 48000,0
2012-04-26 12:00,3524394,lessthan 32000,0
2012-04-26 12:00,3517636,lessthan 32768,0
2012-04-26 12:00,3517367,lessthan 48000,0
2012-04-26 13:00,3524394,lessthan 32000,0
2012-04-26 13:00,3517636,lessthan 32768,0
2012-04-26 13:00,3517367,lessthan 48000,0
2012-04-26 14:00,3524394,lessthan 32000,0
2012-04-26 14:00,3517636,lessthan 32768,1
2012-04-26 14:00,3517367,lessthan 48000,0
2012-04-26 15:00,3524394,lessthan 32000,2
2012-04-26 15:00,3517636,lessthan 32768,1
2012-04-26 15:00,3517367,lessthan 48000,0
2012-04-26 16:00,3524394,lessthan 32000,0
2012-04-26 16:00,3517636,lessthan 32768,0
2012-04-26 16:00,3517367,lessthan 48000,0
2012-04-26 17:00,3524394,lessthan 32000,0
2012-04-26 17:00,3517636,lessthan 32768,0
2012-04-26 17:00,3517367,lessthan 48000,5
2012-04-26 18:00,3524394,lessthan 32000,0
2012-04-26 18:00,3517636,lessthan 32768,0
2012-04-26 18:00,3517367,lessthan 48000,0
2012-04-26 19:00,3524394,lessthan 32000,0
2012-04-26 19:00,3517636,lessthan 32768,0
2012-04-26 19:00,3517367,lessthan 48000,0
2012-04-26 20:00,3524394,lessthan 32000,0
2012-04-26 20:00,3517636,lessthan 32768,0
2012-04-26 20:00,3517367,lessthan 48000,0
2012-04-26 21:00,3524394,lessthan 32000,0
2012-04-26 21:00,3517636,lessthan 32768,2
2012-04-26 21:00,3517367,lessthan 48000,3
2012-04-26 22:00,3524394,lessthan 32000,3
2012-04-26 22:00,3517636,lessthan 32768,1
2012-04-26 22:00,3517367,lessthan 48000,0
2012-04-26 23:00,3524394,lessthan 32000,0
2012-04-26 23:00,3517636,lessthan 32768,0
2012-04-26 23:00,3517367,lessthan 48000,0
2012-04-27 00:00,3524394,lessthan 32000,5
2012-04-27 00:00,3517636,lessthan 32768,0
2012-04-27 00:00,3517367,lessthan 48000,0
2012-04-27 01:00,3524394,lessthan 32000,3
2012-04-27 01:00,3517636,lessthan 32768,0
2012-04-27 01:00,3517367,lessthan 48000,1
2012-04-27 02:00,3524394,lessthan 32000,0
2012-04-27 02:00,3517636,lessthan 32768,0
2012-04-27 02:00,3517367,lessthan 48000,0
2012-04-27 03:00,3524394,lessthan 32000,2
2012-04-27 03:00,3517636,lessthan 32768,0
2012-04-27 03:00,3517367,lessthan 48000,0
2012-04-27 04:00,3524394,lessthan 32000,0
2012-04-27 04:00,3517636,lessthan 32768,4
2012-04-27 04:00,3517367,lessthan 48000,0
2012-04-27 05:00,3524394,lessthan 32000,5
2012-04-27 05:00,3517636,lessthan 32768,2
2012-04-27 05:00,3517367,lessthan 48000,0
2012-04-27 06:00,3524394,lessthan 32000,1
2012-04-27 06:00,3517636,lessthan 32768,0
2012-04-27 06:00,3517367,lessthan 48000,1
2012-04-27 07:00,3524394,lessthan 32000,0
2012-04-27 07:00,3517636,lessthan 32768,0
2012-04-27 07:00,3517367,lessthan 48000,0
2012-04-27 08:00,3524394,lessthan 32000,0
2012-04-27 08:00,3517636,lessthan 32768,1
2012-04-27 08:00,3517367,lessthan 48000,0
2012-04-27 09:00,3524394,lessthan 32000,0
2012-04-27 09:00,3517636,lessthan 32768,0
2012-04-27 09:00,3517367,lessthan 48000,0
2012-04-27 10:00,3524394,lessthan 32000,0
2012-04-27 10:00,3517636,lessthan 32768,0
2012-04-27 10:00,3517367,lessthan 48000,0
2012-04-27 11:00,3524394,lessthan 32000,0
2012-04-27 11:00,3517636,lessthan 32768,2
2012-04-27 11:00,3517367,lessthan 48000,0
2012-04-27 12:00,3524394,lessthan 32000,1
2012-04-27 12:00,3517636,lessthan 32768,2
2012-04-27 12:00,3517367,lessthan 48000,0
2012-04-27 13:00,3524394,lessthan 32000,3
2012-04-27 13:00,3517636,lessthan 32768,0
2012-04-27 13:00,3517367,lessthan 48000,0
2012-04-27 14:00,3524394,lessthan 32000,1
2012-04-27 14:00,3517636,lessthan 32768,0
2012-04-27 14:00,3517367,lessthan 48000,0
2012-04-27 15:00,3524394,lessthan 32000,0
2012-04-27 15:00,3517636,lessthan 32768,0
2012-04-27 15:00,3517367,lessthan 48000,0
2012-04-27 16:00,3524394,lessthan 32000,1
2012-04-27 16:00,3517636,lessthan 32768,1
2012-04-27 16:00,3517367,lessthan 48000,2
2012-04-27 17:00,3524394,lessthan 32000,0
2012-04-27 17:00,3517636,lessthan 32768,0
2012-04-27 17:00,3517367,lessthan 48000,0
2012-04-27 18:00,3524394,lessthan 32000,0
2012-04-27 18:00,3517636,lessthan 32768,2
2012-04-27 18:00,3517367,lessthan 48000,0
2012-04-27 19:00,3524394,lessthan 32000,0
2012-04-27 19:00,3517636,lessthan 32768,0
2012-04-27 19:00,3517367,lessthan 48000,2
2012-04-27 20:00,3524394,lessthan 32000,1
2012-04-27 20:00,3517636,lessthan 32768,0
2012-04-27 20:00,3517367,lessthan 48000,3
2012-04-27 21:00,3524394,lessthan 32000,2
2012-04-27 21:00,3517636,lessthan 32768,0
2012-04-27 21:00,3517367,lessthan 48000,0
2012-04-27 22:00,3524394,lessthan 32000,1
2012-04-27 22:00,3517636,lessthan 32768,0
2012-04-27 22:00,3517367,lessthan 48000,0
2012-04-27 23:00,3524394,lessthan 32000,0
2012-04-27 23:00,3517636,lessthan 32768,2
2012-04-27 23:00,3517367,lessthan 48000,1
2012-04-28 00:00,3524394,lessthan 32000,0
2012-04-28 00:00,3517636,lessthan 32768,0
2012-04-28 00:00,3517367,lessthan 48000,0
2012-04-28 01:00,3524394,lessthan 32000,0
2012-04-28 01:00,3517636,lessthan 32768,1
2012-04-28 01:00,3517367,lessthan 48000,0
2012-04-28 02:00,3524394,lessthan 32000,1
2012-04-28 02:00,3517636,lessthan 32768,3
2012-04-28 02:00,3517367,lessthan 48000,4
2012-04-28 03:00,3524394,lessthan 32000,3
2012-04-28 03:00,3517636,lessthan 32768,3
2012-04-28 03:00,3517367,lessthan 48000,0
2012-04-28 04:00,3524394,lessthan 32000,2
2012-04-28 04:00,3517636,lessthan 32768,1
2012-04-28 04:00,3517367,lessthan 48000,5
2012-04-28 05:00,3524394,lessthan 32000,2
2012-04-28 05:00,3517636,lessthan 32768,0
2012-04-28 05:00,3517367,lessthan 48000,10
2012-04-28 06:00,3524394,lessthan 32000,1
2012-04-28 06:00,3517636,lessthan 32768,0
2012-04-28 06:00,3517367,lessthan 48000,3
2012-04-28 07:00,3524394,lessthan 32000,0
2012-04-28 07:00,3517636,lessthan 32768,8
2012-04-28 07:00,3517367,lessthan 48000,3
2012-04-28 08:00,3524394,lessthan 32000,2
2012-04-28 08:00,3517636,lessthan 32768,6
2012-04-28 08:00,3517367,lessthan 48000,8
2012-04-28 09:00,3524394,lessthan 32000,0
2012-04-28 09:00,3517636,lessthan 32768,0
2012-04-28 09:00,3517367,lessthan 48000,0
2012-04-28 10:00,3524394,lessthan 32000,2
2012-04-28 10:00,3517636,lessthan 32768,1
2012-04-28 10:00,3517367,lessthan 48000,0
2012-04-28 11:00,3524394,lessthan 32000,0
2012-04-28 11:00,3517636,lessthan 32768,0
2012-04-28 11:00,3517367,lessthan 48000,0
2012-04-28 12:00,3524394,lessthan 32000,0
2012-04-28 12:00,3517636,lessthan 32768,0
2012-04-28 12:00,3517367,lessthan 48000,0
2012-04-28 13:00,3524394,lessthan 32000,5
2012-04-28 13:00,3517636,lessthan 32768,0
2012-04-28 13:00,3517367,lessthan 48000,0
2012-04-28 14:00,3524394,lessthan 32000,0
2012-04-28 14:00,3517636,lessthan 32768,2
2012-04-28 14:00,3517367,lessthan 48000,0
2012-04-28 15:00,3524394,lessthan 32000,0
2012-04-28 15:00,3517636,lessthan 32768,0
2012-04-28 15:00,3517367,lessthan 48000,1
2012-04-28 16:00,3524394,lessthan 32000,0
2012-04-28 16:00,3517636,lessthan 32768,0
2012-04-28 16:00,3517367,lessthan 48000,0
2012-04-28 17:00,3524394,lessthan 32000,0
2012-04-28 17:00,3517636,lessthan 32768,0
2012-04-28 17:00,3517367,lessthan 48000,9
2012-04-28 18:00,3524394,lessthan 32000,2
2012-04-28 18:00,3517636,lessthan 32768,1
2012-04-28 18:00,3517367,lessthan 48000,8
2012-04-28 19:00,3524394,lessthan 32000,4
2012-04-28 19:00,3517636,lessthan 32768,25
2012-04-28 19:00,3517367,lessthan 48000,1
2012-04-28 20:00,3524394,lessthan 32000,1
2012-04-28 20:00,3517636,lessthan 32768,1
2012-04-28 20:00,3517367,lessthan 48000,0
2012-04-28 21:00,3524394,lessthan 32000,7
2012-04-28 21:00,3517636,lessthan 32768,10
2012-04-28 21:00,3517367,lessthan 48000,4
2012-04-28 22:00,3524394,lessthan 32000,0
2012-04-28 22:00,3517636,lessthan 32768,11
2012-04-28 22:00,3517367,lessthan 48000,0
2012-04-28 23:00,3524394,lessthan 32000,1
2012-04-28 23:00,3517636,lessthan 32768,15
2012-04-28 23:00,3517367,lessthan 48000,0
2012-04-29 00:00,3524394,lessthan 32000,1
2012-04-29 00:00,3517636,lessthan 32768,11
2012-04-29 00:00,3517367,lessthan 48000,1
2012-04-29 01:00,3524394,lessthan 32000,0
2012-04-29 01:00,3517636,lessthan 32768,15
2012-04-29 01:00,3517367,lessthan 48000,0
2012-04-29 02:00,3524394,lessthan 32000,0
2012-04-29 02:00,3517636,lessthan 32768,1
2012-04-29 02:00,3517367,lessthan 48000,0
2012-04-29 03:00,3524394,lessthan 32000,32
2012-04-29 03:00,3517636,lessthan 32768,10
2012-04-29 03:00,3517367,lessthan 48000,3
2012-04-29 04:00,3524394,lessthan 32000,22
2012-04-29 04:00,3517636,lessthan 32768,11
2012-04-29 04:00,3517367,lessthan 48000,1
2012-04-29 05:00,3524394,lessthan 32000,18
2012-04-29 05:00,3517636,lessthan 32768,2
2012-04-29 05:00,3517367,lessthan 48000,2
2012-04-29 06:00,3524394,lessthan 32000,36
2012-04-29 06:00,3517636,lessthan 32768,10
2012-04-29 06:00,3517367,lessthan 48000,0
2012-04-29 07:00,3524394,lessthan 32000,32
2012-04-29 07:00,3517636,lessthan 32768,6
2012-04-29 07:00,3517367,lessthan 48000,0
2012-04-29 08:00,3524394,lessthan 32000,1
2012-04-29 08:00,3517636,lessthan 32768,0
2012-04-29 08:00,3517367,lessthan 48000,0
2012-04-29 09:00,3524394,lessthan 32000,0
2012-04-29 09:00,3517636,lessthan 32768,8
2012-04-29 09:00,3517367,lessthan 48000,0
2012-04-29 10:00,3524394,lessthan 32000,3
2012-04-29 10:00,3517636,lessthan 32768,2
2012-04-29 10:00,3517367,lessthan 48000,1
2012-04-29 11:00,3524394,lessthan 32000,1
2012-04-29 11:00,3517636,lessthan 32768,0
2012-04-29 11:00,3517367,lessthan 48000,0
2012-04-29 12:00,3524394,lessthan 32000,0
2012-04-29 12:00,3517636,lessthan 32768,0
2012-04-29 12:00,3517367,lessthan 48000,0
2012-04-29 13:00,3524394,lessthan 32000,0
2012-04-29 13:00,3517636,lessthan 32768,0
2012-04-29 13:00,3517367,lessthan 48000,0
2012-04-29 14:00,3524394,lessthan 32000,21
2012-04-29 14:00,3517636,lessthan 32768,2
2012-04-29 14:00,3517367,lessthan 48000,2
2012-04-29 15:00,3524394,lessthan 32000,28
2012-04-29 15:00,3517636,lessthan 32768,0
2012-04-29 15:00,3517367,lessthan 48000,0
2012-04-29 16:00,3524394,lessthan 32000,9
2012-04-29 16:00,3517636,lessthan 32768,1
2012-04-29 16:00,3517367,lessthan 48000,3
2012-04-29 17:00,3524394,lessthan 32000,1
2012-04-29 17:00,3517636,lessthan 32768,0
2012-04-29 17:00,3517367,lessthan 48000,0
2012-04-29 18:00,3524394,lessthan 32000,0
2012-04-29 18:00,3517636,lessthan 32768,1
2012-04-29 18:00,3517367,lessthan 48000,0
2012-04-29 19:00,3524394,lessthan 32000,0
2012-04-29 19:00,3517636,lessthan 32768,5
2012-04-29 19:00,3517367,lessthan 48000,2
2012-04-29 20:00,3524394,lessthan 32000,1
2012-04-29 20:00,3517636,lessthan 32768,18
2012-04-29 20:00,3517367,lessthan 48000,13
2012-04-29 21:00,3524394,lessthan 32000,0
2012-04-29 21:00,3517636,lessthan 32768,0
2012-04-29 21:00,3517367,lessthan 48000,10
2012-04-29 22:00,3524394,lessthan 32000,0
2012-04-29 22:00,3517636,lessthan 32768,2
2012-04-29 22:00,3517367,lessthan 48000,0
2012-04-29 23:00,3524394,lessthan 32000,1
2012-04-29 23:00,3517636,lessthan 32768,4
2012-04-29 23:00,3517367,lessthan 48000,21
2012-04-30 00:00,3524394,lessthan 32000,1
2012-04-30 00:00,3517636,lessthan 32768,1
2012-04-30 00:00,3517367,lessthan 48000,0
2012-04-30 01:00,3524394,lessthan 32000,32
2012-04-30 01:00,3517636,lessthan 32768,27
2012-04-30 01:00,3517367,lessthan 48000,5
2012-04-30 02:00,3524394,lessthan 32000,0
2012-04-30 02:00,3517636,lessthan 32768,14
2012-04-30 02:00,3517367,lessthan 48000,1
2012-04-30 03:00,3524394,lessthan 32000,0
2012-04-30 03:00,3517636,lessthan 32768,4
2012-04-30 03:00,3517367,lessthan 48000,1
2012-04-30 04:00,3524394,lessthan 32000,1
2012-04-30 04:00,3517636,lessthan 32768,3
2012-04-30 04:00,3517367,lessthan 48000,0
2012-04-30 05:00,3524394,lessthan 32000,45
2012-04-30 05:00,3517636,lessthan 32768,4
2012-04-30 05:00,3517367,lessthan 48000,1
2012-04-30 06:00,3524394,lessthan 32000,21
2012-04-30 06:00,3517636,lessthan 32768,9
2012-04-30 06:00,3517367,lessthan 48000,1
2012-04-30 07:00,3524394,lessthan 32000,21
2012-04-30 07:00,3517636,lessthan 32768,11
2012-04-30 07:00,3517367,lessthan 48000,0
2012-04-30 08:00,3524394,lessthan 32000,0
2012-04-30 08:00,3517636,lessthan 32768,5
2012-04-30 08:00,3517367,lessthan 48000,1
2012-04-30 09:00,3524394,lessthan 32000,0
2012-04-30 09:00,3517636,lessthan 32768,4
2012-04-30 09:00,3517367,lessthan 48000,1
2012-04-30 10:00,3524394,lessthan 32000,0
2012-04-30 10:00,3517636,lessthan 32768,11
2012-04-30 10:00,3517367,lessthan 48000,6
2012-04-30 11:00,3524394,lessthan 32000,1
2012-04-30 11:00,3517636,lessthan 32768,13
2012-04-30 11:00,3517367,lessthan 48000,12
2012-04-30 12:00,3524394,lessthan 32000,1
2012-04-30 12:00,3517636,lessthan 32768,7
2012-04-30 12:00,3517367,lessthan 48000,8
2012-04-30 13:00,3524394,lessthan 32000,2
2012-04-30 13:00,3517636,lessthan 32768,0
2012-04-30 13:00,3517367,lessthan 48000,22
2012-04-30 14:00,3524394,lessthan 32000,0
2012-04-30 14:00,3517636,lessthan 32768,3
2012-04-30 14:00,3517367,lessthan 48000,130
2012-04-30 15:00,3524394,lessthan 32000,1
2012-04-30 15:00,3517636,lessthan 32768,5
2012-04-30 15:00,3517367,lessthan 48000,15
2012-04-30 16:00,3524394,lessthan 32000,0
2012-04-30 16:00,3517636,lessthan 32768,0
2012-04-30 16:00,3517367,lessthan 48000,2
2012-04-30 17:00,3524394,lessthan 32000,0
2012-04-30 17:00,3517636,lessthan 32768,10
2012-04-30 17:00,3517367,lessthan 48000,2
2012-04-30 18:00,3524394,lessthan 32000,1
2012-04-30 18:00,3517636,lessthan 32768,9
2012-04-30 18:00,3517367,lessthan 48000,3
2012-04-30 19:00,3524394,lessthan 32000,1
2012-04-30 19:00,3517636,lessthan 32768,15
2012-04-30 19:00,3517367,lessthan 48000,6
2012-04-30 20:00,3524394,lessthan 32000,0
2012-04-30 20:00,3517636,lessthan 32768,0
2012-04-30 20:00,3517367,lessthan 48000,1
2012-04-30 21:00,3524394,lessthan 32000,1
2012-04-30 21:00,3517636,lessthan 32768,4
2012-04-30 21:00,3517367,lessthan 48000,3
2012-04-30 22:00,3524394,lessthan 32000,0
2012-04-30 22:00,3517636,lessthan 32768,10
2012-04-30 22:00,3517367,lessthan 48000,6
2012-04-30 23:00,3524394,lessthan 32000,0
2012-04-30 23:00,3517636,lessthan 32768,6
2012-04-30 23:00,3517367,lessthan 48000,1
2012-05-01 00:00,3524394,lessthan 32000,7
2012-05-01 00:00,3517636,lessthan 32768,7
2012-05-01 00:00,3517367,lessthan 48000,0
2012-05-01 01:00,3524394,lessthan 32000,2
2012-05-01 01:00,3517636,lessthan 32768,25
2012-05-01 01:00,3517367,lessthan 48000,0
2012-05-01 02:00,3524394,lessthan 32000,38
2012-05-01 02:00,3517636,lessthan 32768,6
2012-05-01 02:00,3517367,lessthan 48000,0
2012-05-01 03:00,3524394,lessthan 32000,20
2012-05-01 03:00,3517636,lessthan 32768,0
2012-05-01 03:00,3517367,lessthan 48000,2
2012-05-01 04:00,3524394,lessthan 32000,3
2012-05-01 04:00,3517636,lessthan 32768,8
2012-05-01 04:00,3517367,lessthan 48000,0
2012-05-01 05:00,3524394,lessthan 32000,2
2012-05-01 05:00,3517636,lessthan 32768,8
2012-05-01 05:00,3517367,lessthan 48000,0
2012-05-01 06:00,3524394,lessthan 32000,37
2012-05-01 06:00,3517636,lessthan 32768,0
2012-05-01 06:00,3517367,lessthan 48000,0
2012-05-01 07:00,3524394,lessthan 32000,13
2012-05-01 07:00,3517636,lessthan 32768,1
2012-05-01 07:00,3517367,lessthan 48000,1
2012-05-01 08:00,3524394,lessthan 32000,8
2012-05-01 08:00,3517636,lessthan 32768,0
2012-05-01 08:00,3517367,lessthan 48000,0
2012-05-01 09:00,3524394,lessthan 32000,0
2012-05-01 09:00,3517636,lessthan 32768,0
2012-05-01 09:00,3517367,lessthan 48000,0
2012-05-01 10:00,3524394,lessthan 32000,0
2012-05-01 10:00,3517636,lessthan 32768,0
2012-05-01 10:00,3517367,lessthan 48000,0
2012-05-01 11:00,3524394,lessthan 32000,0
2012-05-01 11:00,3517636,lessthan 32768,1
2012-05-01 11:00,3517367,lessthan 48000,0
2012-05-01 12:00,3524394,lessthan 32000,2
2012-05-01 12:00,3517636,lessthan 32768,1
2012-05-01 12:00,3517367,lessthan 48000,5
2012-05-01 13:00,3524394,lessthan 32000,0
2012-05-01 13:00,3517636,lessthan 32768,3
2012-05-01 13:00,3517367,lessthan 48000,0
2012-05-01 14:00,3524394,lessthan 32000,5
2012-05-01 14:00,3517636,lessthan 32768,12
2012-05-01 14:00,3517367,lessthan 48000,14
2012-05-01 15:00,3524394,lessthan 32000,20
2012-05-01 15:00,3517636,lessthan 32768,25
2012-05-01 15:00,3517367,lessthan 48000,20
2012-05-01 16:00,3524394,lessthan 32000,42
2012-05-01 16:00,3517636,lessthan 32768,4
2012-05-01 16:00,3517367,lessthan 48000,8
2012-05-01 17:00,3524394,lessthan 32000,2
2012-05-01 17:00,3517636,lessthan 32768,44
2012-05-01 17:00,3517367,lessthan 48000,30
2012-05-01 18:00,3524394,lessthan 32000,1
2012-05-01 18:00,3517636,lessthan 32768,4
2012-05-01 18:00,3517367,lessthan 48000,8
2012-05-01 19:00,3524394,lessthan 32000,4
2012-05-01 19:00,3517636,lessthan 32768,0
2012-05-01 19:00,3517367,lessthan 48000,17
2012-05-01 20:00,3524394,lessthan 32000,9
2012-05-01 20:00,3517636,lessthan 32768,1
2012-05-01 20:00,3517367,lessthan 48000,2
2012-05-01 21:00,3524394,lessthan 32000,0
2012-05-01 21:00,3517636,lessthan 32768,1
2012-05-01 21:00,3517367,lessthan 48000,22
2012-05-01 22:00,3524394,lessthan 32000,0
2012-05-01 22:00,3517636,lessthan 32768,2
2012-05-01 22:00,3517367,lessthan 48000,1
2012-05-01 23:00,3524394,lessthan 32000,1
2012-05-01 23:00,3517636,lessthan 32768,20
2012-05-01 23:00,3517367,lessthan 48000,6
2012-05-02 00:00,3524394,lessthan 32000,1
2012-05-02 00:00,3517636,lessthan 32768,3
2012-05-02 00:00,3517367,lessthan 48000,0
2012-05-02 01:00,3524394,lessthan 32000,6
2012-05-02 01:00,3517636,lessthan 32768,9
2012-05-02 01:00,3517367,lessthan 48000,0
2012-05-02 02:00,3524394,lessthan 32000,12
2012-05-02 02:00,3517636,lessthan 32768,7
2012-05-02 02:00,3517367,lessthan 48000,3
2012-05-02 03:00,3524394,lessthan 32000,33
2012-05-02 03:00,3517636,lessthan 32768,0
2012-05-02 03:00,3517367,lessthan 48000,10
2012-05-02 04:00,3524394,lessthan 32000,25
2012-05-02 04:00,3517636,lessthan 32768,2
2012-05-02 04:00,3517367,lessthan 48000,2
2012-05-02 05:00,3524394,lessthan 32000,19
2012-05-02 05:00,3517636,lessthan 32768,6
2012-05-02 05:00,3517367,lessthan 48000,2
2012-05-02 06:00,3524394,lessthan 32000,7
2012-05-02 06:00,3517636,lessthan 32768,1
2012-05-02 06:00,3517367,lessthan 48000,12
2012-05-02 07:00,3524394,lessthan 32000,9
2012-05-02 07:00,3517636,lessthan 32768,9
2012-05-02 07:00,3517367,lessthan 48000,14
2012-05-02 08:00,3524394,lessthan 32000,14
2012-05-02 08:00,3517636,lessthan 32768,13
2012-05-02 08:00,3517367,lessthan 48000,29
2012-05-02 09:00,3524394,lessthan 32000,26
2012-05-02 09:00,3517636,lessthan 32768,2
2012-05-02 09:00,3517367,lessthan 48000,24
2012-05-02 10:00,3524394,lessthan 32000,6
2012-05-02 10:00,3517636,lessthan 32768,7
2012-05-02 10:00,3517367,lessthan 48000,2
2012-05-02 11:00,3524394,lessthan 32000,1
2012-05-02 11:00,3517636,lessthan 32768,1
2012-05-02 11:00,3517367,lessthan 48000,1
2012-05-02 12:00,3524394,lessthan 32000,0
2012-05-02 12:00,3517636,lessthan 32768,0
2012-05-02 12:00,3517367,lessthan 48000,4
2012-05-02 13:00,3524394,lessthan 32000,0
2012-05-02 13:00,3517636,lessthan 32768,0
2012-05-02 13:00,3517367,lessthan 48000,1
2012-05-02 14:00,3524394,lessthan 32000,1
2012-05-02 14:00,3517636,lessthan 32768,1
2012-05-02 14:00,3517367,lessthan 48000,0
2012-05-02 15:00,3524394,lessthan 32000,27
2012-05-02 15:00,3517636,lessthan 32768,22
2012-05-02 15:00,3517367,lessthan 48000,16
2012-05-02 16:00,3524394,lessthan 32000,15
2012-05-02 16:00,3517636,lessthan 32768,11
2012-05-02 16:00,3517367,lessthan 48000,10
2012-05-02 17:00,3524394,lessthan 32000,16
2012-05-02 17:00,3517636,lessthan 32768,3
2012-05-02 17:00,3517367,lessthan 48000,26
2012-05-02 18:00,3524394,lessthan 32000,6
2012-05-02 18:00,3517636,lessthan 32768,5
2012-05-02 18:00,3517367,lessthan 48000,11
2012-05-02 19:00,3524394,lessthan 32000,2
2012-05-02 19:00,3517636,lessthan 32768,2
2012-05-02 19:00,3517367,lessthan 48000,2
2012-05-02 20:00,3524394,lessthan 32000,14
2012-05-02 20:00,3517636,lessthan 32768,9
2012-05-02 20:00,3517367,lessthan 48000,3
2012-05-02 21:00,3524394,lessthan 32000,0
2012-05-02 21:00,3517636,lessthan 32768,2
2012-05-02 21:00,3517367,lessthan 48000,1
2012-05-02 22:00,3524394,lessthan 32000,40
2012-05-02 22:00,3517636,lessthan 32768,9
2012-05-02 22:00,3517367,lessthan 48000,14
2012-05-02 23:00,3524394,lessthan 32000,107
2012-05-02 23:00,3517636,lessthan 32768,6
2012-05-02 23:00,3517367,lessthan 48000,4
2012-05-03 00:00,3524394,lessthan 32000,51
2012-05-03 00:00,3517636,lessthan 32768,8
2012-05-03 00:00,3517367,lessthan 48000,9
2012-05-03 01:00,3524394,lessthan 32000,44
2012-05-03 01:00,3517636,lessthan 32768,7
2012-05-03 01:00,3517367,lessthan 48000,11
2012-05-03 02:00,3524394,lessthan 32000,60
2012-05-03 02:00,3517636,lessthan 32768,2
2012-05-03 02:00,3517367,lessthan 48000,1
2012-05-03 03:00,3524394,lessthan 32000,43
2012-05-03 03:00,3517636,lessthan 32768,6
2012-05-03 03:00,3517367,lessthan 48000,6
2012-05-03 04:00,3524394,lessthan 32000,45
2012-05-03 04:00,3517636,lessthan 32768,3
2012-05-03 04:00,3517367,lessthan 48000,3
2012-05-03 05:00,3524394,lessthan 32000,22
2012-05-03 05:00,3517636,lessthan 32768,4
2012-05-03 05:00,3517367,lessthan 48000,1
2012-05-03 06:00,3524394,lessthan 32000,45
2012-05-03 06:00,3517636,lessthan 32768,8
2012-05-03 06:00,3517367,lessthan 48000,5
2012-05-03 07:00,3524394,lessthan 32000,61
2012-05-03 07:00,3517636,lessthan 32768,6
2012-05-03 07:00,3517367,lessthan 48000,12
2012-05-03 08:00,3524394,lessthan 32000,51
2012-05-03 08:00,3517636,lessthan 32768,0
2012-05-03 08:00,3517367,lessthan 48000,4
2012-05-03 09:00,3524394,lessthan 32000,21
2012-05-03 09:00,3517636,lessthan 32768,0
2012-05-03 09:00,3517367,lessthan 48000,2
2012-05-03 10:00,3524394,lessthan 32000,33
2012-05-03 10:00,3517636,lessthan 32768,11
2012-05-03 10:00,3517367,lessthan 48000,4
2012-05-03 11:00,3524394,lessthan 32000,30
2012-05-03 11:00,3517636,lessthan 32768,0
2012-05-03 11:00,3517367,lessthan 48000,0
2012-05-03 12:00,3524394,lessthan 32000,10
2012-05-03 12:00,3517636,lessthan 32768,16
2012-05-03 12:00,3517367,lessthan 48000,14
2012-05-03 13:00,3524394,lessthan 32000,9
2012-05-03 13:00,3517636,lessthan 32768,4
2012-05-03 13:00,3517367,lessthan 48000,43
2012-05-03 14:00,3524394,lessthan 32000,3
2012-05-03 14:00,3517636,lessthan 32768,6
2012-05-03 14:00,3517367,lessthan 48000,151
2012-05-03 15:00,3524394,lessthan 32000,3
2012-05-03 15:00,3517636,lessthan 32768,70
2012-05-03 15:00,3517367,lessthan 48000,41
2012-05-03 16:00,3524394,lessthan 32000,0
2012-05-03 16:00,3517636,lessthan 32768,82
2012-05-03 16:00,3517367,lessthan 48000,9
2012-05-03 17:00,3524394,lessthan 32000,1
2012-05-03 17:00,3517636,lessthan 32768,8
2012-05-03 17:00,3517367,lessthan 48000,3
2012-05-03 18:00,3524394,lessthan 32000,2
2012-05-03 18:00,3517636,lessthan 32768,11
2012-05-03 18:00,3517367,lessthan 48000,16
2012-05-03 19:00,3524394,lessthan 32000,4
2012-05-03 19:00,3517636,lessthan 32768,152
2012-05-03 19:00,3517367,lessthan 48000,3
2012-05-03 20:00,3524394,lessthan 32000,24
2012-05-03 20:00,3517636,lessthan 32768,154
2012-05-03 20:00,3517367,lessthan 48000,10
2012-05-03 21:00,3524394,lessthan 32000,16
2012-05-03 21:00,3517636,lessthan 32768,240
2012-05-03 21:00,3517367,lessthan 48000,6
2012-05-03 22:00,3524394,lessthan 32000,5
2012-05-03 22:00,3517636,lessthan 32768,78
2012-05-03 22:00,3517367,lessthan 48000,5
2012-05-03 23:00,3524394,lessthan 32000,13
2012-05-03 23:00,3517636,lessthan 32768,107
2012-05-03 23:00,3517367,lessthan 48000,3
2012-05-04 00:00,3524394,lessthan 32000,5
2012-05-04 00:00,3517636,lessthan 32768,1
2012-05-04 00:00,3517367,lessthan 48000,8
2012-05-04 01:00,3524394,lessthan 32000,9
2012-05-04 01:00,3517636,lessthan 32768,9
2012-05-04 01:00,3517367,lessthan 48000,10
2012-05-04 02:00,3524394,lessthan 32000,56
2012-05-04 02:00,3517636,lessthan 32768,9
2012-05-04 02:00,3517367,lessthan 48000,18
2012-05-04 03:00,3524394,lessthan 32000,29
2012-05-04 03:00,3517636,lessthan 32768,5
2012-05-04 03:00,3517367,lessthan 48000,34
2012-05-04 04:00,3524394,lessthan 32000,5
2012-05-04 04:00,3517636,lessthan 32768,90
2012-05-04 04:00,3517367,lessthan 48000,27
2012-05-04 05:00,3524394,lessthan 32000,2
2012-05-04 05:00,3517636,lessthan 32768,132
2012-05-04 05:00,3517367,lessthan 48000,12
2012-05-04 06:00,3524394,lessthan 32000,5
2012-05-04 06:00,3517636,lessthan 32768,106
2012-05-04 06:00,3517367,lessthan 48000,16
2012-05-04 07:00,3524394,lessthan 32000,202
2012-05-04 07:00,3517636,lessthan 32768,42
2012-05-04 07:00,3517367,lessthan 48000,10
2012-05-04 08:00,3524394,lessthan 32000,0
2012-05-04 08:00,3517636,lessthan 32768,161
2012-05-04 08:00,3517367,lessthan 48000,4
2012-05-04 09:00,3524394,lessthan 32000,3
2012-05-04 09:00,3517636,lessthan 32768,6
2012-05-04 09:00,3517367,lessthan 48000,24
2012-05-04 10:00,3524394,lessthan 32000,10
2012-05-04 10:00,3517636,lessthan 32768,0
2012-05-04 10:00,3517367,lessthan 48000,6
2012-05-04 11:00,3524394,lessthan 32000,5
2012-05-04 11:00,3517636,lessthan 32768,9
2012-05-04 11:00,3517367,lessthan 48000,19
2012-05-04 12:00,3524394,lessthan 32000,23
2012-05-04 12:00,3517636,lessthan 32768,10
2012-05-04 12:00,3517367,lessthan 48000,14
2012-05-04 13:00,3524394,lessthan 32000,6
2012-05-04 13:00,3517636,lessthan 32768,10
2012-05-04 13:00,3517367,lessthan 48000,27
2012-05-04 14:00,3524394,lessthan 32000,13
2012-05-04 14:00,3517636,lessthan 32768,8
2012-05-04 14:00,3517367,lessthan 48000,2
2012-05-04 15:00,3524394,lessthan 32000,23
2012-05-04 15:00,3517636,lessthan 32768,23
2012-05-04 15:00,3517367,lessthan 48000,14
2012-05-04 16:00,3524394,lessthan 32000,23
2012-05-04 16:00,3517636,lessthan 32768,185
2012-05-04 16:00,3517367,lessthan 48000,18
2012-05-04 17:00,3524394,lessthan 32000,15
2012-05-04 17:00,3517636,lessthan 32768,35
2012-05-04 17:00,3517367,lessthan 48000,11
2012-05-04 18:00,3524394,lessthan 32000,31
2012-05-04 18:00,3517636,lessthan 32768,15
2012-05-04 18:00,3517367,lessthan 48000,7
2012-05-04 19:00,3524394,lessthan 32000,67
2012-05-04 19:00,3517636,lessthan 32768,13
2012-05-04 19:00,3517367,lessthan 48000,19
2012-05-04 20:00,3524394,lessthan 32000,71
2012-05-04 20:00,3517636,lessthan 32768,12
2012-05-04 20:00,3517367,lessthan 48000,23
2012-05-04 21:00,3524394,lessthan 32000,69
2012-05-04 21:00,3517636,lessthan 32768,8
2012-05-04 21:00,3517367,lessthan 48000,33
2012-05-04 22:00,3524394,lessthan 32000,52
2012-05-04 22:00,3517636,lessthan 32768,26
2012-05-04 22:00,3517367,lessthan 48000,60
2012-05-04 23:00,3524394,lessthan 32000,62
2012-05-04 23:00,3517636,lessthan 32768,21
2012-05-04 23:00,3517367,lessthan 48000,33
2012-05-05 00:00,3524394,lessthan 32000,54
2012-05-05 00:00,3517636,lessthan 32768,31
2012-05-05 00:00,3517367,lessthan 48000,61
2012-05-05 01:00,3524394,lessthan 32000,20
2012-05-05 01:00,3517636,lessthan 32768,11
2012-05-05 01:00,3517367,lessthan 48000,37
2012-05-05 02:00,3524394,lessthan 32000,3
2012-05-05 02:00,3517636,lessthan 32768,24
2012-05-05 02:00,3517367,lessthan 48000,29
2012-05-05 03:00,3524394,lessthan 32000,39
2012-05-05 03:00,3517636,lessthan 32768,20
2012-05-05 03:00,3517367,lessthan 48000,13
2012-05-05 04:00,3524394,lessthan 32000,18
2012-05-05 04:00,3517636,lessthan 32768,17
2012-05-05 04:00,3517367,lessthan 48000,23
2012-05-05 05:00,3524394,lessthan 32000,10
2012-05-05 05:00,3517636,lessthan 32768,36
2012-05-05 05:00,3517367,lessthan 48000,39
2012-05-05 06:00,3524394,lessthan 32000,2
2012-05-05 06:00,3517636,lessthan 32768,7
2012-05-05 06:00,3517367,lessthan 48000,6
2012-05-05 07:00,3524394,lessthan 32000,60
2012-05-05 07:00,3517636,lessthan 32768,15
2012-05-05 07:00,3517367,lessthan 48000,1
2012-05-05 08:00,3524394,lessthan 32000,1
2012-05-05 08:00,3517636,lessthan 32768,5
2012-05-05 08:00,3517367,lessthan 48000,2
2012-05-05 09:00,3524394,lessthan 32000,25
2012-05-05 09:00,3517636,lessthan 32768,1
2012-05-05 09:00,3517367,lessthan 48000,14
2012-05-05 10:00,3524394,lessthan 32000,59
2012-05-05 10:00,3517636,lessthan 32768,8
2012-05-05 10:00,3517367,lessthan 48000,5
2012-05-05 11:00,3524394,lessthan 32000,88
2012-05-05 11:00,3517636,lessthan 32768,9
2012-05-05 11:00,3517367,lessthan 48000,2
2012-05-05 12:00,3524394,lessthan 32000,57
2012-05-05 12:00,3517636,lessthan 32768,2
2012-05-05 12:00,3517367,lessthan 48000,5
2012-05-05 13:00,3524394,lessthan 32000,107
2012-05-05 13:00,3517636,lessthan 32768,13
2012-05-05 13:00,3517367,lessthan 48000,18
2012-05-05 14:00,3524394,lessthan 32000,142
2012-05-05 14:00,3517636,lessthan 32768,19
2012-05-05 14:00,3517367,lessthan 48000,39
2012-05-05 15:00,3524394,lessthan 32000,66
2012-05-05 15:00,3517636,lessthan 32768,15
2012-05-05 15:00,3517367,lessthan 48000,56
2012-05-05 16:00,3524394,lessthan 32000,71
2012-05-05 16:00,3517636,lessthan 32768,9
2012-05-05 16:00,3517367,lessthan 48000,48
2012-05-05 17:00,3524394,lessthan 32000,60
2012-05-05 17:00,3517636,lessthan 32768,30
2012-05-05 17:00,3517367,lessthan 48000,59
2012-05-05 18:00,3524394,lessthan 32000,13
2012-05-05 18:00,3517636,lessthan 32768,26
2012-05-05 18:00,3517367,lessthan 48000,33
2012-05-05 19:00,3524394,lessthan 32000,9
2012-05-05 19:00,3517636,lessthan 32768,27
2012-05-05 19:00,3517367,lessthan 48000,35
2012-05-05 20:00,3524394,lessthan 32000,19
2012-05-05 20:00,3517636,lessthan 32768,43
2012-05-05 20:00,3517367,lessthan 48000,25
2012-05-05 21:00,3524394,lessthan 32000,47
2012-05-05 21:00,3517636,lessthan 32768,42
2012-05-05 21:00,3517367,lessthan 48000,38
2012-05-05 22:00,3524394,lessthan 32000,67
2012-05-05 22:00,3517636,lessthan 32768,7
2012-05-05 22:00,3517367,lessthan 48000,22
2012-05-05 23:00,3524394,lessthan 32000,28
2012-05-05 23:00,3517636,lessthan 32768,9
2012-05-05 23:00,3517367,lessthan 48000,27
2012-05-06 00:00,3524394,lessthan 32000,33
2012-05-06 00:00,3517636,lessthan 32768,11
2012-05-06 00:00,3517367,lessthan 48000,7
2012-05-06 01:00,3524394,lessthan 32000,19
2012-05-06 01:00,3517636,lessthan 32768,10
2012-05-06 01:00,3517367,lessthan 48000,7
2012-05-06 02:00,3524394,lessthan 32000,59
2012-05-06 02:00,3517636,lessthan 32768,14
2012-05-06 02:00,3517367,lessthan 48000,34
2012-05-06 03:00,3524394,lessthan 32000,0
2012-05-06 03:00,3517636,lessthan 32768,3
2012-05-06 03:00,3517367,lessthan 48000,10
2012-05-06 04:00,3524394,lessthan 32000,141
2012-05-06 04:00,3517636,lessthan 32768,19
2012-05-06 04:00,3517367,lessthan 48000,24
2012-05-06 05:00,3524394,lessthan 32000,73
2012-05-06 05:00,3517636,lessthan 32768,8
2012-05-06 05:00,3517367,lessthan 48000,13
2012-05-06 06:00,3524394,lessthan 32000,41
2012-05-06 06:00,3517636,lessthan 32768,10
2012-05-06 06:00,3517367,lessthan 48000,18
2012-05-06 07:00,3524394,lessthan 32000,63
2012-05-06 07:00,3517636,lessthan 32768,1
2012-05-06 07:00,3517367,lessthan 48000,4
2012-05-06 08:00,3524394,lessthan 32000,11
2012-05-06 08:00,3517636,lessthan 32768,3
2012-05-06 08:00,3517367,lessthan 48000,3
2012-05-06 09:00,3524394,lessthan 32000,38
2012-05-06 09:00,3517636,lessthan 32768,9
2012-05-06 09:00,3517367,lessthan 48000,2
2012-05-06 10:00,3524394,lessthan 32000,77
2012-05-06 10:00,3517636,lessthan 32768,3
2012-05-06 10:00,3517367,lessthan 48000,12
2012-05-06 11:00,3524394,lessthan 32000,140
2012-05-06 11:00,3517636,lessthan 32768,1
2012-05-06 11:00,3517367,lessthan 48000,18
2012-05-06 12:00,3524394,lessthan 32000,9
2012-05-06 12:00,3517636,lessthan 32768,2
2012-05-06 12:00,3517367,lessthan 48000,6
2012-05-06 13:00,3524394,lessthan 32000,81
2012-05-06 13:00,3517636,lessthan 32768,19
2012-05-06 13:00,3517367,lessthan 48000,25
2012-05-06 14:00,3524394,lessthan 32000,24
2012-05-06 14:00,3517636,lessthan 32768,1
2012-05-06 14:00,3517367,lessthan 48000,5
2012-05-06 15:00,3524394,lessthan 32000,3
2012-05-06 15:00,3517636,lessthan 32768,8
2012-05-06 15:00,3517367,lessthan 48000,6
2012-05-06 16:00,3524394,lessthan 32000,1
2012-05-06 16:00,3517636,lessthan 32768,3
2012-05-06 16:00,3517367,lessthan 48000,2
2012-05-06 17:00,3524394,lessthan 32000,21
2012-05-06 17:00,3517636,lessthan 32768,13
2012-05-06 17:00,3517367,lessthan 48000,14
2012-05-06 18:00,3524394,lessthan 32000,20
2012-05-06 18:00,3517636,lessthan 32768,30
2012-05-06 18:00,3517367,lessthan 48000,11
2012-05-06 19:00,3524394,lessthan 32000,19
2012-05-06 19:00,3517636,lessthan 32768,19
2012-05-06 19:00,3517367,lessthan 48000,15
2012-05-06 20:00,3524394,lessthan 32000,17
2012-05-06 20:00,3517636,lessthan 32768,25
2012-05-06 20:00,3517367,lessthan 48000,15
2012-05-06 21:00,3524394,lessthan 32000,4
2012-05-06 21:00,3517636,lessthan 32768,30
2012-05-06 21:00,3517367,lessthan 48000,10
2012-05-06 22:00,3524394,lessthan 32000,11
2012-05-06 22:00,3517636,lessthan 32768,24
2012-05-06 22:00,3517367,lessthan 48000,15
2012-05-06 23:00,3524394,lessthan 32000,1
2012-05-06 23:00,3517636,lessthan 32768,3
2012-05-06 23:00,3517367,lessthan 48000,3
2012-05-07 00:00,3524394,lessthan 32000,9
2012-05-07 00:00,3517636,lessthan 32768,66
2012-05-07 00:00,3517367,lessthan 48000,5
2012-05-07 01:00,3524394,lessthan 32000,10
2012-05-07 01:00,3517636,lessthan 32768,16
2012-05-07 01:00,3517367,lessthan 48000,12
2012-05-07 02:00,3524394,lessthan 32000,3
2012-05-07 02:00,3517636,lessthan 32768,0
2012-05-07 02:00,3517367,lessthan 48000,1
2012-05-07 03:00,3524394,lessthan 32000,2
2012-05-07 03:00,3517636,lessthan 32768,3
2012-05-07 03:00,3517367,lessthan 48000,3
2012-05-07 04:00,3524394,lessthan 32000,8
2012-05-07 04:00,3517636,lessthan 32768,4
2012-05-07 04:00,3517367,lessthan 48000,0
2012-05-07 05:00,3524394,lessthan 32000,14
2012-05-07 05:00,3517636,lessthan 32768,6
2012-05-07 05:00,3517367,lessthan 48000,3
2012-05-07 06:00,3524394,lessthan 32000,6
2012-05-07 06:00,3517636,lessthan 32768,5
2012-05-07 06:00,3517367,lessthan 48000,3
2012-05-07 07:00,3524394,lessthan 32000,87
2012-05-07 07:00,3517636,lessthan 32768,22
2012-05-07 07:00,3517367,lessthan 48000,8
2012-05-07 08:00,3524394,lessthan 32000,136
2012-05-07 08:00,3517636,lessthan 32768,29
2012-05-07 08:00,3517367,lessthan 48000,9
2012-05-07 09:00,3524394,lessthan 32000,76
2012-05-07 09:00,3517636,lessthan 32768,29
2012-05-07 09:00,3517367,lessthan 48000,22
2012-05-07 10:00,3524394,lessthan 32000,77
2012-05-07 10:00,3517636,lessthan 32768,29
2012-05-07 10:00,3517367,lessthan 48000,43
2012-05-07 11:00,3524394,lessthan 32000,80
2012-05-07 11:00,3517636,lessthan 32768,15
2012-05-07 11:00,3517367,lessthan 48000,42
2012-05-07 12:00,3524394,lessthan 32000,144
2012-05-07 12:00,3517636,lessthan 32768,49
2012-05-07 12:00,3517367,lessthan 48000,52
2012-05-07 13:00,3524394,lessthan 32000,67
2012-05-07 13:00,3517636,lessthan 32768,6
2012-05-07 13:00,3517367,lessthan 48000,21
2012-05-07 14:00,3524394,lessthan 32000,19
2012-05-07 14:00,3517636,lessthan 32768,175
2012-05-07 14:00,3517367,lessthan 48000,34
2012-05-07 15:00,3524394,lessthan 32000,113
2012-05-07 15:00,3517636,lessthan 32768,17
2012-05-07 15:00,3517367,lessthan 48000,18
2012-05-07 16:00,3524394,lessthan 32000,72
2012-05-07 16:00,3517636,lessthan 32768,15
2012-05-07 16:00,3517367,lessthan 48000,21
2012-05-07 17:00,3524394,lessthan 32000,117
2012-05-07 17:00,3517636,lessthan 32768,5
2012-05-07 17:00,3517367,lessthan 48000,58
2012-05-07 18:00,3524394,lessthan 32000,53
2012-05-07 18:00,3517636,lessthan 32768,21
2012-05-07 18:00,3517367,lessthan 48000,24
2012-05-07 19:00,3524394,lessthan 32000,94
2012-05-07 19:00,3517636,lessthan 32768,39
2012-05-07 19:00,3517367,lessthan 48000,59
2012-05-07 20:00,3524394,lessthan 32000,47
2012-05-07 20:00,3517636,lessthan 32768,36
2012-05-07 20:00,3517367,lessthan 48000,19
2012-05-07 21:00,3524394,lessthan 32000,91
2012-05-07 21:00,3517636,lessthan 32768,75
2012-05-07 21:00,3517367,lessthan 48000,118
2012-05-07 22:00,3524394,lessthan 32000,31
2012-05-07 22:00,3517636,lessthan 32768,9
2012-05-07 22:00,3517367,lessthan 48000,27
2012-05-07 23:00,3524394,lessthan 32000,32
2012-05-07 23:00,3517636,lessthan 32768,4
2012-05-07 23:00,3517367,lessthan 48000,9
2012-05-08 00:00,3524394,lessthan 32000,182
2012-05-08 00:00,3517636,lessthan 32768,8
2012-05-08 00:00,3517367,lessthan 48000,23
2012-05-08 01:00,3524394,lessthan 32000,45
2012-05-08 01:00,3517636,lessthan 32768,2
2012-05-08 01:00,3517367,lessthan 48000,7
2012-05-08 02:00,3524394,lessthan 32000,16
2012-05-08 02:00,3517636,lessthan 32768,35
2012-05-08 02:00,3517367,lessthan 48000,11
2012-05-08 03:00,3524394,lessthan 32000,54
2012-05-08 03:00,3517636,lessthan 32768,33
2012-05-08 03:00,3517367,lessthan 48000,22
2012-05-08 04:00,3524394,lessthan 32000,107
2012-05-08 04:00,3517636,lessthan 32768,32
2012-05-08 04:00,3517367,lessthan 48000,46
2012-05-08 05:00,3524394,lessthan 32000,44
2012-05-08 05:00,3517636,lessthan 32768,25
2012-05-08 05:00,3517367,lessthan 48000,82
2012-05-08 06:00,3524394,lessthan 32000,127
2012-05-08 06:00,3517636,lessthan 32768,7
2012-05-08 06:00,3517367,lessthan 48000,50
2012-05-08 07:00,3524394,lessthan 32000,245
2012-05-08 07:00,3517636,lessthan 32768,18
2012-05-08 07:00,3517367,lessthan 48000,125
2012-05-08 08:00,3524394,lessthan 32000,11
2012-05-08 08:00,3517636,lessthan 32768,2
2012-05-08 08:00,3517367,lessthan 48000,12
2012-05-08 09:00,3524394,lessthan 32000,4
2012-05-08 09:00,3517636,lessthan 32768,2
2012-05-08 09:00,3517367,lessthan 48000,4
2012-05-08 10:00,3524394,lessthan 32000,1
2012-05-08 10:00,3517636,lessthan 32768,0
2012-05-08 10:00,3517367,lessthan 48000,0
2012-05-08 11:00,3524394,lessthan 32000,12
2012-05-08 11:00,3517636,lessthan 32768,2
2012-05-08 11:00,3517367,lessthan 48000,4
2012-05-08 12:00,3524394,lessthan 32000,3
2012-05-08 12:00,3517636,lessthan 32768,3
2012-05-08 12:00,3517367,lessthan 48000,2
2012-05-08 13:00,3524394,lessthan 32000,5
2012-05-08 13:00,3517636,lessthan 32768,2
2012-05-08 13:00,3517367,lessthan 48000,2
2012-05-08 14:00,3524394,lessthan 32000,156
2012-05-08 14:00,3517636,lessthan 32768,18
2012-05-08 14:00,3517367,lessthan 48000,45
2012-05-08 15:00,3524394,lessthan 32000,98
2012-05-08 15:00,3517636,lessthan 32768,26
2012-05-08 15:00,3517367,lessthan 48000,43
2012-05-08 16:00,3524394,lessthan 32000,218
2012-05-08 16:00,3517636,lessthan 32768,83
2012-05-08 16:00,3517367,lessthan 48000,75
2012-05-08 17:00,3524394,lessthan 32000,167
2012-05-08 17:00,3517636,lessthan 32768,17
2012-05-08 17:00,3517367,lessthan 48000,81
2012-05-08 18:00,3524394,lessthan 32000,158
2012-05-08 18:00,3517636,lessthan 32768,67
2012-05-08 18:00,3517367,lessthan 48000,85
2012-05-08 19:00,3524394,lessthan 32000,99
2012-05-08 19:00,3517636,lessthan 32768,20
2012-05-08 19:00,3517367,lessthan 48000,33
2012-05-08 20:00,3524394,lessthan 32000,180
2012-05-08 20:00,3517636,lessthan 32768,15
2012-05-08 20:00,3517367,lessthan 48000,56
2012-05-08 21:00,3524394,lessthan 32000,131
2012-05-08 21:00,3517636,lessthan 32768,13
2012-05-08 21:00,3517367,lessthan 48000,34
2012-05-08 22:00,3524394,lessthan 32000,108
2012-05-08 22:00,3517636,lessthan 32768,14
2012-05-08 22:00,3517367,lessthan 48000,67
2012-05-08 23:00,3524394,lessthan 32000,51
2012-05-08 23:00,3517636,lessthan 32768,14
2012-05-08 23:00,3517367,lessthan 48000,73
2012-05-09 00:00,3524394,lessthan 32000,115
2012-05-09 00:00,3517636,lessthan 32768,18
2012-05-09 00:00,3517367,lessthan 48000,38
2012-05-09 01:00,3524394,lessthan 32000,79
2012-05-09 01:00,3517636,lessthan 32768,9
2012-05-09 01:00,3517367,lessthan 48000,30
2012-05-09 02:00,3524394,lessthan 32000,5
2012-05-09 02:00,3517636,lessthan 32768,0
2012-05-09 02:00,3517367,lessthan 48000,12
2012-05-09 03:00,3524394,lessthan 32000,4
2012-05-09 03:00,3517636,lessthan 32768,0
2012-05-09 03:00,3517367,lessthan 48000,3
2012-05-09 04:00,3524394,lessthan 32000,62
2012-05-09 04:00,3517636,lessthan 32768,1
2012-05-09 04:00,3517367,lessthan 48000,23
2012-05-09 05:00,3524394,lessthan 32000,126
2012-05-09 05:00,3517636,lessthan 32768,9
2012-05-09 05:00,3517367,lessthan 48000,32
2012-05-09 06:00,3524394,lessthan 32000,120
2012-05-09 06:00,3517636,lessthan 32768,13
2012-05-09 06:00,3517367,lessthan 48000,11
2012-05-09 07:00,3524394,lessthan 32000,91
2012-05-09 07:00,3517636,lessthan 32768,79
2012-05-09 07:00,3517367,lessthan 48000,2
2012-05-09 08:00,3524394,lessthan 32000,74
2012-05-09 08:00,3517636,lessthan 32768,112
2012-05-09 08:00,3517367,lessthan 48000,5
2012-05-09 09:00,3524394,lessthan 32000,25
2012-05-09 09:00,3517636,lessthan 32768,152
2012-05-09 09:00,3517367,lessthan 48000,29
2012-05-09 10:00,3524394,lessthan 32000,69
2012-05-09 10:00,3517636,lessthan 32768,45
2012-05-09 10:00,3517367,lessthan 48000,56
2012-05-09 11:00,3524394,lessthan 32000,80
2012-05-09 11:00,3517636,lessthan 32768,58
2012-05-09 11:00,3517367,lessthan 48000,3
2012-05-09 12:00,3524394,lessthan 32000,233
2012-05-09 12:00,3517636,lessthan 32768,59
2012-05-09 12:00,3517367,lessthan 48000,22
2012-05-09 13:00,3524394,lessthan 32000,214
2012-05-09 13:00,3517636,lessthan 32768,91
2012-05-09 13:00,3517367,lessthan 48000,6
2012-05-09 14:00,3524394,lessthan 32000,165
2012-05-09 14:00,3517636,lessthan 32768,23
2012-05-09 14:00,3517367,lessthan 48000,14
2012-05-09 15:00,3524394,lessthan 32000,194
2012-05-09 15:00,3517636,lessthan 32768,8
2012-05-09 15:00,3517367,lessthan 48000,13
2012-05-09 16:00,3524394,lessthan 32000,246
2012-05-09 16:00,3517636,lessthan 32768,12
2012-05-09 16:00,3517367,lessthan 48000,45
2012-05-09 17:00,3524394,lessthan 32000,14
2012-05-09 17:00,3517636,lessthan 32768,4
2012-05-09 17:00,3517367,lessthan 48000,9
2012-05-09 18:00,3524394,lessthan 32000,60
2012-05-09 18:00,3517636,lessthan 32768,21
2012-05-09 18:00,3517367,lessthan 48000,39
2012-05-09 19:00,3524394,lessthan 32000,55
2012-05-09 19:00,3517636,lessthan 32768,34
2012-05-09 19:00,3517367,lessthan 48000,18
2012-05-09 20:00,3524394,lessthan 32000,41
2012-05-09 20:00,3517636,lessthan 32768,2
2012-05-09 20:00,3517367,lessthan 48000,9
2012-05-09 21:00,3524394,lessthan 32000,13
2012-05-09 21:00,3517636,lessthan 32768,5
2012-05-09 21:00,3517367,lessthan 48000,8
2012-05-09 22:00,3524394,lessthan 32000,41
2012-05-09 22:00,3517636,lessthan 32768,6
2012-05-09 22:00,3517367,lessthan 48000,10
2012-05-09 23:00,3524394,lessthan 32000,66
2012-05-09 23:00,3517636,lessthan 32768,29
2012-05-09 23:00,3517367,lessthan 48000,15
2012-05-10 00:00,3524394,lessthan 32000,45
2012-05-10 00:00,3517636,lessthan 32768,25
2012-05-10 00:00,3517367,lessthan 48000,13
2012-05-10 01:00,3524394,lessthan 32000,30
2012-05-10 01:00,3517636,lessthan 32768,43
2012-05-10 01:00,3517367,lessthan 48000,66
2012-05-10 02:00,3524394,lessthan 32000,35
2012-05-10 02:00,3517636,lessthan 32768,25
2012-05-10 02:00,3517367,lessthan 48000,48
2012-05-10 03:00,3524394,lessthan 32000,14
2012-05-10 03:00,3517636,lessthan 32768,28
2012-05-10 03:00,3517367,lessthan 48000,21
2012-05-10 04:00,3524394,lessthan 32000,46
2012-05-10 04:00,3517636,lessthan 32768,28
2012-05-10 04:00,3517367,lessthan 48000,37
2012-05-10 05:00,3524394,lessthan 32000,14
2012-05-10 05:00,3517636,lessthan 32768,7
2012-05-10 05:00,3517367,lessthan 48000,16
2012-05-10 06:00,3524394,lessthan 32000,58
2012-05-10 06:00,3517636,lessthan 32768,8
2012-05-10 06:00,3517367,lessthan 48000,2
2012-05-10 07:00,3524394,lessthan 32000,37
2012-05-10 07:00,3517636,lessthan 32768,12
2012-05-10 07:00,3517367,lessthan 48000,11
2012-05-10 08:00,3524394,lessthan 32000,20
2012-05-10 08:00,3517636,lessthan 32768,18
2012-05-10 08:00,3517367,lessthan 48000,4
2012-05-10 09:00,3524394,lessthan 32000,41
2012-05-10 09:00,3517636,lessthan 32768,25
2012-05-10 09:00,3517367,lessthan 48000,6
2012-05-10 10:00,3524394,lessthan 32000,52
2012-05-10 10:00,3517636,lessthan 32768,29
2012-05-10 10:00,3517367,lessthan 48000,6
2012-05-10 11:00,3524394,lessthan 32000,45
2012-05-10 11:00,3517636,lessthan 32768,31
2012-05-10 11:00,3517367,lessthan 48000,10
2012-05-10 12:00,3524394,lessthan 32000,35
2012-05-10 12:00,3517636,lessthan 32768,37
2012-05-10 12:00,3517367,lessthan 48000,18
2012-05-10 13:00,3524394,lessthan 32000,46
2012-05-10 13:00,3517636,lessthan 32768,36
2012-05-10 13:00,3517367,lessthan 48000,13
2012-05-10 14:00,3524394,lessthan 32000,8
2012-05-10 14:00,3517636,lessthan 32768,32
2012-05-10 14:00,3517367,lessthan 48000,15
2012-05-10 15:00,3524394,lessthan 32000,16
2012-05-10 15:00,3517636,lessthan 32768,43
2012-05-10 15:00,3517367,lessthan 48000,25
2012-05-10 16:00,3524394,lessthan 32000,3
2012-05-10 16:00,3517636,lessthan 32768,14
2012-05-10 16:00,3517367,lessthan 48000,5
2012-05-10 17:00,3524394,lessthan 32000,23
2012-05-10 17:00,3517636,lessthan 32768,24
2012-05-10 17:00,3517367,lessthan 48000,15
2012-05-10 18:00,3524394,lessthan 32000,23
2012-05-10 18:00,3517636,lessthan 32768,26
2012-05-10 18:00,3517367,lessthan 48000,18
2012-05-10 19:00,3524394,lessthan 32000,10
2012-05-10 19:00,3517636,lessthan 32768,13
2012-05-10 19:00,3517367,lessthan 48000,7
2012-05-10 20:00,3524394,lessthan 32000,39
2012-05-10 20:00,3517636,lessthan 32768,54
2012-05-10 20:00,3517367,lessthan 48000,25
2012-05-10 21:00,3524394,lessthan 32000,35
2012-05-10 21:00,3517636,lessthan 32768,8
2012-05-10 21:00,3517367,lessthan 48000,40
2012-05-10 22:00,3524394,lessthan 32000,54
2012-05-10 22:00,3517636,lessthan 32768,15
2012-05-10 22:00,3517367,lessthan 48000,15
2012-05-10 23:00,3524394,lessthan 32000,26
2012-05-10 23:00,3517636,lessthan 32768,14
2012-05-10 23:00,3517367,lessthan 48000,13
2012-05-11 00:00,3524394,lessthan 32000,114
2012-05-11 00:00,3517636,lessthan 32768,226
2012-05-11 00:00,3517367,lessthan 48000,54
2012-05-11 01:00,3524394,lessthan 32000,0
2012-05-11 01:00,3517636,lessthan 32768,0
2012-05-11 01:00,3517367,lessthan 48000,1
2012-05-11 02:00,3524394,lessthan 32000,118
2012-05-11 02:00,3517636,lessthan 32768,248
2012-05-11 02:00,3517367,lessthan 48000,63
2012-05-11 03:00,3524394,lessthan 32000,146
2012-05-11 03:00,3517636,lessthan 32768,184
2012-05-11 03:00,3517367,lessthan 48000,29
2012-05-11 04:00,3524394,lessthan 32000,126
2012-05-11 04:00,3517636,lessthan 32768,349
2012-05-11 04:00,3517367,lessthan 48000,39
2012-05-11 05:00,3524394,lessthan 32000,14
2012-05-11 05:00,3517636,lessthan 32768,7
2012-05-11 05:00,3517367,lessthan 48000,8
2012-05-11 06:00,3524394,lessthan 32000,1
2012-05-11 06:00,3517636,lessthan 32768,0
2012-05-11 06:00,3517367,lessthan 48000,1
2012-05-11 07:00,3524394,lessthan 32000,4
2012-05-11 07:00,3517636,lessthan 32768,17
2012-05-11 07:00,3517367,lessthan 48000,3
2012-05-11 08:00,3524394,lessthan 32000,0
2012-05-11 08:00,3517636,lessthan 32768,0
2012-05-11 08:00,3517367,lessthan 48000,2
2012-05-11 09:00,3524394,lessthan 32000,0
2012-05-11 09:00,3517636,lessthan 32768,0
2012-05-11 09:00,3517367,lessthan 48000,0
2012-05-11 10:00,3524394,lessthan 32000,3
2012-05-11 10:00,3517636,lessthan 32768,3
2012-05-11 10:00,3517367,lessthan 48000,2
2012-05-11 11:00,3524394,lessthan 32000,1
2012-05-11 11:00,3517636,lessthan 32768,0
2012-05-11 11:00,3517367,lessthan 48000,1
2012-05-11 12:00,3524394,lessthan 32000,1
2012-05-11 12:00,3517636,lessthan 32768,1
2012-05-11 12:00,3517367,lessthan 48000,0
2012-05-11 13:00,3524394,lessthan 32000,1
2012-05-11 13:00,3517636,lessthan 32768,1
2012-05-11 13:00,3517367,lessthan 48000,0
2012-05-11 14:00,3524394,lessthan 32000,29
2012-05-11 14:00,3517636,lessthan 32768,170
2012-05-11 14:00,3517367,lessthan 48000,11
2012-05-11 15:00,3524394,lessthan 32000,9
2012-05-11 15:00,3517636,lessthan 32768,3
2012-05-11 15:00,3517367,lessthan 48000,3
2012-05-11 16:00,3524394,lessthan 32000,0
2012-05-11 16:00,3517636,lessthan 32768,9
2012-05-11 16:00,3517367,lessthan 48000,3
2012-05-11 17:00,3524394,lessthan 32000,18
2012-05-11 17:00,3517636,lessthan 32768,231
2012-05-11 17:00,3517367,lessthan 48000,11
2012-05-11 18:00,3524394,lessthan 32000,42
2012-05-11 18:00,3517636,lessthan 32768,342
2012-05-11 18:00,3517367,lessthan 48000,5
2012-05-11 19:00,3524394,lessthan 32000,63
2012-05-11 19:00,3517636,lessthan 32768,274
2012-05-11 19:00,3517367,lessthan 48000,2
2012-05-11 20:00,3524394,lessthan 32000,170
2012-05-11 20:00,3517636,lessthan 32768,368
2012-05-11 20:00,3517367,lessthan 48000,5
2012-05-11 21:00,3524394,lessthan 32000,179
2012-05-11 21:00,3517636,lessthan 32768,434
2012-05-11 21:00,3517367,lessthan 48000,15
2012-05-11 22:00,3524394,lessthan 32000,124
2012-05-11 22:00,3517636,lessthan 32768,238
2012-05-11 22:00,3517367,lessthan 48000,12
2012-05-11 23:00,3524394,lessthan 32000,159
2012-05-11 23:00,3517636,lessthan 32768,400
2012-05-11 23:00,3517367,lessthan 48000,37
2012-05-12 00:00,3524394,lessthan 32000,3
2012-05-12 00:00,3517636,lessthan 32768,2
2012-05-12 00:00,3517367,lessthan 48000,0
2012-05-12 01:00,3524394,lessthan 32000,1
2012-05-12 01:00,3517636,lessthan 32768,2
2012-05-12 01:00,3517367,lessthan 48000,5
2012-05-12 02:00,3524394,lessthan 32000,141
2012-05-12 02:00,3517636,lessthan 32768,244
2012-05-12 02:00,3517367,lessthan 48000,45
2012-05-12 03:00,3524394,lessthan 32000,155
2012-05-12 03:00,3517636,lessthan 32768,253
2012-05-12 03:00,3517367,lessthan 48000,36
2012-05-12 04:00,3524394,lessthan 32000,60
2012-05-12 04:00,3517636,lessthan 32768,172
2012-05-12 04:00,3517367,lessthan 48000,28
2012-05-12 05:00,3524394,lessthan 32000,4
2012-05-12 05:00,3517636,lessthan 32768,31
2012-05-12 05:00,3517367,lessthan 48000,17
2012-05-12 06:00,3524394,lessthan 32000,17
2012-05-12 06:00,3517636,lessthan 32768,120
2012-05-12 06:00,3517367,lessthan 48000,16
2012-05-12 07:00,3524394,lessthan 32000,93
2012-05-12 07:00,3517636,lessthan 32768,239
2012-05-12 07:00,3517367,lessthan 48000,34
2012-05-12 08:00,3524394,lessthan 32000,73
2012-05-12 08:00,3517636,lessthan 32768,100
2012-05-12 08:00,3517367,lessthan 48000,28
2012-05-12 09:00,3524394,lessthan 32000,212
2012-05-12 09:00,3517636,lessthan 32768,92
2012-05-12 09:00,3517367,lessthan 48000,50
2012-05-12 10:00,3524394,lessthan 32000,170
2012-05-12 10:00,3517636,lessthan 32768,72
2012-05-12 10:00,3517367,lessthan 48000,16
2012-05-12 11:00,3524394,lessthan 32000,80
2012-05-12 11:00,3517636,lessthan 32768,85
2012-05-12 11:00,3517367,lessthan 48000,16
2012-05-12 12:00,3524394,lessthan 32000,123
2012-05-12 12:00,3517636,lessthan 32768,134
2012-05-12 12:00,3517367,lessthan 48000,21
2012-05-12 13:00,3524394,lessthan 32000,19
2012-05-12 13:00,3517636,lessthan 32768,50
2012-05-12 13:00,3517367,lessthan 48000,10
2012-05-12 14:00,3524394,lessthan 32000,24
2012-05-12 14:00,3517636,lessthan 32768,109
2012-05-12 14:00,3517367,lessthan 48000,14
2012-05-12 15:00,3524394,lessthan 32000,7
2012-05-12 15:00,3517636,lessthan 32768,48
2012-05-12 15:00,3517367,lessthan 48000,15
2012-05-12 16:00,3524394,lessthan 32000,17
2012-05-12 16:00,3517636,lessthan 32768,74
2012-05-12 16:00,3517367,lessthan 48000,13
2012-05-12 17:00,3524394,lessthan 32000,18
2012-05-12 17:00,3517636,lessthan 32768,76
2012-05-12 17:00,3517367,lessthan 48000,12
2012-05-12 18:00,3524394,lessthan 32000,9
2012-05-12 18:00,3517636,lessthan 32768,76
2012-05-12 18:00,3517367,lessthan 48000,15
2012-05-12 19:00,3524394,lessthan 32000,19
2012-05-12 19:00,3517636,lessthan 32768,67
2012-05-12 19:00,3517367,lessthan 48000,25
2012-05-12 20:00,3524394,lessthan 32000,17
2012-05-12 20:00,3517636,lessthan 32768,115
2012-05-12 20:00,3517367,lessthan 48000,36
2012-05-12 21:00,3524394,lessthan 32000,36
2012-05-12 21:00,3517636,lessthan 32768,130
2012-05-12 21:00,3517367,lessthan 48000,19
2012-05-12 22:00,3524394,lessthan 32000,51
2012-05-12 22:00,3517636,lessthan 32768,100
2012-05-12 22:00,3517367,lessthan 48000,48
2012-05-12 23:00,3524394,lessthan 32000,38
2012-05-12 23:00,3517636,lessthan 32768,90
2012-05-12 23:00,3517367,lessthan 48000,10
2012-05-13 00:00,3524394,lessthan 32000,8
2012-05-13 00:00,3517636,lessthan 32768,17
2012-05-13 00:00,3517367,lessthan 48000,9
2012-05-13 01:00,3524394,lessthan 32000,48
2012-05-13 01:00,3517636,lessthan 32768,60
2012-05-13 01:00,3517367,lessthan 48000,6
2012-05-13 02:00,3524394,lessthan 32000,89
2012-05-13 02:00,3517636,lessthan 32768,120
2012-05-13 02:00,3517367,lessthan 48000,41
2012-05-13 03:00,3524394,lessthan 32000,73
2012-05-13 03:00,3517636,lessthan 32768,119
2012-05-13 03:00,3517367,lessthan 48000,81
2012-05-13 04:00,3524394,lessthan 32000,41
2012-05-13 04:00,3517636,lessthan 32768,114
2012-05-13 04:00,3517367,lessthan 48000,57
2012-05-13 05:00,3524394,lessthan 32000,78
2012-05-13 05:00,3517636,lessthan 32768,166
2012-05-13 05:00,3517367,lessthan 48000,43
2012-05-13 06:00,3524394,lessthan 32000,167
2012-05-13 06:00,3517636,lessthan 32768,238
2012-05-13 06:00,3517367,lessthan 48000,20
2012-05-13 07:00,3524394,lessthan 32000,81
2012-05-13 07:00,3517636,lessthan 32768,86
2012-05-13 07:00,3517367,lessthan 48000,15
2012-05-13 08:00,3524394,lessthan 32000,14
2012-05-13 08:00,3517636,lessthan 32768,3
2012-05-13 08:00,3517367,lessthan 48000,8
2012-05-13 09:00,3524394,lessthan 32000,0
2012-05-13 09:00,3517636,lessthan 32768,0
2012-05-13 09:00,3517367,lessthan 48000,0
2012-05-13 10:00,3524394,lessthan 32000,3
2012-05-13 10:00,3517636,lessthan 32768,20
2012-05-13 10:00,3517367,lessthan 48000,15
2012-05-13 11:00,3524394,lessthan 32000,2
2012-05-13 11:00,3517636,lessthan 32768,11
2012-05-13 11:00,3517367,lessthan 48000,4
2012-05-13 12:00,3524394,lessthan 32000,24
2012-05-13 12:00,3517636,lessthan 32768,54
2012-05-13 12:00,3517367,lessthan 48000,28
2012-05-13 13:00,3524394,lessthan 32000,13
2012-05-13 13:00,3517636,lessthan 32768,93
2012-05-13 13:00,3517367,lessthan 48000,57
2012-05-13 14:00,3524394,lessthan 32000,2
2012-05-13 14:00,3517636,lessthan 32768,1
2012-05-13 14:00,3517367,lessthan 48000,4
2012-05-13 15:00,3524394,lessthan 32000,2
2012-05-13 15:00,3517636,lessthan 32768,6
2012-05-13 15:00,3517367,lessthan 48000,8
2012-05-13 16:00,3524394,lessthan 32000,18
2012-05-13 16:00,3517636,lessthan 32768,35
2012-05-13 16:00,3517367,lessthan 48000,63
2012-05-13 17:00,3524394,lessthan 32000,33
2012-05-13 17:00,3517636,lessthan 32768,32
2012-05-13 17:00,3517367,lessthan 48000,44
2012-05-13 18:00,3524394,lessthan 32000,131
2012-05-13 18:00,3517636,lessthan 32768,47
2012-05-13 18:00,3517367,lessthan 48000,33
2012-05-13 19:00,3524394,lessthan 32000,186
2012-05-13 19:00,3517636,lessthan 32768,69
2012-05-13 19:00,3517367,lessthan 48000,31
2012-05-13 20:00,3524394,lessthan 32000,75
2012-05-13 20:00,3517636,lessthan 32768,69
2012-05-13 20:00,3517367,lessthan 48000,22
2012-05-13 21:00,3524394,lessthan 32000,2
2012-05-13 21:00,3517636,lessthan 32768,4
2012-05-13 21:00,3517367,lessthan 48000,8
2012-05-13 22:00,3524394,lessthan 32000,53
2012-05-13 22:00,3517636,lessthan 32768,61
2012-05-13 22:00,3517367,lessthan 48000,9
2012-05-13 23:00,3524394,lessthan 32000,68
2012-05-13 23:00,3517636,lessthan 32768,371
2012-05-13 23:00,3517367,lessthan 48000,11
2012-05-14 00:00,3524394,lessthan 32000,29
2012-05-14 00:00,3517636,lessthan 32768,315
2012-05-14 00:00,3517367,lessthan 48000,16
2012-05-14 01:00,3524394,lessthan 32000,65
2012-05-14 01:00,3517636,lessthan 32768,399
2012-05-14 01:00,3517367,lessthan 48000,28
2012-05-14 02:00,3524394,lessthan 32000,56
2012-05-14 02:00,3517636,lessthan 32768,251
2012-05-14 02:00,3517367,lessthan 48000,34
2012-05-14 03:00,3524394,lessthan 32000,50
2012-05-14 03:00,3517636,lessthan 32768,450
2012-05-14 03:00,3517367,lessthan 48000,41
2012-05-14 04:00,3524394,lessthan 32000,60
2012-05-14 04:00,3517636,lessthan 32768,353
2012-05-14 04:00,3517367,lessthan 48000,52
2012-05-14 05:00,3524394,lessthan 32000,168
2012-05-14 05:00,3517636,lessthan 32768,461
2012-05-14 05:00,3517367,lessthan 48000,153
2012-05-14 06:00,3524394,lessthan 32000,85
2012-05-14 06:00,3517636,lessthan 32768,236
2012-05-14 06:00,3517367,lessthan 48000,133
2012-05-14 07:00,3524394,lessthan 32000,41
2012-05-14 07:00,3517636,lessthan 32768,392
2012-05-14 07:00,3517367,lessthan 48000,6
2012-05-14 08:00,3524394,lessthan 32000,84
2012-05-14 08:00,3517636,lessthan 32768,261
2012-05-14 08:00,3517367,lessthan 48000,42
2012-05-14 09:00,3524394,lessthan 32000,46
2012-05-14 09:00,3517636,lessthan 32768,373
2012-05-14 09:00,3517367,lessthan 48000,40
2012-05-14 10:00,3524394,lessthan 32000,40
2012-05-14 10:00,3517636,lessthan 32768,362
2012-05-14 10:00,3517367,lessthan 48000,10
2012-05-14 11:00,3524394,lessthan 32000,65
2012-05-14 11:00,3517636,lessthan 32768,436
2012-05-14 11:00,3517367,lessthan 48000,22
2012-05-14 12:00,3524394,lessthan 32000,34
2012-05-14 12:00,3517636,lessthan 32768,297
2012-05-14 12:00,3517367,lessthan 48000,21
2012-05-14 13:00,3524394,lessthan 32000,41
2012-05-14 13:00,3517636,lessthan 32768,338
2012-05-14 13:00,3517367,lessthan 48000,5
2012-05-14 14:00,3524394,lessthan 32000,69
2012-05-14 14:00,3517636,lessthan 32768,287
2012-05-14 14:00,3517367,lessthan 48000,22
2012-05-14 15:00,3524394,lessthan 32000,68
2012-05-14 15:00,3517636,lessthan 32768,316
2012-05-14 15:00,3517367,lessthan 48000,11
2012-05-14 16:00,3524394,lessthan 32000,92
2012-05-14 16:00,3517636,lessthan 32768,320
2012-05-14 16:00,3517367,lessthan 48000,21
2012-05-14 17:00,3524394,lessthan 32000,74
2012-05-14 17:00,3517636,lessthan 32768,275
2012-05-14 17:00,3517367,lessthan 48000,14
2012-05-14 18:00,3524394,lessthan 32000,33
2012-05-14 18:00,3517636,lessthan 32768,122
2012-05-14 18:00,3517367,lessthan 48000,1
2012-05-14 19:00,3524394,lessthan 32000,4
2012-05-14 19:00,3517636,lessthan 32768,0
2012-05-14 19:00,3517367,lessthan 48000,7
2012-05-14 20:00,3524394,lessthan 32000,55
2012-05-14 20:00,3517636,lessthan 32768,105
2012-05-14 20:00,3517367,lessthan 48000,19
2012-05-14 21:00,3524394,lessthan 32000,24
2012-05-14 21:00,3517636,lessthan 32768,152
2012-05-14 21:00,3517367,lessthan 48000,7
2012-05-14 22:00,3524394,lessthan 32000,20
2012-05-14 22:00,3517636,lessthan 32768,249
2012-05-14 22:00,3517367,lessthan 48000,20
2012-05-14 23:00,3524394,lessthan 32000,62
2012-05-14 23:00,3517636,lessthan 32768,220
2012-05-14 23:00,3517367,lessthan 48000,36
2012-05-15 00:00,3524394,lessthan 32000,12
2012-05-15 00:00,3517636,lessthan 32768,53
2012-05-15 00:00,3517367,lessthan 48000,43
2012-05-15 01:00,3524394,lessthan 32000,56
2012-05-15 01:00,3517636,lessthan 32768,328
2012-05-15 01:00,3517367,lessthan 48000,81
2012-05-15 02:00,3524394,lessthan 32000,44
2012-05-15 02:00,3517636,lessthan 32768,202
2012-05-15 02:00,3517367,lessthan 48000,62
2012-05-15 03:00,3524394,lessthan 32000,60
2012-05-15 03:00,3517636,lessthan 32768,133
2012-05-15 03:00,3517367,lessthan 48000,33
2012-05-15 04:00,3524394,lessthan 32000,63
2012-05-15 04:00,3517636,lessthan 32768,144
2012-05-15 04:00,3517367,lessthan 48000,22
2012-05-15 05:00,3524394,lessthan 32000,65
2012-05-15 05:00,3517636,lessthan 32768,166
2012-05-15 05:00,3517367,lessthan 48000,36
2012-05-15 06:00,3524394,lessthan 32000,42
2012-05-15 06:00,3517636,lessthan 32768,263
2012-05-15 06:00,3517367,lessthan 48000,47
2012-05-15 07:00,3524394,lessthan 32000,19
2012-05-15 07:00,3517636,lessthan 32768,70
2012-05-15 07:00,3517367,lessthan 48000,9
2012-05-15 08:00,3524394,lessthan 32000,45
2012-05-15 08:00,3517636,lessthan 32768,347
2012-05-15 08:00,3517367,lessthan 48000,31
2012-05-15 09:00,3524394,lessthan 32000,23
2012-05-15 09:00,3517636,lessthan 32768,153
2012-05-15 09:00,3517367,lessthan 48000,12
2012-05-15 10:00,3524394,lessthan 32000,14
2012-05-15 10:00,3517636,lessthan 32768,53
2012-05-15 10:00,3517367,lessthan 48000,8
2012-05-15 11:00,3524394,lessthan 32000,2
2012-05-15 11:00,3517636,lessthan 32768,12
2012-05-15 11:00,3517367,lessthan 48000,1
2012-05-15 12:00,3524394,lessthan 32000,1
2012-05-15 12:00,3517636,lessthan 32768,2
2012-05-15 12:00,3517367,lessthan 48000,3
2012-05-15 13:00,3524394,lessthan 32000,12
2012-05-15 13:00,3517636,lessthan 32768,21
2012-05-15 13:00,3517367,lessthan 48000,5
2012-05-15 14:00,3524394,lessthan 32000,57
2012-05-15 14:00,3517636,lessthan 32768,137
2012-05-15 14:00,3517367,lessthan 48000,22
2012-05-15 15:00,3524394,lessthan 32000,71
2012-05-15 15:00,3517636,lessthan 32768,517
2012-05-15 15:00,3517367,lessthan 48000,38
2012-05-15 16:00,3524394,lessthan 32000,66
2012-05-15 16:00,3517636,lessthan 32768,635
2012-05-15 16:00,3517367,lessthan 48000,59
2012-05-15 17:00,3524394,lessthan 32000,82
2012-05-15 17:00,3517636,lessthan 32768,171
2012-05-15 17:00,3517367,lessthan 48000,26
2012-05-15 18:00,3524394,lessthan 32000,42
2012-05-15 18:00,3517636,lessthan 32768,299
2012-05-15 18:00,3517367,lessthan 48000,65
2012-05-15 19:00,3524394,lessthan 32000,21
2012-05-15 19:00,3517636,lessthan 32768,211
2012-05-15 19:00,3517367,lessthan 48000,59
2012-05-15 20:00,3524394,lessthan 32000,89
2012-05-15 20:00,3517636,lessthan 32768,392
2012-05-15 20:00,3517367,lessthan 48000,52
2012-05-15 21:00,3524394,lessthan 32000,67
2012-05-15 21:00,3517636,lessthan 32768,122
2012-05-15 21:00,3517367,lessthan 48000,55
2012-05-15 22:00,3524394,lessthan 32000,105
2012-05-15 22:00,3517636,lessthan 32768,214
2012-05-15 22:00,3517367,lessthan 48000,38
2012-05-15 23:00,3524394,lessthan 32000,29
2012-05-15 23:00,3517636,lessthan 32768,167
2012-05-15 23:00,3517367,lessthan 48000,63
2012-05-16 00:00,3524394,lessthan 32000,77
2012-05-16 00:00,3517636,lessthan 32768,394
2012-05-16 00:00,3517367,lessthan 48000,35
2012-05-16 01:00,3524394,lessthan 32000,90
2012-05-16 01:00,3517636,lessthan 32768,616
2012-05-16 01:00,3517367,lessthan 48000,47
2012-05-16 02:00,3524394,lessthan 32000,11
2012-05-16 02:00,3517636,lessthan 32768,11
2012-05-16 02:00,3517367,lessthan 48000,11
2012-05-16 03:00,3524394,lessthan 32000,60
2012-05-16 03:00,3517636,lessthan 32768,114
2012-05-16 03:00,3517367,lessthan 48000,49
2012-05-16 04:00,3524394,lessthan 32000,74
2012-05-16 04:00,3517636,lessthan 32768,420
2012-05-16 04:00,3517367,lessthan 48000,62
2012-05-16 05:00,3524394,lessthan 32000,51
2012-05-16 05:00,3517636,lessthan 32768,222
2012-05-16 05:00,3517367,lessthan 48000,39
2012-05-16 06:00,3524394,lessthan 32000,117
2012-05-16 06:00,3517636,lessthan 32768,276
2012-05-16 06:00,3517367,lessthan 48000,12
2012-05-16 07:00,3524394,lessthan 32000,22
2012-05-16 07:00,3517636,lessthan 32768,408
2012-05-16 07:00,3517367,lessthan 48000,48
2012-05-16 08:00,3524394,lessthan 32000,9
2012-05-16 08:00,3517636,lessthan 32768,52
2012-05-16 08:00,3517367,lessthan 48000,11
2012-05-16 09:00,3524394,lessthan 32000,1
2012-05-16 09:00,3517636,lessthan 32768,3
2012-05-16 09:00,3517367,lessthan 48000,4
2012-05-16 10:00,3524394,lessthan 32000,2
2012-05-16 10:00,3517636,lessthan 32768,2
2012-05-16 10:00,3517367,lessthan 48000,0
2012-05-16 11:00,3524394,lessthan 32000,1
2012-05-16 11:00,3517636,lessthan 32768,1
2012-05-16 11:00,3517367,lessthan 48000,0
2012-05-16 12:00,3524394,lessthan 32000,3
2012-05-16 12:00,3517636,lessthan 32768,2
2012-05-16 12:00,3517367,lessthan 48000,4
2012-05-16 13:00,3524394,lessthan 32000,21
2012-05-16 13:00,3517636,lessthan 32768,30
2012-05-16 13:00,3517367,lessthan 48000,3
2012-05-16 14:00,3524394,lessthan 32000,35
2012-05-16 14:00,3517636,lessthan 32768,91
2012-05-16 14:00,3517367,lessthan 48000,9
2012-05-16 15:00,3524394,lessthan 32000,17
2012-05-16 15:00,3517636,lessthan 32768,44
2012-05-16 15:00,3517367,lessthan 48000,5
2012-05-16 16:00,3524394,lessthan 32000,19
2012-05-16 16:00,3517636,lessthan 32768,68
2012-05-16 16:00,3517367,lessthan 48000,3
2012-05-16 17:00,3524394,lessthan 32000,22
2012-05-16 17:00,3517636,lessthan 32768,100
2012-05-16 17:00,3517367,lessthan 48000,5
2012-05-16 18:00,3524394,lessthan 32000,29
2012-05-16 18:00,3517636,lessthan 32768,172
2012-05-16 18:00,3517367,lessthan 48000,10
2012-05-16 19:00,3524394,lessthan 32000,60
2012-05-16 19:00,3517636,lessthan 32768,296
2012-05-16 19:00,3517367,lessthan 48000,15
2012-05-16 20:00,3524394,lessthan 32000,23
2012-05-16 20:00,3517636,lessthan 32768,112
2012-05-16 20:00,3517367,lessthan 48000,10
2012-05-16 21:00,3524394,lessthan 32000,20
2012-05-16 21:00,3517636,lessthan 32768,119
2012-05-16 21:00,3517367,lessthan 48000,9
2012-05-16 22:00,3524394,lessthan 32000,48
2012-05-16 22:00,3517636,lessthan 32768,151
2012-05-16 22:00,3517367,lessthan 48000,17
2012-05-16 23:00,3524394,lessthan 32000,38
2012-05-16 23:00,3517636,lessthan 32768,75
2012-05-16 23:00,3517367,lessthan 48000,12
2012-05-17 00:00,3524394,lessthan 32000,0
2012-05-17 00:00,3517636,lessthan 32768,0
2012-05-17 00:00,3517367,lessthan 48000,0
2012-05-17 01:00,3524394,lessthan 32000,50
2012-05-17 01:00,3517636,lessthan 32768,143
2012-05-17 01:00,3517367,lessthan 48000,49
2012-05-17 02:00,3524394,lessthan 32000,31
2012-05-17 02:00,3517636,lessthan 32768,96
2012-05-17 02:00,3517367,lessthan 48000,23
2012-05-17 03:00,3524394,lessthan 32000,20
2012-05-17 03:00,3517636,lessthan 32768,51
2012-05-17 03:00,3517367,lessthan 48000,13
2012-05-17 04:00,3524394,lessthan 32000,40
2012-05-17 04:00,3517636,lessthan 32768,125
2012-05-17 04:00,3517367,lessthan 48000,43
2012-05-17 05:00,3524394,lessthan 32000,19
2012-05-17 05:00,3517636,lessthan 32768,47
2012-05-17 05:00,3517367,lessthan 48000,8
2012-05-17 06:00,3524394,lessthan 32000,36
2012-05-17 06:00,3517636,lessthan 32768,107
2012-05-17 06:00,3517367,lessthan 48000,27
2012-05-17 07:00,3524394,lessthan 32000,19
2012-05-17 07:00,3517636,lessthan 32768,56
2012-05-17 07:00,3517367,lessthan 48000,15
2012-05-17 08:00,3524394,lessthan 32000,40
2012-05-17 08:00,3517636,lessthan 32768,102
2012-05-17 08:00,3517367,lessthan 48000,16
2012-05-17 09:00,3524394,lessthan 32000,29
2012-05-17 09:00,3517636,lessthan 32768,95
2012-05-17 09:00,3517367,lessthan 48000,16
2012-05-17 10:00,3524394,lessthan 32000,26
2012-05-17 10:00,3517636,lessthan 32768,111
2012-05-17 10:00,3517367,lessthan 48000,10
2012-05-17 11:00,3524394,lessthan 32000,10
2012-05-17 11:00,3517636,lessthan 32768,37
2012-05-17 11:00,3517367,lessthan 48000,8
2012-05-17 12:00,3524394,lessthan 32000,13
2012-05-17 12:00,3517636,lessthan 32768,63
2012-05-17 12:00,3517367,lessthan 48000,8
2012-05-17 13:00,3524394,lessthan 32000,10
2012-05-17 13:00,3517636,lessthan 32768,26
2012-05-17 13:00,3517367,lessthan 48000,6
2012-05-17 14:00,3524394,lessthan 32000,37
2012-05-17 14:00,3517636,lessthan 32768,75
2012-05-17 14:00,3517367,lessthan 48000,20
2012-05-17 15:00,3524394,lessthan 32000,40
2012-05-17 15:00,3517636,lessthan 32768,99
2012-05-17 15:00,3517367,lessthan 48000,35
2012-05-17 16:00,3524394,lessthan 32000,29
2012-05-17 16:00,3517636,lessthan 32768,88
2012-05-17 16:00,3517367,lessthan 48000,25
2012-05-17 17:00,3524394,lessthan 32000,21
2012-05-17 17:00,3517636,lessthan 32768,69
2012-05-17 17:00,3517367,lessthan 48000,7
2012-05-17 18:00,3524394,lessthan 32000,42
2012-05-17 18:00,3517636,lessthan 32768,87
2012-05-17 18:00,3517367,lessthan 48000,12
2012-05-17 19:00,3524394,lessthan 32000,101
2012-05-17 19:00,3517636,lessthan 32768,221
2012-05-17 19:00,3517367,lessthan 48000,46
2012-05-17 20:00,3524394,lessthan 32000,114
2012-05-17 20:00,3517636,lessthan 32768,185
2012-05-17 20:00,3517367,lessthan 48000,25
2012-05-17 21:00,3524394,lessthan 32000,117
2012-05-17 21:00,3517636,lessthan 32768,212
2012-05-17 21:00,3517367,lessthan 48000,24
2012-05-17 22:00,3524394,lessthan 32000,105
2012-05-17 22:00,3517636,lessthan 32768,227
2012-05-17 22:00,3517367,lessthan 48000,15
2012-05-17 23:00,3524394,lessthan 32000,69
2012-05-17 23:00,3517636,lessthan 32768,402
2012-05-17 23:00,3517367,lessthan 48000,31
2012-05-18 00:00,3524394,lessthan 32000,97
2012-05-18 00:00,3517636,lessthan 32768,216
2012-05-18 00:00,3517367,lessthan 48000,12
2012-05-18 01:00,3524394,lessthan 32000,39
2012-05-18 01:00,3517636,lessthan 32768,424
2012-05-18 01:00,3517367,lessthan 48000,27
2012-05-18 02:00,3524394,lessthan 32000,79
2012-05-18 02:00,3517636,lessthan 32768,332
2012-05-18 02:00,3517367,lessthan 48000,56
2012-05-18 03:00,3524394,lessthan 32000,39
2012-05-18 03:00,3517636,lessthan 32768,219
2012-05-18 03:00,3517367,lessthan 48000,43
2012-05-18 04:00,3524394,lessthan 32000,19
2012-05-18 04:00,3517636,lessthan 32768,147
2012-05-18 04:00,3517367,lessthan 48000,38
2012-05-18 05:00,3524394,lessthan 32000,22
2012-05-18 05:00,3517636,lessthan 32768,146
2012-05-18 05:00,3517367,lessthan 48000,41
2012-05-18 06:00,3524394,lessthan 32000,23
2012-05-18 06:00,3517636,lessthan 32768,179
2012-05-18 06:00,3517367,lessthan 48000,40
2012-05-18 07:00,3524394,lessthan 32000,18
2012-05-18 07:00,3517636,lessthan 32768,175
2012-05-18 07:00,3517367,lessthan 48000,21
2012-05-18 08:00,3524394,lessthan 32000,16
2012-05-18 08:00,3517636,lessthan 32768,128
2012-05-18 08:00,3517367,lessthan 48000,44
2012-05-18 09:00,3524394,lessthan 32000,18
2012-05-18 09:00,3517636,lessthan 32768,102
2012-05-18 09:00,3517367,lessthan 48000,36
2012-05-18 10:00,3524394,lessthan 32000,11
2012-05-18 10:00,3517636,lessthan 32768,95
2012-05-18 10:00,3517367,lessthan 48000,24
2012-05-18 11:00,3524394,lessthan 32000,24
2012-05-18 11:00,3517636,lessthan 32768,121
2012-05-18 11:00,3517367,lessthan 48000,55
2012-05-18 12:00,3524394,lessthan 32000,17
2012-05-18 12:00,3517636,lessthan 32768,138
2012-05-18 12:00,3517367,lessthan 48000,50
2012-05-18 13:00,3524394,lessthan 32000,19
2012-05-18 13:00,3517636,lessthan 32768,134
2012-05-18 13:00,3517367,lessthan 48000,45
2012-05-18 14:00,3524394,lessthan 32000,19
2012-05-18 14:00,3517636,lessthan 32768,133
2012-05-18 14:00,3517367,lessthan 48000,68
2012-05-18 15:00,3524394,lessthan 32000,16
2012-05-18 15:00,3517636,lessthan 32768,104
2012-05-18 15:00,3517367,lessthan 48000,30
2012-05-18 16:00,3524394,lessthan 32000,13
2012-05-18 16:00,3517636,lessthan 32768,82
2012-05-18 16:00,3517367,lessthan 48000,29
2012-05-18 17:00,3524394,lessthan 32000,16
2012-05-18 17:00,3517636,lessthan 32768,302
2012-05-18 17:00,3517367,lessthan 48000,35
2012-05-18 18:00,3524394,lessthan 32000,14
2012-05-18 18:00,3517636,lessthan 32768,146
2012-05-18 18:00,3517367,lessthan 48000,58
2012-05-18 19:00,3524394,lessthan 32000,54
2012-05-18 19:00,3517636,lessthan 32768,374
2012-05-18 19:00,3517367,lessthan 48000,44
2012-05-18 20:00,3524394,lessthan 32000,58
2012-05-18 20:00,3517636,lessthan 32768,485
2012-05-18 20:00,3517367,lessthan 48000,57
2012-05-18 21:00,3524394,lessthan 32000,47
2012-05-18 21:00,3517636,lessthan 32768,577
2012-05-18 21:00,3517367,lessthan 48000,92
2012-05-18 22:00,3524394,lessthan 32000,65
2012-05-18 22:00,3517636,lessthan 32768,578
2012-05-18 22:00,3517367,lessthan 48000,152
2012-05-18 23:00,3524394,lessthan 32000,128
2012-05-18 23:00,3517636,lessthan 32768,562
2012-05-18 23:00,3517367,lessthan 48000,145
2012-05-19 00:00,3524394,lessthan 32000,94
2012-05-19 00:00,3517636,lessthan 32768,776
2012-05-19 00:00,3517367,lessthan 48000,214
2012-05-19 01:00,3524394,lessthan 32000,60
2012-05-19 01:00,3517636,lessthan 32768,251
2012-05-19 01:00,3517367,lessthan 48000,102
2012-05-19 02:00,3524394,lessthan 32000,46
2012-05-19 02:00,3517636,lessthan 32768,517
2012-05-19 02:00,3517367,lessthan 48000,270
2012-05-19 03:00,3524394,lessthan 32000,120
2012-05-19 03:00,3517636,lessthan 32768,596
2012-05-19 03:00,3517367,lessthan 48000,196
2012-05-19 04:00,3524394,lessthan 32000,132
2012-05-19 04:00,3517636,lessthan 32768,405
2012-05-19 04:00,3517367,lessthan 48000,150
2012-05-19 05:00,3524394,lessthan 32000,156
2012-05-19 05:00,3517636,lessthan 32768,622
2012-05-19 05:00,3517367,lessthan 48000,217
2012-05-19 06:00,3524394,lessthan 32000,184
2012-05-19 06:00,3517636,lessthan 32768,629
2012-05-19 06:00,3517367,lessthan 48000,238
2012-05-19 07:00,3524394,lessthan 32000,91
2012-05-19 07:00,3517636,lessthan 32768,334
2012-05-19 07:00,3517367,lessthan 48000,127
2012-05-19 08:00,3524394,lessthan 32000,31
2012-05-19 08:00,3517636,lessthan 32768,413
2012-05-19 08:00,3517367,lessthan 48000,121
2012-05-19 09:00,3524394,lessthan 32000,37
2012-05-19 09:00,3517636,lessthan 32768,174
2012-05-19 09:00,3517367,lessthan 48000,32
2012-05-19 10:00,3524394,lessthan 32000,77
2012-05-19 10:00,3517636,lessthan 32768,637
2012-05-19 10:00,3517367,lessthan 48000,98
2012-05-19 11:00,3524394,lessthan 32000,405
2012-05-19 11:00,3517636,lessthan 32768,267
2012-05-19 11:00,3517367,lessthan 48000,16
2012-05-19 12:00,3524394,lessthan 32000,157
2012-05-19 12:00,3517636,lessthan 32768,169
2012-05-19 12:00,3517367,lessthan 48000,51
2012-05-19 13:00,3524394,lessthan 32000,53
2012-05-19 13:00,3517636,lessthan 32768,130
2012-05-19 13:00,3517367,lessthan 48000,40
2012-05-19 14:00,3524394,lessthan 32000,65
2012-05-19 14:00,3517636,lessthan 32768,34
2012-05-19 14:00,3517367,lessthan 48000,14
2012-05-19 15:00,3524394,lessthan 32000,145
2012-05-19 15:00,3517636,lessthan 32768,331
2012-05-19 15:00,3517367,lessthan 48000,127
2012-05-19 16:00,3524394,lessthan 32000,25
2012-05-19 16:00,3517636,lessthan 32768,216
2012-05-19 16:00,3517367,lessthan 48000,90
2012-05-19 17:00,3524394,lessthan 32000,35
2012-05-19 17:00,3517636,lessthan 32768,357
2012-05-19 17:00,3517367,lessthan 48000,231
2012-05-19 18:00,3524394,lessthan 32000,3
2012-05-19 18:00,3517636,lessthan 32768,95
2012-05-19 18:00,3517367,lessthan 48000,112
2012-05-19 19:00,3524394,lessthan 32000,27
2012-05-19 19:00,3517636,lessthan 32768,134
2012-05-19 19:00,3517367,lessthan 48000,90
2012-05-19 20:00,3524394,lessthan 32000,14
2012-05-19 20:00,3517636,lessthan 32768,136
2012-05-19 20:00,3517367,lessthan 48000,97
2012-05-19 21:00,3524394,lessthan 32000,44
2012-05-19 21:00,3517636,lessthan 32768,223
2012-05-19 21:00,3517367,lessthan 48000,142
2012-05-19 22:00,3524394,lessthan 32000,9
2012-05-19 22:00,3517636,lessthan 32768,0
2012-05-19 22:00,3517367,lessthan 48000,24
2012-05-19 23:00,3524394,lessthan 32000,111
2012-05-19 23:00,3517636,lessthan 32768,169
2012-05-19 23:00,3517367,lessthan 48000,187
2012-05-20 00:00,3524394,lessthan 32000,133
2012-05-20 00:00,3517636,lessthan 32768,215
2012-05-20 00:00,3517367,lessthan 48000,153
2012-05-20 01:00,3524394,lessthan 32000,77
2012-05-20 01:00,3517636,lessthan 32768,360
2012-05-20 01:00,3517367,lessthan 48000,274
2012-05-20 02:00,3524394,lessthan 32000,55
2012-05-20 02:00,3517636,lessthan 32768,330
2012-05-20 02:00,3517367,lessthan 48000,423
2012-05-20 03:00,3524394,lessthan 32000,21
2012-05-20 03:00,3517636,lessthan 32768,173
2012-05-20 03:00,3517367,lessthan 48000,196
2012-05-20 04:00,3524394,lessthan 32000,171
2012-05-20 04:00,3517636,lessthan 32768,316
2012-05-20 04:00,3517367,lessthan 48000,287
2012-05-20 05:00,3524394,lessthan 32000,60
2012-05-20 05:00,3517636,lessthan 32768,113
2012-05-20 05:00,3517367,lessthan 48000,76
2012-05-20 06:00,3524394,lessthan 32000,45
2012-05-20 06:00,3517636,lessthan 32768,397
2012-05-20 06:00,3517367,lessthan 48000,178
2012-05-20 07:00,3524394,lessthan 32000,107
2012-05-20 07:00,3517636,lessthan 32768,411
2012-05-20 07:00,3517367,lessthan 48000,93
2012-05-20 08:00,3524394,lessthan 32000,263
2012-05-20 08:00,3517636,lessthan 32768,487
2012-05-20 08:00,3517367,lessthan 48000,81
2012-05-20 09:00,3524394,lessthan 32000,51
2012-05-20 09:00,3517636,lessthan 32768,196
2012-05-20 09:00,3517367,lessthan 48000,60
2012-05-20 10:00,3524394,lessthan 32000,81
2012-05-20 10:00,3517636,lessthan 32768,326
2012-05-20 10:00,3517367,lessthan 48000,15
2012-05-20 11:00,3524394,lessthan 32000,179
2012-05-20 11:00,3517636,lessthan 32768,313
2012-05-20 11:00,3517367,lessthan 48000,63
2012-05-20 12:00,3524394,lessthan 32000,189
2012-05-20 12:00,3517636,lessthan 32768,438
2012-05-20 12:00,3517367,lessthan 48000,67
2012-05-20 13:00,3524394,lessthan 32000,111
2012-05-20 13:00,3517636,lessthan 32768,273
2012-05-20 13:00,3517367,lessthan 48000,45
2012-05-20 14:00,3524394,lessthan 32000,63
2012-05-20 14:00,3517636,lessthan 32768,40
2012-05-20 14:00,3517367,lessthan 48000,51
2012-05-20 15:00,3524394,lessthan 32000,92
2012-05-20 15:00,3517636,lessthan 32768,204
2012-05-20 15:00,3517367,lessthan 48000,80
2012-05-20 16:00,3524394,lessthan 32000,109
2012-05-20 16:00,3517636,lessthan 32768,238
2012-05-20 16:00,3517367,lessthan 48000,97
2012-05-20 17:00,3524394,lessthan 32000,163
2012-05-20 17:00,3517636,lessthan 32768,327
2012-05-20 17:00,3517367,lessthan 48000,27
2012-05-20 18:00,3524394,lessthan 32000,74
2012-05-20 18:00,3517636,lessthan 32768,217
2012-05-20 18:00,3517367,lessthan 48000,29
2012-05-20 19:00,3524394,lessthan 32000,25
2012-05-20 19:00,3517636,lessthan 32768,122
2012-05-20 19:00,3517367,lessthan 48000,16
2012-05-20 20:00,3524394,lessthan 32000,36
2012-05-20 20:00,3517636,lessthan 32768,186
2012-05-20 20:00,3517367,lessthan 48000,25
2012-05-20 21:00,3524394,lessthan 32000,63
2012-05-20 21:00,3517636,lessthan 32768,161
2012-05-20 21:00,3517367,lessthan 48000,1
2012-05-20 22:00,3524394,lessthan 32000,85
2012-05-20 22:00,3517636,lessthan 32768,102
2012-05-20 22:00,3517367,lessthan 48000,32
2012-05-20 23:00,3524394,lessthan 32000,39
2012-05-20 23:00,3517636,lessthan 32768,64
2012-05-20 23:00,3517367,lessthan 48000,4
2012-05-21 00:00,3524394,lessthan 32000,40
2012-05-21 00:00,3517636,lessthan 32768,10
2012-05-21 00:00,3517367,lessthan 48000,15
2012-05-21 01:00,3524394,lessthan 32000,83
2012-05-21 01:00,3517636,lessthan 32768,18
2012-05-21 01:00,3517367,lessthan 48000,28
2012-05-21 02:00,3524394,lessthan 32000,134
2012-05-21 02:00,3517636,lessthan 32768,194
2012-05-21 02:00,3517367,lessthan 48000,79
2012-05-21 03:00,3524394,lessthan 32000,283
2012-05-21 03:00,3517636,lessthan 32768,614
2012-05-21 03:00,3517367,lessthan 48000,57
2012-05-21 04:00,3524394,lessthan 32000,65
2012-05-21 04:00,3517636,lessthan 32768,491
2012-05-21 04:00,3517367,lessthan 48000,10
2012-05-21 05:00,3524394,lessthan 32000,110
2012-05-21 05:00,3517636,lessthan 32768,1061
2012-05-21 05:00,3517367,lessthan 48000,22
2012-05-21 06:00,3524394,lessthan 32000,114
2012-05-21 06:00,3517636,lessthan 32768,936
2012-05-21 06:00,3517367,lessthan 48000,13
2012-05-21 07:00,3524394,lessthan 32000,62
2012-05-21 07:00,3517636,lessthan 32768,618
2012-05-21 07:00,3517367,lessthan 48000,34
2012-05-21 08:00,3524394,lessthan 32000,19
2012-05-21 08:00,3517636,lessthan 32768,764
2012-05-21 08:00,3517367,lessthan 48000,7
2012-05-21 09:00,3524394,lessthan 32000,56
2012-05-21 09:00,3517636,lessthan 32768,200
2012-05-21 09:00,3517367,lessthan 48000,2
2012-05-21 10:00,3524394,lessthan 32000,138
2012-05-21 10:00,3517636,lessthan 32768,333
2012-05-21 10:00,3517367,lessthan 48000,12
2012-05-21 11:00,3524394,lessthan 32000,260
2012-05-21 11:00,3517636,lessthan 32768,4
2012-05-21 11:00,3517367,lessthan 48000,1
2012-05-21 12:00,3524394,lessthan 32000,66
2012-05-21 12:00,3517636,lessthan 32768,2
2012-05-21 12:00,3517367,lessthan 48000,4
2012-05-21 13:00,3524394,lessthan 32000,279
2012-05-21 13:00,3517636,lessthan 32768,20
2012-05-21 13:00,3517367,lessthan 48000,37
2012-05-21 14:00,3524394,lessthan 32000,295
2012-05-21 14:00,3517636,lessthan 32768,8
2012-05-21 14:00,3517367,lessthan 48000,32
2012-05-21 15:00,3524394,lessthan 32000,191
2012-05-21 15:00,3517636,lessthan 32768,17
2012-05-21 15:00,3517367,lessthan 48000,1
2012-05-21 16:00,3524394,lessthan 32000,188
2012-05-21 16:00,3517636,lessthan 32768,11
2012-05-21 16:00,3517367,lessthan 48000,18
2012-05-21 17:00,3524394,lessthan 32000,176
2012-05-21 17:00,3517636,lessthan 32768,3
2012-05-21 17:00,3517367,lessthan 48000,4
2012-05-21 18:00,3524394,lessthan 32000,101
2012-05-21 18:00,3517636,lessthan 32768,74
2012-05-21 18:00,3517367,lessthan 48000,27
2012-05-21 19:00,3524394,lessthan 32000,69
2012-05-21 19:00,3517636,lessthan 32768,84
2012-05-21 19:00,3517367,lessthan 48000,12
2012-05-21 20:00,3524394,lessthan 32000,52
2012-05-21 20:00,3517636,lessthan 32768,5
2012-05-21 20:00,3517367,lessthan 48000,13
2012-05-21 21:00,3524394,lessthan 32000,166
2012-05-21 21:00,3517636,lessthan 32768,103
2012-05-21 21:00,3517367,lessthan 48000,105
2012-05-21 22:00,3524394,lessthan 32000,59
2012-05-21 22:00,3517636,lessthan 32768,90
2012-05-21 22:00,3517367,lessthan 48000,72
2012-05-21 23:00,3524394,lessthan 32000,100
2012-05-21 23:00,3517636,lessthan 32768,163
2012-05-21 23:00,3517367,lessthan 48000,18
2012-05-22 00:00,3524394,lessthan 32000,124
2012-05-22 00:00,3517636,lessthan 32768,153
2012-05-22 00:00,3517367,lessthan 48000,20
2012-05-22 01:00,3524394,lessthan 32000,72
2012-05-22 01:00,3517636,lessthan 32768,21
2012-05-22 01:00,3517367,lessthan 48000,18
2012-05-22 02:00,3524394,lessthan 32000,291
2012-05-22 02:00,3517636,lessthan 32768,20
2012-05-22 02:00,3517367,lessthan 48000,5
2012-05-22 03:00,3524394,lessthan 32000,317
2012-05-22 03:00,3517636,lessthan 32768,36
2012-05-22 03:00,3517367,lessthan 48000,22
2012-05-22 04:00,3524394,lessthan 32000,341
2012-05-22 04:00,3517636,lessthan 32768,86
2012-05-22 04:00,3517367,lessthan 48000,50
2012-05-22 05:00,3524394,lessthan 32000,235
2012-05-22 05:00,3517636,lessthan 32768,15
2012-05-22 05:00,3517367,lessthan 48000,21
2012-05-22 06:00,3524394,lessthan 32000,274
2012-05-22 06:00,3517636,lessthan 32768,16
2012-05-22 06:00,3517367,lessthan 48000,60
2012-05-22 07:00,3524394,lessthan 32000,0
2012-05-22 07:00,3517636,lessthan 32768,0
2012-05-22 07:00,3517367,lessthan 48000,0
2012-05-22 08:00,3524394,lessthan 32000,519
2012-05-22 08:00,3517636,lessthan 32768,18
2012-05-22 08:00,3517367,lessthan 48000,44
2012-05-22 09:00,3524394,lessthan 32000,282
2012-05-22 09:00,3517636,lessthan 32768,38
2012-05-22 09:00,3517367,lessthan 48000,27
2012-05-22 10:00,3524394,lessthan 32000,169
2012-05-22 10:00,3517636,lessthan 32768,52
2012-05-22 10:00,3517367,lessthan 48000,4
2012-05-22 11:00,3524394,lessthan 32000,180
2012-05-22 11:00,3517636,lessthan 32768,136
2012-05-22 11:00,3517367,lessthan 48000,37
2012-05-22 12:00,3524394,lessthan 32000,139
2012-05-22 12:00,3517636,lessthan 32768,22
2012-05-22 12:00,3517367,lessthan 48000,69
2012-05-22 13:00,3524394,lessthan 32000,66
2012-05-22 13:00,3517636,lessthan 32768,42
2012-05-22 13:00,3517367,lessthan 48000,22
2012-05-22 14:00,3524394,lessthan 32000,145
2012-05-22 14:00,3517636,lessthan 32768,26
2012-05-22 14:00,3517367,lessthan 48000,16
2012-05-22 15:00,3524394,lessthan 32000,208
2012-05-22 15:00,3517636,lessthan 32768,16
2012-05-22 15:00,3517367,lessthan 48000,70
2012-05-22 16:00,3524394,lessthan 32000,122
2012-05-22 16:00,3517636,lessthan 32768,41
2012-05-22 16:00,3517367,lessthan 48000,49
2012-05-22 17:00,3524394,lessthan 32000,55
2012-05-22 17:00,3517636,lessthan 32768,75
2012-05-22 17:00,3517367,lessthan 48000,24
2012-05-22 18:00,3524394,lessthan 32000,59
2012-05-22 18:00,3517636,lessthan 32768,21
2012-05-22 18:00,3517367,lessthan 48000,38
2012-05-22 19:00,3524394,lessthan 32000,131
2012-05-22 19:00,3517636,lessthan 32768,41
2012-05-22 19:00,3517367,lessthan 48000,67
2012-05-22 20:00,3524394,lessthan 32000,156
2012-05-22 20:00,3517636,lessthan 32768,50
2012-05-22 20:00,3517367,lessthan 48000,40
2012-05-22 21:00,3524394,lessthan 32000,100
2012-05-22 21:00,3517636,lessthan 32768,27
2012-05-22 21:00,3517367,lessthan 48000,60
2012-05-22 22:00,3524394,lessthan 32000,98
2012-05-22 22:00,3517636,lessthan 32768,25
2012-05-22 22:00,3517367,lessthan 48000,16
2012-05-22 23:00,3524394,lessthan 32000,432
2012-05-22 23:00,3517636,lessthan 32768,94
2012-05-22 23:00,3517367,lessthan 48000,37
2012-05-23 00:00,3524394,lessthan 32000,306
2012-05-23 00:00,3517636,lessthan 32768,44
2012-05-23 00:00,3517367,lessthan 48000,76
2012-05-23 01:00,3524394,lessthan 32000,189
2012-05-23 01:00,3517636,lessthan 32768,23
2012-05-23 01:00,3517367,lessthan 48000,49
2012-05-23 02:00,3524394,lessthan 32000,309
2012-05-23 02:00,3517636,lessthan 32768,308
2012-05-23 02:00,3517367,lessthan 48000,25
2012-05-23 03:00,3524394,lessthan 32000,366
2012-05-23 03:00,3517636,lessthan 32768,73
2012-05-23 03:00,3517367,lessthan 48000,24
2012-05-23 04:00,3524394,lessthan 32000,375
2012-05-23 04:00,3517636,lessthan 32768,230
2012-05-23 04:00,3517367,lessthan 48000,80
2012-05-23 05:00,3524394,lessthan 32000,237
2012-05-23 05:00,3517636,lessthan 32768,139
2012-05-23 05:00,3517367,lessthan 48000,131
2012-05-23 06:00,3524394,lessthan 32000,305
2012-05-23 06:00,3517636,lessthan 32768,24
2012-05-23 06:00,3517367,lessthan 48000,90
2012-05-23 07:00,3524394,lessthan 32000,122
2012-05-23 07:00,3517636,lessthan 32768,6
2012-05-23 07:00,3517367,lessthan 48000,41
2012-05-23 08:00,3524394,lessthan 32000,246
2012-05-23 08:00,3517636,lessthan 32768,8
2012-05-23 08:00,3517367,lessthan 48000,56
2012-05-23 09:00,3524394,lessthan 32000,381
2012-05-23 09:00,3517636,lessthan 32768,47
2012-05-23 09:00,3517367,lessthan 48000,107
2012-05-23 10:00,3524394,lessthan 32000,196
2012-05-23 10:00,3517636,lessthan 32768,48
2012-05-23 10:00,3517367,lessthan 48000,99
2012-05-23 11:00,3524394,lessthan 32000,209
2012-05-23 11:00,3517636,lessthan 32768,65
2012-05-23 11:00,3517367,lessthan 48000,82
2012-05-23 12:00,3524394,lessthan 32000,218
2012-05-23 12:00,3517636,lessthan 32768,66
2012-05-23 12:00,3517367,lessthan 48000,42
2012-05-23 13:00,3524394,lessthan 32000,144
2012-05-23 13:00,3517636,lessthan 32768,23
2012-05-23 13:00,3517367,lessthan 48000,21
2012-05-23 14:00,3524394,lessthan 32000,157
2012-05-23 14:00,3517636,lessthan 32768,9
2012-05-23 14:00,3517367,lessthan 48000,51
2012-05-23 15:00,3524394,lessthan 32000,293
2012-05-23 15:00,3517636,lessthan 32768,32
2012-05-23 15:00,3517367,lessthan 48000,68
2012-05-23 16:00,3524394,lessthan 32000,166
2012-05-23 16:00,3517636,lessthan 32768,88
2012-05-23 16:00,3517367,lessthan 48000,74
2012-05-23 17:00,3524394,lessthan 32000,191
2012-05-23 17:00,3517636,lessthan 32768,62
2012-05-23 17:00,3517367,lessthan 48000,28
2012-05-23 18:00,3524394,lessthan 32000,156
2012-05-23 18:00,3517636,lessthan 32768,47
2012-05-23 18:00,3517367,lessthan 48000,25
2012-05-23 19:00,3524394,lessthan 32000,11
2012-05-23 19:00,3517636,lessthan 32768,4
2012-05-23 19:00,3517367,lessthan 48000,11
2012-05-23 20:00,3524394,lessthan 32000,194
2012-05-23 20:00,3517636,lessthan 32768,48
2012-05-23 20:00,3517367,lessthan 48000,12
2012-05-23 21:00,3524394,lessthan 32000,164
2012-05-23 21:00,3517636,lessthan 32768,13
2012-05-23 21:00,3517367,lessthan 48000,6
2012-05-23 22:00,3524394,lessthan 32000,181
2012-05-23 22:00,3517636,lessthan 32768,12
2012-05-23 22:00,3517367,lessthan 48000,7
2012-05-23 23:00,3524394,lessthan 32000,264
2012-05-23 23:00,3517636,lessthan 32768,66
2012-05-23 23:00,3517367,lessthan 48000,44
2012-05-24 00:00,3524394,lessthan 32000,186
2012-05-24 00:00,3517636,lessthan 32768,5
2012-05-24 00:00,3517367,lessthan 48000,5
2012-05-24 01:00,3524394,lessthan 32000,312
2012-05-24 01:00,3517636,lessthan 32768,4
2012-05-24 01:00,3517367,lessthan 48000,29
2012-05-24 02:00,3524394,lessthan 32000,215
2012-05-24 02:00,3517636,lessthan 32768,3
2012-05-24 02:00,3517367,lessthan 48000,10
2012-05-24 03:00,3524394,lessthan 32000,289
2012-05-24 03:00,3517636,lessthan 32768,12
2012-05-24 03:00,3517367,lessthan 48000,21
2012-05-24 04:00,3524394,lessthan 32000,265
2012-05-24 04:00,3517636,lessthan 32768,37
2012-05-24 04:00,3517367,lessthan 48000,17
2012-05-24 05:00,3524394,lessthan 32000,286
2012-05-24 05:00,3517636,lessthan 32768,0
2012-05-24 05:00,3517367,lessthan 48000,17
2012-05-24 06:00,3524394,lessthan 32000,385
2012-05-24 06:00,3517636,lessthan 32768,21
2012-05-24 06:00,3517367,lessthan 48000,54
2012-05-24 07:00,3524394,lessthan 32000,294
2012-05-24 07:00,3517636,lessthan 32768,10
2012-05-24 07:00,3517367,lessthan 48000,21
2012-05-24 08:00,3524394,lessthan 32000,439
2012-05-24 08:00,3517636,lessthan 32768,9
2012-05-24 08:00,3517367,lessthan 48000,63
2012-05-24 09:00,3524394,lessthan 32000,290
2012-05-24 09:00,3517636,lessthan 32768,1
2012-05-24 09:00,3517367,lessthan 48000,51
2012-05-24 10:00,3524394,lessthan 32000,373
2012-05-24 10:00,3517636,lessthan 32768,24
2012-05-24 10:00,3517367,lessthan 48000,76
2012-05-24 11:00,3524394,lessthan 32000,442
2012-05-24 11:00,3517636,lessthan 32768,46
2012-05-24 11:00,3517367,lessthan 48000,115
2012-05-24 12:00,3524394,lessthan 32000,260
2012-05-24 12:00,3517636,lessthan 32768,30
2012-05-24 12:00,3517367,lessthan 48000,53
2012-05-24 13:00,3524394,lessthan 32000,405
2012-05-24 13:00,3517636,lessthan 32768,47
2012-05-24 13:00,3517367,lessthan 48000,71
2012-05-24 14:00,3524394,lessthan 32000,216
2012-05-24 14:00,3517636,lessthan 32768,19
2012-05-24 14:00,3517367,lessthan 48000,45
2012-05-24 15:00,3524394,lessthan 32000,245
2012-05-24 15:00,3517636,lessthan 32768,10
2012-05-24 15:00,3517367,lessthan 48000,77
2012-05-24 16:00,3524394,lessthan 32000,125
2012-05-24 16:00,3517636,lessthan 32768,5
2012-05-24 16:00,3517367,lessthan 48000,46
2012-05-24 17:00,3524394,lessthan 32000,300
2012-05-24 17:00,3517636,lessthan 32768,18
2012-05-24 17:00,3517367,lessthan 48000,51
2012-05-24 18:00,3524394,lessthan 32000,257
2012-05-24 18:00,3517636,lessthan 32768,34
2012-05-24 18:00,3517367,lessthan 48000,28
2012-05-24 19:00,3524394,lessthan 32000,264
2012-05-24 19:00,3517636,lessthan 32768,20
2012-05-24 19:00,3517367,lessthan 48000,103
2012-05-24 20:00,3524394,lessthan 32000,76
2012-05-24 20:00,3517636,lessthan 32768,36
2012-05-24 20:00,3517367,lessthan 48000,34
2012-05-24 21:00,3524394,lessthan 32000,174
2012-05-24 21:00,3517636,lessthan 32768,20
2012-05-24 21:00,3517367,lessthan 48000,100
2012-05-24 22:00,3524394,lessthan 32000,237
2012-05-24 22:00,3517636,lessthan 32768,12
2012-05-24 22:00,3517367,lessthan 48000,83
2012-05-24 23:00,3524394,lessthan 32000,260
2012-05-24 23:00,3517636,lessthan 32768,60
2012-05-24 23:00,3517367,lessthan 48000,53
2012-05-25 00:00,3524394,lessthan 32000,172
2012-05-25 00:00,3517636,lessthan 32768,5
2012-05-25 00:00,3517367,lessthan 48000,61
2012-05-25 01:00,3524394,lessthan 32000,228
2012-05-25 01:00,3517636,lessthan 32768,39
2012-05-25 01:00,3517367,lessthan 48000,173
2012-05-25 02:00,3524394,lessthan 32000,186
2012-05-25 02:00,3517636,lessthan 32768,14
2012-05-25 02:00,3517367,lessthan 48000,72
2012-05-25 03:00,3524394,lessthan 32000,559
2012-05-25 03:00,3517636,lessthan 32768,9
2012-05-25 03:00,3517367,lessthan 48000,123
2012-05-25 04:00,3524394,lessthan 32000,434
2012-05-25 04:00,3517636,lessthan 32768,13
2012-05-25 04:00,3517367,lessthan 48000,142
2012-05-25 05:00,3524394,lessthan 32000,405
2012-05-25 05:00,3517636,lessthan 32768,14
2012-05-25 05:00,3517367,lessthan 48000,85
2012-05-25 06:00,3524394,lessthan 32000,777
2012-05-25 06:00,3517636,lessthan 32768,36
2012-05-25 06:00,3517367,lessthan 48000,125
2012-05-25 07:00,3524394,lessthan 32000,95
2012-05-25 07:00,3517636,lessthan 32768,1
2012-05-25 07:00,3517367,lessthan 48000,22
2012-05-25 08:00,3524394,lessthan 32000,1065
2012-05-25 08:00,3517636,lessthan 32768,30
2012-05-25 08:00,3517367,lessthan 48000,125
2012-05-25 09:00,3524394,lessthan 32000,413
2012-05-25 09:00,3517636,lessthan 32768,14
2012-05-25 09:00,3517367,lessthan 48000,45
2012-05-25 10:00,3524394,lessthan 32000,515
2012-05-25 10:00,3517636,lessthan 32768,13
2012-05-25 10:00,3517367,lessthan 48000,27
2012-05-25 11:00,3524394,lessthan 32000,446
2012-05-25 11:00,3517636,lessthan 32768,13
2012-05-25 11:00,3517367,lessthan 48000,27
2012-05-25 12:00,3524394,lessthan 32000,418
2012-05-25 12:00,3517636,lessthan 32768,57
2012-05-25 12:00,3517367,lessthan 48000,65
2012-05-25 13:00,3524394,lessthan 32000,156
2012-05-25 13:00,3517636,lessthan 32768,6
2012-05-25 13:00,3517367,lessthan 48000,15
2012-05-25 14:00,3524394,lessthan 32000,212
2012-05-25 14:00,3517636,lessthan 32768,11
2012-05-25 14:00,3517367,lessthan 48000,28
2012-05-25 15:00,3524394,lessthan 32000,311
2012-05-25 15:00,3517636,lessthan 32768,8
2012-05-25 15:00,3517367,lessthan 48000,53
2012-05-25 16:00,3524394,lessthan 32000,144
2012-05-25 16:00,3517636,lessthan 32768,5
2012-05-25 16:00,3517367,lessthan 48000,20
2012-05-25 17:00,3524394,lessthan 32000,188
2012-05-25 17:00,3517636,lessthan 32768,11
2012-05-25 17:00,3517367,lessthan 48000,16
2012-05-25 18:00,3524394,lessthan 32000,252
2012-05-25 18:00,3517636,lessthan 32768,6
2012-05-25 18:00,3517367,lessthan 48000,16
2012-05-25 19:00,3524394,lessthan 32000,133
2012-05-25 19:00,3517636,lessthan 32768,1
2012-05-25 19:00,3517367,lessthan 48000,22
2012-05-25 20:00,3524394,lessthan 32000,27
2012-05-25 20:00,3517636,lessthan 32768,8
2012-05-25 20:00,3517367,lessthan 48000,7
2012-05-25 21:00,3524394,lessthan 32000,389
2012-05-25 21:00,3517636,lessthan 32768,7
2012-05-25 21:00,3517367,lessthan 48000,21
2012-05-25 22:00,3524394,lessthan 32000,719
2012-05-25 22:00,3517636,lessthan 32768,13
2012-05-25 22:00,3517367,lessthan 48000,46
2012-05-25 23:00,3524394,lessthan 32000,271
2012-05-25 23:00,3517636,lessthan 32768,2
2012-05-25 23:00,3517367,lessthan 48000,11
2012-05-26 00:00,3524394,lessthan 32000,292
2012-05-26 00:00,3517636,lessthan 32768,35
2012-05-26 00:00,3517367,lessthan 48000,11
2012-05-26 01:00,3524394,lessthan 32000,61
2012-05-26 01:00,3517636,lessthan 32768,6
2012-05-26 01:00,3517367,lessthan 48000,20
2012-05-26 02:00,3524394,lessthan 32000,49
2012-05-26 02:00,3517636,lessthan 32768,31
2012-05-26 02:00,3517367,lessthan 48000,14
2012-05-26 03:00,3524394,lessthan 32000,3
2012-05-26 03:00,3517636,lessthan 32768,1
2012-05-26 03:00,3517367,lessthan 48000,3
2012-05-26 04:00,3524394,lessthan 32000,3
2012-05-26 04:00,3517636,lessthan 32768,0
2012-05-26 04:00,3517367,lessthan 48000,0
2012-05-26 05:00,3524394,lessthan 32000,58
2012-05-26 05:00,3517636,lessthan 32768,38
2012-05-26 05:00,3517367,lessthan 48000,10
2012-05-26 06:00,3524394,lessthan 32000,318
2012-05-26 06:00,3517636,lessthan 32768,98
2012-05-26 06:00,3517367,lessthan 48000,24
2012-05-26 07:00,3524394,lessthan 32000,212
2012-05-26 07:00,3517636,lessthan 32768,42
2012-05-26 07:00,3517367,lessthan 48000,5
2012-05-26 08:00,3524394,lessthan 32000,613
2012-05-26 08:00,3517636,lessthan 32768,65
2012-05-26 08:00,3517367,lessthan 48000,35
2012-05-26 09:00,3524394,lessthan 32000,382
2012-05-26 09:00,3517636,lessthan 32768,33
2012-05-26 09:00,3517367,lessthan 48000,22
2012-05-26 10:00,3524394,lessthan 32000,382
2012-05-26 10:00,3517636,lessthan 32768,35
2012-05-26 10:00,3517367,lessthan 48000,26
2012-05-26 11:00,3524394,lessthan 32000,435
2012-05-26 11:00,3517636,lessthan 32768,0
2012-05-26 11:00,3517367,lessthan 48000,39
2012-05-26 12:00,3524394,lessthan 32000,280
2012-05-26 12:00,3517636,lessthan 32768,18
2012-05-26 12:00,3517367,lessthan 48000,21
2012-05-26 13:00,3524394,lessthan 32000,466
2012-05-26 13:00,3517636,lessthan 32768,20
2012-05-26 13:00,3517367,lessthan 48000,18
2012-05-26 14:00,3524394,lessthan 32000,5
2012-05-26 14:00,3517636,lessthan 32768,3
2012-05-26 14:00,3517367,lessthan 48000,13
2012-05-26 15:00,3524394,lessthan 32000,223
2012-05-26 15:00,3517636,lessthan 32768,6
2012-05-26 15:00,3517367,lessthan 48000,44
2012-05-26 16:00,3524394,lessthan 32000,316
2012-05-26 16:00,3517636,lessthan 32768,13
2012-05-26 16:00,3517367,lessthan 48000,101
2012-05-26 17:00,3524394,lessthan 32000,155
2012-05-26 17:00,3517636,lessthan 32768,6
2012-05-26 17:00,3517367,lessthan 48000,98
2012-05-26 18:00,3524394,lessthan 32000,136
2012-05-26 18:00,3517636,lessthan 32768,1
2012-05-26 18:00,3517367,lessthan 48000,28
2012-05-26 19:00,3524394,lessthan 32000,364
2012-05-26 19:00,3517636,lessthan 32768,22
2012-05-26 19:00,3517367,lessthan 48000,143
2012-05-26 20:00,3524394,lessthan 32000,209
2012-05-26 20:00,3517636,lessthan 32768,23
2012-05-26 20:00,3517367,lessthan 48000,92
2012-05-26 21:00,3524394,lessthan 32000,62
2012-05-26 21:00,3517636,lessthan 32768,11
2012-05-26 21:00,3517367,lessthan 48000,22
2012-05-26 22:00,3524394,lessthan 32000,293
2012-05-26 22:00,3517636,lessthan 32768,34
2012-05-26 22:00,3517367,lessthan 48000,77
2012-05-26 23:00,3524394,lessthan 32000,75
2012-05-26 23:00,3517636,lessthan 32768,15
2012-05-26 23:00,3517367,lessthan 48000,49
2012-05-27 00:00,3524394,lessthan 32000,166
2012-05-27 00:00,3517636,lessthan 32768,8
2012-05-27 00:00,3517367,lessthan 48000,152
2012-05-27 01:00,3524394,lessthan 32000,92
2012-05-27 01:00,3517636,lessthan 32768,21
2012-05-27 01:00,3517367,lessthan 48000,86
2012-05-27 02:00,3524394,lessthan 32000,94
2012-05-27 02:00,3517636,lessthan 32768,4
2012-05-27 02:00,3517367,lessthan 48000,158
2012-05-27 03:00,3524394,lessthan 32000,153
2012-05-27 03:00,3517636,lessthan 32768,0
2012-05-27 03:00,3517367,lessthan 48000,102
2012-05-27 04:00,3524394,lessthan 32000,148
2012-05-27 04:00,3517636,lessthan 32768,5
2012-05-27 04:00,3517367,lessthan 48000,119
2012-05-27 05:00,3524394,lessthan 32000,135
2012-05-27 05:00,3517636,lessthan 32768,33
2012-05-27 05:00,3517367,lessthan 48000,144
2012-05-27 06:00,3524394,lessthan 32000,67
2012-05-27 06:00,3517636,lessthan 32768,8
2012-05-27 06:00,3517367,lessthan 48000,130
2012-05-27 07:00,3524394,lessthan 32000,141
2012-05-27 07:00,3517636,lessthan 32768,24
2012-05-27 07:00,3517367,lessthan 48000,52
2012-05-27 08:00,3524394,lessthan 32000,131
2012-05-27 08:00,3517636,lessthan 32768,35
2012-05-27 08:00,3517367,lessthan 48000,21
2012-05-27 09:00,3524394,lessthan 32000,99
2012-05-27 09:00,3517636,lessthan 32768,18
2012-05-27 09:00,3517367,lessthan 48000,114
2012-05-27 10:00,3524394,lessthan 32000,147
2012-05-27 10:00,3517636,lessthan 32768,10
2012-05-27 10:00,3517367,lessthan 48000,147
2012-05-27 11:00,3524394,lessthan 32000,105
2012-05-27 11:00,3517636,lessthan 32768,9
2012-05-27 11:00,3517367,lessthan 48000,125
2012-05-27 12:00,3524394,lessthan 32000,46
2012-05-27 12:00,3517636,lessthan 32768,281
2012-05-27 12:00,3517367,lessthan 48000,90
2012-05-27 13:00,3524394,lessthan 32000,9
2012-05-27 13:00,3517636,lessthan 32768,160
2012-05-27 13:00,3517367,lessthan 48000,86
2012-05-27 14:00,3524394,lessthan 32000,73
2012-05-27 14:00,3517636,lessthan 32768,229
2012-05-27 14:00,3517367,lessthan 48000,88
2012-05-27 15:00,3524394,lessthan 32000,180
2012-05-27 15:00,3517636,lessthan 32768,275
2012-05-27 15:00,3517367,lessthan 48000,78
2012-05-27 16:00,3524394,lessthan 32000,118
2012-05-27 16:00,3517636,lessthan 32768,248
2012-05-27 16:00,3517367,lessthan 48000,57
2012-05-27 17:00,3524394,lessthan 32000,75
2012-05-27 17:00,3517636,lessthan 32768,248
2012-05-27 17:00,3517367,lessthan 48000,116
2012-05-27 18:00,3524394,lessthan 32000,77
2012-05-27 18:00,3517636,lessthan 32768,317
2012-05-27 18:00,3517367,lessthan 48000,106
2012-05-27 19:00,3524394,lessthan 32000,150
2012-05-27 19:00,3517636,lessthan 32768,288
2012-05-27 19:00,3517367,lessthan 48000,89
2012-05-27 20:00,3524394,lessthan 32000,210
2012-05-27 20:00,3517636,lessthan 32768,217
2012-05-27 20:00,3517367,lessthan 48000,82
2012-05-27 21:00,3524394,lessthan 32000,121
2012-05-27 21:00,3517636,lessthan 32768,275
2012-05-27 21:00,3517367,lessthan 48000,62
2012-05-27 22:00,3524394,lessthan 32000,301
2012-05-27 22:00,3517636,lessthan 32768,124
2012-05-27 22:00,3517367,lessthan 48000,103
2012-05-27 23:00,3524394,lessthan 32000,210
2012-05-27 23:00,3517636,lessthan 32768,65
2012-05-27 23:00,3517367,lessthan 48000,201
2012-05-28 00:00,3524394,lessthan 32000,27
2012-05-28 00:00,3517636,lessthan 32768,195
2012-05-28 00:00,3517367,lessthan 48000,100
2012-05-28 01:00,3524394,lessthan 32000,103
2012-05-28 01:00,3517636,lessthan 32768,241
2012-05-28 01:00,3517367,lessthan 48000,75
2012-05-28 02:00,3524394,lessthan 32000,134
2012-05-28 02:00,3517636,lessthan 32768,175
2012-05-28 02:00,3517367,lessthan 48000,142
2012-05-28 03:00,3524394,lessthan 32000,109
2012-05-28 03:00,3517636,lessthan 32768,169
2012-05-28 03:00,3517367,lessthan 48000,198
2012-05-28 04:00,3524394,lessthan 32000,5
2012-05-28 04:00,3517636,lessthan 32768,40
2012-05-28 04:00,3517367,lessthan 48000,59
2012-05-28 05:00,3524394,lessthan 32000,147
2012-05-28 05:00,3517636,lessthan 32768,370
2012-05-28 05:00,3517367,lessthan 48000,300
2012-05-28 06:00,3524394,lessthan 32000,70
2012-05-28 06:00,3517636,lessthan 32768,249
2012-05-28 06:00,3517367,lessthan 48000,89
2012-05-28 07:00,3524394,lessthan 32000,84
2012-05-28 07:00,3517636,lessthan 32768,135
2012-05-28 07:00,3517367,lessthan 48000,88
2012-05-28 08:00,3524394,lessthan 32000,203
2012-05-28 08:00,3517636,lessthan 32768,223
2012-05-28 08:00,3517367,lessthan 48000,45
2012-05-28 09:00,3524394,lessthan 32000,211
2012-05-28 09:00,3517636,lessthan 32768,48
2012-05-28 09:00,3517367,lessthan 48000,80
2012-05-28 10:00,3524394,lessthan 32000,81
2012-05-28 10:00,3517636,lessthan 32768,20
2012-05-28 10:00,3517367,lessthan 48000,9
2012-05-28 11:00,3524394,lessthan 32000,28
2012-05-28 11:00,3517636,lessthan 32768,11
2012-05-28 11:00,3517367,lessthan 48000,18
2012-05-28 12:00,3524394,lessthan 32000,8
2012-05-28 12:00,3517636,lessthan 32768,8
2012-05-28 12:00,3517367,lessthan 48000,8
2012-05-28 13:00,3524394,lessthan 32000,35
2012-05-28 13:00,3517636,lessthan 32768,9
2012-05-28 13:00,3517367,lessthan 48000,23
2012-05-28 14:00,3524394,lessthan 32000,40
2012-05-28 14:00,3517636,lessthan 32768,9
2012-05-28 14:00,3517367,lessthan 48000,67
2012-05-28 15:00,3524394,lessthan 32000,74
2012-05-28 15:00,3517636,lessthan 32768,29
2012-05-28 15:00,3517367,lessthan 48000,64
2012-05-28 16:00,3524394,lessthan 32000,207
2012-05-28 16:00,3517636,lessthan 32768,150
2012-05-28 16:00,3517367,lessthan 48000,229
2012-05-28 17:00,3524394,lessthan 32000,111
2012-05-28 17:00,3517636,lessthan 32768,180
2012-05-28 17:00,3517367,lessthan 48000,247
2012-05-28 18:00,3524394,lessthan 32000,98
2012-05-28 18:00,3517636,lessthan 32768,96
2012-05-28 18:00,3517367,lessthan 48000,161
2012-05-28 19:00,3524394,lessthan 32000,86
2012-05-28 19:00,3517636,lessthan 32768,202
2012-05-28 19:00,3517367,lessthan 48000,160
2012-05-28 20:00,3524394,lessthan 32000,71
2012-05-28 20:00,3517636,lessthan 32768,70
2012-05-28 20:00,3517367,lessthan 48000,174
2012-05-28 21:00,3524394,lessthan 32000,48
2012-05-28 21:00,3517636,lessthan 32768,48
2012-05-28 21:00,3517367,lessthan 48000,141
2012-05-28 22:00,3524394,lessthan 32000,211
2012-05-28 22:00,3517636,lessthan 32768,122
2012-05-28 22:00,3517367,lessthan 48000,298
2012-05-28 23:00,3524394,lessthan 32000,70
2012-05-28 23:00,3517636,lessthan 32768,12
2012-05-28 23:00,3517367,lessthan 48000,52
2012-05-29 00:00,3524394,lessthan 32000,10
2012-05-29 00:00,3517636,lessthan 32768,104
2012-05-29 00:00,3517367,lessthan 48000,88
2012-05-29 01:00,3524394,lessthan 32000,33
2012-05-29 01:00,3517636,lessthan 32768,251
2012-05-29 01:00,3517367,lessthan 48000,24
2012-05-29 02:00,3524394,lessthan 32000,63
2012-05-29 02:00,3517636,lessthan 32768,229
2012-05-29 02:00,3517367,lessthan 48000,80
2012-05-29 03:00,3524394,lessthan 32000,0
2012-05-29 03:00,3517636,lessthan 32768,3
2012-05-29 03:00,3517367,lessthan 48000,1
2012-05-29 04:00,3524394,lessthan 32000,133
2012-05-29 04:00,3517636,lessthan 32768,364
2012-05-29 04:00,3517367,lessthan 48000,323
2012-05-29 05:00,3524394,lessthan 32000,70
2012-05-29 05:00,3517636,lessthan 32768,131
2012-05-29 05:00,3517367,lessthan 48000,186
2012-05-29 06:00,3524394,lessthan 32000,63
2012-05-29 06:00,3517636,lessthan 32768,313
2012-05-29 06:00,3517367,lessthan 48000,238
2012-05-29 07:00,3524394,lessthan 32000,95
2012-05-29 07:00,3517636,lessthan 32768,320
2012-05-29 07:00,3517367,lessthan 48000,85
2012-05-29 08:00,3524394,lessthan 32000,81
2012-05-29 08:00,3517636,lessthan 32768,213
2012-05-29 08:00,3517367,lessthan 48000,102
2012-05-29 09:00,3524394,lessthan 32000,0
2012-05-29 09:00,3517636,lessthan 32768,0
2012-05-29 09:00,3517367,lessthan 48000,0
2012-05-29 10:00,3524394,lessthan 32000,56
2012-05-29 10:00,3517636,lessthan 32768,411
2012-05-29 10:00,3517367,lessthan 48000,168
2012-05-29 11:00,3524394,lessthan 32000,29
2012-05-29 11:00,3517636,lessthan 32768,202
2012-05-29 11:00,3517367,lessthan 48000,209
2012-05-29 12:00,3524394,lessthan 32000,109
2012-05-29 12:00,3517636,lessthan 32768,334
2012-05-29 12:00,3517367,lessthan 48000,86
2012-05-29 13:00,3524394,lessthan 32000,78
2012-05-29 13:00,3517636,lessthan 32768,261
2012-05-29 13:00,3517367,lessthan 48000,127
2012-05-29 14:00,3524394,lessthan 32000,36
2012-05-29 14:00,3517636,lessthan 32768,115
2012-05-29 14:00,3517367,lessthan 48000,111
2012-05-29 15:00,3524394,lessthan 32000,34
2012-05-29 15:00,3517636,lessthan 32768,243
2012-05-29 15:00,3517367,lessthan 48000,39
2012-05-29 16:00,3524394,lessthan 32000,110
2012-05-29 16:00,3517636,lessthan 32768,285
2012-05-29 16:00,3517367,lessthan 48000,161
2012-05-29 17:00,3524394,lessthan 32000,47
2012-05-29 17:00,3517636,lessthan 32768,169
2012-05-29 17:00,3517367,lessthan 48000,231
2012-05-29 18:00,3524394,lessthan 32000,62
2012-05-29 18:00,3517636,lessthan 32768,203
2012-05-29 18:00,3517367,lessthan 48000,24
2012-05-29 19:00,3524394,lessthan 32000,105
2012-05-29 19:00,3517636,lessthan 32768,191
2012-05-29 19:00,3517367,lessthan 48000,35
2012-05-29 20:00,3524394,lessthan 32000,35
2012-05-29 20:00,3517636,lessthan 32768,149
2012-05-29 20:00,3517367,lessthan 48000,47
2012-05-29 21:00,3524394,lessthan 32000,26
2012-05-29 21:00,3517636,lessthan 32768,67
2012-05-29 21:00,3517367,lessthan 48000,7
2012-05-29 22:00,3524394,lessthan 32000,136
2012-05-29 22:00,3517636,lessthan 32768,308
2012-05-29 22:00,3517367,lessthan 48000,30
2012-05-29 23:00,3524394,lessthan 32000,40
2012-05-29 23:00,3517636,lessthan 32768,103
2012-05-29 23:00,3517367,lessthan 48000,23
2012-05-30 00:00,3524394,lessthan 32000,63
2012-05-30 00:00,3517636,lessthan 32768,167
2012-05-30 00:00,3517367,lessthan 48000,129
2012-05-30 01:00,3524394,lessthan 32000,62
2012-05-30 01:00,3517636,lessthan 32768,76
2012-05-30 01:00,3517367,lessthan 48000,103
2012-05-30 02:00,3524394,lessthan 32000,131
2012-05-30 02:00,3517636,lessthan 32768,223
2012-05-30 02:00,3517367,lessthan 48000,236
2012-05-30 03:00,3524394,lessthan 32000,121
2012-05-30 03:00,3517636,lessthan 32768,213
2012-05-30 03:00,3517367,lessthan 48000,199
2012-05-30 04:00,3524394,lessthan 32000,88
2012-05-30 04:00,3517636,lessthan 32768,147
2012-05-30 04:00,3517367,lessthan 48000,138
2012-05-30 05:00,3524394,lessthan 32000,160
2012-05-30 05:00,3517636,lessthan 32768,200
2012-05-30 05:00,3517367,lessthan 48000,188
2012-05-30 06:00,3524394,lessthan 32000,52
2012-05-30 06:00,3517636,lessthan 32768,124
2012-05-30 06:00,3517367,lessthan 48000,21
2012-05-30 07:00,3524394,lessthan 32000,133
2012-05-30 07:00,3517636,lessthan 32768,205
2012-05-30 07:00,3517367,lessthan 48000,116
2012-05-30 08:00,3524394,lessthan 32000,0
2012-05-30 08:00,3517636,lessthan 32768,0
2012-05-30 08:00,3517367,lessthan 48000,0
2012-05-30 09:00,3524394,lessthan 32000,35
2012-05-30 09:00,3517636,lessthan 32768,186
2012-05-30 09:00,3517367,lessthan 48000,87
2012-05-30 10:00,3524394,lessthan 32000,125
2012-05-30 10:00,3517636,lessthan 32768,72
2012-05-30 10:00,3517367,lessthan 48000,174
2012-05-30 11:00,3524394,lessthan 32000,16
2012-05-30 11:00,3517636,lessthan 32768,82
2012-05-30 11:00,3517367,lessthan 48000,63
2012-05-30 12:00,3524394,lessthan 32000,65
2012-05-30 12:00,3517636,lessthan 32768,177
2012-05-30 12:00,3517367,lessthan 48000,218
2012-05-30 13:00,3524394,lessthan 32000,59
2012-05-30 13:00,3517636,lessthan 32768,117
2012-05-30 13:00,3517367,lessthan 48000,109
2012-05-30 14:00,3524394,lessthan 32000,28
2012-05-30 14:00,3517636,lessthan 32768,115
2012-05-30 14:00,3517367,lessthan 48000,82
2012-05-30 15:00,3524394,lessthan 32000,57
2012-05-30 15:00,3517636,lessthan 32768,165
2012-05-30 15:00,3517367,lessthan 48000,106
2012-05-30 16:00,3524394,lessthan 32000,9
2012-05-30 16:00,3517636,lessthan 32768,31
2012-05-30 16:00,3517367,lessthan 48000,71
2012-05-30 17:00,3524394,lessthan 32000,38
2012-05-30 17:00,3517636,lessthan 32768,109
2012-05-30 17:00,3517367,lessthan 48000,109
2012-05-30 18:00,3524394,lessthan 32000,18
2012-05-30 18:00,3517636,lessthan 32768,128
2012-05-30 18:00,3517367,lessthan 48000,114
2012-05-30 19:00,3524394,lessthan 32000,10
2012-05-30 19:00,3517636,lessthan 32768,187
2012-05-30 19:00,3517367,lessthan 48000,87
2012-05-30 20:00,3524394,lessthan 32000,51
2012-05-30 20:00,3517636,lessthan 32768,35
2012-05-30 20:00,3517367,lessthan 48000,57
2012-05-30 21:00,3524394,lessthan 32000,18
2012-05-30 21:00,3517636,lessthan 32768,16
2012-05-30 21:00,3517367,lessthan 48000,60
2012-05-30 22:00,3524394,lessthan 32000,80
2012-05-30 22:00,3517636,lessthan 32768,73
2012-05-30 22:00,3517367,lessthan 48000,99
2012-05-30 23:00,3524394,lessthan 32000,47
2012-05-30 23:00,3517636,lessthan 32768,92
2012-05-30 23:00,3517367,lessthan 48000,213
2012-05-31 00:00,3524394,lessthan 32000,28
2012-05-31 00:00,3517636,lessthan 32768,96
2012-05-31 00:00,3517367,lessthan 48000,187
2012-05-31 01:00,3524394,lessthan 32000,32
2012-05-31 01:00,3517636,lessthan 32768,99
2012-05-31 01:00,3517367,lessthan 48000,170
2012-05-31 02:00,3524394,lessthan 32000,42
2012-05-31 02:00,3517636,lessthan 32768,118
2012-05-31 02:00,3517367,lessthan 48000,204
2012-05-31 03:00,3524394,lessthan 32000,69
2012-05-31 03:00,3517636,lessthan 32768,121
2012-05-31 03:00,3517367,lessthan 48000,133
2012-05-31 04:00,3524394,lessthan 32000,41
2012-05-31 04:00,3517636,lessthan 32768,54
2012-05-31 04:00,3517367,lessthan 48000,190
2012-05-31 05:00,3524394,lessthan 32000,66
2012-05-31 05:00,3517636,lessthan 32768,5
2012-05-31 05:00,3517367,lessthan 48000,149
2012-05-31 06:00,3524394,lessthan 32000,82
2012-05-31 06:00,3517636,lessthan 32768,11
2012-05-31 06:00,3517367,lessthan 48000,105
2012-05-31 07:00,3524394,lessthan 32000,20
2012-05-31 07:00,3517636,lessthan 32768,8
2012-05-31 07:00,3517367,lessthan 48000,97
2012-05-31 08:00,3524394,lessthan 32000,18
2012-05-31 08:00,3517636,lessthan 32768,15
2012-05-31 08:00,3517367,lessthan 48000,152
2012-05-31 09:00,3524394,lessthan 32000,15
2012-05-31 09:00,3517636,lessthan 32768,70
2012-05-31 09:00,3517367,lessthan 48000,166
2012-05-31 10:00,3524394,lessthan 32000,10
2012-05-31 10:00,3517636,lessthan 32768,13
2012-05-31 10:00,3517367,lessthan 48000,112
2012-05-31 11:00,3524394,lessthan 32000,45
2012-05-31 11:00,3517636,lessthan 32768,24
2012-05-31 11:00,3517367,lessthan 48000,72
2012-05-31 12:00,3524394,lessthan 32000,65
2012-05-31 12:00,3517636,lessthan 32768,34
2012-05-31 12:00,3517367,lessthan 48000,225
2012-05-31 13:00,3524394,lessthan 32000,54
2012-05-31 13:00,3517636,lessthan 32768,23
2012-05-31 13:00,3517367,lessthan 48000,106
2012-05-31 14:00,3524394,lessthan 32000,44
2012-05-31 14:00,3517636,lessthan 32768,9
2012-05-31 14:00,3517367,lessthan 48000,97
2012-05-31 15:00,3524394,lessthan 32000,36
2012-05-31 15:00,3517636,lessthan 32768,61
2012-05-31 15:00,3517367,lessthan 48000,101
2012-05-31 16:00,3524394,lessthan 32000,24
2012-05-31 16:00,3517636,lessthan 32768,38
2012-05-31 16:00,3517367,lessthan 48000,66
2012-05-31 17:00,3524394,lessthan 32000,8
2012-05-31 17:00,3517636,lessthan 32768,50
2012-05-31 17:00,3517367,lessthan 48000,115
2012-05-31 18:00,3524394,lessthan 32000,77
2012-05-31 18:00,3517636,lessthan 32768,160
2012-05-31 18:00,3517367,lessthan 48000,185
2012-05-31 19:00,3524394,lessthan 32000,92
2012-05-31 19:00,3517636,lessthan 32768,114
2012-05-31 19:00,3517367,lessthan 48000,102
2012-05-31 20:00,3524394,lessthan 32000,30
2012-05-31 20:00,3517636,lessthan 32768,30
2012-05-31 20:00,3517367,lessthan 48000,108
2012-05-31 21:00,3524394,lessthan 32000,127
2012-05-31 21:00,3517636,lessthan 32768,4
2012-05-31 21:00,3517367,lessthan 48000,162
2012-05-31 22:00,3524394,lessthan 32000,62
2012-05-31 22:00,3517636,lessthan 32768,8
2012-05-31 22:00,3517367,lessthan 48000,95
2012-05-31 23:00,3524394,lessthan 32000,36
2012-05-31 23:00,3517636,lessthan 32768,5
2012-05-31 23:00,3517367,lessthan 48000,100
2012-06-01 00:00,3524394,lessthan 32000,35
2012-06-01 00:00,3517636,lessthan 32768,5
2012-06-01 00:00,3517367,lessthan 48000,135
2012-06-01 01:00,3524394,lessthan 32000,10
2012-06-01 01:00,3517636,lessthan 32768,13
2012-06-01 01:00,3517367,lessthan 48000,135
2012-06-01 02:00,3524394,lessthan 32000,7
2012-06-01 02:00,3517636,lessthan 32768,4
2012-06-01 02:00,3517367,lessthan 48000,126
2012-06-01 03:00,3524394,lessthan 32000,12
2012-06-01 03:00,3517636,lessthan 32768,71
2012-06-01 03:00,3517367,lessthan 48000,121
2012-06-01 04:00,3524394,lessthan 32000,39
2012-06-01 04:00,3517636,lessthan 32768,75
2012-06-01 04:00,3517367,lessthan 48000,173
2012-06-01 05:00,3524394,lessthan 32000,61
2012-06-01 05:00,3517636,lessthan 32768,129
2012-06-01 05:00,3517367,lessthan 48000,209
2012-06-01 06:00,3524394,lessthan 32000,5
2012-06-01 06:00,3517636,lessthan 32768,42
2012-06-01 06:00,3517367,lessthan 48000,168
2012-06-01 07:00,3524394,lessthan 32000,24
2012-06-01 07:00,3517636,lessthan 32768,22
2012-06-01 07:00,3517367,lessthan 48000,266
2012-06-01 08:00,3524394,lessthan 32000,10
2012-06-01 08:00,3517636,lessthan 32768,14
2012-06-01 08:00,3517367,lessthan 48000,193
2012-06-01 09:00,3524394,lessthan 32000,6
2012-06-01 09:00,3517636,lessthan 32768,12
2012-06-01 09:00,3517367,lessthan 48000,89
2012-06-01 10:00,3524394,lessthan 32000,32
2012-06-01 10:00,3517636,lessthan 32768,9
2012-06-01 10:00,3517367,lessthan 48000,318
2012-06-01 11:00,3524394,lessthan 32000,55
2012-06-01 11:00,3517636,lessthan 32768,21
2012-06-01 11:00,3517367,lessthan 48000,315
2012-06-01 12:00,3524394,lessthan 32000,57
2012-06-01 12:00,3517636,lessthan 32768,60
2012-06-01 12:00,3517367,lessthan 48000,235
2012-06-01 13:00,3524394,lessthan 32000,140
2012-06-01 13:00,3517636,lessthan 32768,68
2012-06-01 13:00,3517367,lessthan 48000,191
2012-06-01 14:00,3524394,lessthan 32000,176
2012-06-01 14:00,3517636,lessthan 32768,20
2012-06-01 14:00,3517367,lessthan 48000,292
2012-06-01 15:00,3524394,lessthan 32000,80
2012-06-01 15:00,3517636,lessthan 32768,85
2012-06-01 15:00,3517367,lessthan 48000,147
2012-06-01 16:00,3524394,lessthan 32000,220
2012-06-01 16:00,3517636,lessthan 32768,168
2012-06-01 16:00,3517367,lessthan 48000,440
2012-06-01 17:00,3524394,lessthan 32000,253
2012-06-01 17:00,3517636,lessthan 32768,99
2012-06-01 17:00,3517367,lessthan 48000,240
2012-06-01 18:00,3524394,lessthan 32000,308
2012-06-01 18:00,3517636,lessthan 32768,78
2012-06-01 18:00,3517367,lessthan 48000,263
2012-06-01 19:00,3524394,lessthan 32000,312
2012-06-01 19:00,3517636,lessthan 32768,76
2012-06-01 19:00,3517367,lessthan 48000,203
2012-06-01 20:00,3524394,lessthan 32000,217
2012-06-01 20:00,3517636,lessthan 32768,165
2012-06-01 20:00,3517367,lessthan 48000,172
2012-06-01 21:00,3524394,lessthan 32000,83
2012-06-01 21:00,3517636,lessthan 32768,60
2012-06-01 21:00,3517367,lessthan 48000,122
2012-06-01 22:00,3524394,lessthan 32000,245
2012-06-01 22:00,3517636,lessthan 32768,233
2012-06-01 22:00,3517367,lessthan 48000,220
2012-06-01 23:00,3524394,lessthan 32000,87
2012-06-01 23:00,3517636,lessthan 32768,180
2012-06-01 23:00,3517367,lessthan 48000,116
2012-06-02 00:00,3524394,lessthan 32000,22
2012-06-02 00:00,3517636,lessthan 32768,98
2012-06-02 00:00,3517367,lessthan 48000,246
2012-06-02 01:00,3524394,lessthan 32000,41
2012-06-02 01:00,3517636,lessthan 32768,33
2012-06-02 01:00,3517367,lessthan 48000,307
2012-06-02 02:00,3524394,lessthan 32000,30
2012-06-02 02:00,3517636,lessthan 32768,16
2012-06-02 02:00,3517367,lessthan 48000,167
2012-06-02 03:00,3524394,lessthan 32000,33
2012-06-02 03:00,3517636,lessthan 32768,69
2012-06-02 03:00,3517367,lessthan 48000,258
2012-06-02 04:00,3524394,lessthan 32000,65
2012-06-02 04:00,3517636,lessthan 32768,9
2012-06-02 04:00,3517367,lessthan 48000,82
2012-06-02 05:00,3524394,lessthan 32000,69
2012-06-02 05:00,3517636,lessthan 32768,3
2012-06-02 05:00,3517367,lessthan 48000,16
2012-06-02 06:00,3524394,lessthan 32000,42
2012-06-02 06:00,3517636,lessthan 32768,3
2012-06-02 06:00,3517367,lessthan 48000,52
2012-06-02 07:00,3524394,lessthan 32000,44
2012-06-02 07:00,3517636,lessthan 32768,1
2012-06-02 07:00,3517367,lessthan 48000,14
2012-06-02 08:00,3524394,lessthan 32000,31
2012-06-02 08:00,3517636,lessthan 32768,0
2012-06-02 08:00,3517367,lessthan 48000,18
2012-06-02 09:00,3524394,lessthan 32000,63
2012-06-02 09:00,3517636,lessthan 32768,1
2012-06-02 09:00,3517367,lessthan 48000,77
2012-06-02 10:00,3524394,lessthan 32000,69
2012-06-02 10:00,3517636,lessthan 32768,8
2012-06-02 10:00,3517367,lessthan 48000,47
2012-06-02 11:00,3524394,lessthan 32000,39
2012-06-02 11:00,3517636,lessthan 32768,14
2012-06-02 11:00,3517367,lessthan 48000,51
2012-06-02 12:00,3524394,lessthan 32000,28
2012-06-02 12:00,3517636,lessthan 32768,67
2012-06-02 12:00,3517367,lessthan 48000,3
2012-06-02 13:00,3524394,lessthan 32000,1
2012-06-02 13:00,3517636,lessthan 32768,12
2012-06-02 13:00,3517367,lessthan 48000,5
2012-06-02 14:00,3524394,lessthan 32000,74
2012-06-02 14:00,3517636,lessthan 32768,12
2012-06-02 14:00,3517367,lessthan 48000,4
2012-06-02 15:00,3524394,lessthan 32000,9
2012-06-02 15:00,3517636,lessthan 32768,4
2012-06-02 15:00,3517367,lessthan 48000,5
2012-06-02 16:00,3524394,lessthan 32000,10
2012-06-02 16:00,3517636,lessthan 32768,1
2012-06-02 16:00,3517367,lessthan 48000,10
2012-06-02 17:00,3524394,lessthan 32000,21
2012-06-02 17:00,3517636,lessthan 32768,45
2012-06-02 17:00,3517367,lessthan 48000,13
2012-06-02 18:00,3524394,lessthan 32000,5
2012-06-02 18:00,3517636,lessthan 32768,23
2012-06-02 18:00,3517367,lessthan 48000,10
2012-06-02 19:00,3524394,lessthan 32000,8
2012-06-02 19:00,3517636,lessthan 32768,1
2012-06-02 19:00,3517367,lessthan 48000,24
2012-06-02 20:00,3524394,lessthan 32000,20
2012-06-02 20:00,3517636,lessthan 32768,7
2012-06-02 20:00,3517367,lessthan 48000,4
2012-06-02 21:00,3524394,lessthan 32000,79
2012-06-02 21:00,3517636,lessthan 32768,26
2012-06-02 21:00,3517367,lessthan 48000,7
2012-06-02 22:00,3524394,lessthan 32000,89
2012-06-02 22:00,3517636,lessthan 32768,24
2012-06-02 22:00,3517367,lessthan 48000,0
2012-06-02 23:00,3524394,lessthan 32000,17
2012-06-02 23:00,3517636,lessthan 32768,10
2012-06-02 23:00,3517367,lessthan 48000,2
2012-06-03 00:00,3524394,lessthan 32000,51
2012-06-03 00:00,3517636,lessthan 32768,18
2012-06-03 00:00,3517367,lessthan 48000,5
2012-06-03 01:00,3524394,lessthan 32000,52
2012-06-03 01:00,3517636,lessthan 32768,23
2012-06-03 01:00,3517367,lessthan 48000,64
2012-06-03 02:00,3524394,lessthan 32000,5
2012-06-03 02:00,3517636,lessthan 32768,19
2012-06-03 02:00,3517367,lessthan 48000,254
2012-06-03 03:00,3524394,lessthan 32000,37
2012-06-03 03:00,3517636,lessthan 32768,18
2012-06-03 03:00,3517367,lessthan 48000,72
2012-06-03 04:00,3524394,lessthan 32000,57
2012-06-03 04:00,3517636,lessthan 32768,11
2012-06-03 04:00,3517367,lessthan 48000,215
2012-06-03 05:00,3524394,lessthan 32000,99
2012-06-03 05:00,3517636,lessthan 32768,10
2012-06-03 05:00,3517367,lessthan 48000,200
2012-06-03 06:00,3524394,lessthan 32000,7
2012-06-03 06:00,3517636,lessthan 32768,28
2012-06-03 06:00,3517367,lessthan 48000,172
2012-06-03 07:00,3524394,lessthan 32000,100
2012-06-03 07:00,3517636,lessthan 32768,16
2012-06-03 07:00,3517367,lessthan 48000,77
2012-06-03 08:00,3524394,lessthan 32000,380
2012-06-03 08:00,3517636,lessthan 32768,55
2012-06-03 08:00,3517367,lessthan 48000,21
2012-06-03 09:00,3524394,lessthan 32000,533
2012-06-03 09:00,3517636,lessthan 32768,19
2012-06-03 09:00,3517367,lessthan 48000,12
2012-06-03 10:00,3524394,lessthan 32000,503
2012-06-03 10:00,3517636,lessthan 32768,64
2012-06-03 10:00,3517367,lessthan 48000,12
2012-06-03 11:00,3524394,lessthan 32000,468
2012-06-03 11:00,3517636,lessthan 32768,133
2012-06-03 11:00,3517367,lessthan 48000,31
2012-06-03 12:00,3524394,lessthan 32000,466
2012-06-03 12:00,3517636,lessthan 32768,46
2012-06-03 12:00,3517367,lessthan 48000,56
2012-06-03 13:00,3524394,lessthan 32000,586
2012-06-03 13:00,3517636,lessthan 32768,141
2012-06-03 13:00,3517367,lessthan 48000,79
2012-06-03 14:00,3524394,lessthan 32000,437
2012-06-03 14:00,3517636,lessthan 32768,109
2012-06-03 14:00,3517367,lessthan 48000,130
2012-06-03 15:00,3524394,lessthan 32000,219
2012-06-03 15:00,3517636,lessthan 32768,39
2012-06-03 15:00,3517367,lessthan 48000,68
2012-06-03 16:00,3524394,lessthan 32000,563
2012-06-03 16:00,3517636,lessthan 32768,63
2012-06-03 16:00,3517367,lessthan 48000,133
2012-06-03 17:00,3524394,lessthan 32000,252
2012-06-03 17:00,3517636,lessthan 32768,43
2012-06-03 17:00,3517367,lessthan 48000,57
2012-06-03 18:00,3524394,lessthan 32000,17
2012-06-03 18:00,3517636,lessthan 32768,0
2012-06-03 18:00,3517367,lessthan 48000,0
2012-06-03 19:00,3524394,lessthan 32000,348
2012-06-03 19:00,3517636,lessthan 32768,71
2012-06-03 19:00,3517367,lessthan 48000,315
2012-06-03 20:00,3524394,lessthan 32000,46
2012-06-03 20:00,3517636,lessthan 32768,13
2012-06-03 20:00,3517367,lessthan 48000,23
2012-06-03 21:00,3524394,lessthan 32000,621
2012-06-03 21:00,3517636,lessthan 32768,132
2012-06-03 21:00,3517367,lessthan 48000,290
2012-06-03 22:00,3524394,lessthan 32000,491
2012-06-03 22:00,3517636,lessthan 32768,46
2012-06-03 22:00,3517367,lessthan 48000,197
2012-06-03 23:00,3524394,lessthan 32000,329
2012-06-03 23:00,3517636,lessthan 32768,38
2012-06-03 23:00,3517367,lessthan 48000,115
2012-06-04 00:00,3524394,lessthan 32000,785
2012-06-04 00:00,3517636,lessthan 32768,29
2012-06-04 00:00,3517367,lessthan 48000,269
2012-06-04 01:00,3524394,lessthan 32000,380
2012-06-04 01:00,3517636,lessthan 32768,17
2012-06-04 01:00,3517367,lessthan 48000,101
2012-06-04 02:00,3524394,lessthan 32000,457
2012-06-04 02:00,3517636,lessthan 32768,31
2012-06-04 02:00,3517367,lessthan 48000,56
2012-06-04 03:00,3524394,lessthan 32000,131
2012-06-04 03:00,3517636,lessthan 32768,92
2012-06-04 03:00,3517367,lessthan 48000,129
2012-06-04 04:00,3524394,lessthan 32000,103
2012-06-04 04:00,3517636,lessthan 32768,39
2012-06-04 04:00,3517367,lessthan 48000,275
2012-06-04 05:00,3524394,lessthan 32000,185
2012-06-04 05:00,3517636,lessthan 32768,49
2012-06-04 05:00,3517367,lessthan 48000,228
2012-06-04 06:00,3524394,lessthan 32000,58
2012-06-04 06:00,3517636,lessthan 32768,2
2012-06-04 06:00,3517367,lessthan 48000,221
2012-06-04 07:00,3524394,lessthan 32000,246
2012-06-04 07:00,3517636,lessthan 32768,28
2012-06-04 07:00,3517367,lessthan 48000,10
2012-06-04 08:00,3524394,lessthan 32000,500
2012-06-04 08:00,3517636,lessthan 32768,11
2012-06-04 08:00,3517367,lessthan 48000,3
2012-06-04 09:00,3524394,lessthan 32000,811
2012-06-04 09:00,3517636,lessthan 32768,6
2012-06-04 09:00,3517367,lessthan 48000,2
2012-06-04 10:00,3524394,lessthan 32000,526
2012-06-04 10:00,3517636,lessthan 32768,29
2012-06-04 10:00,3517367,lessthan 48000,0
2012-06-04 11:00,3524394,lessthan 32000,1222
2012-06-04 11:00,3517636,lessthan 32768,24
2012-06-04 11:00,3517367,lessthan 48000,21
2012-06-04 12:00,3524394,lessthan 32000,911
2012-06-04 12:00,3517636,lessthan 32768,7
2012-06-04 12:00,3517367,lessthan 48000,5
2012-06-04 13:00,3524394,lessthan 32000,686
2012-06-04 13:00,3517636,lessthan 32768,18
2012-06-04 13:00,3517367,lessthan 48000,8
2012-06-04 14:00,3524394,lessthan 32000,187
2012-06-04 14:00,3517636,lessthan 32768,48
2012-06-04 14:00,3517367,lessthan 48000,7
2012-06-04 15:00,3524394,lessthan 32000,662
2012-06-04 15:00,3517636,lessthan 32768,55
2012-06-04 15:00,3517367,lessthan 48000,28
2012-06-04 16:00,3524394,lessthan 32000,1071
2012-06-04 16:00,3517636,lessthan 32768,13
2012-06-04 16:00,3517367,lessthan 48000,18
2012-06-04 17:00,3524394,lessthan 32000,274
2012-06-04 17:00,3517636,lessthan 32768,13
2012-06-04 17:00,3517367,lessthan 48000,4
2012-06-04 18:00,3524394,lessthan 32000,288
2012-06-04 18:00,3517636,lessthan 32768,27
2012-06-04 18:00,3517367,lessthan 48000,59
2012-06-04 19:00,3524394,lessthan 32000,477
2012-06-04 19:00,3517636,lessthan 32768,7
2012-06-04 19:00,3517367,lessthan 48000,16
2012-06-04 20:00,3524394,lessthan 32000,572
2012-06-04 20:00,3517636,lessthan 32768,5
2012-06-04 20:00,3517367,lessthan 48000,33
2012-06-04 21:00,3524394,lessthan 32000,756
2012-06-04 21:00,3517636,lessthan 32768,44
2012-06-04 21:00,3517367,lessthan 48000,145
2012-06-04 22:00,3524394,lessthan 32000,733
2012-06-04 22:00,3517636,lessthan 32768,15
2012-06-04 22:00,3517367,lessthan 48000,65
2012-06-04 23:00,3524394,lessthan 32000,570
2012-06-04 23:00,3517636,lessthan 32768,11
2012-06-04 23:00,3517367,lessthan 48000,17
2012-06-05 00:00,3524394,lessthan 32000,85
2012-06-05 00:00,3517636,lessthan 32768,13
2012-06-05 00:00,3517367,lessthan 48000,28
2012-06-05 01:00,3524394,lessthan 32000,550
2012-06-05 01:00,3517636,lessthan 32768,32
2012-06-05 01:00,3517367,lessthan 48000,16
2012-06-05 02:00,3524394,lessthan 32000,250
2012-06-05 02:00,3517636,lessthan 32768,43
2012-06-05 02:00,3517367,lessthan 48000,55
2012-06-05 03:00,3524394,lessthan 32000,222
2012-06-05 03:00,3517636,lessthan 32768,24
2012-06-05 03:00,3517367,lessthan 48000,10
2012-06-05 04:00,3524394,lessthan 32000,674
2012-06-05 04:00,3517636,lessthan 32768,121
2012-06-05 04:00,3517367,lessthan 48000,49
2012-06-05 05:00,3524394,lessthan 32000,463
2012-06-05 05:00,3517636,lessthan 32768,54
2012-06-05 05:00,3517367,lessthan 48000,26
2012-06-05 06:00,3524394,lessthan 32000,843
2012-06-05 06:00,3517636,lessthan 32768,52
2012-06-05 06:00,3517367,lessthan 48000,12
2012-06-05 07:00,3524394,lessthan 32000,1284
2012-06-05 07:00,3517636,lessthan 32768,19
2012-06-05 07:00,3517367,lessthan 48000,8
2012-06-05 08:00,3524394,lessthan 32000,996
2012-06-05 08:00,3517636,lessthan 32768,0
2012-06-05 08:00,3517367,lessthan 48000,11
2012-06-05 09:00,3524394,lessthan 32000,1230
2012-06-05 09:00,3517636,lessthan 32768,1
2012-06-05 09:00,3517367,lessthan 48000,19
2012-06-05 10:00,3524394,lessthan 32000,569
2012-06-05 10:00,3517636,lessthan 32768,0
2012-06-05 10:00,3517367,lessthan 48000,24
2012-06-05 11:00,3524394,lessthan 32000,818
2012-06-05 11:00,3517636,lessthan 32768,30
2012-06-05 11:00,3517367,lessthan 48000,23
2012-06-05 12:00,3524394,lessthan 32000,1138
2012-06-05 12:00,3517636,lessthan 32768,26
2012-06-05 12:00,3517367,lessthan 48000,22
2012-06-05 13:00,3524394,lessthan 32000,363
2012-06-05 13:00,3517636,lessthan 32768,2
2012-06-05 13:00,3517367,lessthan 48000,13
2012-06-05 14:00,3524394,lessthan 32000,662
2012-06-05 14:00,3517636,lessthan 32768,39
2012-06-05 14:00,3517367,lessthan 48000,10
2012-06-05 15:00,3524394,lessthan 32000,537
2012-06-05 15:00,3517636,lessthan 32768,18
2012-06-05 15:00,3517367,lessthan 48000,16
2012-06-05 16:00,3524394,lessthan 32000,518
2012-06-05 16:00,3517636,lessthan 32768,1
2012-06-05 16:00,3517367,lessthan 48000,21
2012-06-05 17:00,3524394,lessthan 32000,514
2012-06-05 17:00,3517636,lessthan 32768,4
2012-06-05 17:00,3517367,lessthan 48000,26
2012-06-05 18:00,3524394,lessthan 32000,890
2012-06-05 18:00,3517636,lessthan 32768,8
2012-06-05 18:00,3517367,lessthan 48000,91
2012-06-05 19:00,3524394,lessthan 32000,975
2012-06-05 19:00,3517636,lessthan 32768,5
2012-06-05 19:00,3517367,lessthan 48000,63
2012-06-05 20:00,3524394,lessthan 32000,30
2012-06-05 20:00,3517636,lessthan 32768,0
2012-06-05 20:00,3517367,lessthan 48000,10
2012-06-05 21:00,3524394,lessthan 32000,71
2012-06-05 21:00,3517636,lessthan 32768,3
2012-06-05 21:00,3517367,lessthan 48000,12
2012-06-05 22:00,3524394,lessthan 32000,660
2012-06-05 22:00,3517636,lessthan 32768,4
2012-06-05 22:00,3517367,lessthan 48000,50
2012-06-05 23:00,3524394,lessthan 32000,401
2012-06-05 23:00,3517636,lessthan 32768,5
2012-06-05 23:00,3517367,lessthan 48000,17
2012-06-06 00:00,3524394,lessthan 32000,16
2012-06-06 00:00,3517636,lessthan 32768,2
2012-06-06 00:00,3517367,lessthan 48000,8
2012-06-06 01:00,3524394,lessthan 32000,4
2012-06-06 01:00,3517636,lessthan 32768,4
2012-06-06 01:00,3517367,lessthan 48000,9
2012-06-06 02:00,3524394,lessthan 32000,3
2012-06-06 02:00,3517636,lessthan 32768,7
2012-06-06 02:00,3517367,lessthan 48000,6
2012-06-06 03:00,3524394,lessthan 32000,2
2012-06-06 03:00,3517636,lessthan 32768,4
2012-06-06 03:00,3517367,lessthan 48000,2
2012-06-06 04:00,3524394,lessthan 32000,2
2012-06-06 04:00,3517636,lessthan 32768,1
2012-06-06 04:00,3517367,lessthan 48000,0
2012-06-06 05:00,3524394,lessthan 32000,5
2012-06-06 05:00,3517636,lessthan 32768,3
2012-06-06 05:00,3517367,lessthan 48000,0
2012-06-06 06:00,3524394,lessthan 32000,7
2012-06-06 06:00,3517636,lessthan 32768,2
2012-06-06 06:00,3517367,lessthan 48000,2
2012-06-06 07:00,3524394,lessthan 32000,7
2012-06-06 07:00,3517636,lessthan 32768,1
2012-06-06 07:00,3517367,lessthan 48000,0
2012-06-06 08:00,3524394,lessthan 32000,6
2012-06-06 08:00,3517636,lessthan 32768,0
2012-06-06 08:00,3517367,lessthan 48000,1
2012-06-06 09:00,3524394,lessthan 32000,4
2012-06-06 09:00,3517636,lessthan 32768,0
2012-06-06 09:00,3517367,lessthan 48000,2
2012-06-06 10:00,3524394,lessthan 32000,3
2012-06-06 10:00,3517636,lessthan 32768,0
2012-06-06 10:00,3517367,lessthan 48000,2
2012-06-06 11:00,3524394,lessthan 32000,2
2012-06-06 11:00,3517636,lessthan 32768,0
2012-06-06 11:00,3517367,lessthan 48000,0
2012-06-06 12:00,3524394,lessthan 32000,6
2012-06-06 12:00,3517636,lessthan 32768,1
2012-06-06 12:00,3517367,lessthan 48000,2
2012-06-06 13:00,3524394,lessthan 32000,2
2012-06-06 13:00,3517636,lessthan 32768,0
2012-06-06 13:00,3517367,lessthan 48000,0
2012-06-06 14:00,3524394,lessthan 32000,24
2012-06-06 14:00,3517636,lessthan 32768,1
2012-06-06 14:00,3517367,lessthan 48000,3
2012-06-06 15:00,3524394,lessthan 32000,84
2012-06-06 15:00,3517636,lessthan 32768,4
2012-06-06 15:00,3517367,lessthan 48000,12
2012-06-06 16:00,3524394,lessthan 32000,120
2012-06-06 16:00,3517636,lessthan 32768,10
2012-06-06 16:00,3517367,lessthan 48000,25
2012-06-06 17:00,3524394,lessthan 32000,310
2012-06-06 17:00,3517636,lessthan 32768,60
2012-06-06 17:00,3517367,lessthan 48000,33
2012-06-06 18:00,3524394,lessthan 32000,333
2012-06-06 18:00,3517636,lessthan 32768,34
2012-06-06 18:00,3517367,lessthan 48000,36
2012-06-06 19:00,3524394,lessthan 32000,13
2012-06-06 19:00,3517636,lessthan 32768,1
2012-06-06 19:00,3517367,lessthan 48000,2
2012-06-06 20:00,3524394,lessthan 32000,828
2012-06-06 20:00,3517636,lessthan 32768,48
2012-06-06 20:00,3517367,lessthan 48000,46
2012-06-06 21:00,3524394,lessthan 32000,256
2012-06-06 21:00,3517636,lessthan 32768,9
2012-06-06 21:00,3517367,lessthan 48000,8
2012-06-06 22:00,3524394,lessthan 32000,337
2012-06-06 22:00,3517636,lessthan 32768,20
2012-06-06 22:00,3517367,lessthan 48000,27
2012-06-06 23:00,3524394,lessthan 32000,181
2012-06-06 23:00,3517636,lessthan 32768,19
2012-06-06 23:00,3517367,lessthan 48000,34
2012-06-07 00:00,3524394,lessthan 32000,336
2012-06-07 00:00,3517636,lessthan 32768,16
2012-06-07 00:00,3517367,lessthan 48000,18
2012-06-07 01:00,3524394,lessthan 32000,404
2012-06-07 01:00,3517636,lessthan 32768,18
2012-06-07 01:00,3517367,lessthan 48000,38
2012-06-07 02:00,3524394,lessthan 32000,71
2012-06-07 02:00,3517636,lessthan 32768,7
2012-06-07 02:00,3517367,lessthan 48000,17
2012-06-07 03:00,3524394,lessthan 32000,1040
2012-06-07 03:00,3517636,lessthan 32768,43
2012-06-07 03:00,3517367,lessthan 48000,52
2012-06-07 04:00,3524394,lessthan 32000,158
2012-06-07 04:00,3517636,lessthan 32768,39
2012-06-07 04:00,3517367,lessthan 48000,18
2012-06-07 05:00,3524394,lessthan 32000,385
2012-06-07 05:00,3517636,lessthan 32768,76
2012-06-07 05:00,3517367,lessthan 48000,27
2012-06-07 06:00,3524394,lessthan 32000,273
2012-06-07 06:00,3517636,lessthan 32768,30
2012-06-07 06:00,3517367,lessthan 48000,5
2012-06-07 07:00,3524394,lessthan 32000,0
2012-06-07 07:00,3517636,lessthan 32768,0
2012-06-07 07:00,3517367,lessthan 48000,0
2012-06-07 08:00,3524394,lessthan 32000,400
2012-06-07 08:00,3517636,lessthan 32768,21
2012-06-07 08:00,3517367,lessthan 48000,23
2012-06-07 09:00,3524394,lessthan 32000,613
2012-06-07 09:00,3517636,lessthan 32768,1
2012-06-07 09:00,3517367,lessthan 48000,9
2012-06-07 10:00,3524394,lessthan 32000,632
2012-06-07 10:00,3517636,lessthan 32768,0
2012-06-07 10:00,3517367,lessthan 48000,38
2012-06-07 11:00,3524394,lessthan 32000,546
2012-06-07 11:00,3517636,lessthan 32768,20
2012-06-07 11:00,3517367,lessthan 48000,14
2012-06-07 12:00,3524394,lessthan 32000,301
2012-06-07 12:00,3517636,lessthan 32768,4
2012-06-07 12:00,3517367,lessthan 48000,28
2012-06-07 13:00,3524394,lessthan 32000,209
2012-06-07 13:00,3517636,lessthan 32768,3
2012-06-07 13:00,3517367,lessthan 48000,2
2012-06-07 14:00,3524394,lessthan 32000,529
2012-06-07 14:00,3517636,lessthan 32768,21
2012-06-07 14:00,3517367,lessthan 48000,4
2012-06-07 15:00,3524394,lessthan 32000,379
2012-06-07 15:00,3517636,lessthan 32768,7
2012-06-07 15:00,3517367,lessthan 48000,5
2012-06-07 16:00,3524394,lessthan 32000,463
2012-06-07 16:00,3517636,lessthan 32768,4
2012-06-07 16:00,3517367,lessthan 48000,16
2012-06-07 17:00,3524394,lessthan 32000,253
2012-06-07 17:00,3517636,lessthan 32768,3
2012-06-07 17:00,3517367,lessthan 48000,2
2012-06-07 18:00,3524394,lessthan 32000,242
2012-06-07 18:00,3517636,lessthan 32768,8
2012-06-07 18:00,3517367,lessthan 48000,15
2012-06-07 19:00,3524394,lessthan 32000,603
2012-06-07 19:00,3517636,lessthan 32768,7
2012-06-07 19:00,3517367,lessthan 48000,11
2012-06-07 20:00,3524394,lessthan 32000,462
2012-06-07 20:00,3517636,lessthan 32768,10
2012-06-07 20:00,3517367,lessthan 48000,13
2012-06-07 21:00,3524394,lessthan 32000,680
2012-06-07 21:00,3517636,lessthan 32768,75
2012-06-07 21:00,3517367,lessthan 48000,13
2012-06-07 22:00,3524394,lessthan 32000,359
2012-06-07 22:00,3517636,lessthan 32768,37
2012-06-07 22:00,3517367,lessthan 48000,28
2012-06-07 23:00,3524394,lessthan 32000,832
2012-06-07 23:00,3517636,lessthan 32768,137
2012-06-07 23:00,3517367,lessthan 48000,24
2012-06-08 00:00,3524394,lessthan 32000,508
2012-06-08 00:00,3517636,lessthan 32768,46
2012-06-08 00:00,3517367,lessthan 48000,25
2012-06-08 01:00,3524394,lessthan 32000,344
2012-06-08 01:00,3517636,lessthan 32768,50
2012-06-08 01:00,3517367,lessthan 48000,15
2012-06-08 02:00,3524394,lessthan 32000,49
2012-06-08 02:00,3517636,lessthan 32768,16
2012-06-08 02:00,3517367,lessthan 48000,14
2012-06-08 03:00,3524394,lessthan 32000,577
2012-06-08 03:00,3517636,lessthan 32768,166
2012-06-08 03:00,3517367,lessthan 48000,28
2012-06-08 04:00,3524394,lessthan 32000,212
2012-06-08 04:00,3517636,lessthan 32768,67
2012-06-08 04:00,3517367,lessthan 48000,14
2012-06-08 05:00,3524394,lessthan 32000,97
2012-06-08 05:00,3517636,lessthan 32768,12
2012-06-08 05:00,3517367,lessthan 48000,16
2012-06-08 06:00,3524394,lessthan 32000,227
2012-06-08 06:00,3517636,lessthan 32768,1
2012-06-08 06:00,3517367,lessthan 48000,28
2012-06-08 07:00,3524394,lessthan 32000,170
2012-06-08 07:00,3517636,lessthan 32768,33
2012-06-08 07:00,3517367,lessthan 48000,14
2012-06-08 08:00,3524394,lessthan 32000,505
2012-06-08 08:00,3517636,lessthan 32768,88
2012-06-08 08:00,3517367,lessthan 48000,5
2012-06-08 09:00,3524394,lessthan 32000,153
2012-06-08 09:00,3517636,lessthan 32768,42
2012-06-08 09:00,3517367,lessthan 48000,0
2012-06-08 10:00,3524394,lessthan 32000,238
2012-06-08 10:00,3517636,lessthan 32768,37
2012-06-08 10:00,3517367,lessthan 48000,3
2012-06-08 11:00,3524394,lessthan 32000,90
2012-06-08 11:00,3517636,lessthan 32768,13
2012-06-08 11:00,3517367,lessthan 48000,5
2012-06-08 12:00,3524394,lessthan 32000,34
2012-06-08 12:00,3517636,lessthan 32768,5
2012-06-08 12:00,3517367,lessthan 48000,6
2012-06-08 13:00,3524394,lessthan 32000,105
2012-06-08 13:00,3517636,lessthan 32768,7
2012-06-08 13:00,3517367,lessthan 48000,9
2012-06-08 14:00,3524394,lessthan 32000,8
2012-06-08 14:00,3517636,lessthan 32768,0
2012-06-08 14:00,3517367,lessthan 48000,2
2012-06-08 15:00,3524394,lessthan 32000,13
2012-06-08 15:00,3517636,lessthan 32768,1
2012-06-08 15:00,3517367,lessthan 48000,6
2012-06-08 16:00,3524394,lessthan 32000,475
2012-06-08 16:00,3517636,lessthan 32768,27
2012-06-08 16:00,3517367,lessthan 48000,47
2012-06-08 17:00,3524394,lessthan 32000,231
2012-06-08 17:00,3517636,lessthan 32768,17
2012-06-08 17:00,3517367,lessthan 48000,26
2012-06-08 18:00,3524394,lessthan 32000,177
2012-06-08 18:00,3517636,lessthan 32768,14
2012-06-08 18:00,3517367,lessthan 48000,19
2012-06-08 19:00,3524394,lessthan 32000,64
2012-06-08 19:00,3517636,lessthan 32768,25
2012-06-08 19:00,3517367,lessthan 48000,20
2012-06-08 20:00,3524394,lessthan 32000,125
2012-06-08 20:00,3517636,lessthan 32768,30
2012-06-08 20:00,3517367,lessthan 48000,18
2012-06-08 21:00,3524394,lessthan 32000,438
2012-06-08 21:00,3517636,lessthan 32768,79
2012-06-08 21:00,3517367,lessthan 48000,33
2012-06-08 22:00,3524394,lessthan 32000,448
2012-06-08 22:00,3517636,lessthan 32768,42
2012-06-08 22:00,3517367,lessthan 48000,23
2012-06-08 23:00,3524394,lessthan 32000,411
2012-06-08 23:00,3517636,lessthan 32768,17
2012-06-08 23:00,3517367,lessthan 48000,26
2012-06-09 00:00,3524394,lessthan 32000,653
2012-06-09 00:00,3517636,lessthan 32768,67
2012-06-09 00:00,3517367,lessthan 48000,51
2012-06-09 01:00,3524394,lessthan 32000,37
2012-06-09 01:00,3517636,lessthan 32768,7
2012-06-09 01:00,3517367,lessthan 48000,20
2012-06-09 02:00,3524394,lessthan 32000,15
2012-06-09 02:00,3517636,lessthan 32768,1
2012-06-09 02:00,3517367,lessthan 48000,3
2012-06-09 03:00,3524394,lessthan 32000,23
2012-06-09 03:00,3517636,lessthan 32768,3
2012-06-09 03:00,3517367,lessthan 48000,4
2012-06-09 04:00,3524394,lessthan 32000,26
2012-06-09 04:00,3517636,lessthan 32768,32
2012-06-09 04:00,3517367,lessthan 48000,9
2012-06-09 05:00,3524394,lessthan 32000,719
2012-06-09 05:00,3517636,lessthan 32768,66
2012-06-09 05:00,3517367,lessthan 48000,41
2012-06-09 06:00,3524394,lessthan 32000,749
2012-06-09 06:00,3517636,lessthan 32768,43
2012-06-09 06:00,3517367,lessthan 48000,72
2012-06-09 07:00,3524394,lessthan 32000,218
2012-06-09 07:00,3517636,lessthan 32768,75
2012-06-09 07:00,3517367,lessthan 48000,39
2012-06-09 08:00,3524394,lessthan 32000,435
2012-06-09 08:00,3517636,lessthan 32768,21
2012-06-09 08:00,3517367,lessthan 48000,48
2012-06-09 09:00,3524394,lessthan 32000,409
2012-06-09 09:00,3517636,lessthan 32768,10
2012-06-09 09:00,3517367,lessthan 48000,33
2012-06-09 10:00,3524394,lessthan 32000,332
2012-06-09 10:00,3517636,lessthan 32768,16
2012-06-09 10:00,3517367,lessthan 48000,35
2012-06-09 11:00,3524394,lessthan 32000,389
2012-06-09 11:00,3517636,lessthan 32768,0
2012-06-09 11:00,3517367,lessthan 48000,23
2012-06-09 12:00,3524394,lessthan 32000,465
2012-06-09 12:00,3517636,lessthan 32768,7
2012-06-09 12:00,3517367,lessthan 48000,26
2012-06-09 13:00,3524394,lessthan 32000,605
2012-06-09 13:00,3517636,lessthan 32768,42
2012-06-09 13:00,3517367,lessthan 48000,18
2012-06-09 14:00,3524394,lessthan 32000,72
2012-06-09 14:00,3517636,lessthan 32768,4
2012-06-09 14:00,3517367,lessthan 48000,2
2012-06-09 15:00,3524394,lessthan 32000,688
2012-06-09 15:00,3517636,lessthan 32768,65
2012-06-09 15:00,3517367,lessthan 48000,58
2012-06-09 16:00,3524394,lessthan 32000,261
2012-06-09 16:00,3517636,lessthan 32768,54
2012-06-09 16:00,3517367,lessthan 48000,35
2012-06-09 17:00,3524394,lessthan 32000,452
2012-06-09 17:00,3517636,lessthan 32768,88
2012-06-09 17:00,3517367,lessthan 48000,66
2012-06-09 18:00,3524394,lessthan 32000,301
2012-06-09 18:00,3517636,lessthan 32768,33
2012-06-09 18:00,3517367,lessthan 48000,73
2012-06-09 19:00,3524394,lessthan 32000,301
2012-06-09 19:00,3517636,lessthan 32768,8
2012-06-09 19:00,3517367,lessthan 48000,63
2012-06-09 20:00,3524394,lessthan 32000,436
2012-06-09 20:00,3517636,lessthan 32768,15
2012-06-09 20:00,3517367,lessthan 48000,53
2012-06-09 21:00,3524394,lessthan 32000,408
2012-06-09 21:00,3517636,lessthan 32768,12
2012-06-09 21:00,3517367,lessthan 48000,65
2012-06-09 22:00,3524394,lessthan 32000,284
2012-06-09 22:00,3517636,lessthan 32768,42
2012-06-09 22:00,3517367,lessthan 48000,109
2012-06-09 23:00,3524394,lessthan 32000,437
2012-06-09 23:00,3517636,lessthan 32768,21
2012-06-09 23:00,3517367,lessthan 48000,84
2012-06-10 00:00,3524394,lessthan 32000,347
2012-06-10 00:00,3517636,lessthan 32768,9
2012-06-10 00:00,3517367,lessthan 48000,44
2012-06-10 01:00,3524394,lessthan 32000,544
2012-06-10 01:00,3517636,lessthan 32768,18
2012-06-10 01:00,3517367,lessthan 48000,111
2012-06-10 02:00,3524394,lessthan 32000,513
2012-06-10 02:00,3517636,lessthan 32768,17
2012-06-10 02:00,3517367,lessthan 48000,60
2012-06-10 03:00,3524394,lessthan 32000,167
2012-06-10 03:00,3517636,lessthan 32768,9
2012-06-10 03:00,3517367,lessthan 48000,13
2012-06-10 04:00,3524394,lessthan 32000,577
2012-06-10 04:00,3517636,lessthan 32768,34
2012-06-10 04:00,3517367,lessthan 48000,40
2012-06-10 05:00,3524394,lessthan 32000,414
2012-06-10 05:00,3517636,lessthan 32768,11
2012-06-10 05:00,3517367,lessthan 48000,16
2012-06-10 06:00,3524394,lessthan 32000,677
2012-06-10 06:00,3517636,lessthan 32768,25
2012-06-10 06:00,3517367,lessthan 48000,16
2012-06-10 07:00,3524394,lessthan 32000,791
2012-06-10 07:00,3517636,lessthan 32768,11
2012-06-10 07:00,3517367,lessthan 48000,7
2012-06-10 08:00,3524394,lessthan 32000,871
2012-06-10 08:00,3517636,lessthan 32768,10
2012-06-10 08:00,3517367,lessthan 48000,6
2012-06-10 09:00,3524394,lessthan 32000,960
2012-06-10 09:00,3517636,lessthan 32768,46
2012-06-10 09:00,3517367,lessthan 48000,5
2012-06-10 10:00,3524394,lessthan 32000,735
2012-06-10 10:00,3517636,lessthan 32768,3
2012-06-10 10:00,3517367,lessthan 48000,8
2012-06-10 11:00,3524394,lessthan 32000,592
2012-06-10 11:00,3517636,lessthan 32768,6
2012-06-10 11:00,3517367,lessthan 48000,11
2012-06-10 12:00,3524394,lessthan 32000,139
2012-06-10 12:00,3517636,lessthan 32768,11
2012-06-10 12:00,3517367,lessthan 48000,15
2012-06-10 13:00,3524394,lessthan 32000,521
2012-06-10 13:00,3517636,lessthan 32768,22
2012-06-10 13:00,3517367,lessthan 48000,49
2012-06-10 14:00,3524394,lessthan 32000,177
2012-06-10 14:00,3517636,lessthan 32768,17
2012-06-10 14:00,3517367,lessthan 48000,15
2012-06-10 15:00,3524394,lessthan 32000,494
2012-06-10 15:00,3517636,lessthan 32768,28
2012-06-10 15:00,3517367,lessthan 48000,50
2012-06-10 16:00,3524394,lessthan 32000,344
2012-06-10 16:00,3517636,lessthan 32768,56
2012-06-10 16:00,3517367,lessthan 48000,52
2012-06-10 17:00,3524394,lessthan 32000,467
2012-06-10 17:00,3517636,lessthan 32768,10
2012-06-10 17:00,3517367,lessthan 48000,47
2012-06-10 18:00,3524394,lessthan 32000,291
2012-06-10 18:00,3517636,lessthan 32768,30
2012-06-10 18:00,3517367,lessthan 48000,37
2012-06-10 19:00,3524394,lessthan 32000,623
2012-06-10 19:00,3517636,lessthan 32768,23
2012-06-10 19:00,3517367,lessthan 48000,23
2012-06-10 20:00,3524394,lessthan 32000,415
2012-06-10 20:00,3517636,lessthan 32768,36
2012-06-10 20:00,3517367,lessthan 48000,24
2012-06-10 21:00,3524394,lessthan 32000,376
2012-06-10 21:00,3517636,lessthan 32768,46
2012-06-10 21:00,3517367,lessthan 48000,58
2012-06-10 22:00,3524394,lessthan 32000,281
2012-06-10 22:00,3517636,lessthan 32768,37
2012-06-10 22:00,3517367,lessthan 48000,30
2012-06-10 23:00,3524394,lessthan 32000,580
2012-06-10 23:00,3517636,lessthan 32768,37
2012-06-10 23:00,3517367,lessthan 48000,72
2012-06-11 00:00,3524394,lessthan 32000,424
2012-06-11 00:00,3517636,lessthan 32768,30
2012-06-11 00:00,3517367,lessthan 48000,63
2012-06-11 01:00,3524394,lessthan 32000,541
2012-06-11 01:00,3517636,lessthan 32768,29
2012-06-11 01:00,3517367,lessthan 48000,104
2012-06-11 02:00,3524394,lessthan 32000,389
2012-06-11 02:00,3517636,lessthan 32768,7
2012-06-11 02:00,3517367,lessthan 48000,37
2012-06-11 03:00,3524394,lessthan 32000,683
2012-06-11 03:00,3517636,lessthan 32768,11
2012-06-11 03:00,3517367,lessthan 48000,54
2012-06-11 04:00,3524394,lessthan 32000,492
2012-06-11 04:00,3517636,lessthan 32768,8
2012-06-11 04:00,3517367,lessthan 48000,51
2012-06-11 05:00,3524394,lessthan 32000,223
2012-06-11 05:00,3517636,lessthan 32768,29
2012-06-11 05:00,3517367,lessthan 48000,27
2012-06-11 06:00,3524394,lessthan 32000,157
2012-06-11 06:00,3517636,lessthan 32768,19
2012-06-11 06:00,3517367,lessthan 48000,63
2012-06-11 07:00,3524394,lessthan 32000,375
2012-06-11 07:00,3517636,lessthan 32768,13
2012-06-11 07:00,3517367,lessthan 48000,77
2012-06-11 08:00,3524394,lessthan 32000,74
2012-06-11 08:00,3517636,lessthan 32768,1
2012-06-11 08:00,3517367,lessthan 48000,13
2012-06-11 09:00,3524394,lessthan 32000,389
2012-06-11 09:00,3517636,lessthan 32768,9
2012-06-11 09:00,3517367,lessthan 48000,36
2012-06-11 10:00,3524394,lessthan 32000,687
2012-06-11 10:00,3517636,lessthan 32768,8
2012-06-11 10:00,3517367,lessthan 48000,19
2012-06-11 11:00,3524394,lessthan 32000,343
2012-06-11 11:00,3517636,lessthan 32768,21
2012-06-11 11:00,3517367,lessthan 48000,14
2012-06-11 12:00,3524394,lessthan 32000,558
2012-06-11 12:00,3517636,lessthan 32768,33
2012-06-11 12:00,3517367,lessthan 48000,28
2012-06-11 13:00,3524394,lessthan 32000,421
2012-06-11 13:00,3517636,lessthan 32768,14
2012-06-11 13:00,3517367,lessthan 48000,44
2012-06-11 14:00,3524394,lessthan 32000,420
2012-06-11 14:00,3517636,lessthan 32768,10
2012-06-11 14:00,3517367,lessthan 48000,51
2012-06-11 15:00,3524394,lessthan 32000,409
2012-06-11 15:00,3517636,lessthan 32768,15
2012-06-11 15:00,3517367,lessthan 48000,33
2012-06-11 16:00,3524394,lessthan 32000,259
2012-06-11 16:00,3517636,lessthan 32768,52
2012-06-11 16:00,3517367,lessthan 48000,31
2012-06-11 17:00,3524394,lessthan 32000,405
2012-06-11 17:00,3517636,lessthan 32768,49
2012-06-11 17:00,3517367,lessthan 48000,41
2012-06-11 18:00,3524394,lessthan 32000,368
2012-06-11 18:00,3517636,lessthan 32768,39
2012-06-11 18:00,3517367,lessthan 48000,40
2012-06-11 19:00,3524394,lessthan 32000,287
2012-06-11 19:00,3517636,lessthan 32768,28
2012-06-11 19:00,3517367,lessthan 48000,15
2012-06-11 20:00,3524394,lessthan 32000,224
2012-06-11 20:00,3517636,lessthan 32768,30
2012-06-11 20:00,3517367,lessthan 48000,29
2012-06-11 21:00,3524394,lessthan 32000,42
2012-06-11 21:00,3517636,lessthan 32768,8
2012-06-11 21:00,3517367,lessthan 48000,10
2012-06-11 22:00,3524394,lessthan 32000,286
2012-06-11 22:00,3517636,lessthan 32768,24
2012-06-11 22:00,3517367,lessthan 48000,40
2012-06-11 23:00,3524394,lessthan 32000,304
2012-06-11 23:00,3517636,lessthan 32768,13
2012-06-11 23:00,3517367,lessthan 48000,18
2012-06-12 00:00,3524394,lessthan 32000,241
2012-06-12 00:00,3517636,lessthan 32768,15
2012-06-12 00:00,3517367,lessthan 48000,26
2012-06-12 01:00,3524394,lessthan 32000,17
2012-06-12 01:00,3517636,lessthan 32768,2
2012-06-12 01:00,3517367,lessthan 48000,7
2012-06-12 02:00,3524394,lessthan 32000,51
2012-06-12 02:00,3517636,lessthan 32768,9
2012-06-12 02:00,3517367,lessthan 48000,3
2012-06-12 03:00,3524394,lessthan 32000,136
2012-06-12 03:00,3517636,lessthan 32768,8
2012-06-12 03:00,3517367,lessthan 48000,6
2012-06-12 04:00,3524394,lessthan 32000,39
2012-06-12 04:00,3517636,lessthan 32768,2
2012-06-12 04:00,3517367,lessthan 48000,4
2012-06-12 05:00,3524394,lessthan 32000,43
2012-06-12 05:00,3517636,lessthan 32768,11
2012-06-12 05:00,3517367,lessthan 48000,5
2012-06-12 06:00,3524394,lessthan 32000,29
2012-06-12 06:00,3517636,lessthan 32768,2
2012-06-12 06:00,3517367,lessthan 48000,7
2012-06-12 07:00,3524394,lessthan 32000,26
2012-06-12 07:00,3517636,lessthan 32768,4
2012-06-12 07:00,3517367,lessthan 48000,1
2012-06-12 08:00,3524394,lessthan 32000,12
2012-06-12 08:00,3517636,lessthan 32768,1
2012-06-12 08:00,3517367,lessthan 48000,7
2012-06-12 09:00,3524394,lessthan 32000,30
2012-06-12 09:00,3517636,lessthan 32768,2
2012-06-12 09:00,3517367,lessthan 48000,2
2012-06-12 10:00,3524394,lessthan 32000,51
2012-06-12 10:00,3517636,lessthan 32768,4
2012-06-12 10:00,3517367,lessthan 48000,2
2012-06-12 11:00,3524394,lessthan 32000,42
2012-06-12 11:00,3517636,lessthan 32768,8
2012-06-12 11:00,3517367,lessthan 48000,5
2012-06-12 12:00,3524394,lessthan 32000,37
2012-06-12 12:00,3517636,lessthan 32768,4
2012-06-12 12:00,3517367,lessthan 48000,4
2012-06-12 13:00,3524394,lessthan 32000,30
2012-06-12 13:00,3517636,lessthan 32768,2
2012-06-12 13:00,3517367,lessthan 48000,3
2012-06-12 14:00,3524394,lessthan 32000,25
2012-06-12 14:00,3517636,lessthan 32768,4
2012-06-12 14:00,3517367,lessthan 48000,4
2012-06-12 15:00,3524394,lessthan 32000,33
2012-06-12 15:00,3517636,lessthan 32768,4
2012-06-12 15:00,3517367,lessthan 48000,4
2012-06-12 16:00,3524394,lessthan 32000,16
2012-06-12 16:00,3517636,lessthan 32768,8
2012-06-12 16:00,3517367,lessthan 48000,6
2012-06-12 17:00,3524394,lessthan 32000,26
2012-06-12 17:00,3517636,lessthan 32768,7
2012-06-12 17:00,3517367,lessthan 48000,7
2012-06-12 18:00,3524394,lessthan 32000,6
2012-06-12 18:00,3517636,lessthan 32768,3
2012-06-12 18:00,3517367,lessthan 48000,3
2012-06-12 19:00,3524394,lessthan 32000,16
2012-06-12 19:00,3517636,lessthan 32768,1
2012-06-12 19:00,3517367,lessthan 48000,8
2012-06-12 20:00,3524394,lessthan 32000,16
2012-06-12 20:00,3517636,lessthan 32768,4
2012-06-12 20:00,3517367,lessthan 48000,3
2012-06-12 21:00,3524394,lessthan 32000,24
2012-06-12 21:00,3517636,lessthan 32768,3
2012-06-12 21:00,3517367,lessthan 48000,8
2012-06-12 22:00,3524394,lessthan 32000,33
2012-06-12 22:00,3517636,lessthan 32768,5
2012-06-12 22:00,3517367,lessthan 48000,3
2012-06-12 23:00,3524394,lessthan 32000,48
2012-06-12 23:00,3517636,lessthan 32768,2
2012-06-12 23:00,3517367,lessthan 48000,12
2012-06-13 00:00,3524394,lessthan 32000,888
2012-06-13 00:00,3517636,lessthan 32768,25
2012-06-13 00:00,3517367,lessthan 48000,25
2012-06-13 01:00,3524394,lessthan 32000,1430
2012-06-13 01:00,3517636,lessthan 32768,62
2012-06-13 01:00,3517367,lessthan 48000,47
2012-06-13 02:00,3524394,lessthan 32000,1068
2012-06-13 02:00,3517636,lessthan 32768,49
2012-06-13 02:00,3517367,lessthan 48000,28
2012-06-13 03:00,3524394,lessthan 32000,1588
2012-06-13 03:00,3517636,lessthan 32768,34
2012-06-13 03:00,3517367,lessthan 48000,24
2012-06-13 04:00,3524394,lessthan 32000,334
2012-06-13 04:00,3517636,lessthan 32768,9
2012-06-13 04:00,3517367,lessthan 48000,5
2012-06-13 05:00,3524394,lessthan 32000,1292
2012-06-13 05:00,3517636,lessthan 32768,34
2012-06-13 05:00,3517367,lessthan 48000,11
2012-06-13 06:00,3524394,lessthan 32000,820
2012-06-13 06:00,3517636,lessthan 32768,11
2012-06-13 06:00,3517367,lessthan 48000,14
2012-06-13 07:00,3524394,lessthan 32000,1665
2012-06-13 07:00,3517636,lessthan 32768,16
2012-06-13 07:00,3517367,lessthan 48000,11
2012-06-13 08:00,3524394,lessthan 32000,552
2012-06-13 08:00,3517636,lessthan 32768,5
2012-06-13 08:00,3517367,lessthan 48000,3
2012-06-13 09:00,3524394,lessthan 32000,984
2012-06-13 09:00,3517636,lessthan 32768,44
2012-06-13 09:00,3517367,lessthan 48000,29
2012-06-13 10:00,3524394,lessthan 32000,917
2012-06-13 10:00,3517636,lessthan 32768,28
2012-06-13 10:00,3517367,lessthan 48000,33
2012-06-13 11:00,3524394,lessthan 32000,1064
2012-06-13 11:00,3517636,lessthan 32768,40
2012-06-13 11:00,3517367,lessthan 48000,52
2012-06-13 12:00,3524394,lessthan 32000,1334
2012-06-13 12:00,3517636,lessthan 32768,18
2012-06-13 12:00,3517367,lessthan 48000,36
2012-06-13 13:00,3524394,lessthan 32000,1142
2012-06-13 13:00,3517636,lessthan 32768,18
2012-06-13 13:00,3517367,lessthan 48000,5
2012-06-13 14:00,3524394,lessthan 32000,694
2012-06-13 14:00,3517636,lessthan 32768,36
2012-06-13 14:00,3517367,lessthan 48000,11
2012-06-13 15:00,3524394,lessthan 32000,737
2012-06-13 15:00,3517636,lessthan 32768,10
2012-06-13 15:00,3517367,lessthan 48000,17
2012-06-13 16:00,3524394,lessthan 32000,252
2012-06-13 16:00,3517636,lessthan 32768,4
2012-06-13 16:00,3517367,lessthan 48000,12
2012-06-13 17:00,3524394,lessthan 32000,206
2012-06-13 17:00,3517636,lessthan 32768,9
2012-06-13 17:00,3517367,lessthan 48000,23
2012-06-13 18:00,3524394,lessthan 32000,294
2012-06-13 18:00,3517636,lessthan 32768,17
2012-06-13 18:00,3517367,lessthan 48000,30
2012-06-13 19:00,3524394,lessthan 32000,659
2012-06-13 19:00,3517636,lessthan 32768,23
2012-06-13 19:00,3517367,lessthan 48000,18
2012-06-13 20:00,3524394,lessthan 32000,546
2012-06-13 20:00,3517636,lessthan 32768,60
2012-06-13 20:00,3517367,lessthan 48000,2
2012-06-13 21:00,3524394,lessthan 32000,549
2012-06-13 21:00,3517636,lessthan 32768,24
2012-06-13 21:00,3517367,lessthan 48000,10
2012-06-13 22:00,3524394,lessthan 32000,190
2012-06-13 22:00,3517636,lessthan 32768,43
2012-06-13 22:00,3517367,lessthan 48000,15
2012-06-13 23:00,3524394,lessthan 32000,982
2012-06-13 23:00,3517636,lessthan 32768,63
2012-06-13 23:00,3517367,lessthan 48000,19
2012-06-14 00:00,3524394,lessthan 32000,814
2012-06-14 00:00,3517636,lessthan 32768,54
2012-06-14 00:00,3517367,lessthan 48000,24
2012-06-14 01:00,3524394,lessthan 32000,794
2012-06-14 01:00,3517636,lessthan 32768,56
2012-06-14 01:00,3517367,lessthan 48000,24
2012-06-14 02:00,3524394,lessthan 32000,1377
2012-06-14 02:00,3517636,lessthan 32768,67
2012-06-14 02:00,3517367,lessthan 48000,12
2012-06-14 03:00,3524394,lessthan 32000,233
2012-06-14 03:00,3517636,lessthan 32768,10
2012-06-14 03:00,3517367,lessthan 48000,7
2012-06-14 04:00,3524394,lessthan 32000,473
2012-06-14 04:00,3517636,lessthan 32768,22
2012-06-14 04:00,3517367,lessthan 48000,4
2012-06-14 05:00,3524394,lessthan 32000,915
2012-06-14 05:00,3517636,lessthan 32768,65
2012-06-14 05:00,3517367,lessthan 48000,23
2012-06-14 06:00,3524394,lessthan 32000,714
2012-06-14 06:00,3517636,lessthan 32768,20
2012-06-14 06:00,3517367,lessthan 48000,12
2012-06-14 07:00,3524394,lessthan 32000,355
2012-06-14 07:00,3517636,lessthan 32768,16
2012-06-14 07:00,3517367,lessthan 48000,6
2012-06-14 08:00,3524394,lessthan 32000,1517
2012-06-14 08:00,3517636,lessthan 32768,41
2012-06-14 08:00,3517367,lessthan 48000,19
2012-06-14 09:00,3524394,lessthan 32000,728
2012-06-14 09:00,3517636,lessthan 32768,13
2012-06-14 09:00,3517367,lessthan 48000,5
2012-06-14 10:00,3524394,lessthan 32000,1144
2012-06-14 10:00,3517636,lessthan 32768,52
2012-06-14 10:00,3517367,lessthan 48000,16
2012-06-14 11:00,3524394,lessthan 32000,738
2012-06-14 11:00,3517636,lessthan 32768,60
2012-06-14 11:00,3517367,lessthan 48000,47
2012-06-14 12:00,3524394,lessthan 32000,499
2012-06-14 12:00,3517636,lessthan 32768,60
2012-06-14 12:00,3517367,lessthan 48000,2
2012-06-14 13:00,3524394,lessthan 32000,869
2012-06-14 13:00,3517636,lessthan 32768,67
2012-06-14 13:00,3517367,lessthan 48000,20
2012-06-14 14:00,3524394,lessthan 32000,561
2012-06-14 14:00,3517636,lessthan 32768,46
2012-06-14 14:00,3517367,lessthan 48000,7
2012-06-14 15:00,3524394,lessthan 32000,140
2012-06-14 15:00,3517636,lessthan 32768,42
2012-06-14 15:00,3517367,lessthan 48000,2
2012-06-14 16:00,3524394,lessthan 32000,652
2012-06-14 16:00,3517636,lessthan 32768,122
2012-06-14 16:00,3517367,lessthan 48000,37
2012-06-14 17:00,3524394,lessthan 32000,212
2012-06-14 17:00,3517636,lessthan 32768,86
2012-06-14 17:00,3517367,lessthan 48000,14
2012-06-14 18:00,3524394,lessthan 32000,578
2012-06-14 18:00,3517636,lessthan 32768,92
2012-06-14 18:00,3517367,lessthan 48000,88
2012-06-14 19:00,3524394,lessthan 32000,587
2012-06-14 19:00,3517636,lessthan 32768,143
2012-06-14 19:00,3517367,lessthan 48000,14
2012-06-14 20:00,3524394,lessthan 32000,526
2012-06-14 20:00,3517636,lessthan 32768,114
2012-06-14 20:00,3517367,lessthan 48000,3
2012-06-14 21:00,3524394,lessthan 32000,506
2012-06-14 21:00,3517636,lessthan 32768,64
2012-06-14 21:00,3517367,lessthan 48000,5
2012-06-14 22:00,3524394,lessthan 32000,1155
2012-06-14 22:00,3517636,lessthan 32768,49
2012-06-14 22:00,3517367,lessthan 48000,18
2012-06-14 23:00,3524394,lessthan 32000,795
2012-06-14 23:00,3517636,lessthan 32768,47
2012-06-14 23:00,3517367,lessthan 48000,12
2012-06-15 00:00,3524394,lessthan 32000,1318
2012-06-15 00:00,3517636,lessthan 32768,131
2012-06-15 00:00,3517367,lessthan 48000,19
2012-06-15 01:00,3524394,lessthan 32000,624
2012-06-15 01:00,3517636,lessthan 32768,65
2012-06-15 01:00,3517367,lessthan 48000,6
2012-06-15 02:00,3524394,lessthan 32000,524
2012-06-15 02:00,3517636,lessthan 32768,71
2012-06-15 02:00,3517367,lessthan 48000,9
2012-06-15 03:00,3524394,lessthan 32000,679
2012-06-15 03:00,3517636,lessthan 32768,144
2012-06-15 03:00,3517367,lessthan 48000,11
2012-06-15 04:00,3524394,lessthan 32000,207
2012-06-15 04:00,3517636,lessthan 32768,21
2012-06-15 04:00,3517367,lessthan 48000,3
2012-06-15 05:00,3524394,lessthan 32000,1013
2012-06-15 05:00,3517636,lessthan 32768,143
2012-06-15 05:00,3517367,lessthan 48000,16
2012-06-15 06:00,3524394,lessthan 32000,395
2012-06-15 06:00,3517636,lessthan 32768,24
2012-06-15 06:00,3517367,lessthan 48000,4
2012-06-15 07:00,3524394,lessthan 32000,450
2012-06-15 07:00,3517636,lessthan 32768,41
2012-06-15 07:00,3517367,lessthan 48000,12
2012-06-15 08:00,3524394,lessthan 32000,570
2012-06-15 08:00,3517636,lessthan 32768,23
2012-06-15 08:00,3517367,lessthan 48000,9
2012-06-15 09:00,3524394,lessthan 32000,2233
2012-06-15 09:00,3517636,lessthan 32768,106
2012-06-15 09:00,3517367,lessthan 48000,35
2012-06-15 10:00,3524394,lessthan 32000,1516
2012-06-15 10:00,3517636,lessthan 32768,86
2012-06-15 10:00,3517367,lessthan 48000,37
2012-06-15 11:00,3524394,lessthan 32000,1088
2012-06-15 11:00,3517636,lessthan 32768,39
2012-06-15 11:00,3517367,lessthan 48000,15
2012-06-15 12:00,3524394,lessthan 32000,550
2012-06-15 12:00,3517636,lessthan 32768,74
2012-06-15 12:00,3517367,lessthan 48000,9
2012-06-15 13:00,3524394,lessthan 32000,567
2012-06-15 13:00,3517636,lessthan 32768,112
2012-06-15 13:00,3517367,lessthan 48000,4
2012-06-15 14:00,3524394,lessthan 32000,317
2012-06-15 14:00,3517636,lessthan 32768,100
2012-06-15 14:00,3517367,lessthan 48000,2
2012-06-15 15:00,3524394,lessthan 32000,297
2012-06-15 15:00,3517636,lessthan 32768,98
2012-06-15 15:00,3517367,lessthan 48000,3
2012-06-15 16:00,3524394,lessthan 32000,155
2012-06-15 16:00,3517636,lessthan 32768,57
2012-06-15 16:00,3517367,lessthan 48000,75
2012-06-15 17:00,3524394,lessthan 32000,165
2012-06-15 17:00,3517636,lessthan 32768,58
2012-06-15 17:00,3517367,lessthan 48000,13
2012-06-15 18:00,3524394,lessthan 32000,180
2012-06-15 18:00,3517636,lessthan 32768,89
2012-06-15 18:00,3517367,lessthan 48000,9
2012-06-15 19:00,3524394,lessthan 32000,89
2012-06-15 19:00,3517636,lessthan 32768,36
2012-06-15 19:00,3517367,lessthan 48000,13
2012-06-15 20:00,3524394,lessthan 32000,340
2012-06-15 20:00,3517636,lessthan 32768,154
2012-06-15 20:00,3517367,lessthan 48000,4
2012-06-15 21:00,3524394,lessthan 32000,998
2012-06-15 21:00,3517636,lessthan 32768,189
2012-06-15 21:00,3517367,lessthan 48000,41
2012-06-15 22:00,3524394,lessthan 32000,223
2012-06-15 22:00,3517636,lessthan 32768,28
2012-06-15 22:00,3517367,lessthan 48000,6
2012-06-15 23:00,3524394,lessthan 32000,411
2012-06-15 23:00,3517636,lessthan 32768,33
2012-06-15 23:00,3517367,lessthan 48000,9
2012-06-16 00:00,3524394,lessthan 32000,664
2012-06-16 00:00,3517636,lessthan 32768,47
2012-06-16 00:00,3517367,lessthan 48000,23
2012-06-16 01:00,3524394,lessthan 32000,656
2012-06-16 01:00,3517636,lessthan 32768,96
2012-06-16 01:00,3517367,lessthan 48000,47
2012-06-16 02:00,3524394,lessthan 32000,581
2012-06-16 02:00,3517636,lessthan 32768,57
2012-06-16 02:00,3517367,lessthan 48000,47
2012-06-16 03:00,3524394,lessthan 32000,521
2012-06-16 03:00,3517636,lessthan 32768,73
2012-06-16 03:00,3517367,lessthan 48000,30
2012-06-16 04:00,3524394,lessthan 32000,212
2012-06-16 04:00,3517636,lessthan 32768,44
2012-06-16 04:00,3517367,lessthan 48000,12
2012-06-16 05:00,3524394,lessthan 32000,567
2012-06-16 05:00,3517636,lessthan 32768,85
2012-06-16 05:00,3517367,lessthan 48000,26
2012-06-16 06:00,3524394,lessthan 32000,711
2012-06-16 06:00,3517636,lessthan 32768,182
2012-06-16 06:00,3517367,lessthan 48000,42
2012-06-16 07:00,3524394,lessthan 32000,400
2012-06-16 07:00,3517636,lessthan 32768,114
2012-06-16 07:00,3517367,lessthan 48000,58
2012-06-16 08:00,3524394,lessthan 32000,868
2012-06-16 08:00,3517636,lessthan 32768,181
2012-06-16 08:00,3517367,lessthan 48000,7
2012-06-16 09:00,3524394,lessthan 32000,604
2012-06-16 09:00,3517636,lessthan 32768,98
2012-06-16 09:00,3517367,lessthan 48000,2
2012-06-16 10:00,3524394,lessthan 32000,471
2012-06-16 10:00,3517636,lessthan 32768,52
2012-06-16 10:00,3517367,lessthan 48000,18
2012-06-16 11:00,3524394,lessthan 32000,614
2012-06-16 11:00,3517636,lessthan 32768,69
2012-06-16 11:00,3517367,lessthan 48000,25
2012-06-16 12:00,3524394,lessthan 32000,488
2012-06-16 12:00,3517636,lessthan 32768,62
2012-06-16 12:00,3517367,lessthan 48000,34
2012-06-16 13:00,3524394,lessthan 32000,484
2012-06-16 13:00,3517636,lessthan 32768,164
2012-06-16 13:00,3517367,lessthan 48000,21
2012-06-16 14:00,3524394,lessthan 32000,503
2012-06-16 14:00,3517636,lessthan 32768,116
2012-06-16 14:00,3517367,lessthan 48000,16
2012-06-16 15:00,3524394,lessthan 32000,279
2012-06-16 15:00,3517636,lessthan 32768,180
2012-06-16 15:00,3517367,lessthan 48000,45
2012-06-16 16:00,3524394,lessthan 32000,142
2012-06-16 16:00,3517636,lessthan 32768,96
2012-06-16 16:00,3517367,lessthan 48000,4
2012-06-16 17:00,3524394,lessthan 32000,173
2012-06-16 17:00,3517636,lessthan 32768,50
2012-06-16 17:00,3517367,lessthan 48000,18
2012-06-16 18:00,3524394,lessthan 32000,122
2012-06-16 18:00,3517636,lessthan 32768,30
2012-06-16 18:00,3517367,lessthan 48000,36
2012-06-16 19:00,3524394,lessthan 32000,86
2012-06-16 19:00,3517636,lessthan 32768,70
2012-06-16 19:00,3517367,lessthan 48000,12
2012-06-16 20:00,3524394,lessthan 32000,100
2012-06-16 20:00,3517636,lessthan 32768,60
2012-06-16 20:00,3517367,lessthan 48000,18
2012-06-16 21:00,3524394,lessthan 32000,103
2012-06-16 21:00,3517636,lessthan 32768,52
2012-06-16 21:00,3517367,lessthan 48000,24
2012-06-16 22:00,3524394,lessthan 32000,115
2012-06-16 22:00,3517636,lessthan 32768,55
2012-06-16 22:00,3517367,lessthan 48000,24
2012-06-16 23:00,3524394,lessthan 32000,91
2012-06-16 23:00,3517636,lessthan 32768,147
2012-06-16 23:00,3517367,lessthan 48000,30
2012-06-17 00:00,3524394,lessthan 32000,322
2012-06-17 00:00,3517636,lessthan 32768,105
2012-06-17 00:00,3517367,lessthan 48000,31
2012-06-17 01:00,3524394,lessthan 32000,132
2012-06-17 01:00,3517636,lessthan 32768,37
2012-06-17 01:00,3517367,lessthan 48000,11
2012-06-17 02:00,3524394,lessthan 32000,394
2012-06-17 02:00,3517636,lessthan 32768,96
2012-06-17 02:00,3517367,lessthan 48000,62
2012-06-17 03:00,3524394,lessthan 32000,296
2012-06-17 03:00,3517636,lessthan 32768,40
2012-06-17 03:00,3517367,lessthan 48000,37
2012-06-17 04:00,3524394,lessthan 32000,378
2012-06-17 04:00,3517636,lessthan 32768,22
2012-06-17 04:00,3517367,lessthan 48000,60
2012-06-17 05:00,3524394,lessthan 32000,543
2012-06-17 05:00,3517636,lessthan 32768,8
2012-06-17 05:00,3517367,lessthan 48000,31
2012-06-17 06:00,3524394,lessthan 32000,653
2012-06-17 06:00,3517636,lessthan 32768,9
2012-06-17 06:00,3517367,lessthan 48000,83
2012-06-17 07:00,3524394,lessthan 32000,384
2012-06-17 07:00,3517636,lessthan 32768,25
2012-06-17 07:00,3517367,lessthan 48000,193
2012-06-17 08:00,3524394,lessthan 32000,101
2012-06-17 08:00,3517636,lessthan 32768,6
2012-06-17 08:00,3517367,lessthan 48000,6
2012-06-17 09:00,3524394,lessthan 32000,190
2012-06-17 09:00,3517636,lessthan 32768,19
2012-06-17 09:00,3517367,lessthan 48000,41
2012-06-17 10:00,3524394,lessthan 32000,276
2012-06-17 10:00,3517636,lessthan 32768,49
2012-06-17 10:00,3517367,lessthan 48000,129
2012-06-17 11:00,3524394,lessthan 32000,329
2012-06-17 11:00,3517636,lessthan 32768,27
2012-06-17 11:00,3517367,lessthan 48000,40
2012-06-17 12:00,3524394,lessthan 32000,671
2012-06-17 12:00,3517636,lessthan 32768,81
2012-06-17 12:00,3517367,lessthan 48000,28
2012-06-17 13:00,3524394,lessthan 32000,305
2012-06-17 13:00,3517636,lessthan 32768,38
2012-06-17 13:00,3517367,lessthan 48000,12
2012-06-17 14:00,3524394,lessthan 32000,543
2012-06-17 14:00,3517636,lessthan 32768,45
2012-06-17 14:00,3517367,lessthan 48000,37
2012-06-17 15:00,3524394,lessthan 32000,514
2012-06-17 15:00,3517636,lessthan 32768,27
2012-06-17 15:00,3517367,lessthan 48000,32
2012-06-17 16:00,3524394,lessthan 32000,559
2012-06-17 16:00,3517636,lessthan 32768,106
2012-06-17 16:00,3517367,lessthan 48000,39
2012-06-17 17:00,3524394,lessthan 32000,468
2012-06-17 17:00,3517636,lessthan 32768,72
2012-06-17 17:00,3517367,lessthan 48000,15
2012-06-17 18:00,3524394,lessthan 32000,376
2012-06-17 18:00,3517636,lessthan 32768,90
2012-06-17 18:00,3517367,lessthan 48000,7
2012-06-17 19:00,3524394,lessthan 32000,315
2012-06-17 19:00,3517636,lessthan 32768,101
2012-06-17 19:00,3517367,lessthan 48000,44
2012-06-17 20:00,3524394,lessthan 32000,317
2012-06-17 20:00,3517636,lessthan 32768,71
2012-06-17 20:00,3517367,lessthan 48000,49
2012-06-17 21:00,3524394,lessthan 32000,368
2012-06-17 21:00,3517636,lessthan 32768,71
2012-06-17 21:00,3517367,lessthan 48000,12
2012-06-17 22:00,3524394,lessthan 32000,437
2012-06-17 22:00,3517636,lessthan 32768,36
2012-06-17 22:00,3517367,lessthan 48000,20
2012-06-17 23:00,3524394,lessthan 32000,297
2012-06-17 23:00,3517636,lessthan 32768,13
2012-06-17 23:00,3517367,lessthan 48000,5
2012-06-18 00:00,3524394,lessthan 32000,148
2012-06-18 00:00,3517636,lessthan 32768,12
2012-06-18 00:00,3517367,lessthan 48000,6
2012-06-18 01:00,3524394,lessthan 32000,465
2012-06-18 01:00,3517636,lessthan 32768,8
2012-06-18 01:00,3517367,lessthan 48000,17
2012-06-18 02:00,3524394,lessthan 32000,304
2012-06-18 02:00,3517636,lessthan 32768,3
2012-06-18 02:00,3517367,lessthan 48000,15
2012-06-18 03:00,3524394,lessthan 32000,285
2012-06-18 03:00,3517636,lessthan 32768,2
2012-06-18 03:00,3517367,lessthan 48000,38
2012-06-18 04:00,3524394,lessthan 32000,915
2012-06-18 04:00,3517636,lessthan 32768,87
2012-06-18 04:00,3517367,lessthan 48000,60
2012-06-18 05:00,3524394,lessthan 32000,393
2012-06-18 05:00,3517636,lessthan 32768,44
2012-06-18 05:00,3517367,lessthan 48000,5
2012-06-18 06:00,3524394,lessthan 32000,498
2012-06-18 06:00,3517636,lessthan 32768,15
2012-06-18 06:00,3517367,lessthan 48000,7
2012-06-18 07:00,3524394,lessthan 32000,674
2012-06-18 07:00,3517636,lessthan 32768,67
2012-06-18 07:00,3517367,lessthan 48000,11
2012-06-18 08:00,3524394,lessthan 32000,173
2012-06-18 08:00,3517636,lessthan 32768,5
2012-06-18 08:00,3517367,lessthan 48000,0
2012-06-18 09:00,3524394,lessthan 32000,506
2012-06-18 09:00,3517636,lessthan 32768,118
2012-06-18 09:00,3517367,lessthan 48000,5
2012-06-18 10:00,3524394,lessthan 32000,559
2012-06-18 10:00,3517636,lessthan 32768,131
2012-06-18 10:00,3517367,lessthan 48000,5
2012-06-18 11:00,3524394,lessthan 32000,569
2012-06-18 11:00,3517636,lessthan 32768,61
2012-06-18 11:00,3517367,lessthan 48000,5
2012-06-18 12:00,3524394,lessthan 32000,418
2012-06-18 12:00,3517636,lessthan 32768,84
2012-06-18 12:00,3517367,lessthan 48000,14
2012-06-18 13:00,3524394,lessthan 32000,469
2012-06-18 13:00,3517636,lessthan 32768,79
2012-06-18 13:00,3517367,lessthan 48000,4
2012-06-18 14:00,3524394,lessthan 32000,374
2012-06-18 14:00,3517636,lessthan 32768,54
2012-06-18 14:00,3517367,lessthan 48000,6
2012-06-18 15:00,3524394,lessthan 32000,266
2012-06-18 15:00,3517636,lessthan 32768,29
2012-06-18 15:00,3517367,lessthan 48000,13
2012-06-18 16:00,3524394,lessthan 32000,385
2012-06-18 16:00,3517636,lessthan 32768,71
2012-06-18 16:00,3517367,lessthan 48000,37
2012-06-18 17:00,3524394,lessthan 32000,239
2012-06-18 17:00,3517636,lessthan 32768,36
2012-06-18 17:00,3517367,lessthan 48000,9
2012-06-18 18:00,3524394,lessthan 32000,406
2012-06-18 18:00,3517636,lessthan 32768,50
2012-06-18 18:00,3517367,lessthan 48000,27
2012-06-18 19:00,3524394,lessthan 32000,196
2012-06-18 19:00,3517636,lessthan 32768,69
2012-06-18 19:00,3517367,lessthan 48000,19
2012-06-18 20:00,3524394,lessthan 32000,243
2012-06-18 20:00,3517636,lessthan 32768,103
2012-06-18 20:00,3517367,lessthan 48000,83
2012-06-18 21:00,3524394,lessthan 32000,381
2012-06-18 21:00,3517636,lessthan 32768,28
2012-06-18 21:00,3517367,lessthan 48000,90
2012-06-18 22:00,3524394,lessthan 32000,385
2012-06-18 22:00,3517636,lessthan 32768,55
2012-06-18 22:00,3517367,lessthan 48000,156
2012-06-18 23:00,3524394,lessthan 32000,598
2012-06-18 23:00,3517636,lessthan 32768,28
2012-06-18 23:00,3517367,lessthan 48000,119
2012-06-19 00:00,3524394,lessthan 32000,194
2012-06-19 00:00,3517636,lessthan 32768,49
2012-06-19 00:00,3517367,lessthan 48000,18
2012-06-19 01:00,3524394,lessthan 32000,180
2012-06-19 01:00,3517636,lessthan 32768,25
2012-06-19 01:00,3517367,lessthan 48000,52
2012-06-19 02:00,3524394,lessthan 32000,430
2012-06-19 02:00,3517636,lessthan 32768,31
2012-06-19 02:00,3517367,lessthan 48000,137
2012-06-19 03:00,3524394,lessthan 32000,465
2012-06-19 03:00,3517636,lessthan 32768,21
2012-06-19 03:00,3517367,lessthan 48000,118
2012-06-19 04:00,3524394,lessthan 32000,316
2012-06-19 04:00,3517636,lessthan 32768,25
2012-06-19 04:00,3517367,lessthan 48000,113
2012-06-19 05:00,3524394,lessthan 32000,460
2012-06-19 05:00,3517636,lessthan 32768,67
2012-06-19 05:00,3517367,lessthan 48000,85
2012-06-19 06:00,3524394,lessthan 32000,481
2012-06-19 06:00,3517636,lessthan 32768,100
2012-06-19 06:00,3517367,lessthan 48000,85
2012-06-19 07:00,3524394,lessthan 32000,210
2012-06-19 07:00,3517636,lessthan 32768,88
2012-06-19 07:00,3517367,lessthan 48000,53
2012-06-19 08:00,3524394,lessthan 32000,464
2012-06-19 08:00,3517636,lessthan 32768,55
2012-06-19 08:00,3517367,lessthan 48000,49
2012-06-19 09:00,3524394,lessthan 32000,469
2012-06-19 09:00,3517636,lessthan 32768,57
2012-06-19 09:00,3517367,lessthan 48000,51
2012-06-19 10:00,3524394,lessthan 32000,375
2012-06-19 10:00,3517636,lessthan 32768,115
2012-06-19 10:00,3517367,lessthan 48000,85
2012-06-19 11:00,3524394,lessthan 32000,400
2012-06-19 11:00,3517636,lessthan 32768,106
2012-06-19 11:00,3517367,lessthan 48000,108
2012-06-19 12:00,3524394,lessthan 32000,260
2012-06-19 12:00,3517636,lessthan 32768,107
2012-06-19 12:00,3517367,lessthan 48000,104
2012-06-19 13:00,3524394,lessthan 32000,171
2012-06-19 13:00,3517636,lessthan 32768,41
2012-06-19 13:00,3517367,lessthan 48000,83
2012-06-19 14:00,3524394,lessthan 32000,342
2012-06-19 14:00,3517636,lessthan 32768,52
2012-06-19 14:00,3517367,lessthan 48000,74
2012-06-19 15:00,3524394,lessthan 32000,141
2012-06-19 15:00,3517636,lessthan 32768,22
2012-06-19 15:00,3517367,lessthan 48000,58
2012-06-19 16:00,3524394,lessthan 32000,261
2012-06-19 16:00,3517636,lessthan 32768,15
2012-06-19 16:00,3517367,lessthan 48000,54
2012-06-19 17:00,3524394,lessthan 32000,442
2012-06-19 17:00,3517636,lessthan 32768,95
2012-06-19 17:00,3517367,lessthan 48000,131
2012-06-19 18:00,3524394,lessthan 32000,306
2012-06-19 18:00,3517636,lessthan 32768,29
2012-06-19 18:00,3517367,lessthan 48000,56
2012-06-19 19:00,3524394,lessthan 32000,265
2012-06-19 19:00,3517636,lessthan 32768,45
2012-06-19 19:00,3517367,lessthan 48000,99
2012-06-19 20:00,3524394,lessthan 32000,303
2012-06-19 20:00,3517636,lessthan 32768,65
2012-06-19 20:00,3517367,lessthan 48000,39
2012-06-19 21:00,3524394,lessthan 32000,203
2012-06-19 21:00,3517636,lessthan 32768,43
2012-06-19 21:00,3517367,lessthan 48000,33
2012-06-19 22:00,3524394,lessthan 32000,47
2012-06-19 22:00,3517636,lessthan 32768,35
2012-06-19 22:00,3517367,lessthan 48000,43
2012-06-19 23:00,3524394,lessthan 32000,287
2012-06-19 23:00,3517636,lessthan 32768,119
2012-06-19 23:00,3517367,lessthan 48000,135
2012-06-20 00:00,3524394,lessthan 32000,165
2012-06-20 00:00,3517636,lessthan 32768,94
2012-06-20 00:00,3517367,lessthan 48000,127
2012-06-20 01:00,3524394,lessthan 32000,356
2012-06-20 01:00,3517636,lessthan 32768,132
2012-06-20 01:00,3517367,lessthan 48000,169
2012-06-20 02:00,3524394,lessthan 32000,386
2012-06-20 02:00,3517636,lessthan 32768,123
2012-06-20 02:00,3517367,lessthan 48000,91
2012-06-20 03:00,3524394,lessthan 32000,383
2012-06-20 03:00,3517636,lessthan 32768,54
2012-06-20 03:00,3517367,lessthan 48000,114
2012-06-20 04:00,3524394,lessthan 32000,3
2012-06-20 04:00,3517636,lessthan 32768,0
2012-06-20 04:00,3517367,lessthan 48000,3
2012-06-20 05:00,3524394,lessthan 32000,649
2012-06-20 05:00,3517636,lessthan 32768,44
2012-06-20 05:00,3517367,lessthan 48000,46
2012-06-20 06:00,3524394,lessthan 32000,216
2012-06-20 06:00,3517636,lessthan 32768,39
2012-06-20 06:00,3517367,lessthan 48000,32
2012-06-20 07:00,3524394,lessthan 32000,364
2012-06-20 07:00,3517636,lessthan 32768,90
2012-06-20 07:00,3517367,lessthan 48000,84
2012-06-20 08:00,3524394,lessthan 32000,79
2012-06-20 08:00,3517636,lessthan 32768,9
2012-06-20 08:00,3517367,lessthan 48000,9
2012-06-20 09:00,3524394,lessthan 32000,182
2012-06-20 09:00,3517636,lessthan 32768,115
2012-06-20 09:00,3517367,lessthan 48000,50
2012-06-20 10:00,3524394,lessthan 32000,66
2012-06-20 10:00,3517636,lessthan 32768,82
2012-06-20 10:00,3517367,lessthan 48000,52
2012-06-20 11:00,3524394,lessthan 32000,133
2012-06-20 11:00,3517636,lessthan 32768,90
2012-06-20 11:00,3517367,lessthan 48000,63
2012-06-20 12:00,3524394,lessthan 32000,99
2012-06-20 12:00,3517636,lessthan 32768,79
2012-06-20 12:00,3517367,lessthan 48000,75
2012-06-20 13:00,3524394,lessthan 32000,1
2012-06-20 13:00,3517636,lessthan 32768,1
2012-06-20 13:00,3517367,lessthan 48000,0
2012-06-20 14:00,3524394,lessthan 32000,4
2012-06-20 14:00,3517636,lessthan 32768,0
2012-06-20 14:00,3517367,lessthan 48000,0
2012-06-20 15:00,3524394,lessthan 32000,133
2012-06-20 15:00,3517636,lessthan 32768,83
2012-06-20 15:00,3517367,lessthan 48000,118
2012-06-20 16:00,3524394,lessthan 32000,73
2012-06-20 16:00,3517636,lessthan 32768,27
2012-06-20 16:00,3517367,lessthan 48000,29
2012-06-20 17:00,3524394,lessthan 32000,69
2012-06-20 17:00,3517636,lessthan 32768,48
2012-06-20 17:00,3517367,lessthan 48000,77
2012-06-20 18:00,3524394,lessthan 32000,18
2012-06-20 18:00,3517636,lessthan 32768,22
2012-06-20 18:00,3517367,lessthan 48000,5
2012-06-20 19:00,3524394,lessthan 32000,125
2012-06-20 19:00,3517636,lessthan 32768,137
2012-06-20 19:00,3517367,lessthan 48000,80
2012-06-20 20:00,3524394,lessthan 32000,106
2012-06-20 20:00,3517636,lessthan 32768,175
2012-06-20 20:00,3517367,lessthan 48000,73
2012-06-20 21:00,3524394,lessthan 32000,70
2012-06-20 21:00,3517636,lessthan 32768,60
2012-06-20 21:00,3517367,lessthan 48000,12
2012-06-20 22:00,3524394,lessthan 32000,59
2012-06-20 22:00,3517636,lessthan 32768,17
2012-06-20 22:00,3517367,lessthan 48000,10
2012-06-20 23:00,3524394,lessthan 32000,55
2012-06-20 23:00,3517636,lessthan 32768,7
2012-06-20 23:00,3517367,lessthan 48000,16
2012-06-21 00:00,3524394,lessthan 32000,214
2012-06-21 00:00,3517636,lessthan 32768,117
2012-06-21 00:00,3517367,lessthan 48000,79
2012-06-21 01:00,3524394,lessthan 32000,110
2012-06-21 01:00,3517636,lessthan 32768,75
2012-06-21 01:00,3517367,lessthan 48000,46
2012-06-21 02:00,3524394,lessthan 32000,267
2012-06-21 02:00,3517636,lessthan 32768,120
2012-06-21 02:00,3517367,lessthan 48000,158
2012-06-21 03:00,3524394,lessthan 32000,224
2012-06-21 03:00,3517636,lessthan 32768,52
2012-06-21 03:00,3517367,lessthan 48000,165
2012-06-21 04:00,3524394,lessthan 32000,144
2012-06-21 04:00,3517636,lessthan 32768,56
2012-06-21 04:00,3517367,lessthan 48000,99
2012-06-21 05:00,3524394,lessthan 32000,207
2012-06-21 05:00,3517636,lessthan 32768,32
2012-06-21 05:00,3517367,lessthan 48000,44
2012-06-21 06:00,3524394,lessthan 32000,128
2012-06-21 06:00,3517636,lessthan 32768,48
2012-06-21 06:00,3517367,lessthan 48000,19
2012-06-21 07:00,3524394,lessthan 32000,127
2012-06-21 07:00,3517636,lessthan 32768,53
2012-06-21 07:00,3517367,lessthan 48000,21
2012-06-21 08:00,3524394,lessthan 32000,12
2012-06-21 08:00,3517636,lessthan 32768,67
2012-06-21 08:00,3517367,lessthan 48000,8
2012-06-21 09:00,3524394,lessthan 32000,19
2012-06-21 09:00,3517636,lessthan 32768,88
2012-06-21 09:00,3517367,lessthan 48000,16
2012-06-21 10:00,3524394,lessthan 32000,82
2012-06-21 10:00,3517636,lessthan 32768,70
2012-06-21 10:00,3517367,lessthan 48000,15
2012-06-21 11:00,3524394,lessthan 32000,118
2012-06-21 11:00,3517636,lessthan 32768,39
2012-06-21 11:00,3517367,lessthan 48000,26
2012-06-21 12:00,3524394,lessthan 32000,116
2012-06-21 12:00,3517636,lessthan 32768,70
2012-06-21 12:00,3517367,lessthan 48000,27
2012-06-21 13:00,3524394,lessthan 32000,30
2012-06-21 13:00,3517636,lessthan 32768,11
2012-06-21 13:00,3517367,lessthan 48000,22
2012-06-21 14:00,3524394,lessthan 32000,180
2012-06-21 14:00,3517636,lessthan 32768,14
2012-06-21 14:00,3517367,lessthan 48000,8
2012-06-21 15:00,3524394,lessthan 32000,172
2012-06-21 15:00,3517636,lessthan 32768,24
2012-06-21 15:00,3517367,lessthan 48000,8
2012-06-21 16:00,3524394,lessthan 32000,180
2012-06-21 16:00,3517636,lessthan 32768,38
2012-06-21 16:00,3517367,lessthan 48000,43
2012-06-21 17:00,3524394,lessthan 32000,114
2012-06-21 17:00,3517636,lessthan 32768,81
2012-06-21 17:00,3517367,lessthan 48000,23
2012-06-21 18:00,3524394,lessthan 32000,111
2012-06-21 18:00,3517636,lessthan 32768,31
2012-06-21 18:00,3517367,lessthan 48000,12
2012-06-21 19:00,3524394,lessthan 32000,74
2012-06-21 19:00,3517636,lessthan 32768,52
2012-06-21 19:00,3517367,lessthan 48000,27
2012-06-21 20:00,3524394,lessthan 32000,45
2012-06-21 20:00,3517636,lessthan 32768,172
2012-06-21 20:00,3517367,lessthan 48000,44
2012-06-21 21:00,3524394,lessthan 32000,82
2012-06-21 21:00,3517636,lessthan 32768,109
2012-06-21 21:00,3517367,lessthan 48000,99
2012-06-21 22:00,3524394,lessthan 32000,41
2012-06-21 22:00,3517636,lessthan 32768,60
2012-06-21 22:00,3517367,lessthan 48000,96
2012-06-21 23:00,3524394,lessthan 32000,81
2012-06-21 23:00,3517636,lessthan 32768,89
2012-06-21 23:00,3517367,lessthan 48000,27
2012-06-22 00:00,3524394,lessthan 32000,163
2012-06-22 00:00,3517636,lessthan 32768,100
2012-06-22 00:00,3517367,lessthan 48000,31
2012-06-22 01:00,3524394,lessthan 32000,20
2012-06-22 01:00,3517636,lessthan 32768,72
2012-06-22 01:00,3517367,lessthan 48000,39
2012-06-22 02:00,3524394,lessthan 32000,10
2012-06-22 02:00,3517636,lessthan 32768,10
2012-06-22 02:00,3517367,lessthan 48000,0
2012-06-22 03:00,3524394,lessthan 32000,143
2012-06-22 03:00,3517636,lessthan 32768,94
2012-06-22 03:00,3517367,lessthan 48000,86
2012-06-22 04:00,3524394,lessthan 32000,181
2012-06-22 04:00,3517636,lessthan 32768,125
2012-06-22 04:00,3517367,lessthan 48000,80
2012-06-22 05:00,3524394,lessthan 32000,8
2012-06-22 05:00,3517636,lessthan 32768,1
2012-06-22 05:00,3517367,lessthan 48000,4
2012-06-22 06:00,3524394,lessthan 32000,10
2012-06-22 06:00,3517636,lessthan 32768,10
2012-06-22 06:00,3517367,lessthan 48000,0
2012-06-22 07:00,3524394,lessthan 32000,44
2012-06-22 07:00,3517636,lessthan 32768,31
2012-06-22 07:00,3517367,lessthan 48000,20
2012-06-22 08:00,3524394,lessthan 32000,185
2012-06-22 08:00,3517636,lessthan 32768,222
2012-06-22 08:00,3517367,lessthan 48000,37
2012-06-22 09:00,3524394,lessthan 32000,235
2012-06-22 09:00,3517636,lessthan 32768,66
2012-06-22 09:00,3517367,lessthan 48000,62
2012-06-22 10:00,3524394,lessthan 32000,153
2012-06-22 10:00,3517636,lessthan 32768,77
2012-06-22 10:00,3517367,lessthan 48000,53
2012-06-22 11:00,3524394,lessthan 32000,293
2012-06-22 11:00,3517636,lessthan 32768,130
2012-06-22 11:00,3517367,lessthan 48000,53
2012-06-22 12:00,3524394,lessthan 32000,106
2012-06-22 12:00,3517636,lessthan 32768,56
2012-06-22 12:00,3517367,lessthan 48000,21
2012-06-22 13:00,3524394,lessthan 32000,196
2012-06-22 13:00,3517636,lessthan 32768,72
2012-06-22 13:00,3517367,lessthan 48000,7
2012-06-22 14:00,3524394,lessthan 32000,113
2012-06-22 14:00,3517636,lessthan 32768,41
2012-06-22 14:00,3517367,lessthan 48000,10
2012-06-22 15:00,3524394,lessthan 32000,102
2012-06-22 15:00,3517636,lessthan 32768,56
2012-06-22 15:00,3517367,lessthan 48000,12
2012-06-22 16:00,3524394,lessthan 32000,138
2012-06-22 16:00,3517636,lessthan 32768,28
2012-06-22 16:00,3517367,lessthan 48000,48
2012-06-22 17:00,3524394,lessthan 32000,85
2012-06-22 17:00,3517636,lessthan 32768,8
2012-06-22 17:00,3517367,lessthan 48000,6
2012-06-22 18:00,3524394,lessthan 32000,34
2012-06-22 18:00,3517636,lessthan 32768,31
2012-06-22 18:00,3517367,lessthan 48000,3
2012-06-22 19:00,3524394,lessthan 32000,93
2012-06-22 19:00,3517636,lessthan 32768,99
2012-06-22 19:00,3517367,lessthan 48000,19
2012-06-22 20:00,3524394,lessthan 32000,159
2012-06-22 20:00,3517636,lessthan 32768,77
2012-06-22 20:00,3517367,lessthan 48000,7
2012-06-22 21:00,3524394,lessthan 32000,71
2012-06-22 21:00,3517636,lessthan 32768,16
2012-06-22 21:00,3517367,lessthan 48000,11
2012-06-22 22:00,3524394,lessthan 32000,16
2012-06-22 22:00,3517636,lessthan 32768,17
2012-06-22 22:00,3517367,lessthan 48000,14
2012-06-22 23:00,3524394,lessthan 32000,44
2012-06-22 23:00,3517636,lessthan 32768,32
2012-06-22 23:00,3517367,lessthan 48000,16
2012-06-23 00:00,3524394,lessthan 32000,48
2012-06-23 00:00,3517636,lessthan 32768,67
2012-06-23 00:00,3517367,lessthan 48000,15
2012-06-23 01:00,3524394,lessthan 32000,41
2012-06-23 01:00,3517636,lessthan 32768,40
2012-06-23 01:00,3517367,lessthan 48000,44
2012-06-23 02:00,3524394,lessthan 32000,149
2012-06-23 02:00,3517636,lessthan 32768,53
2012-06-23 02:00,3517367,lessthan 48000,51
2012-06-23 03:00,3524394,lessthan 32000,52
2012-06-23 03:00,3517636,lessthan 32768,22
2012-06-23 03:00,3517367,lessthan 48000,29
2012-06-23 04:00,3524394,lessthan 32000,158
2012-06-23 04:00,3517636,lessthan 32768,177
2012-06-23 04:00,3517367,lessthan 48000,43
2012-06-23 05:00,3524394,lessthan 32000,34
2012-06-23 05:00,3517636,lessthan 32768,34
2012-06-23 05:00,3517367,lessthan 48000,16
2012-06-23 06:00,3524394,lessthan 32000,151
2012-06-23 06:00,3517636,lessthan 32768,144
2012-06-23 06:00,3517367,lessthan 48000,39
2012-06-23 07:00,3524394,lessthan 32000,139
2012-06-23 07:00,3517636,lessthan 32768,9
2012-06-23 07:00,3517367,lessthan 48000,21
2012-06-23 08:00,3524394,lessthan 32000,211
2012-06-23 08:00,3517636,lessthan 32768,66
2012-06-23 08:00,3517367,lessthan 48000,11
2012-06-23 09:00,3524394,lessthan 32000,163
2012-06-23 09:00,3517636,lessthan 32768,55
2012-06-23 09:00,3517367,lessthan 48000,3
2012-06-23 10:00,3524394,lessthan 32000,114
2012-06-23 10:00,3517636,lessthan 32768,58
2012-06-23 10:00,3517367,lessthan 48000,7
2012-06-23 11:00,3524394,lessthan 32000,79
2012-06-23 11:00,3517636,lessthan 32768,21
2012-06-23 11:00,3517367,lessthan 48000,14
2012-06-23 12:00,3524394,lessthan 32000,121
2012-06-23 12:00,3517636,lessthan 32768,19
2012-06-23 12:00,3517367,lessthan 48000,5
2012-06-23 13:00,3524394,lessthan 32000,104
2012-06-23 13:00,3517636,lessthan 32768,18
2012-06-23 13:00,3517367,lessthan 48000,2
2012-06-23 14:00,3524394,lessthan 32000,169
2012-06-23 14:00,3517636,lessthan 32768,31
2012-06-23 14:00,3517367,lessthan 48000,35
2012-06-23 15:00,3524394,lessthan 32000,171
2012-06-23 15:00,3517636,lessthan 32768,30
2012-06-23 15:00,3517367,lessthan 48000,14
2012-06-23 16:00,3524394,lessthan 32000,62
2012-06-23 16:00,3517636,lessthan 32768,35
2012-06-23 16:00,3517367,lessthan 48000,11
2012-06-23 17:00,3524394,lessthan 32000,47
2012-06-23 17:00,3517636,lessthan 32768,59
2012-06-23 17:00,3517367,lessthan 48000,22
2012-06-23 18:00,3524394,lessthan 32000,46
2012-06-23 18:00,3517636,lessthan 32768,16
2012-06-23 18:00,3517367,lessthan 48000,30
2012-06-23 19:00,3524394,lessthan 32000,42
2012-06-23 19:00,3517636,lessthan 32768,61
2012-06-23 19:00,3517367,lessthan 48000,29
2012-06-23 20:00,3524394,lessthan 32000,31
2012-06-23 20:00,3517636,lessthan 32768,88
2012-06-23 20:00,3517367,lessthan 48000,23
2012-06-23 21:00,3524394,lessthan 32000,20
2012-06-23 21:00,3517636,lessthan 32768,71
2012-06-23 21:00,3517367,lessthan 48000,21
2012-06-23 22:00,3524394,lessthan 32000,33
2012-06-23 22:00,3517636,lessthan 32768,36
2012-06-23 22:00,3517367,lessthan 48000,12
2012-06-23 23:00,3524394,lessthan 32000,28
2012-06-23 23:00,3517636,lessthan 32768,19
2012-06-23 23:00,3517367,lessthan 48000,25
2012-06-24 00:00,3524394,lessthan 32000,88
2012-06-24 00:00,3517636,lessthan 32768,10
2012-06-24 00:00,3517367,lessthan 48000,52
2012-06-24 01:00,3524394,lessthan 32000,75
2012-06-24 01:00,3517636,lessthan 32768,29
2012-06-24 01:00,3517367,lessthan 48000,121
2012-06-24 02:00,3524394,lessthan 32000,283
2012-06-24 02:00,3517636,lessthan 32768,75
2012-06-24 02:00,3517367,lessthan 48000,24
2012-06-24 03:00,3524394,lessthan 32000,77
2012-06-24 03:00,3517636,lessthan 32768,41
2012-06-24 03:00,3517367,lessthan 48000,11
2012-06-24 04:00,3524394,lessthan 32000,118
2012-06-24 04:00,3517636,lessthan 32768,28
2012-06-24 04:00,3517367,lessthan 48000,3
2012-06-24 05:00,3524394,lessthan 32000,108
2012-06-24 05:00,3517636,lessthan 32768,23
2012-06-24 05:00,3517367,lessthan 48000,7
2012-06-24 06:00,3524394,lessthan 32000,113
2012-06-24 06:00,3517636,lessthan 32768,28
2012-06-24 06:00,3517367,lessthan 48000,3
2012-06-24 07:00,3524394,lessthan 32000,128
2012-06-24 07:00,3517636,lessthan 32768,83
2012-06-24 07:00,3517367,lessthan 48000,8
2012-06-24 08:00,3524394,lessthan 32000,107
2012-06-24 08:00,3517636,lessthan 32768,32
2012-06-24 08:00,3517367,lessthan 48000,40
2012-06-24 09:00,3524394,lessthan 32000,108
2012-06-24 09:00,3517636,lessthan 32768,17
2012-06-24 09:00,3517367,lessthan 48000,25
2012-06-24 10:00,3524394,lessthan 32000,86
2012-06-24 10:00,3517636,lessthan 32768,23
2012-06-24 10:00,3517367,lessthan 48000,42
2012-06-24 11:00,3524394,lessthan 32000,214
2012-06-24 11:00,3517636,lessthan 32768,40
2012-06-24 11:00,3517367,lessthan 48000,119
2012-06-24 12:00,3524394,lessthan 32000,109
2012-06-24 12:00,3517636,lessthan 32768,20
2012-06-24 12:00,3517367,lessthan 48000,74
2012-06-24 13:00,3524394,lessthan 32000,89
2012-06-24 13:00,3517636,lessthan 32768,40
2012-06-24 13:00,3517367,lessthan 48000,63
2012-06-24 14:00,3524394,lessthan 32000,30
2012-06-24 14:00,3517636,lessthan 32768,11
2012-06-24 14:00,3517367,lessthan 48000,39
2012-06-24 15:00,3524394,lessthan 32000,148
2012-06-24 15:00,3517636,lessthan 32768,55
2012-06-24 15:00,3517367,lessthan 48000,156
2012-06-24 16:00,3524394,lessthan 32000,37
2012-06-24 16:00,3517636,lessthan 32768,33
2012-06-24 16:00,3517367,lessthan 48000,23
2012-06-24 17:00,3524394,lessthan 32000,77
2012-06-24 17:00,3517636,lessthan 32768,59
2012-06-24 17:00,3517367,lessthan 48000,119
2012-06-24 18:00,3524394,lessthan 32000,61
2012-06-24 18:00,3517636,lessthan 32768,9
2012-06-24 18:00,3517367,lessthan 48000,9
2012-06-24 19:00,3524394,lessthan 32000,1
2012-06-24 19:00,3517636,lessthan 32768,1
2012-06-24 19:00,3517367,lessthan 48000,1
2012-06-24 20:00,3524394,lessthan 32000,32
2012-06-24 20:00,3517636,lessthan 32768,68
2012-06-24 20:00,3517367,lessthan 48000,156
2012-06-24 21:00,3524394,lessthan 32000,5
2012-06-24 21:00,3517636,lessthan 32768,37
2012-06-24 21:00,3517367,lessthan 48000,14
2012-06-24 22:00,3524394,lessthan 32000,165
2012-06-24 22:00,3517636,lessthan 32768,46
2012-06-24 22:00,3517367,lessthan 48000,46
2012-06-24 23:00,3524394,lessthan 32000,194
2012-06-24 23:00,3517636,lessthan 32768,29
2012-06-24 23:00,3517367,lessthan 48000,67
2012-06-25 00:00,3524394,lessthan 32000,59
2012-06-25 00:00,3517636,lessthan 32768,22
2012-06-25 00:00,3517367,lessthan 48000,30
2012-06-25 01:00,3524394,lessthan 32000,49
2012-06-25 01:00,3517636,lessthan 32768,20
2012-06-25 01:00,3517367,lessthan 48000,42
2012-06-25 02:00,3524394,lessthan 32000,58
2012-06-25 02:00,3517636,lessthan 32768,17
2012-06-25 02:00,3517367,lessthan 48000,45
2012-06-25 03:00,3524394,lessthan 32000,96
2012-06-25 03:00,3517636,lessthan 32768,3
2012-06-25 03:00,3517367,lessthan 48000,71
2012-06-25 04:00,3524394,lessthan 32000,36
2012-06-25 04:00,3517636,lessthan 32768,15
2012-06-25 04:00,3517367,lessthan 48000,53
2012-06-25 05:00,3524394,lessthan 32000,17
2012-06-25 05:00,3517636,lessthan 32768,2
2012-06-25 05:00,3517367,lessthan 48000,1
2012-06-25 06:00,3524394,lessthan 32000,193
2012-06-25 06:00,3517636,lessthan 32768,5
2012-06-25 06:00,3517367,lessthan 48000,35
2012-06-25 07:00,3524394,lessthan 32000,61
2012-06-25 07:00,3517636,lessthan 32768,8
2012-06-25 07:00,3517367,lessthan 48000,81
2012-06-25 08:00,3524394,lessthan 32000,103
2012-06-25 08:00,3517636,lessthan 32768,10
2012-06-25 08:00,3517367,lessthan 48000,53
2012-06-25 09:00,3524394,lessthan 32000,96
2012-06-25 09:00,3517636,lessthan 32768,43
2012-06-25 09:00,3517367,lessthan 48000,59
2012-06-25 10:00,3524394,lessthan 32000,21
2012-06-25 10:00,3517636,lessthan 32768,15
2012-06-25 10:00,3517367,lessthan 48000,16
2012-06-25 11:00,3524394,lessthan 32000,101
2012-06-25 11:00,3517636,lessthan 32768,80
2012-06-25 11:00,3517367,lessthan 48000,43
2012-06-25 12:00,3524394,lessthan 32000,130
2012-06-25 12:00,3517636,lessthan 32768,101
2012-06-25 12:00,3517367,lessthan 48000,9
2012-06-25 13:00,3524394,lessthan 32000,39
2012-06-25 13:00,3517636,lessthan 32768,23
2012-06-25 13:00,3517367,lessthan 48000,0
2012-06-25 14:00,3524394,lessthan 32000,302
2012-06-25 14:00,3517636,lessthan 32768,251
2012-06-25 14:00,3517367,lessthan 48000,97
2012-06-25 15:00,3524394,lessthan 32000,164
2012-06-25 15:00,3517636,lessthan 32768,142
2012-06-25 15:00,3517367,lessthan 48000,27
2012-06-25 16:00,3524394,lessthan 32000,94
2012-06-25 16:00,3517636,lessthan 32768,129
2012-06-25 16:00,3517367,lessthan 48000,13
2012-06-25 17:00,3524394,lessthan 32000,57
2012-06-25 17:00,3517636,lessthan 32768,71
2012-06-25 17:00,3517367,lessthan 48000,23
2012-06-25 18:00,3524394,lessthan 32000,42
2012-06-25 18:00,3517636,lessthan 32768,41
2012-06-25 18:00,3517367,lessthan 48000,13
2012-06-25 19:00,3524394,lessthan 32000,56
2012-06-25 19:00,3517636,lessthan 32768,5
2012-06-25 19:00,3517367,lessthan 48000,9
2012-06-25 20:00,3524394,lessthan 32000,65
2012-06-25 20:00,3517636,lessthan 32768,13
2012-06-25 20:00,3517367,lessthan 48000,40
2012-06-25 21:00,3524394,lessthan 32000,54
2012-06-25 21:00,3517636,lessthan 32768,35
2012-06-25 21:00,3517367,lessthan 48000,51
2012-06-25 22:00,3524394,lessthan 32000,149
2012-06-25 22:00,3517636,lessthan 32768,77
2012-06-25 22:00,3517367,lessthan 48000,105
2012-06-25 23:00,3524394,lessthan 32000,144
2012-06-25 23:00,3517636,lessthan 32768,60
2012-06-25 23:00,3517367,lessthan 48000,64
2012-06-26 00:00,3524394,lessthan 32000,125
2012-06-26 00:00,3517636,lessthan 32768,96
2012-06-26 00:00,3517367,lessthan 48000,97
2012-06-26 01:00,3524394,lessthan 32000,88
2012-06-26 01:00,3517636,lessthan 32768,65
2012-06-26 01:00,3517367,lessthan 48000,53
2012-06-26 02:00,3524394,lessthan 32000,172
2012-06-26 02:00,3517636,lessthan 32768,86
2012-06-26 02:00,3517367,lessthan 48000,164
2012-06-26 03:00,3524394,lessthan 32000,101
2012-06-26 03:00,3517636,lessthan 32768,75
2012-06-26 03:00,3517367,lessthan 48000,41
2012-06-26 04:00,3524394,lessthan 32000,158
2012-06-26 04:00,3517636,lessthan 32768,58
2012-06-26 04:00,3517367,lessthan 48000,52
2012-06-26 05:00,3524394,lessthan 32000,303
2012-06-26 05:00,3517636,lessthan 32768,85
2012-06-26 05:00,3517367,lessthan 48000,63
2012-06-26 06:00,3524394,lessthan 32000,238
2012-06-26 06:00,3517636,lessthan 32768,131
2012-06-26 06:00,3517367,lessthan 48000,84
2012-06-26 07:00,3524394,lessthan 32000,76
2012-06-26 07:00,3517636,lessthan 32768,35
2012-06-26 07:00,3517367,lessthan 48000,11
2012-06-26 08:00,3524394,lessthan 32000,87
2012-06-26 08:00,3517636,lessthan 32768,50
2012-06-26 08:00,3517367,lessthan 48000,42
2012-06-26 09:00,3524394,lessthan 32000,202
2012-06-26 09:00,3517636,lessthan 32768,48
2012-06-26 09:00,3517367,lessthan 48000,78
2012-06-26 10:00,3524394,lessthan 32000,78
2012-06-26 10:00,3517636,lessthan 32768,79
2012-06-26 10:00,3517367,lessthan 48000,39
2012-06-26 11:00,3524394,lessthan 32000,39
2012-06-26 11:00,3517636,lessthan 32768,45
2012-06-26 11:00,3517367,lessthan 48000,22
2012-06-26 12:00,3524394,lessthan 32000,89
2012-06-26 12:00,3517636,lessthan 32768,90
2012-06-26 12:00,3517367,lessthan 48000,49
2012-06-26 13:00,3524394,lessthan 32000,109
2012-06-26 13:00,3517636,lessthan 32768,46
2012-06-26 13:00,3517367,lessthan 48000,22
2012-06-26 14:00,3524394,lessthan 32000,125
2012-06-26 14:00,3517636,lessthan 32768,43
2012-06-26 14:00,3517367,lessthan 48000,4
2012-06-26 15:00,3524394,lessthan 32000,221
2012-06-26 15:00,3517636,lessthan 32768,87
2012-06-26 15:00,3517367,lessthan 48000,27
2012-06-26 16:00,3524394,lessthan 32000,86
2012-06-26 16:00,3517636,lessthan 32768,75
2012-06-26 16:00,3517367,lessthan 48000,17
2012-06-26 17:00,3524394,lessthan 32000,4
2012-06-26 17:00,3517636,lessthan 32768,11
2012-06-26 17:00,3517367,lessthan 48000,9
2012-06-26 18:00,3524394,lessthan 32000,69
2012-06-26 18:00,3517636,lessthan 32768,100
2012-06-26 18:00,3517367,lessthan 48000,28
2012-06-26 19:00,3524394,lessthan 32000,116
2012-06-26 19:00,3517636,lessthan 32768,114
2012-06-26 19:00,3517367,lessthan 48000,41
2012-06-26 20:00,3524394,lessthan 32000,38
2012-06-26 20:00,3517636,lessthan 32768,13
2012-06-26 20:00,3517367,lessthan 48000,20
2012-06-26 21:00,3524394,lessthan 32000,60
2012-06-26 21:00,3517636,lessthan 32768,73
2012-06-26 21:00,3517367,lessthan 48000,60
2012-06-26 22:00,3524394,lessthan 32000,93
2012-06-26 22:00,3517636,lessthan 32768,62
2012-06-26 22:00,3517367,lessthan 48000,41
2012-06-26 23:00,3524394,lessthan 32000,79
2012-06-26 23:00,3517636,lessthan 32768,41
2012-06-26 23:00,3517367,lessthan 48000,62
2012-06-27 00:00,3524394,lessthan 32000,67
2012-06-27 00:00,3517636,lessthan 32768,31
2012-06-27 00:00,3517367,lessthan 48000,67
2012-06-27 01:00,3524394,lessthan 32000,65
2012-06-27 01:00,3517636,lessthan 32768,45
2012-06-27 01:00,3517367,lessthan 48000,43
2012-06-27 02:00,3524394,lessthan 32000,186
2012-06-27 02:00,3517636,lessthan 32768,53
2012-06-27 02:00,3517367,lessthan 48000,41
2012-06-27 03:00,3524394,lessthan 32000,143
2012-06-27 03:00,3517636,lessthan 32768,72
2012-06-27 03:00,3517367,lessthan 48000,58
2012-06-27 04:00,3524394,lessthan 32000,132
2012-06-27 04:00,3517636,lessthan 32768,35
2012-06-27 04:00,3517367,lessthan 48000,32
2012-06-27 05:00,3524394,lessthan 32000,20
2012-06-27 05:00,3517636,lessthan 32768,6
2012-06-27 05:00,3517367,lessthan 48000,20
2012-06-27 06:00,3524394,lessthan 32000,92
2012-06-27 06:00,3517636,lessthan 32768,24
2012-06-27 06:00,3517367,lessthan 48000,56
2012-06-27 07:00,3524394,lessthan 32000,116
2012-06-27 07:00,3517636,lessthan 32768,31
2012-06-27 07:00,3517367,lessthan 48000,13
2012-06-27 08:00,3524394,lessthan 32000,32
2012-06-27 08:00,3517636,lessthan 32768,16
2012-06-27 08:00,3517367,lessthan 48000,71
2012-06-27 09:00,3524394,lessthan 32000,47
2012-06-27 09:00,3517636,lessthan 32768,24
2012-06-27 09:00,3517367,lessthan 48000,106
2012-06-27 10:00,3524394,lessthan 32000,45
2012-06-27 10:00,3517636,lessthan 32768,25
2012-06-27 10:00,3517367,lessthan 48000,82
2012-06-27 11:00,3524394,lessthan 32000,65
2012-06-27 11:00,3517636,lessthan 32768,4
2012-06-27 11:00,3517367,lessthan 48000,20
2012-06-27 12:00,3524394,lessthan 32000,21
2012-06-27 12:00,3517636,lessthan 32768,1
2012-06-27 12:00,3517367,lessthan 48000,18
2012-06-27 13:00,3524394,lessthan 32000,44
2012-06-27 13:00,3517636,lessthan 32768,35
2012-06-27 13:00,3517367,lessthan 48000,121
2012-06-27 14:00,3524394,lessthan 32000,22
2012-06-27 14:00,3517636,lessthan 32768,26
2012-06-27 14:00,3517367,lessthan 48000,113
2012-06-27 15:00,3524394,lessthan 32000,11
2012-06-27 15:00,3517636,lessthan 32768,14
2012-06-27 15:00,3517367,lessthan 48000,51
2012-06-27 16:00,3524394,lessthan 32000,17
2012-06-27 16:00,3517636,lessthan 32768,12
2012-06-27 16:00,3517367,lessthan 48000,66
2012-06-27 17:00,3524394,lessthan 32000,10
2012-06-27 17:00,3517636,lessthan 32768,23
2012-06-27 17:00,3517367,lessthan 48000,31
2012-06-27 18:00,3524394,lessthan 32000,78
2012-06-27 18:00,3517636,lessthan 32768,14
2012-06-27 18:00,3517367,lessthan 48000,13
2012-06-27 19:00,3524394,lessthan 32000,16
2012-06-27 19:00,3517636,lessthan 32768,22
2012-06-27 19:00,3517367,lessthan 48000,36
2012-06-27 20:00,3524394,lessthan 32000,17
2012-06-27 20:00,3517636,lessthan 32768,2
2012-06-27 20:00,3517367,lessthan 48000,7
2012-06-27 21:00,3524394,lessthan 32000,53
2012-06-27 21:00,3517636,lessthan 32768,37
2012-06-27 21:00,3517367,lessthan 48000,6
2012-06-27 22:00,3524394,lessthan 32000,71
2012-06-27 22:00,3517636,lessthan 32768,15
2012-06-27 22:00,3517367,lessthan 48000,6
2012-06-27 23:00,3524394,lessthan 32000,79
2012-06-27 23:00,3517636,lessthan 32768,16
2012-06-27 23:00,3517367,lessthan 48000,8
2012-06-28 00:00,3524394,lessthan 32000,13
2012-06-28 00:00,3517636,lessthan 32768,11
2012-06-28 00:00,3517367,lessthan 48000,9
2012-06-28 01:00,3524394,lessthan 32000,102
2012-06-28 01:00,3517636,lessthan 32768,36
2012-06-28 01:00,3517367,lessthan 48000,52
2012-06-28 02:00,3524394,lessthan 32000,54
2012-06-28 02:00,3517636,lessthan 32768,13
2012-06-28 02:00,3517367,lessthan 48000,43
2012-06-28 03:00,3524394,lessthan 32000,59
2012-06-28 03:00,3517636,lessthan 32768,14
2012-06-28 03:00,3517367,lessthan 48000,5
2012-06-28 04:00,3524394,lessthan 32000,515
2012-06-28 04:00,3517636,lessthan 32768,53
2012-06-28 04:00,3517367,lessthan 48000,32
2012-06-28 05:00,3524394,lessthan 32000,316
2012-06-28 05:00,3517636,lessthan 32768,28
2012-06-28 05:00,3517367,lessthan 48000,59
2012-06-28 06:00,3524394,lessthan 32000,359
2012-06-28 06:00,3517636,lessthan 32768,20
2012-06-28 06:00,3517367,lessthan 48000,67
2012-06-28 07:00,3524394,lessthan 32000,163
2012-06-28 07:00,3517636,lessthan 32768,15
2012-06-28 07:00,3517367,lessthan 48000,73
2012-06-28 08:00,3524394,lessthan 32000,373
2012-06-28 08:00,3517636,lessthan 32768,39
2012-06-28 08:00,3517367,lessthan 48000,39
2012-06-28 09:00,3524394,lessthan 32000,50
2012-06-28 09:00,3517636,lessthan 32768,56
2012-06-28 09:00,3517367,lessthan 48000,74
2012-06-28 10:00,3524394,lessthan 32000,43
2012-06-28 10:00,3517636,lessthan 32768,40
2012-06-28 10:00,3517367,lessthan 48000,81
2012-06-28 11:00,3524394,lessthan 32000,308
2012-06-28 11:00,3517636,lessthan 32768,64
2012-06-28 11:00,3517367,lessthan 48000,78
2012-06-28 12:00,3524394,lessthan 32000,149
2012-06-28 12:00,3517636,lessthan 32768,20
2012-06-28 12:00,3517367,lessthan 48000,18
2012-06-28 13:00,3524394,lessthan 32000,348
2012-06-28 13:00,3517636,lessthan 32768,18
2012-06-28 13:00,3517367,lessthan 48000,34
2012-06-28 14:00,3524394,lessthan 32000,162
2012-06-28 14:00,3517636,lessthan 32768,28
2012-06-28 14:00,3517367,lessthan 48000,16
2012-06-28 15:00,3524394,lessthan 32000,83
2012-06-28 15:00,3517636,lessthan 32768,14
2012-06-28 15:00,3517367,lessthan 48000,17
2012-06-28 16:00,3524394,lessthan 32000,4
2012-06-28 16:00,3517636,lessthan 32768,4
2012-06-28 16:00,3517367,lessthan 48000,2
2012-06-28 17:00,3524394,lessthan 32000,62
2012-06-28 17:00,3517636,lessthan 32768,14
2012-06-28 17:00,3517367,lessthan 48000,16
2012-06-28 18:00,3524394,lessthan 32000,122
2012-06-28 18:00,3517636,lessthan 32768,11
2012-06-28 18:00,3517367,lessthan 48000,19
2012-06-28 19:00,3524394,lessthan 32000,2
2012-06-28 19:00,3517636,lessthan 32768,17
2012-06-28 19:00,3517367,lessthan 48000,4
2012-06-28 20:00,3524394,lessthan 32000,19
2012-06-28 20:00,3517636,lessthan 32768,30
2012-06-28 20:00,3517367,lessthan 48000,28
2012-06-28 21:00,3524394,lessthan 32000,29
2012-06-28 21:00,3517636,lessthan 32768,11
2012-06-28 21:00,3517367,lessthan 48000,28
2012-06-28 22:00,3524394,lessthan 32000,88
2012-06-28 22:00,3517636,lessthan 32768,6
2012-06-28 22:00,3517367,lessthan 48000,22
2012-06-28 23:00,3524394,lessthan 32000,57
2012-06-28 23:00,3517636,lessthan 32768,57
2012-06-28 23:00,3517367,lessthan 48000,44
2012-06-29 00:00,3524394,lessthan 32000,0
2012-06-29 00:00,3517636,lessthan 32768,0
2012-06-29 00:00,3517367,lessthan 48000,0
2012-06-29 01:00,3524394,lessthan 32000,119
2012-06-29 01:00,3517636,lessthan 32768,29
2012-06-29 01:00,3517367,lessthan 48000,65
2012-06-29 02:00,3524394,lessthan 32000,88
2012-06-29 02:00,3517636,lessthan 32768,46
2012-06-29 02:00,3517367,lessthan 48000,16
2012-06-29 03:00,3524394,lessthan 32000,276
2012-06-29 03:00,3517636,lessthan 32768,65
2012-06-29 03:00,3517367,lessthan 48000,36
2012-06-29 04:00,3524394,lessthan 32000,18
2012-06-29 04:00,3517636,lessthan 32768,72
2012-06-29 04:00,3517367,lessthan 48000,55
2012-06-29 05:00,3524394,lessthan 32000,108
2012-06-29 05:00,3517636,lessthan 32768,35
2012-06-29 05:00,3517367,lessthan 48000,34
2012-06-29 06:00,3524394,lessthan 32000,83
2012-06-29 06:00,3517636,lessthan 32768,10
2012-06-29 06:00,3517367,lessthan 48000,14
2012-06-29 07:00,3524394,lessthan 32000,14
2012-06-29 07:00,3517636,lessthan 32768,11
2012-06-29 07:00,3517367,lessthan 48000,5
2012-06-29 08:00,3524394,lessthan 32000,55
2012-06-29 08:00,3517636,lessthan 32768,1
2012-06-29 08:00,3517367,lessthan 48000,8
2012-06-29 09:00,3524394,lessthan 32000,4
2012-06-29 09:00,3517636,lessthan 32768,2
2012-06-29 09:00,3517367,lessthan 48000,0
2012-06-29 10:00,3524394,lessthan 32000,80
2012-06-29 10:00,3517636,lessthan 32768,8
2012-06-29 10:00,3517367,lessthan 48000,4
2012-06-29 11:00,3524394,lessthan 32000,44
2012-06-29 11:00,3517636,lessthan 32768,1
2012-06-29 11:00,3517367,lessthan 48000,1
2012-06-29 12:00,3524394,lessthan 32000,108
2012-06-29 12:00,3517636,lessthan 32768,4
2012-06-29 12:00,3517367,lessthan 48000,0
2012-06-29 13:00,3524394,lessthan 32000,57
2012-06-29 13:00,3517636,lessthan 32768,4
2012-06-29 13:00,3517367,lessthan 48000,4
2012-06-29 14:00,3524394,lessthan 32000,60
2012-06-29 14:00,3517636,lessthan 32768,10
2012-06-29 14:00,3517367,lessthan 48000,27
2012-06-29 15:00,3524394,lessthan 32000,54
2012-06-29 15:00,3517636,lessthan 32768,2
2012-06-29 15:00,3517367,lessthan 48000,41
2012-06-29 16:00,3524394,lessthan 32000,7
2012-06-29 16:00,3517636,lessthan 32768,4
2012-06-29 16:00,3517367,lessthan 48000,11
2012-06-29 17:00,3524394,lessthan 32000,49
2012-06-29 17:00,3517636,lessthan 32768,7
2012-06-29 17:00,3517367,lessthan 48000,42
2012-06-29 18:00,3524394,lessthan 32000,9
2012-06-29 18:00,3517636,lessthan 32768,1
2012-06-29 18:00,3517367,lessthan 48000,10
2012-06-29 19:00,3524394,lessthan 32000,34
2012-06-29 19:00,3517636,lessthan 32768,15
2012-06-29 19:00,3517367,lessthan 48000,3
2012-06-29 20:00,3524394,lessthan 32000,16
2012-06-29 20:00,3517636,lessthan 32768,57
2012-06-29 20:00,3517367,lessthan 48000,17
2012-06-29 21:00,3524394,lessthan 32000,72
2012-06-29 21:00,3517636,lessthan 32768,10
2012-06-29 21:00,3517367,lessthan 48000,12
2012-06-29 22:00,3524394,lessthan 32000,146
2012-06-29 22:00,3517636,lessthan 32768,17
2012-06-29 22:00,3517367,lessthan 48000,6
2012-06-29 23:00,3524394,lessthan 32000,48
2012-06-29 23:00,3517636,lessthan 32768,6
2012-06-29 23:00,3517367,lessthan 48000,1
2012-06-30 00:00,3524394,lessthan 32000,32
2012-06-30 00:00,3517636,lessthan 32768,10
2012-06-30 00:00,3517367,lessthan 48000,37
2012-06-30 01:00,3524394,lessthan 32000,191
2012-06-30 01:00,3517636,lessthan 32768,13
2012-06-30 01:00,3517367,lessthan 48000,7
2012-06-30 02:00,3524394,lessthan 32000,134
2012-06-30 02:00,3517636,lessthan 32768,20
2012-06-30 02:00,3517367,lessthan 48000,2
2012-06-30 03:00,3524394,lessthan 32000,59
2012-06-30 03:00,3517636,lessthan 32768,2
2012-06-30 03:00,3517367,lessthan 48000,2
2012-06-30 04:00,3524394,lessthan 32000,217
2012-06-30 04:00,3517636,lessthan 32768,11
2012-06-30 04:00,3517367,lessthan 48000,0
2012-06-30 05:00,3524394,lessthan 32000,80
2012-06-30 05:00,3517636,lessthan 32768,0
2012-06-30 05:00,3517367,lessthan 48000,9
2012-06-30 06:00,3524394,lessthan 32000,290
2012-06-30 06:00,3517636,lessthan 32768,29
2012-06-30 06:00,3517367,lessthan 48000,6
2012-06-30 07:00,3524394,lessthan 32000,246
2012-06-30 07:00,3517636,lessthan 32768,9
2012-06-30 07:00,3517367,lessthan 48000,7
2012-06-30 08:00,3524394,lessthan 32000,133
2012-06-30 08:00,3517636,lessthan 32768,13
2012-06-30 08:00,3517367,lessthan 48000,0
2012-06-30 09:00,3524394,lessthan 32000,290
2012-06-30 09:00,3517636,lessthan 32768,36
2012-06-30 09:00,3517367,lessthan 48000,18
2012-06-30 10:00,3524394,lessthan 32000,14
2012-06-30 10:00,3517636,lessthan 32768,35
2012-06-30 10:00,3517367,lessthan 48000,4
2012-06-30 11:00,3524394,lessthan 32000,94
2012-06-30 11:00,3517636,lessthan 32768,17
2012-06-30 11:00,3517367,lessthan 48000,23
2012-06-30 12:00,3524394,lessthan 32000,58
2012-06-30 12:00,3517636,lessthan 32768,2
2012-06-30 12:00,3517367,lessthan 48000,4
2012-06-30 13:00,3524394,lessthan 32000,34
2012-06-30 13:00,3517636,lessthan 32768,1
2012-06-30 13:00,3517367,lessthan 48000,3
2012-06-30 14:00,3524394,lessthan 32000,105
2012-06-30 14:00,3517636,lessthan 32768,2
2012-06-30 14:00,3517367,lessthan 48000,4
2012-06-30 15:00,3524394,lessthan 32000,31
2012-06-30 15:00,3517636,lessthan 32768,5
2012-06-30 15:00,3517367,lessthan 48000,1
2012-06-30 16:00,3524394,lessthan 32000,19
2012-06-30 16:00,3517636,lessthan 32768,26
2012-06-30 16:00,3517367,lessthan 48000,2
2012-06-30 17:00,3524394,lessthan 32000,12
2012-06-30 17:00,3517636,lessthan 32768,69
2012-06-30 17:00,3517367,lessthan 48000,28
2012-06-30 18:00,3524394,lessthan 32000,83
2012-06-30 18:00,3517636,lessthan 32768,41
2012-06-30 18:00,3517367,lessthan 48000,80
2012-06-30 19:00,3524394,lessthan 32000,14
2012-06-30 19:00,3517636,lessthan 32768,28
2012-06-30 19:00,3517367,lessthan 48000,6
2012-06-30 20:00,3524394,lessthan 32000,12
2012-06-30 20:00,3517636,lessthan 32768,4
2012-06-30 20:00,3517367,lessthan 48000,10
2012-06-30 21:00,3524394,lessthan 32000,5
2012-06-30 21:00,3517636,lessthan 32768,1
2012-06-30 21:00,3517367,lessthan 48000,1
2012-06-30 22:00,3524394,lessthan 32000,67
2012-06-30 22:00,3517636,lessthan 32768,8
2012-06-30 22:00,3517367,lessthan 48000,12
2012-06-30 23:00,3524394,lessthan 32000,99
2012-06-30 23:00,3517636,lessthan 32768,0
2012-06-30 23:00,3517367,lessthan 48000,5
2012-07-01 00:00,3524394,lessthan 32000,26
2012-07-01 00:00,3517636,lessthan 32768,14
2012-07-01 00:00,3517367,lessthan 48000,7
2012-07-01 01:00,3524394,lessthan 32000,17
2012-07-01 01:00,3517636,lessthan 32768,30
2012-07-01 01:00,3517367,lessthan 48000,7
2012-07-01 02:00,3524394,lessthan 32000,9
2012-07-01 02:00,3517636,lessthan 32768,14
2012-07-01 02:00,3517367,lessthan 48000,1
2012-07-01 03:00,3524394,lessthan 32000,110
2012-07-01 03:00,3517636,lessthan 32768,42
2012-07-01 03:00,3517367,lessthan 48000,6
2012-07-01 04:00,3524394,lessthan 32000,44
2012-07-01 04:00,3517636,lessthan 32768,11
2012-07-01 04:00,3517367,lessthan 48000,1
2012-07-01 05:00,3524394,lessthan 32000,65
2012-07-01 05:00,3517636,lessthan 32768,5
2012-07-01 05:00,3517367,lessthan 48000,0
2012-07-01 06:00,3524394,lessthan 32000,98
2012-07-01 06:00,3517636,lessthan 32768,1
2012-07-01 06:00,3517367,lessthan 48000,1
2012-07-01 07:00,3524394,lessthan 32000,148
2012-07-01 07:00,3517636,lessthan 32768,0
2012-07-01 07:00,3517367,lessthan 48000,3
2012-07-01 08:00,3524394,lessthan 32000,61
2012-07-01 08:00,3517636,lessthan 32768,26
2012-07-01 08:00,3517367,lessthan 48000,1
2012-07-01 09:00,3524394,lessthan 32000,44
2012-07-01 09:00,3517636,lessthan 32768,28
2012-07-01 09:00,3517367,lessthan 48000,4
2012-07-01 10:00,3524394,lessthan 32000,73
2012-07-01 10:00,3517636,lessthan 32768,18
2012-07-01 10:00,3517367,lessthan 48000,9
2012-07-01 11:00,3524394,lessthan 32000,72
2012-07-01 11:00,3517636,lessthan 32768,41
2012-07-01 11:00,3517367,lessthan 48000,11
2012-07-01 12:00,3524394,lessthan 32000,15
2012-07-01 12:00,3517636,lessthan 32768,13
2012-07-01 12:00,3517367,lessthan 48000,14
2012-07-01 13:00,3524394,lessthan 32000,35
2012-07-01 13:00,3517636,lessthan 32768,10
2012-07-01 13:00,3517367,lessthan 48000,9
2012-07-01 14:00,3524394,lessthan 32000,39
2012-07-01 14:00,3517636,lessthan 32768,8
2012-07-01 14:00,3517367,lessthan 48000,4
2012-07-01 15:00,3524394,lessthan 32000,54
2012-07-01 15:00,3517636,lessthan 32768,26
2012-07-01 15:00,3517367,lessthan 48000,1
2012-07-01 16:00,3524394,lessthan 32000,47
2012-07-01 16:00,3517636,lessthan 32768,12
2012-07-01 16:00,3517367,lessthan 48000,0
2012-07-01 17:00,3524394,lessthan 32000,23
2012-07-01 17:00,3517636,lessthan 32768,19
2012-07-01 17:00,3517367,lessthan 48000,11
2012-07-01 18:00,3524394,lessthan 32000,22
2012-07-01 18:00,3517636,lessthan 32768,12
2012-07-01 18:00,3517367,lessthan 48000,0
2012-07-01 19:00,3524394,lessthan 32000,49
2012-07-01 19:00,3517636,lessthan 32768,9
2012-07-01 19:00,3517367,lessthan 48000,2
2012-07-01 20:00,3524394,lessthan 32000,11
2012-07-01 20:00,3517636,lessthan 32768,6
2012-07-01 20:00,3517367,lessthan 48000,3
2012-07-01 21:00,3524394,lessthan 32000,3
2012-07-01 21:00,3517636,lessthan 32768,7
2012-07-01 21:00,3517367,lessthan 48000,6
2012-07-01 22:00,3524394,lessthan 32000,51
2012-07-01 22:00,3517636,lessthan 32768,3
2012-07-01 22:00,3517367,lessthan 48000,5
2012-07-01 23:00,3524394,lessthan 32000,38
2012-07-01 23:00,3517636,lessthan 32768,29
2012-07-01 23:00,3517367,lessthan 48000,3
2012-07-02 00:00,3524394,lessthan 32000,16
2012-07-02 00:00,3517636,lessthan 32768,8
2012-07-02 00:00,3517367,lessthan 48000,8
2012-07-02 01:00,3524394,lessthan 32000,33
2012-07-02 01:00,3517636,lessthan 32768,9
2012-07-02 01:00,3517367,lessthan 48000,1
2012-07-02 02:00,3524394,lessthan 32000,11
2012-07-02 02:00,3517636,lessthan 32768,10
2012-07-02 02:00,3517367,lessthan 48000,0
2012-07-02 03:00,3524394,lessthan 32000,31
2012-07-02 03:00,3517636,lessthan 32768,14
2012-07-02 03:00,3517367,lessthan 48000,4
2012-07-02 04:00,3524394,lessthan 32000,19
2012-07-02 04:00,3517636,lessthan 32768,1
2012-07-02 04:00,3517367,lessthan 48000,9
2012-07-02 05:00,3524394,lessthan 32000,27
2012-07-02 05:00,3517636,lessthan 32768,4
2012-07-02 05:00,3517367,lessthan 48000,2
2012-07-02 06:00,3524394,lessthan 32000,37
2012-07-02 06:00,3517636,lessthan 32768,12
2012-07-02 06:00,3517367,lessthan 48000,3
2012-07-02 07:00,3524394,lessthan 32000,34
2012-07-02 07:00,3517636,lessthan 32768,49
2012-07-02 07:00,3517367,lessthan 48000,1
2012-07-02 08:00,3524394,lessthan 32000,20
2012-07-02 08:00,3517636,lessthan 32768,53
2012-07-02 08:00,3517367,lessthan 48000,6
2012-07-02 09:00,3524394,lessthan 32000,66
2012-07-02 09:00,3517636,lessthan 32768,24
2012-07-02 09:00,3517367,lessthan 48000,11
2012-07-02 10:00,3524394,lessthan 32000,111
2012-07-02 10:00,3517636,lessthan 32768,16
2012-07-02 10:00,3517367,lessthan 48000,3
2012-07-02 11:00,3524394,lessthan 32000,53
2012-07-02 11:00,3517636,lessthan 32768,13
2012-07-02 11:00,3517367,lessthan 48000,1
2012-07-02 12:00,3524394,lessthan 32000,58
2012-07-02 12:00,3517636,lessthan 32768,12
2012-07-02 12:00,3517367,lessthan 48000,8
2012-07-02 13:00,3524394,lessthan 32000,57
2012-07-02 13:00,3517636,lessthan 32768,8
2012-07-02 13:00,3517367,lessthan 48000,35
2012-07-02 14:00,3524394,lessthan 32000,165
2012-07-02 14:00,3517636,lessthan 32768,47
2012-07-02 14:00,3517367,lessthan 48000,28
2012-07-02 15:00,3524394,lessthan 32000,522
2012-07-02 15:00,3517636,lessthan 32768,102
2012-07-02 15:00,3517367,lessthan 48000,48
2012-07-02 16:00,3524394,lessthan 32000,285
2012-07-02 16:00,3517636,lessthan 32768,9
2012-07-02 16:00,3517367,lessthan 48000,11
2012-07-02 17:00,3524394,lessthan 32000,98
2012-07-02 17:00,3517636,lessthan 32768,5
2012-07-02 17:00,3517367,lessthan 48000,16
2012-07-02 18:00,3524394,lessthan 32000,385
2012-07-02 18:00,3517636,lessthan 32768,15
2012-07-02 18:00,3517367,lessthan 48000,8
2012-07-02 19:00,3524394,lessthan 32000,39
2012-07-02 19:00,3517636,lessthan 32768,19
2012-07-02 19:00,3517367,lessthan 48000,6
2012-07-02 20:00,3524394,lessthan 32000,64
2012-07-02 20:00,3517636,lessthan 32768,23
2012-07-02 20:00,3517367,lessthan 48000,26
2012-07-02 21:00,3524394,lessthan 32000,13
2012-07-02 21:00,3517636,lessthan 32768,10
2012-07-02 21:00,3517367,lessthan 48000,4
2012-07-02 22:00,3524394,lessthan 32000,83
2012-07-02 22:00,3517636,lessthan 32768,7
2012-07-02 22:00,3517367,lessthan 48000,1
2012-07-02 23:00,3524394,lessthan 32000,2
2012-07-02 23:00,3517636,lessthan 32768,1
2012-07-02 23:00,3517367,lessthan 48000,6
2012-07-03 00:00,3524394,lessthan 32000,158
2012-07-03 00:00,3517636,lessthan 32768,38
2012-07-03 00:00,3517367,lessthan 48000,16
2012-07-03 01:00,3524394,lessthan 32000,34
2012-07-03 01:00,3517636,lessthan 32768,22
2012-07-03 01:00,3517367,lessthan 48000,0
2012-07-03 02:00,3524394,lessthan 32000,150
2012-07-03 02:00,3517636,lessthan 32768,103
2012-07-03 02:00,3517367,lessthan 48000,14
2012-07-03 03:00,3524394,lessthan 32000,46
2012-07-03 03:00,3517636,lessthan 32768,51
2012-07-03 03:00,3517367,lessthan 48000,30
2012-07-03 04:00,3524394,lessthan 32000,80
2012-07-03 04:00,3517636,lessthan 32768,30
2012-07-03 04:00,3517367,lessthan 48000,17
2012-07-03 05:00,3524394,lessthan 32000,179
2012-07-03 05:00,3517636,lessthan 32768,91
2012-07-03 05:00,3517367,lessthan 48000,11
2012-07-03 06:00,3524394,lessthan 32000,99
2012-07-03 06:00,3517636,lessthan 32768,51
2012-07-03 06:00,3517367,lessthan 48000,0
2012-07-03 07:00,3524394,lessthan 32000,53
2012-07-03 07:00,3517636,lessthan 32768,80
2012-07-03 07:00,3517367,lessthan 48000,0
2012-07-03 08:00,3524394,lessthan 32000,26
2012-07-03 08:00,3517636,lessthan 32768,27
2012-07-03 08:00,3517367,lessthan 48000,2
2012-07-03 09:00,3524394,lessthan 32000,125
2012-07-03 09:00,3517636,lessthan 32768,59
2012-07-03 09:00,3517367,lessthan 48000,6
2012-07-03 10:00,3524394,lessthan 32000,77
2012-07-03 10:00,3517636,lessthan 32768,40
2012-07-03 10:00,3517367,lessthan 48000,0
2012-07-03 11:00,3524394,lessthan 32000,18
2012-07-03 11:00,3517636,lessthan 32768,20
2012-07-03 11:00,3517367,lessthan 48000,8
2012-07-03 12:00,3524394,lessthan 32000,4
2012-07-03 12:00,3517636,lessthan 32768,2
2012-07-03 12:00,3517367,lessthan 48000,17
2012-07-03 13:00,3524394,lessthan 32000,15
2012-07-03 13:00,3517636,lessthan 32768,79
2012-07-03 13:00,3517367,lessthan 48000,14
2012-07-03 14:00,3524394,lessthan 32000,67
2012-07-03 14:00,3517636,lessthan 32768,67
2012-07-03 14:00,3517367,lessthan 48000,10
2012-07-03 15:00,3524394,lessthan 32000,86
2012-07-03 15:00,3517636,lessthan 32768,22
2012-07-03 15:00,3517367,lessthan 48000,12
2012-07-03 16:00,3524394,lessthan 32000,11
2012-07-03 16:00,3517636,lessthan 32768,8
2012-07-03 16:00,3517367,lessthan 48000,10
2012-07-03 17:00,3524394,lessthan 32000,73
2012-07-03 17:00,3517636,lessthan 32768,16
2012-07-03 17:00,3517367,lessthan 48000,37
2012-07-03 18:00,3524394,lessthan 32000,7
2012-07-03 18:00,3517636,lessthan 32768,27
2012-07-03 18:00,3517367,lessthan 48000,23
2012-07-03 19:00,3524394,lessthan 32000,16
2012-07-03 19:00,3517636,lessthan 32768,7
2012-07-03 19:00,3517367,lessthan 48000,0
2012-07-03 20:00,3524394,lessthan 32000,45
2012-07-03 20:00,3517636,lessthan 32768,46
2012-07-03 20:00,3517367,lessthan 48000,52
2012-07-03 21:00,3524394,lessthan 32000,7
2012-07-03 21:00,3517636,lessthan 32768,3
2012-07-03 21:00,3517367,lessthan 48000,3
2012-07-03 22:00,3524394,lessthan 32000,56
2012-07-03 22:00,3517636,lessthan 32768,6
2012-07-03 22:00,3517367,lessthan 48000,3
2012-07-03 23:00,3524394,lessthan 32000,1
2012-07-03 23:00,3517636,lessthan 32768,5
2012-07-03 23:00,3517367,lessthan 48000,5
2012-07-04 00:00,3524394,lessthan 32000,5
2012-07-04 00:00,3517636,lessthan 32768,16
2012-07-04 00:00,3517367,lessthan 48000,3
2012-07-04 01:00,3524394,lessthan 32000,23
2012-07-04 01:00,3517636,lessthan 32768,41
2012-07-04 01:00,3517367,lessthan 48000,3
2012-07-04 02:00,3524394,lessthan 32000,63
2012-07-04 02:00,3517636,lessthan 32768,101
2012-07-04 02:00,3517367,lessthan 48000,8
2012-07-04 03:00,3524394,lessthan 32000,41
2012-07-04 03:00,3517636,lessthan 32768,3
2012-07-04 03:00,3517367,lessthan 48000,0
2012-07-04 04:00,3524394,lessthan 32000,50
2012-07-04 04:00,3517636,lessthan 32768,138
2012-07-04 04:00,3517367,lessthan 48000,77
2012-07-04 05:00,3524394,lessthan 32000,42
2012-07-04 05:00,3517636,lessthan 32768,19
2012-07-04 05:00,3517367,lessthan 48000,12
2012-07-04 06:00,3524394,lessthan 32000,71
2012-07-04 06:00,3517636,lessthan 32768,1
2012-07-04 06:00,3517367,lessthan 48000,4
2012-07-04 07:00,3524394,lessthan 32000,18
2012-07-04 07:00,3517636,lessthan 32768,2
2012-07-04 07:00,3517367,lessthan 48000,0
2012-07-04 08:00,3524394,lessthan 32000,44
2012-07-04 08:00,3517636,lessthan 32768,10
2012-07-04 08:00,3517367,lessthan 48000,0
2012-07-04 09:00,3524394,lessthan 32000,77
2012-07-04 09:00,3517636,lessthan 32768,99
2012-07-04 09:00,3517367,lessthan 48000,4
2012-07-04 10:00,3524394,lessthan 32000,84
2012-07-04 10:00,3517636,lessthan 32768,55
2012-07-04 10:00,3517367,lessthan 48000,2
2012-07-04 11:00,3524394,lessthan 32000,174
2012-07-04 11:00,3517636,lessthan 32768,128
2012-07-04 11:00,3517367,lessthan 48000,1
2012-07-04 12:00,3524394,lessthan 32000,145
2012-07-04 12:00,3517636,lessthan 32768,1
2012-07-04 12:00,3517367,lessthan 48000,4
2012-07-04 13:00,3524394,lessthan 32000,89
2012-07-04 13:00,3517636,lessthan 32768,25
2012-07-04 13:00,3517367,lessthan 48000,8
2012-07-04 14:00,3524394,lessthan 32000,127
2012-07-04 14:00,3517636,lessthan 32768,11
2012-07-04 14:00,3517367,lessthan 48000,7
2012-07-04 15:00,3524394,lessthan 32000,73
2012-07-04 15:00,3517636,lessthan 32768,11
2012-07-04 15:00,3517367,lessthan 48000,5
2012-07-04 16:00,3524394,lessthan 32000,13
2012-07-04 16:00,3517636,lessthan 32768,15
2012-07-04 16:00,3517367,lessthan 48000,16
2012-07-04 17:00,3524394,lessthan 32000,131
2012-07-04 17:00,3517636,lessthan 32768,33
2012-07-04 17:00,3517367,lessthan 48000,68
2012-07-04 18:00,3524394,lessthan 32000,54
2012-07-04 18:00,3517636,lessthan 32768,25
2012-07-04 18:00,3517367,lessthan 48000,10
2012-07-04 19:00,3524394,lessthan 32000,22
2012-07-04 19:00,3517636,lessthan 32768,34
2012-07-04 19:00,3517367,lessthan 48000,26
2012-07-04 20:00,3524394,lessthan 32000,63
2012-07-04 20:00,3517636,lessthan 32768,34
2012-07-04 20:00,3517367,lessthan 48000,78
2012-07-04 21:00,3524394,lessthan 32000,15
2012-07-04 21:00,3517636,lessthan 32768,25
2012-07-04 21:00,3517367,lessthan 48000,112
2012-07-04 22:00,3524394,lessthan 32000,109
2012-07-04 22:00,3517636,lessthan 32768,32
2012-07-04 22:00,3517367,lessthan 48000,54
2012-07-04 23:00,3524394,lessthan 32000,105
2012-07-04 23:00,3517636,lessthan 32768,1
2012-07-04 23:00,3517367,lessthan 48000,3
2012-07-05 00:00,3524394,lessthan 32000,42
2012-07-05 00:00,3517636,lessthan 32768,0
2012-07-05 00:00,3517367,lessthan 48000,12
2012-07-05 01:00,3524394,lessthan 32000,78
2012-07-05 01:00,3517636,lessthan 32768,34
2012-07-05 01:00,3517367,lessthan 48000,6
2012-07-05 02:00,3524394,lessthan 32000,7
2012-07-05 02:00,3517636,lessthan 32768,8
2012-07-05 02:00,3517367,lessthan 48000,5
2012-07-05 03:00,3524394,lessthan 32000,53
2012-07-05 03:00,3517636,lessthan 32768,69
2012-07-05 03:00,3517367,lessthan 48000,20
2012-07-05 04:00,3524394,lessthan 32000,30
2012-07-05 04:00,3517636,lessthan 32768,75
2012-07-05 04:00,3517367,lessthan 48000,142
2012-07-05 05:00,3524394,lessthan 32000,78
2012-07-05 05:00,3517636,lessthan 32768,65
2012-07-05 05:00,3517367,lessthan 48000,20
2012-07-05 06:00,3524394,lessthan 32000,43
2012-07-05 06:00,3517636,lessthan 32768,38
2012-07-05 06:00,3517367,lessthan 48000,1
2012-07-05 07:00,3524394,lessthan 32000,8
2012-07-05 07:00,3517636,lessthan 32768,17
2012-07-05 07:00,3517367,lessthan 48000,12
2012-07-05 08:00,3524394,lessthan 32000,55
2012-07-05 08:00,3517636,lessthan 32768,46
2012-07-05 08:00,3517367,lessthan 48000,35
2012-07-05 09:00,3524394,lessthan 32000,22
2012-07-05 09:00,3517636,lessthan 32768,103
2012-07-05 09:00,3517367,lessthan 48000,25
2012-07-05 10:00,3524394,lessthan 32000,4
2012-07-05 10:00,3517636,lessthan 32768,46
2012-07-05 10:00,3517367,lessthan 48000,5
2012-07-05 11:00,3524394,lessthan 32000,67
2012-07-05 11:00,3517636,lessthan 32768,175
2012-07-05 11:00,3517367,lessthan 48000,9
2012-07-05 12:00,3524394,lessthan 32000,140
2012-07-05 12:00,3517636,lessthan 32768,96
2012-07-05 12:00,3517367,lessthan 48000,23
2012-07-05 13:00,3524394,lessthan 32000,164
2012-07-05 13:00,3517636,lessthan 32768,82
2012-07-05 13:00,3517367,lessthan 48000,12
2012-07-05 14:00,3524394,lessthan 32000,147
2012-07-05 14:00,3517636,lessthan 32768,143
2012-07-05 14:00,3517367,lessthan 48000,18
2012-07-05 15:00,3524394,lessthan 32000,65
2012-07-05 15:00,3517636,lessthan 32768,55
2012-07-05 15:00,3517367,lessthan 48000,2
2012-07-05 16:00,3524394,lessthan 32000,54
2012-07-05 16:00,3517636,lessthan 32768,106
2012-07-05 16:00,3517367,lessthan 48000,17
2012-07-05 17:00,3524394,lessthan 32000,94
2012-07-05 17:00,3517636,lessthan 32768,136
2012-07-05 17:00,3517367,lessthan 48000,10
2012-07-05 18:00,3524394,lessthan 32000,71
2012-07-05 18:00,3517636,lessthan 32768,140
2012-07-05 18:00,3517367,lessthan 48000,8
2012-07-05 19:00,3524394,lessthan 32000,47
2012-07-05 19:00,3517636,lessthan 32768,90
2012-07-05 19:00,3517367,lessthan 48000,34
2012-07-05 20:00,3524394,lessthan 32000,21
2012-07-05 20:00,3517636,lessthan 32768,89
2012-07-05 20:00,3517367,lessthan 48000,5
2012-07-05 21:00,3524394,lessthan 32000,26
2012-07-05 21:00,3517636,lessthan 32768,110
2012-07-05 21:00,3517367,lessthan 48000,5
2012-07-05 22:00,3524394,lessthan 32000,73
2012-07-05 22:00,3517636,lessthan 32768,55
2012-07-05 22:00,3517367,lessthan 48000,20
2012-07-05 23:00,3524394,lessthan 32000,16
2012-07-05 23:00,3517636,lessthan 32768,13
2012-07-05 23:00,3517367,lessthan 48000,2
2012-07-06 00:00,3524394,lessthan 32000,139
2012-07-06 00:00,3517636,lessthan 32768,118
2012-07-06 00:00,3517367,lessthan 48000,15
2012-07-06 01:00,3524394,lessthan 32000,141
2012-07-06 01:00,3517636,lessthan 32768,51
2012-07-06 01:00,3517367,lessthan 48000,18
2012-07-06 02:00,3524394,lessthan 32000,149
2012-07-06 02:00,3517636,lessthan 32768,38
2012-07-06 02:00,3517367,lessthan 48000,23
2012-07-06 03:00,3524394,lessthan 32000,75
2012-07-06 03:00,3517636,lessthan 32768,37
2012-07-06 03:00,3517367,lessthan 48000,13
2012-07-06 04:00,3524394,lessthan 32000,0
2012-07-06 04:00,3517636,lessthan 32768,0
2012-07-06 04:00,3517367,lessthan 48000,0
2012-07-06 05:00,3524394,lessthan 32000,75
2012-07-06 05:00,3517636,lessthan 32768,36
2012-07-06 05:00,3517367,lessthan 48000,8
2012-07-06 06:00,3524394,lessthan 32000,56
2012-07-06 06:00,3517636,lessthan 32768,39
2012-07-06 06:00,3517367,lessthan 48000,4
2012-07-06 07:00,3524394,lessthan 32000,87
2012-07-06 07:00,3517636,lessthan 32768,21
2012-07-06 07:00,3517367,lessthan 48000,0
2012-07-06 08:00,3524394,lessthan 32000,95
2012-07-06 08:00,3517636,lessthan 32768,84
2012-07-06 08:00,3517367,lessthan 48000,8
2012-07-06 09:00,3524394,lessthan 32000,17
2012-07-06 09:00,3517636,lessthan 32768,162
2012-07-06 09:00,3517367,lessthan 48000,2
2012-07-06 10:00,3524394,lessthan 32000,6
2012-07-06 10:00,3517636,lessthan 32768,78
2012-07-06 10:00,3517367,lessthan 48000,7
2012-07-06 11:00,3524394,lessthan 32000,2
2012-07-06 11:00,3517636,lessthan 32768,65
2012-07-06 11:00,3517367,lessthan 48000,1
2012-07-06 12:00,3524394,lessthan 32000,77
2012-07-06 12:00,3517636,lessthan 32768,182
2012-07-06 12:00,3517367,lessthan 48000,22
2012-07-06 13:00,3524394,lessthan 32000,122
2012-07-06 13:00,3517636,lessthan 32768,194
2012-07-06 13:00,3517367,lessthan 48000,53
2012-07-06 14:00,3524394,lessthan 32000,11
2012-07-06 14:00,3517636,lessthan 32768,31
2012-07-06 14:00,3517367,lessthan 48000,11
2012-07-06 15:00,3524394,lessthan 32000,63
2012-07-06 15:00,3517636,lessthan 32768,51
2012-07-06 15:00,3517367,lessthan 48000,35
2012-07-06 16:00,3524394,lessthan 32000,24
2012-07-06 16:00,3517636,lessthan 32768,95
2012-07-06 16:00,3517367,lessthan 48000,18
2012-07-06 17:00,3524394,lessthan 32000,11
2012-07-06 17:00,3517636,lessthan 32768,85
2012-07-06 17:00,3517367,lessthan 48000,18
2012-07-06 18:00,3524394,lessthan 32000,124
2012-07-06 18:00,3517636,lessthan 32768,36
2012-07-06 18:00,3517367,lessthan 48000,45
2012-07-06 19:00,3524394,lessthan 32000,17
2012-07-06 19:00,3517636,lessthan 32768,20
2012-07-06 19:00,3517367,lessthan 48000,21
2012-07-06 20:00,3524394,lessthan 32000,77
2012-07-06 20:00,3517636,lessthan 32768,139
2012-07-06 20:00,3517367,lessthan 48000,97
2012-07-06 21:00,3524394,lessthan 32000,45
2012-07-06 21:00,3517636,lessthan 32768,87
2012-07-06 21:00,3517367,lessthan 48000,47
2012-07-06 22:00,3524394,lessthan 32000,61
2012-07-06 22:00,3517636,lessthan 32768,215
2012-07-06 22:00,3517367,lessthan 48000,35
2012-07-06 23:00,3524394,lessthan 32000,59
2012-07-06 23:00,3517636,lessthan 32768,261
2012-07-06 23:00,3517367,lessthan 48000,94
2012-07-07 00:00,3524394,lessthan 32000,35
2012-07-07 00:00,3517636,lessthan 32768,332
2012-07-07 00:00,3517367,lessthan 48000,83
2012-07-07 01:00,3524394,lessthan 32000,6
2012-07-07 01:00,3517636,lessthan 32768,31
2012-07-07 01:00,3517367,lessthan 48000,14
2012-07-07 02:00,3524394,lessthan 32000,54
2012-07-07 02:00,3517636,lessthan 32768,29
2012-07-07 02:00,3517367,lessthan 48000,51
2012-07-07 03:00,3524394,lessthan 32000,25
2012-07-07 03:00,3517636,lessthan 32768,33
2012-07-07 03:00,3517367,lessthan 48000,35
2012-07-07 04:00,3524394,lessthan 32000,51
2012-07-07 04:00,3517636,lessthan 32768,61
2012-07-07 04:00,3517367,lessthan 48000,41
2012-07-07 05:00,3524394,lessthan 32000,62
2012-07-07 05:00,3517636,lessthan 32768,413
2012-07-07 05:00,3517367,lessthan 48000,39
2012-07-07 06:00,3524394,lessthan 32000,23
2012-07-07 06:00,3517636,lessthan 32768,19
2012-07-07 06:00,3517367,lessthan 48000,31
2012-07-07 07:00,3524394,lessthan 32000,3
2012-07-07 07:00,3517636,lessthan 32768,16
2012-07-07 07:00,3517367,lessthan 48000,5
2012-07-07 08:00,3524394,lessthan 32000,12
2012-07-07 08:00,3517636,lessthan 32768,29
2012-07-07 08:00,3517367,lessthan 48000,31
2012-07-07 09:00,3524394,lessthan 32000,7
2012-07-07 09:00,3517636,lessthan 32768,9
2012-07-07 09:00,3517367,lessthan 48000,17
2012-07-07 10:00,3524394,lessthan 32000,1
2012-07-07 10:00,3517636,lessthan 32768,2
2012-07-07 10:00,3517367,lessthan 48000,35
2012-07-07 11:00,3524394,lessthan 32000,32
2012-07-07 11:00,3517636,lessthan 32768,3
2012-07-07 11:00,3517367,lessthan 48000,24
2012-07-07 12:00,3524394,lessthan 32000,15
2012-07-07 12:00,3517636,lessthan 32768,15
2012-07-07 12:00,3517367,lessthan 48000,0
2012-07-07 13:00,3524394,lessthan 32000,3
2012-07-07 13:00,3517636,lessthan 32768,7
2012-07-07 13:00,3517367,lessthan 48000,13
2012-07-07 14:00,3524394,lessthan 32000,26
2012-07-07 14:00,3517636,lessthan 32768,27
2012-07-07 14:00,3517367,lessthan 48000,13
2012-07-07 15:00,3524394,lessthan 32000,43
2012-07-07 15:00,3517636,lessthan 32768,25
2012-07-07 15:00,3517367,lessthan 48000,8
2012-07-07 16:00,3524394,lessthan 32000,80
2012-07-07 16:00,3517636,lessthan 32768,57
2012-07-07 16:00,3517367,lessthan 48000,43
2012-07-07 17:00,3524394,lessthan 32000,18
2012-07-07 17:00,3517636,lessthan 32768,24
2012-07-07 17:00,3517367,lessthan 48000,34
2012-07-07 18:00,3524394,lessthan 32000,52
2012-07-07 18:00,3517636,lessthan 32768,1
2012-07-07 18:00,3517367,lessthan 48000,36
2012-07-07 19:00,3524394,lessthan 32000,83
2012-07-07 19:00,3517636,lessthan 32768,11
2012-07-07 19:00,3517367,lessthan 48000,11
2012-07-07 20:00,3524394,lessthan 32000,31
2012-07-07 20:00,3517636,lessthan 32768,33
2012-07-07 20:00,3517367,lessthan 48000,38
2012-07-07 21:00,3524394,lessthan 32000,36
2012-07-07 21:00,3517636,lessthan 32768,22
2012-07-07 21:00,3517367,lessthan 48000,62
2012-07-07 22:00,3524394,lessthan 32000,15
2012-07-07 22:00,3517636,lessthan 32768,2
2012-07-07 22:00,3517367,lessthan 48000,32
2012-07-07 23:00,3524394,lessthan 32000,28
2012-07-07 23:00,3517636,lessthan 32768,1
2012-07-07 23:00,3517367,lessthan 48000,53
2012-07-08 00:00,3524394,lessthan 32000,31
2012-07-08 00:00,3517636,lessthan 32768,13
2012-07-08 00:00,3517367,lessthan 48000,10
2012-07-08 01:00,3524394,lessthan 32000,78
2012-07-08 01:00,3517636,lessthan 32768,28
2012-07-08 01:00,3517367,lessthan 48000,44
2012-07-08 02:00,3524394,lessthan 32000,40
2012-07-08 02:00,3517636,lessthan 32768,1
2012-07-08 02:00,3517367,lessthan 48000,10
2012-07-08 03:00,3524394,lessthan 32000,150
2012-07-08 03:00,3517636,lessthan 32768,81
2012-07-08 03:00,3517367,lessthan 48000,27
2012-07-08 04:00,3524394,lessthan 32000,125
2012-07-08 04:00,3517636,lessthan 32768,88
2012-07-08 04:00,3517367,lessthan 48000,2
2012-07-08 05:00,3524394,lessthan 32000,186
2012-07-08 05:00,3517636,lessthan 32768,104
2012-07-08 05:00,3517367,lessthan 48000,10
2012-07-08 06:00,3524394,lessthan 32000,118
2012-07-08 06:00,3517636,lessthan 32768,63
2012-07-08 06:00,3517367,lessthan 48000,28
2012-07-08 07:00,3524394,lessthan 32000,99
2012-07-08 07:00,3517636,lessthan 32768,59
2012-07-08 07:00,3517367,lessthan 48000,15
2012-07-08 08:00,3524394,lessthan 32000,83
2012-07-08 08:00,3517636,lessthan 32768,29
2012-07-08 08:00,3517367,lessthan 48000,23
2012-07-08 09:00,3524394,lessthan 32000,35
2012-07-08 09:00,3517636,lessthan 32768,2
2012-07-08 09:00,3517367,lessthan 48000,7
2012-07-08 10:00,3524394,lessthan 32000,0
2012-07-08 10:00,3517636,lessthan 32768,2
2012-07-08 10:00,3517367,lessthan 48000,3
2012-07-08 11:00,3524394,lessthan 32000,6
2012-07-08 11:00,3517636,lessthan 32768,12
2012-07-08 11:00,3517367,lessthan 48000,6
2012-07-08 12:00,3524394,lessthan 32000,6
2012-07-08 12:00,3517636,lessthan 32768,4
2012-07-08 12:00,3517367,lessthan 48000,14
2012-07-08 13:00,3524394,lessthan 32000,4
2012-07-08 13:00,3517636,lessthan 32768,5
2012-07-08 13:00,3517367,lessthan 48000,3
2012-07-08 14:00,3524394,lessthan 32000,6
2012-07-08 14:00,3517636,lessthan 32768,4
2012-07-08 14:00,3517367,lessthan 48000,6
2012-07-08 15:00,3524394,lessthan 32000,34
2012-07-08 15:00,3517636,lessthan 32768,25
2012-07-08 15:00,3517367,lessthan 48000,18
2012-07-08 16:00,3524394,lessthan 32000,14
2012-07-08 16:00,3517636,lessthan 32768,33
2012-07-08 16:00,3517367,lessthan 48000,2
2012-07-08 17:00,3524394,lessthan 32000,12
2012-07-08 17:00,3517636,lessthan 32768,67
2012-07-08 17:00,3517367,lessthan 48000,30
2012-07-08 18:00,3524394,lessthan 32000,0
2012-07-08 18:00,3517636,lessthan 32768,0
2012-07-08 18:00,3517367,lessthan 48000,0
2012-07-08 19:00,3524394,lessthan 32000,162
2012-07-08 19:00,3517636,lessthan 32768,153
2012-07-08 19:00,3517367,lessthan 48000,23
2012-07-08 20:00,3524394,lessthan 32000,14
2012-07-08 20:00,3517636,lessthan 32768,41
2012-07-08 20:00,3517367,lessthan 48000,1
2012-07-08 21:00,3524394,lessthan 32000,40
2012-07-08 21:00,3517636,lessthan 32768,66
2012-07-08 21:00,3517367,lessthan 48000,4
2012-07-08 22:00,3524394,lessthan 32000,116
2012-07-08 22:00,3517636,lessthan 32768,117
2012-07-08 22:00,3517367,lessthan 48000,24
2012-07-08 23:00,3524394,lessthan 32000,78
2012-07-08 23:00,3517636,lessthan 32768,93
2012-07-08 23:00,3517367,lessthan 48000,16
2012-07-09 00:00,3524394,lessthan 32000,39
2012-07-09 00:00,3517636,lessthan 32768,37
2012-07-09 00:00,3517367,lessthan 48000,3
2012-07-09 01:00,3524394,lessthan 32000,127
2012-07-09 01:00,3517636,lessthan 32768,68
2012-07-09 01:00,3517367,lessthan 48000,13
2012-07-09 02:00,3524394,lessthan 32000,109
2012-07-09 02:00,3517636,lessthan 32768,62
2012-07-09 02:00,3517367,lessthan 48000,19
2012-07-09 03:00,3524394,lessthan 32000,130
2012-07-09 03:00,3517636,lessthan 32768,85
2012-07-09 03:00,3517367,lessthan 48000,9
2012-07-09 04:00,3524394,lessthan 32000,159
2012-07-09 04:00,3517636,lessthan 32768,56
2012-07-09 04:00,3517367,lessthan 48000,9
2012-07-09 05:00,3524394,lessthan 32000,87
2012-07-09 05:00,3517636,lessthan 32768,46
2012-07-09 05:00,3517367,lessthan 48000,2
2012-07-09 06:00,3524394,lessthan 32000,97
2012-07-09 06:00,3517636,lessthan 32768,51
2012-07-09 06:00,3517367,lessthan 48000,15
2012-07-09 07:00,3524394,lessthan 32000,43
2012-07-09 07:00,3517636,lessthan 32768,44
2012-07-09 07:00,3517367,lessthan 48000,13
2012-07-09 08:00,3524394,lessthan 32000,95
2012-07-09 08:00,3517636,lessthan 32768,68
2012-07-09 08:00,3517367,lessthan 48000,18
2012-07-09 09:00,3524394,lessthan 32000,71
2012-07-09 09:00,3517636,lessthan 32768,62
2012-07-09 09:00,3517367,lessthan 48000,19
2012-07-09 10:00,3524394,lessthan 32000,65
2012-07-09 10:00,3517636,lessthan 32768,59
2012-07-09 10:00,3517367,lessthan 48000,4
2012-07-09 11:00,3524394,lessthan 32000,55
2012-07-09 11:00,3517636,lessthan 32768,95
2012-07-09 11:00,3517367,lessthan 48000,0
2012-07-09 12:00,3524394,lessthan 32000,42
2012-07-09 12:00,3517636,lessthan 32768,45
2012-07-09 12:00,3517367,lessthan 48000,10
2012-07-09 13:00,3524394,lessthan 32000,23
2012-07-09 13:00,3517636,lessthan 32768,42
2012-07-09 13:00,3517367,lessthan 48000,0
2012-07-09 14:00,3524394,lessthan 32000,47
2012-07-09 14:00,3517636,lessthan 32768,198
2012-07-09 14:00,3517367,lessthan 48000,15
2012-07-09 15:00,3524394,lessthan 32000,36
2012-07-09 15:00,3517636,lessthan 32768,34
2012-07-09 15:00,3517367,lessthan 48000,3
2012-07-09 16:00,3524394,lessthan 32000,24
2012-07-09 16:00,3517636,lessthan 32768,65
2012-07-09 16:00,3517367,lessthan 48000,5
2012-07-09 17:00,3524394,lessthan 32000,1
2012-07-09 17:00,3517636,lessthan 32768,39
2012-07-09 17:00,3517367,lessthan 48000,1
2012-07-09 18:00,3524394,lessthan 32000,10
2012-07-09 18:00,3517636,lessthan 32768,230
2012-07-09 18:00,3517367,lessthan 48000,18
2012-07-09 19:00,3524394,lessthan 32000,22
2012-07-09 19:00,3517636,lessthan 32768,39
2012-07-09 19:00,3517367,lessthan 48000,24
2012-07-09 20:00,3524394,lessthan 32000,13
2012-07-09 20:00,3517636,lessthan 32768,3
2012-07-09 20:00,3517367,lessthan 48000,7
2012-07-09 21:00,3524394,lessthan 32000,22
2012-07-09 21:00,3517636,lessthan 32768,16
2012-07-09 21:00,3517367,lessthan 48000,1
2012-07-09 22:00,3524394,lessthan 32000,2
2012-07-09 22:00,3517636,lessthan 32768,2
2012-07-09 22:00,3517367,lessthan 48000,1
2012-07-09 23:00,3524394,lessthan 32000,69
2012-07-09 23:00,3517636,lessthan 32768,95
2012-07-09 23:00,3517367,lessthan 48000,78
2012-07-10 00:00,3524394,lessthan 32000,63
2012-07-10 00:00,3517636,lessthan 32768,94
2012-07-10 00:00,3517367,lessthan 48000,31
2012-07-10 01:00,3524394,lessthan 32000,80
2012-07-10 01:00,3517636,lessthan 32768,74
2012-07-10 01:00,3517367,lessthan 48000,63
2012-07-10 02:00,3524394,lessthan 32000,20
2012-07-10 02:00,3517636,lessthan 32768,42
2012-07-10 02:00,3517367,lessthan 48000,60
2012-07-10 03:00,3524394,lessthan 32000,27
2012-07-10 03:00,3517636,lessthan 32768,31
2012-07-10 03:00,3517367,lessthan 48000,78
2012-07-10 04:00,3524394,lessthan 32000,0
2012-07-10 04:00,3517636,lessthan 32768,0
2012-07-10 04:00,3517367,lessthan 48000,0
2012-07-10 05:00,3524394,lessthan 32000,28
2012-07-10 05:00,3517636,lessthan 32768,15
2012-07-10 05:00,3517367,lessthan 48000,125
2012-07-10 06:00,3524394,lessthan 32000,65
2012-07-10 06:00,3517636,lessthan 32768,30
2012-07-10 06:00,3517367,lessthan 48000,30
2012-07-10 07:00,3524394,lessthan 32000,26
2012-07-10 07:00,3517636,lessthan 32768,21
2012-07-10 07:00,3517367,lessthan 48000,0
2012-07-10 08:00,3524394,lessthan 32000,13
2012-07-10 08:00,3517636,lessthan 32768,12
2012-07-10 08:00,3517367,lessthan 48000,2
2012-07-10 09:00,3524394,lessthan 32000,30
2012-07-10 09:00,3517636,lessthan 32768,35
2012-07-10 09:00,3517367,lessthan 48000,4
2012-07-10 10:00,3524394,lessthan 32000,11
2012-07-10 10:00,3517636,lessthan 32768,14
2012-07-10 10:00,3517367,lessthan 48000,8
2012-07-10 11:00,3524394,lessthan 32000,34
2012-07-10 11:00,3517636,lessthan 32768,63
2012-07-10 11:00,3517367,lessthan 48000,26
2012-07-10 12:00,3524394,lessthan 32000,34
2012-07-10 12:00,3517636,lessthan 32768,36
2012-07-10 12:00,3517367,lessthan 48000,19
2012-07-10 13:00,3524394,lessthan 32000,11
2012-07-10 13:00,3517636,lessthan 32768,68
2012-07-10 13:00,3517367,lessthan 48000,18
2012-07-10 14:00,3524394,lessthan 32000,11
2012-07-10 14:00,3517636,lessthan 32768,15
2012-07-10 14:00,3517367,lessthan 48000,9
2012-07-10 15:00,3524394,lessthan 32000,4
2012-07-10 15:00,3517636,lessthan 32768,183
2012-07-10 15:00,3517367,lessthan 48000,67
2012-07-10 16:00,3524394,lessthan 32000,31
2012-07-10 16:00,3517636,lessthan 32768,73
2012-07-10 16:00,3517367,lessthan 48000,50
2012-07-10 17:00,3524394,lessthan 32000,45
2012-07-10 17:00,3517636,lessthan 32768,83
2012-07-10 17:00,3517367,lessthan 48000,62
2012-07-10 18:00,3524394,lessthan 32000,6
2012-07-10 18:00,3517636,lessthan 32768,29
2012-07-10 18:00,3517367,lessthan 48000,20
2012-07-10 19:00,3524394,lessthan 32000,20
2012-07-10 19:00,3517636,lessthan 32768,16
2012-07-10 19:00,3517367,lessthan 48000,84
2012-07-10 20:00,3524394,lessthan 32000,16
2012-07-10 20:00,3517636,lessthan 32768,149
2012-07-10 20:00,3517367,lessthan 48000,51
2012-07-10 21:00,3524394,lessthan 32000,31
2012-07-10 21:00,3517636,lessthan 32768,22
2012-07-10 21:00,3517367,lessthan 48000,51
2012-07-10 22:00,3524394,lessthan 32000,42
2012-07-10 22:00,3517636,lessthan 32768,132
2012-07-10 22:00,3517367,lessthan 48000,75
2012-07-10 23:00,3524394,lessthan 32000,48
2012-07-10 23:00,3517636,lessthan 32768,49
2012-07-10 23:00,3517367,lessthan 48000,141
2012-07-11 00:00,3524394,lessthan 32000,32
2012-07-11 00:00,3517636,lessthan 32768,20
2012-07-11 00:00,3517367,lessthan 48000,73
2012-07-11 01:00,3524394,lessthan 32000,61
2012-07-11 01:00,3517636,lessthan 32768,210
2012-07-11 01:00,3517367,lessthan 48000,85
2012-07-11 02:00,3524394,lessthan 32000,66
2012-07-11 02:00,3517636,lessthan 32768,144
2012-07-11 02:00,3517367,lessthan 48000,114
2012-07-11 03:00,3524394,lessthan 32000,17
2012-07-11 03:00,3517636,lessthan 32768,149
2012-07-11 03:00,3517367,lessthan 48000,45
2012-07-11 04:00,3524394,lessthan 32000,60
2012-07-11 04:00,3517636,lessthan 32768,207
2012-07-11 04:00,3517367,lessthan 48000,18
2012-07-11 05:00,3524394,lessthan 32000,8
2012-07-11 05:00,3517636,lessthan 32768,2
2012-07-11 05:00,3517367,lessthan 48000,4
2012-07-11 06:00,3524394,lessthan 32000,49
2012-07-11 06:00,3517636,lessthan 32768,12
2012-07-11 06:00,3517367,lessthan 48000,7
2012-07-11 07:00,3524394,lessthan 32000,90
2012-07-11 07:00,3517636,lessthan 32768,58
2012-07-11 07:00,3517367,lessthan 48000,16
2012-07-11 08:00,3524394,lessthan 32000,14
2012-07-11 08:00,3517636,lessthan 32768,12
2012-07-11 08:00,3517367,lessthan 48000,23
2012-07-11 09:00,3524394,lessthan 32000,9
2012-07-11 09:00,3517636,lessthan 32768,10
2012-07-11 09:00,3517367,lessthan 48000,8
2012-07-11 10:00,3524394,lessthan 32000,10
2012-07-11 10:00,3517636,lessthan 32768,19
2012-07-11 10:00,3517367,lessthan 48000,7
2012-07-11 11:00,3524394,lessthan 32000,40
2012-07-11 11:00,3517636,lessthan 32768,90
2012-07-11 11:00,3517367,lessthan 48000,5
2012-07-11 12:00,3524394,lessthan 32000,60
2012-07-11 12:00,3517636,lessthan 32768,86
2012-07-11 12:00,3517367,lessthan 48000,45
2012-07-11 13:00,3524394,lessthan 32000,0
2012-07-11 13:00,3517636,lessthan 32768,13
2012-07-11 13:00,3517367,lessthan 48000,2
2012-07-11 14:00,3524394,lessthan 32000,3
2012-07-11 14:00,3517636,lessthan 32768,167
2012-07-11 14:00,3517367,lessthan 48000,85
2012-07-11 15:00,3524394,lessthan 32000,33
2012-07-11 15:00,3517636,lessthan 32768,160
2012-07-11 15:00,3517367,lessthan 48000,168
2012-07-11 16:00,3524394,lessthan 32000,4
2012-07-11 16:00,3517636,lessthan 32768,27
2012-07-11 16:00,3517367,lessthan 48000,15
2012-07-11 17:00,3524394,lessthan 32000,23
2012-07-11 17:00,3517636,lessthan 32768,24
2012-07-11 17:00,3517367,lessthan 48000,24
2012-07-11 18:00,3524394,lessthan 32000,47
2012-07-11 18:00,3517636,lessthan 32768,35
2012-07-11 18:00,3517367,lessthan 48000,5
2012-07-11 19:00,3524394,lessthan 32000,46
2012-07-11 19:00,3517636,lessthan 32768,22
2012-07-11 19:00,3517367,lessthan 48000,6
2012-07-11 20:00,3524394,lessthan 32000,36
2012-07-11 20:00,3517636,lessthan 32768,38
2012-07-11 20:00,3517367,lessthan 48000,67
2012-07-11 21:00,3524394,lessthan 32000,34
2012-07-11 21:00,3517636,lessthan 32768,14
2012-07-11 21:00,3517367,lessthan 48000,0
2012-07-11 22:00,3524394,lessthan 32000,77
2012-07-11 22:00,3517636,lessthan 32768,2
2012-07-11 22:00,3517367,lessthan 48000,24
2012-07-11 23:00,3524394,lessthan 32000,41
2012-07-11 23:00,3517636,lessthan 32768,137
2012-07-11 23:00,3517367,lessthan 48000,19
2012-07-12 00:00,3524394,lessthan 32000,101
2012-07-12 00:00,3517636,lessthan 32768,173
2012-07-12 00:00,3517367,lessthan 48000,16
2012-07-12 01:00,3524394,lessthan 32000,47
2012-07-12 01:00,3517636,lessthan 32768,149
2012-07-12 01:00,3517367,lessthan 48000,9
2012-07-12 02:00,3524394,lessthan 32000,58
2012-07-12 02:00,3517636,lessthan 32768,26
2012-07-12 02:00,3517367,lessthan 48000,3
2012-07-12 03:00,3524394,lessthan 32000,35
2012-07-12 03:00,3517636,lessthan 32768,0
2012-07-12 03:00,3517367,lessthan 48000,3
2012-07-12 04:00,3524394,lessthan 32000,60
2012-07-12 04:00,3517636,lessthan 32768,7
2012-07-12 04:00,3517367,lessthan 48000,6
2012-07-12 05:00,3524394,lessthan 32000,21
2012-07-12 05:00,3517636,lessthan 32768,0
2012-07-12 05:00,3517367,lessthan 48000,8
2012-07-12 06:00,3524394,lessthan 32000,63
2012-07-12 06:00,3517636,lessthan 32768,2
2012-07-12 06:00,3517367,lessthan 48000,4
2012-07-12 07:00,3524394,lessthan 32000,43
2012-07-12 07:00,3517636,lessthan 32768,1
2012-07-12 07:00,3517367,lessthan 48000,2
2012-07-12 08:00,3524394,lessthan 32000,65
2012-07-12 08:00,3517636,lessthan 32768,9
2012-07-12 08:00,3517367,lessthan 48000,41
2012-07-12 09:00,3524394,lessthan 32000,24
2012-07-12 09:00,3517636,lessthan 32768,8
2012-07-12 09:00,3517367,lessthan 48000,7
2012-07-12 10:00,3524394,lessthan 32000,11
2012-07-12 10:00,3517636,lessthan 32768,2
2012-07-12 10:00,3517367,lessthan 48000,2
2012-07-12 11:00,3524394,lessthan 32000,14
2012-07-12 11:00,3517636,lessthan 32768,12
2012-07-12 11:00,3517367,lessthan 48000,1
2012-07-12 12:00,3524394,lessthan 32000,3
2012-07-12 12:00,3517636,lessthan 32768,7
2012-07-12 12:00,3517367,lessthan 48000,24
2012-07-12 13:00,3524394,lessthan 32000,24
2012-07-12 13:00,3517636,lessthan 32768,8
2012-07-12 13:00,3517367,lessthan 48000,9
2012-07-12 14:00,3524394,lessthan 32000,30
2012-07-12 14:00,3517636,lessthan 32768,43
2012-07-12 14:00,3517367,lessthan 48000,24
2012-07-12 15:00,3524394,lessthan 32000,97
2012-07-12 15:00,3517636,lessthan 32768,15
2012-07-12 15:00,3517367,lessthan 48000,82
2012-07-12 16:00,3524394,lessthan 32000,40
2012-07-12 16:00,3517636,lessthan 32768,12
2012-07-12 16:00,3517367,lessthan 48000,2
2012-07-12 17:00,3524394,lessthan 32000,71
2012-07-12 17:00,3517636,lessthan 32768,10
2012-07-12 17:00,3517367,lessthan 48000,13
2012-07-12 18:00,3524394,lessthan 32000,60
2012-07-12 18:00,3517636,lessthan 32768,6
2012-07-12 18:00,3517367,lessthan 48000,12
2012-07-12 19:00,3524394,lessthan 32000,97
2012-07-12 19:00,3517636,lessthan 32768,18
2012-07-12 19:00,3517367,lessthan 48000,8
2012-07-12 20:00,3524394,lessthan 32000,1
2012-07-12 20:00,3517636,lessthan 32768,1
2012-07-12 20:00,3517367,lessthan 48000,1
2012-07-12 21:00,3524394,lessthan 32000,184
2012-07-12 21:00,3517636,lessthan 32768,36
2012-07-12 21:00,3517367,lessthan 48000,22
2012-07-12 22:00,3524394,lessthan 32000,139
2012-07-12 22:00,3517636,lessthan 32768,57
2012-07-12 22:00,3517367,lessthan 48000,55
2012-07-12 23:00,3524394,lessthan 32000,156
2012-07-12 23:00,3517636,lessthan 32768,69
2012-07-12 23:00,3517367,lessthan 48000,102
2012-07-13 00:00,3524394,lessthan 32000,176
2012-07-13 00:00,3517636,lessthan 32768,15
2012-07-13 00:00,3517367,lessthan 48000,73
2012-07-13 01:00,3524394,lessthan 32000,38
2012-07-13 01:00,3517636,lessthan 32768,50
2012-07-13 01:00,3517367,lessthan 48000,13
2012-07-13 02:00,3524394,lessthan 32000,37
2012-07-13 02:00,3517636,lessthan 32768,34
2012-07-13 02:00,3517367,lessthan 48000,20
2012-07-13 03:00,3524394,lessthan 32000,7
2012-07-13 03:00,3517636,lessthan 32768,24
2012-07-13 03:00,3517367,lessthan 48000,11
2012-07-13 04:00,3524394,lessthan 32000,80
2012-07-13 04:00,3517636,lessthan 32768,9
2012-07-13 04:00,3517367,lessthan 48000,6
2012-07-13 05:00,3524394,lessthan 32000,50
2012-07-13 05:00,3517636,lessthan 32768,20
2012-07-13 05:00,3517367,lessthan 48000,21
2012-07-13 06:00,3524394,lessthan 32000,61
2012-07-13 06:00,3517636,lessthan 32768,57
2012-07-13 06:00,3517367,lessthan 48000,10
2012-07-13 07:00,3524394,lessthan 32000,23
2012-07-13 07:00,3517636,lessthan 32768,5
2012-07-13 07:00,3517367,lessthan 48000,7
2012-07-13 08:00,3524394,lessthan 32000,32
2012-07-13 08:00,3517636,lessthan 32768,26
2012-07-13 08:00,3517367,lessthan 48000,7
2012-07-13 09:00,3524394,lessthan 32000,18
2012-07-13 09:00,3517636,lessthan 32768,22
2012-07-13 09:00,3517367,lessthan 48000,5
2012-07-13 10:00,3524394,lessthan 32000,71
2012-07-13 10:00,3517636,lessthan 32768,85
2012-07-13 10:00,3517367,lessthan 48000,5
2012-07-13 11:00,3524394,lessthan 32000,104
2012-07-13 11:00,3517636,lessthan 32768,85
2012-07-13 11:00,3517367,lessthan 48000,8
2012-07-13 12:00,3524394,lessthan 32000,105
2012-07-13 12:00,3517636,lessthan 32768,87
2012-07-13 12:00,3517367,lessthan 48000,6
2012-07-13 13:00,3524394,lessthan 32000,78
2012-07-13 13:00,3517636,lessthan 32768,98
2012-07-13 13:00,3517367,lessthan 48000,6
2012-07-13 14:00,3524394,lessthan 32000,88
2012-07-13 14:00,3517636,lessthan 32768,97
2012-07-13 14:00,3517367,lessthan 48000,12
2012-07-13 15:00,3524394,lessthan 32000,73
2012-07-13 15:00,3517636,lessthan 32768,100
2012-07-13 15:00,3517367,lessthan 48000,91
2012-07-13 16:00,3524394,lessthan 32000,84
2012-07-13 16:00,3517636,lessthan 32768,95
2012-07-13 16:00,3517367,lessthan 48000,34
2012-07-13 17:00,3524394,lessthan 32000,156
2012-07-13 17:00,3517636,lessthan 32768,105
2012-07-13 17:00,3517367,lessthan 48000,70
2012-07-13 18:00,3524394,lessthan 32000,153
2012-07-13 18:00,3517636,lessthan 32768,68
2012-07-13 18:00,3517367,lessthan 48000,152
2012-07-13 19:00,3524394,lessthan 32000,60
2012-07-13 19:00,3517636,lessthan 32768,8
2012-07-13 19:00,3517367,lessthan 48000,52
2012-07-13 20:00,3524394,lessthan 32000,3
2012-07-13 20:00,3517636,lessthan 32768,24
2012-07-13 20:00,3517367,lessthan 48000,2
2012-07-13 21:00,3524394,lessthan 32000,18
2012-07-13 21:00,3517636,lessthan 32768,15
2012-07-13 21:00,3517367,lessthan 48000,15
2012-07-13 22:00,3524394,lessthan 32000,23
2012-07-13 22:00,3517636,lessthan 32768,24
2012-07-13 22:00,3517367,lessthan 48000,10
2012-07-13 23:00,3524394,lessthan 32000,16
2012-07-13 23:00,3517636,lessthan 32768,9
2012-07-13 23:00,3517367,lessthan 48000,18
2012-07-14 00:00,3524394,lessthan 32000,0
2012-07-14 00:00,3517636,lessthan 32768,0
2012-07-14 00:00,3517367,lessthan 48000,0
2012-07-14 01:00,3524394,lessthan 32000,22
2012-07-14 01:00,3517636,lessthan 32768,11
2012-07-14 01:00,3517367,lessthan 48000,21
2012-07-14 02:00,3524394,lessthan 32000,80
2012-07-14 02:00,3517636,lessthan 32768,11
2012-07-14 02:00,3517367,lessthan 48000,20
2012-07-14 03:00,3524394,lessthan 32000,74
2012-07-14 03:00,3517636,lessthan 32768,27
2012-07-14 03:00,3517367,lessthan 48000,44
2012-07-14 04:00,3524394,lessthan 32000,87
2012-07-14 04:00,3517636,lessthan 32768,31
2012-07-14 04:00,3517367,lessthan 48000,102
2012-07-14 05:00,3524394,lessthan 32000,75
2012-07-14 05:00,3517636,lessthan 32768,6
2012-07-14 05:00,3517367,lessthan 48000,79
2012-07-14 06:00,3524394,lessthan 32000,12
2012-07-14 06:00,3517636,lessthan 32768,2
2012-07-14 06:00,3517367,lessthan 48000,53
2012-07-14 07:00,3524394,lessthan 32000,17
2012-07-14 07:00,3517636,lessthan 32768,8
2012-07-14 07:00,3517367,lessthan 48000,33
2012-07-14 08:00,3524394,lessthan 32000,27
2012-07-14 08:00,3517636,lessthan 32768,5
2012-07-14 08:00,3517367,lessthan 48000,18
2012-07-14 09:00,3524394,lessthan 32000,17
2012-07-14 09:00,3517636,lessthan 32768,8
2012-07-14 09:00,3517367,lessthan 48000,2
2012-07-14 10:00,3524394,lessthan 32000,18
2012-07-14 10:00,3517636,lessthan 32768,13
2012-07-14 10:00,3517367,lessthan 48000,2
2012-07-14 11:00,3524394,lessthan 32000,10
2012-07-14 11:00,3517636,lessthan 32768,3
2012-07-14 11:00,3517367,lessthan 48000,10
2012-07-14 12:00,3524394,lessthan 32000,22
2012-07-14 12:00,3517636,lessthan 32768,0
2012-07-14 12:00,3517367,lessthan 48000,14
2012-07-14 13:00,3524394,lessthan 32000,7
2012-07-14 13:00,3517636,lessthan 32768,3
2012-07-14 13:00,3517367,lessthan 48000,7
2012-07-14 14:00,3524394,lessthan 32000,15
2012-07-14 14:00,3517636,lessthan 32768,7
2012-07-14 14:00,3517367,lessthan 48000,9
2012-07-14 15:00,3524394,lessthan 32000,92
2012-07-14 15:00,3517636,lessthan 32768,5
2012-07-14 15:00,3517367,lessthan 48000,46
2012-07-14 16:00,3524394,lessthan 32000,2
2012-07-14 16:00,3517636,lessthan 32768,0
2012-07-14 16:00,3517367,lessthan 48000,4
2012-07-14 17:00,3524394,lessthan 32000,93
2012-07-14 17:00,3517636,lessthan 32768,17
2012-07-14 17:00,3517367,lessthan 48000,89
2012-07-14 18:00,3524394,lessthan 32000,40
2012-07-14 18:00,3517636,lessthan 32768,16
2012-07-14 18:00,3517367,lessthan 48000,27
2012-07-14 19:00,3524394,lessthan 32000,0
2012-07-14 19:00,3517636,lessthan 32768,0
2012-07-14 19:00,3517367,lessthan 48000,0
2012-07-14 20:00,3524394,lessthan 32000,69
2012-07-14 20:00,3517636,lessthan 32768,20
2012-07-14 20:00,3517367,lessthan 48000,64
2012-07-14 21:00,3524394,lessthan 32000,20
2012-07-14 21:00,3517636,lessthan 32768,5
2012-07-14 21:00,3517367,lessthan 48000,40
2012-07-14 22:00,3524394,lessthan 32000,3
2012-07-14 22:00,3517636,lessthan 32768,0
2012-07-14 22:00,3517367,lessthan 48000,3
2012-07-14 23:00,3524394,lessthan 32000,14
2012-07-14 23:00,3517636,lessthan 32768,17
2012-07-14 23:00,3517367,lessthan 48000,69
2012-07-15 00:00,3524394,lessthan 32000,51
2012-07-15 00:00,3517636,lessthan 32768,52
2012-07-15 00:00,3517367,lessthan 48000,30
2012-07-15 01:00,3524394,lessthan 32000,10
2012-07-15 01:00,3517636,lessthan 32768,6
2012-07-15 01:00,3517367,lessthan 48000,4
2012-07-15 02:00,3524394,lessthan 32000,60
2012-07-15 02:00,3517636,lessthan 32768,32
2012-07-15 02:00,3517367,lessthan 48000,75
2012-07-15 03:00,3524394,lessthan 32000,74
2012-07-15 03:00,3517636,lessthan 32768,4
2012-07-15 03:00,3517367,lessthan 48000,217
2012-07-15 04:00,3524394,lessthan 32000,19
2012-07-15 04:00,3517636,lessthan 32768,1
2012-07-15 04:00,3517367,lessthan 48000,136
2012-07-15 05:00,3524394,lessthan 32000,8
2012-07-15 05:00,3517636,lessthan 32768,4
2012-07-15 05:00,3517367,lessthan 48000,74
2012-07-15 06:00,3524394,lessthan 32000,55
2012-07-15 06:00,3517636,lessthan 32768,17
2012-07-15 06:00,3517367,lessthan 48000,224
2012-07-15 07:00,3524394,lessthan 32000,13
2012-07-15 07:00,3517636,lessthan 32768,12
2012-07-15 07:00,3517367,lessthan 48000,50
2012-07-15 08:00,3524394,lessthan 32000,1
2012-07-15 08:00,3517636,lessthan 32768,0
2012-07-15 08:00,3517367,lessthan 48000,10
2012-07-15 09:00,3524394,lessthan 32000,44
2012-07-15 09:00,3517636,lessthan 32768,7
2012-07-15 09:00,3517367,lessthan 48000,167
2012-07-15 10:00,3524394,lessthan 32000,6
2012-07-15 10:00,3517636,lessthan 32768,11
2012-07-15 10:00,3517367,lessthan 48000,44
2012-07-15 11:00,3524394,lessthan 32000,14
2012-07-15 11:00,3517636,lessthan 32768,3
2012-07-15 11:00,3517367,lessthan 48000,253
2012-07-15 12:00,3524394,lessthan 32000,7
2012-07-15 12:00,3517636,lessthan 32768,1
2012-07-15 12:00,3517367,lessthan 48000,175
2012-07-15 13:00,3524394,lessthan 32000,16
2012-07-15 13:00,3517636,lessthan 32768,3
2012-07-15 13:00,3517367,lessthan 48000,236
2012-07-15 14:00,3524394,lessthan 32000,26
2012-07-15 14:00,3517636,lessthan 32768,7
2012-07-15 14:00,3517367,lessthan 48000,722
2012-07-15 15:00,3524394,lessthan 32000,4
2012-07-15 15:00,3517636,lessthan 32768,0
2012-07-15 15:00,3517367,lessthan 48000,412
2012-07-15 16:00,3524394,lessthan 32000,17
2012-07-15 16:00,3517636,lessthan 32768,9
2012-07-15 16:00,3517367,lessthan 48000,57
2012-07-15 17:00,3524394,lessthan 32000,24
2012-07-15 17:00,3517636,lessthan 32768,7
2012-07-15 17:00,3517367,lessthan 48000,88
2012-07-15 18:00,3524394,lessthan 32000,23
2012-07-15 18:00,3517636,lessthan 32768,11
2012-07-15 18:00,3517367,lessthan 48000,313
2012-07-15 19:00,3524394,lessthan 32000,25
2012-07-15 19:00,3517636,lessthan 32768,7
2012-07-15 19:00,3517367,lessthan 48000,150
2012-07-15 20:00,3524394,lessthan 32000,103
2012-07-15 20:00,3517636,lessthan 32768,26
2012-07-15 20:00,3517367,lessthan 48000,214
2012-07-15 21:00,3524394,lessthan 32000,10
2012-07-15 21:00,3517636,lessthan 32768,12
2012-07-15 21:00,3517367,lessthan 48000,140
2012-07-15 22:00,3524394,lessthan 32000,23
2012-07-15 22:00,3517636,lessthan 32768,8
2012-07-15 22:00,3517367,lessthan 48000,93
2012-07-15 23:00,3524394,lessthan 32000,0
2012-07-15 23:00,3517636,lessthan 32768,0
2012-07-15 23:00,3517367,lessthan 48000,0
2012-07-16 00:00,3524394,lessthan 32000,61
2012-07-16 00:00,3517636,lessthan 32768,31
2012-07-16 00:00,3517367,lessthan 48000,106
2012-07-16 01:00,3524394,lessthan 32000,30
2012-07-16 01:00,3517636,lessthan 32768,20
2012-07-16 01:00,3517367,lessthan 48000,325
2012-07-16 02:00,3524394,lessthan 32000,28
2012-07-16 02:00,3517636,lessthan 32768,2
2012-07-16 02:00,3517367,lessthan 48000,367
2012-07-16 03:00,3524394,lessthan 32000,63
2012-07-16 03:00,3517636,lessthan 32768,13
2012-07-16 03:00,3517367,lessthan 48000,376
2012-07-16 04:00,3524394,lessthan 32000,26
2012-07-16 04:00,3517636,lessthan 32768,15
2012-07-16 04:00,3517367,lessthan 48000,184
2012-07-16 05:00,3524394,lessthan 32000,24
2012-07-16 05:00,3517636,lessthan 32768,36
2012-07-16 05:00,3517367,lessthan 48000,319
2012-07-16 06:00,3524394,lessthan 32000,29
2012-07-16 06:00,3517636,lessthan 32768,10
2012-07-16 06:00,3517367,lessthan 48000,150
2012-07-16 07:00,3524394,lessthan 32000,21
2012-07-16 07:00,3517636,lessthan 32768,14
2012-07-16 07:00,3517367,lessthan 48000,135
2012-07-16 08:00,3524394,lessthan 32000,10
2012-07-16 08:00,3517636,lessthan 32768,38
2012-07-16 08:00,3517367,lessthan 48000,394
2012-07-16 09:00,3524394,lessthan 32000,15
2012-07-16 09:00,3517636,lessthan 32768,32
2012-07-16 09:00,3517367,lessthan 48000,604
2012-07-16 10:00,3524394,lessthan 32000,9
2012-07-16 10:00,3517636,lessthan 32768,14
2012-07-16 10:00,3517367,lessthan 48000,356
2012-07-16 11:00,3524394,lessthan 32000,49
2012-07-16 11:00,3517636,lessthan 32768,25
2012-07-16 11:00,3517367,lessthan 48000,292
2012-07-16 12:00,3524394,lessthan 32000,51
2012-07-16 12:00,3517636,lessthan 32768,35
2012-07-16 12:00,3517367,lessthan 48000,488
2012-07-16 13:00,3524394,lessthan 32000,22
2012-07-16 13:00,3517636,lessthan 32768,2
2012-07-16 13:00,3517367,lessthan 48000,219
2012-07-16 14:00,3524394,lessthan 32000,6
2012-07-16 14:00,3517636,lessthan 32768,1
2012-07-16 14:00,3517367,lessthan 48000,251
2012-07-16 15:00,3524394,lessthan 32000,2
2012-07-16 15:00,3517636,lessthan 32768,0
2012-07-16 15:00,3517367,lessthan 48000,161
2012-07-16 16:00,3524394,lessthan 32000,111
2012-07-16 16:00,3517636,lessthan 32768,14
2012-07-16 16:00,3517367,lessthan 48000,390
2012-07-16 17:00,3524394,lessthan 32000,5
2012-07-16 17:00,3517636,lessthan 32768,35
2012-07-16 17:00,3517367,lessthan 48000,35
2012-07-16 18:00,3524394,lessthan 32000,4
2012-07-16 18:00,3517636,lessthan 32768,10
2012-07-16 18:00,3517367,lessthan 48000,6
2012-07-16 19:00,3524394,lessthan 32000,15
2012-07-16 19:00,3517636,lessthan 32768,14
2012-07-16 19:00,3517367,lessthan 48000,11
2012-07-16 20:00,3524394,lessthan 32000,17
2012-07-16 20:00,3517636,lessthan 32768,2
2012-07-16 20:00,3517367,lessthan 48000,2
2012-07-16 21:00,3524394,lessthan 32000,46
2012-07-16 21:00,3517636,lessthan 32768,18
2012-07-16 21:00,3517367,lessthan 48000,192
2012-07-16 22:00,3524394,lessthan 32000,3
2012-07-16 22:00,3517636,lessthan 32768,13
2012-07-16 22:00,3517367,lessthan 48000,149
2012-07-16 23:00,3524394,lessthan 32000,25
2012-07-16 23:00,3517636,lessthan 32768,20
2012-07-16 23:00,3517367,lessthan 48000,241
2012-07-17 00:00,3524394,lessthan 32000,62
2012-07-17 00:00,3517636,lessthan 32768,50
2012-07-17 00:00,3517367,lessthan 48000,130
2012-07-17 01:00,3524394,lessthan 32000,403
2012-07-17 01:00,3517636,lessthan 32768,278
2012-07-17 01:00,3517367,lessthan 48000,58
2012-07-17 02:00,3524394,lessthan 32000,194
2012-07-17 02:00,3517636,lessthan 32768,16
2012-07-17 02:00,3517367,lessthan 48000,100
2012-07-17 03:00,3524394,lessthan 32000,86
2012-07-17 03:00,3517636,lessthan 32768,6
2012-07-17 03:00,3517367,lessthan 48000,42
2012-07-17 04:00,3524394,lessthan 32000,230
2012-07-17 04:00,3517636,lessthan 32768,39
2012-07-17 04:00,3517367,lessthan 48000,86
2012-07-17 05:00,3524394,lessthan 32000,194
2012-07-17 05:00,3517636,lessthan 32768,6
2012-07-17 05:00,3517367,lessthan 48000,79
2012-07-17 06:00,3524394,lessthan 32000,280
2012-07-17 06:00,3517636,lessthan 32768,8
2012-07-17 06:00,3517367,lessthan 48000,122
2012-07-17 07:00,3524394,lessthan 32000,247
2012-07-17 07:00,3517636,lessthan 32768,66
2012-07-17 07:00,3517367,lessthan 48000,106
2012-07-17 08:00,3524394,lessthan 32000,88
2012-07-17 08:00,3517636,lessthan 32768,92
2012-07-17 08:00,3517367,lessthan 48000,45
2012-07-17 09:00,3524394,lessthan 32000,27
2012-07-17 09:00,3517636,lessthan 32768,1
2012-07-17 09:00,3517367,lessthan 48000,12
2012-07-17 10:00,3524394,lessthan 32000,273
2012-07-17 10:00,3517636,lessthan 32768,32
2012-07-17 10:00,3517367,lessthan 48000,42
2012-07-17 11:00,3524394,lessthan 32000,524
2012-07-17 11:00,3517636,lessthan 32768,56
2012-07-17 11:00,3517367,lessthan 48000,54
2012-07-17 12:00,3524394,lessthan 32000,503
2012-07-17 12:00,3517636,lessthan 32768,134
2012-07-17 12:00,3517367,lessthan 48000,34
2012-07-17 13:00,3524394,lessthan 32000,92
2012-07-17 13:00,3517636,lessthan 32768,71
2012-07-17 13:00,3517367,lessthan 48000,19
2012-07-17 14:00,3524394,lessthan 32000,248
2012-07-17 14:00,3517636,lessthan 32768,234
2012-07-17 14:00,3517367,lessthan 48000,186
2012-07-17 15:00,3524394,lessthan 32000,316
2012-07-17 15:00,3517636,lessthan 32768,4
2012-07-17 15:00,3517367,lessthan 48000,141
2012-07-17 16:00,3524394,lessthan 32000,237
2012-07-17 16:00,3517636,lessthan 32768,56
2012-07-17 16:00,3517367,lessthan 48000,38
2012-07-17 17:00,3524394,lessthan 32000,100
2012-07-17 17:00,3517636,lessthan 32768,22
2012-07-17 17:00,3517367,lessthan 48000,7
2012-07-17 18:00,3524394,lessthan 32000,201
2012-07-17 18:00,3517636,lessthan 32768,13
2012-07-17 18:00,3517367,lessthan 48000,148
2012-07-17 19:00,3524394,lessthan 32000,130
2012-07-17 19:00,3517636,lessthan 32768,31
2012-07-17 19:00,3517367,lessthan 48000,7
2012-07-17 20:00,3524394,lessthan 32000,128
2012-07-17 20:00,3517636,lessthan 32768,216
2012-07-17 20:00,3517367,lessthan 48000,51
2012-07-17 21:00,3524394,lessthan 32000,161
2012-07-17 21:00,3517636,lessthan 32768,236
2012-07-17 21:00,3517367,lessthan 48000,33
2012-07-17 22:00,3524394,lessthan 32000,29
2012-07-17 22:00,3517636,lessthan 32768,18
2012-07-17 22:00,3517367,lessthan 48000,24
2012-07-17 23:00,3524394,lessthan 32000,136
2012-07-17 23:00,3517636,lessthan 32768,152
2012-07-17 23:00,3517367,lessthan 48000,12
2012-07-18 00:00,3524394,lessthan 32000,76
2012-07-18 00:00,3517636,lessthan 32768,103
2012-07-18 00:00,3517367,lessthan 48000,31
2012-07-18 01:00,3524394,lessthan 32000,35
2012-07-18 01:00,3517636,lessthan 32768,198
2012-07-18 01:00,3517367,lessthan 48000,48
2012-07-18 02:00,3524394,lessthan 32000,17
2012-07-18 02:00,3517636,lessthan 32768,44
2012-07-18 02:00,3517367,lessthan 48000,71
2012-07-18 03:00,3524394,lessthan 32000,26
2012-07-18 03:00,3517636,lessthan 32768,27
2012-07-18 03:00,3517367,lessthan 48000,126
2012-07-18 04:00,3524394,lessthan 32000,0
2012-07-18 04:00,3517636,lessthan 32768,0
2012-07-18 04:00,3517367,lessthan 48000,48
2012-07-18 05:00,3524394,lessthan 32000,195
2012-07-18 05:00,3517636,lessthan 32768,122
2012-07-18 05:00,3517367,lessthan 48000,98
2012-07-18 06:00,3524394,lessthan 32000,50
2012-07-18 06:00,3517636,lessthan 32768,229
2012-07-18 06:00,3517367,lessthan 48000,14
2012-07-18 07:00,3524394,lessthan 32000,1
2012-07-18 07:00,3517636,lessthan 32768,29
2012-07-18 07:00,3517367,lessthan 48000,0
2012-07-18 08:00,3524394,lessthan 32000,22
2012-07-18 08:00,3517636,lessthan 32768,121
2012-07-18 08:00,3517367,lessthan 48000,34
2012-07-18 09:00,3524394,lessthan 32000,14
2012-07-18 09:00,3517636,lessthan 32768,173
2012-07-18 09:00,3517367,lessthan 48000,59
2012-07-18 10:00,3524394,lessthan 32000,63
2012-07-18 10:00,3517636,lessthan 32768,3
2012-07-18 10:00,3517367,lessthan 48000,2
2012-07-18 11:00,3524394,lessthan 32000,88
2012-07-18 11:00,3517636,lessthan 32768,70
2012-07-18 11:00,3517367,lessthan 48000,7
2012-07-18 12:00,3524394,lessthan 32000,102
2012-07-18 12:00,3517636,lessthan 32768,172
2012-07-18 12:00,3517367,lessthan 48000,83
2012-07-18 13:00,3524394,lessthan 32000,98
2012-07-18 13:00,3517636,lessthan 32768,39
2012-07-18 13:00,3517367,lessthan 48000,126
2012-07-18 14:00,3524394,lessthan 32000,152
2012-07-18 14:00,3517636,lessthan 32768,132
2012-07-18 14:00,3517367,lessthan 48000,193
2012-07-18 15:00,3524394,lessthan 32000,186
2012-07-18 15:00,3517636,lessthan 32768,21
2012-07-18 15:00,3517367,lessthan 48000,174
2012-07-18 16:00,3524394,lessthan 32000,337
2012-07-18 16:00,3517636,lessthan 32768,142
2012-07-18 16:00,3517367,lessthan 48000,164
2012-07-18 17:00,3524394,lessthan 32000,260
2012-07-18 17:00,3517636,lessthan 32768,186
2012-07-18 17:00,3517367,lessthan 48000,150
2012-07-18 18:00,3524394,lessthan 32000,340
2012-07-18 18:00,3517636,lessthan 32768,170
2012-07-18 18:00,3517367,lessthan 48000,222
2012-07-18 19:00,3524394,lessthan 32000,161
2012-07-18 19:00,3517636,lessthan 32768,129
2012-07-18 19:00,3517367,lessthan 48000,65
2012-07-18 20:00,3524394,lessthan 32000,184
2012-07-18 20:00,3517636,lessthan 32768,110
2012-07-18 20:00,3517367,lessthan 48000,205
2012-07-18 21:00,3524394,lessthan 32000,9
2012-07-18 21:00,3517636,lessthan 32768,3
2012-07-18 21:00,3517367,lessthan 48000,32
2012-07-18 22:00,3524394,lessthan 32000,337
2012-07-18 22:00,3517636,lessthan 32768,74
2012-07-18 22:00,3517367,lessthan 48000,180
2012-07-18 23:00,3524394,lessthan 32000,82
2012-07-18 23:00,3517636,lessthan 32768,19
2012-07-18 23:00,3517367,lessthan 48000,49
2012-07-19 00:00,3524394,lessthan 32000,296
2012-07-19 00:00,3517636,lessthan 32768,9
2012-07-19 00:00,3517367,lessthan 48000,57
2012-07-19 01:00,3524394,lessthan 32000,360
2012-07-19 01:00,3517636,lessthan 32768,3
2012-07-19 01:00,3517367,lessthan 48000,86
2012-07-19 02:00,3524394,lessthan 32000,304
2012-07-19 02:00,3517636,lessthan 32768,12
2012-07-19 02:00,3517367,lessthan 48000,38
2012-07-19 03:00,3524394,lessthan 32000,192
2012-07-19 03:00,3517636,lessthan 32768,6
2012-07-19 03:00,3517367,lessthan 48000,42
2012-07-19 04:00,3524394,lessthan 32000,192
2012-07-19 04:00,3517636,lessthan 32768,11
2012-07-19 04:00,3517367,lessthan 48000,6
2012-07-19 05:00,3524394,lessthan 32000,145
2012-07-19 05:00,3517636,lessthan 32768,2
2012-07-19 05:00,3517367,lessthan 48000,2
2012-07-19 06:00,3524394,lessthan 32000,292
2012-07-19 06:00,3517636,lessthan 32768,18
2012-07-19 06:00,3517367,lessthan 48000,3
2012-07-19 07:00,3524394,lessthan 32000,257
2012-07-19 07:00,3517636,lessthan 32768,4
2012-07-19 07:00,3517367,lessthan 48000,2
2012-07-19 08:00,3524394,lessthan 32000,174
2012-07-19 08:00,3517636,lessthan 32768,4
2012-07-19 08:00,3517367,lessthan 48000,5
2012-07-19 09:00,3524394,lessthan 32000,236
2012-07-19 09:00,3517636,lessthan 32768,11
2012-07-19 09:00,3517367,lessthan 48000,26
2012-07-19 10:00,3524394,lessthan 32000,122
2012-07-19 10:00,3517636,lessthan 32768,1
2012-07-19 10:00,3517367,lessthan 48000,70
2012-07-19 11:00,3524394,lessthan 32000,82
2012-07-19 11:00,3517636,lessthan 32768,23
2012-07-19 11:00,3517367,lessthan 48000,63
2012-07-19 12:00,3524394,lessthan 32000,144
2012-07-19 12:00,3517636,lessthan 32768,17
2012-07-19 12:00,3517367,lessthan 48000,62
2012-07-19 13:00,3524394,lessthan 32000,147
2012-07-19 13:00,3517636,lessthan 32768,5
2012-07-19 13:00,3517367,lessthan 48000,20
2012-07-19 14:00,3524394,lessthan 32000,254
2012-07-19 14:00,3517636,lessthan 32768,16
2012-07-19 14:00,3517367,lessthan 48000,69
2012-07-19 15:00,3524394,lessthan 32000,251
2012-07-19 15:00,3517636,lessthan 32768,23
2012-07-19 15:00,3517367,lessthan 48000,79
2012-07-19 16:00,3524394,lessthan 32000,283
2012-07-19 16:00,3517636,lessthan 32768,3
2012-07-19 16:00,3517367,lessthan 48000,68
2012-07-19 17:00,3524394,lessthan 32000,204
2012-07-19 17:00,3517636,lessthan 32768,16
2012-07-19 17:00,3517367,lessthan 48000,127
2012-07-19 18:00,3524394,lessthan 32000,87
2012-07-19 18:00,3517636,lessthan 32768,8
2012-07-19 18:00,3517367,lessthan 48000,10
2012-07-19 19:00,3524394,lessthan 32000,109
2012-07-19 19:00,3517636,lessthan 32768,28
2012-07-19 19:00,3517367,lessthan 48000,42
2012-07-19 20:00,3524394,lessthan 32000,196
2012-07-19 20:00,3517636,lessthan 32768,85
2012-07-19 20:00,3517367,lessthan 48000,310
2012-07-19 21:00,3524394,lessthan 32000,52
2012-07-19 21:00,3517636,lessthan 32768,34
2012-07-19 21:00,3517367,lessthan 48000,15
2012-07-19 22:00,3524394,lessthan 32000,121
2012-07-19 22:00,3517636,lessthan 32768,88
2012-07-19 22:00,3517367,lessthan 48000,159
2012-07-19 23:00,3524394,lessthan 32000,132
2012-07-19 23:00,3517636,lessthan 32768,76
2012-07-19 23:00,3517367,lessthan 48000,416
2012-07-20 00:00,3524394,lessthan 32000,36
2012-07-20 00:00,3517636,lessthan 32768,58
2012-07-20 00:00,3517367,lessthan 48000,80
2012-07-20 01:00,3524394,lessthan 32000,32
2012-07-20 01:00,3517636,lessthan 32768,31
2012-07-20 01:00,3517367,lessthan 48000,87
2012-07-20 02:00,3524394,lessthan 32000,99
2012-07-20 02:00,3517636,lessthan 32768,56
2012-07-20 02:00,3517367,lessthan 48000,147
2012-07-20 03:00,3524394,lessthan 32000,322
2012-07-20 03:00,3517636,lessthan 32768,74
2012-07-20 03:00,3517367,lessthan 48000,112
2012-07-20 04:00,3524394,lessthan 32000,266
2012-07-20 04:00,3517636,lessthan 32768,42
2012-07-20 04:00,3517367,lessthan 48000,46
2012-07-20 05:00,3524394,lessthan 32000,120
2012-07-20 05:00,3517636,lessthan 32768,33
2012-07-20 05:00,3517367,lessthan 48000,86
2012-07-20 06:00,3524394,lessthan 32000,66
2012-07-20 06:00,3517636,lessthan 32768,22
2012-07-20 06:00,3517367,lessthan 48000,44
2012-07-20 07:00,3524394,lessthan 32000,62
2012-07-20 07:00,3517636,lessthan 32768,26
2012-07-20 07:00,3517367,lessthan 48000,15
2012-07-20 08:00,3524394,lessthan 32000,297
2012-07-20 08:00,3517636,lessthan 32768,42
2012-07-20 08:00,3517367,lessthan 48000,86
2012-07-20 09:00,3524394,lessthan 32000,189
2012-07-20 09:00,3517636,lessthan 32768,37
2012-07-20 09:00,3517367,lessthan 48000,55
2012-07-20 10:00,3524394,lessthan 32000,222
2012-07-20 10:00,3517636,lessthan 32768,26
2012-07-20 10:00,3517367,lessthan 48000,13
2012-07-20 11:00,3524394,lessthan 32000,159
2012-07-20 11:00,3517636,lessthan 32768,30
2012-07-20 11:00,3517367,lessthan 48000,13
2012-07-20 12:00,3524394,lessthan 32000,217
2012-07-20 12:00,3517636,lessthan 32768,7
2012-07-20 12:00,3517367,lessthan 48000,0
2012-07-20 13:00,3524394,lessthan 32000,33
2012-07-20 13:00,3517636,lessthan 32768,11
2012-07-20 13:00,3517367,lessthan 48000,24
2012-07-20 14:00,3524394,lessthan 32000,350
2012-07-20 14:00,3517636,lessthan 32768,88
2012-07-20 14:00,3517367,lessthan 48000,92
2012-07-20 15:00,3524394,lessthan 32000,332
2012-07-20 15:00,3517636,lessthan 32768,29
2012-07-20 15:00,3517367,lessthan 48000,28
2012-07-20 16:00,3524394,lessthan 32000,348
2012-07-20 16:00,3517636,lessthan 32768,48
2012-07-20 16:00,3517367,lessthan 48000,37
2012-07-20 17:00,3524394,lessthan 32000,27
2012-07-20 17:00,3517636,lessthan 32768,11
2012-07-20 17:00,3517367,lessthan 48000,3
2012-07-20 18:00,3524394,lessthan 32000,204
2012-07-20 18:00,3517636,lessthan 32768,104
2012-07-20 18:00,3517367,lessthan 48000,116
2012-07-20 19:00,3524394,lessthan 32000,30
2012-07-20 19:00,3517636,lessthan 32768,26
2012-07-20 19:00,3517367,lessthan 48000,16
2012-07-20 20:00,3524394,lessthan 32000,30
2012-07-20 20:00,3517636,lessthan 32768,48
2012-07-20 20:00,3517367,lessthan 48000,36
2012-07-20 21:00,3524394,lessthan 32000,65
2012-07-20 21:00,3517636,lessthan 32768,85
2012-07-20 21:00,3517367,lessthan 48000,63
2012-07-20 22:00,3524394,lessthan 32000,127
2012-07-20 22:00,3517636,lessthan 32768,90
2012-07-20 22:00,3517367,lessthan 48000,17
2012-07-20 23:00,3524394,lessthan 32000,220
2012-07-20 23:00,3517636,lessthan 32768,39
2012-07-20 23:00,3517367,lessthan 48000,15
2012-07-21 00:00,3524394,lessthan 32000,376
2012-07-21 00:00,3517636,lessthan 32768,60
2012-07-21 00:00,3517367,lessthan 48000,18
2012-07-21 01:00,3524394,lessthan 32000,325
2012-07-21 01:00,3517636,lessthan 32768,66
2012-07-21 01:00,3517367,lessthan 48000,5
2012-07-21 02:00,3524394,lessthan 32000,126
2012-07-21 02:00,3517636,lessthan 32768,27
2012-07-21 02:00,3517367,lessthan 48000,23
2012-07-21 03:00,3524394,lessthan 32000,347
2012-07-21 03:00,3517636,lessthan 32768,85
2012-07-21 03:00,3517367,lessthan 48000,63
2012-07-21 04:00,3524394,lessthan 32000,75
2012-07-21 04:00,3517636,lessthan 32768,57
2012-07-21 04:00,3517367,lessthan 48000,49
2012-07-21 05:00,3524394,lessthan 32000,95
2012-07-21 05:00,3517636,lessthan 32768,8
2012-07-21 05:00,3517367,lessthan 48000,6
2012-07-21 06:00,3524394,lessthan 32000,381
2012-07-21 06:00,3517636,lessthan 32768,124
2012-07-21 06:00,3517367,lessthan 48000,66
2012-07-21 07:00,3524394,lessthan 32000,175
2012-07-21 07:00,3517636,lessthan 32768,71
2012-07-21 07:00,3517367,lessthan 48000,138
2012-07-21 08:00,3524394,lessthan 32000,278
2012-07-21 08:00,3517636,lessthan 32768,97
2012-07-21 08:00,3517367,lessthan 48000,24
2012-07-21 09:00,3524394,lessthan 32000,171
2012-07-21 09:00,3517636,lessthan 32768,36
2012-07-21 09:00,3517367,lessthan 48000,58
2012-07-21 10:00,3524394,lessthan 32000,211
2012-07-21 10:00,3517636,lessthan 32768,5
2012-07-21 10:00,3517367,lessthan 48000,5
2012-07-21 11:00,3524394,lessthan 32000,119
2012-07-21 11:00,3517636,lessthan 32768,5
2012-07-21 11:00,3517367,lessthan 48000,64
2012-07-21 12:00,3524394,lessthan 32000,87
2012-07-21 12:00,3517636,lessthan 32768,13
2012-07-21 12:00,3517367,lessthan 48000,56
2012-07-21 13:00,3524394,lessthan 32000,52
2012-07-21 13:00,3517636,lessthan 32768,35
2012-07-21 13:00,3517367,lessthan 48000,103
2012-07-21 14:00,3524394,lessthan 32000,29
2012-07-21 14:00,3517636,lessthan 32768,49
2012-07-21 14:00,3517367,lessthan 48000,12
2012-07-21 15:00,3524394,lessthan 32000,9
2012-07-21 15:00,3517636,lessthan 32768,60
2012-07-21 15:00,3517367,lessthan 48000,9
2012-07-21 16:00,3524394,lessthan 32000,105
2012-07-21 16:00,3517636,lessthan 32768,39
2012-07-21 16:00,3517367,lessthan 48000,98
2012-07-21 17:00,3524394,lessthan 32000,51
2012-07-21 17:00,3517636,lessthan 32768,24
2012-07-21 17:00,3517367,lessthan 48000,66
2012-07-21 18:00,3524394,lessthan 32000,44
2012-07-21 18:00,3517636,lessthan 32768,37
2012-07-21 18:00,3517367,lessthan 48000,37
2012-07-21 19:00,3524394,lessthan 32000,112
2012-07-21 19:00,3517636,lessthan 32768,21
2012-07-21 19:00,3517367,lessthan 48000,84
2012-07-21 20:00,3524394,lessthan 32000,34
2012-07-21 20:00,3517636,lessthan 32768,33
2012-07-21 20:00,3517367,lessthan 48000,18
2012-07-21 21:00,3524394,lessthan 32000,33
2012-07-21 21:00,3517636,lessthan 32768,35
2012-07-21 21:00,3517367,lessthan 48000,15
2012-07-21 22:00,3524394,lessthan 32000,109
2012-07-21 22:00,3517636,lessthan 32768,70
2012-07-21 22:00,3517367,lessthan 48000,65
2012-07-21 23:00,3524394,lessthan 32000,69
2012-07-21 23:00,3517636,lessthan 32768,7
2012-07-21 23:00,3517367,lessthan 48000,51
2012-07-22 00:00,3524394,lessthan 32000,84
2012-07-22 00:00,3517636,lessthan 32768,14
2012-07-22 00:00,3517367,lessthan 48000,119
2012-07-22 01:00,3524394,lessthan 32000,39
2012-07-22 01:00,3517636,lessthan 32768,13
2012-07-22 01:00,3517367,lessthan 48000,153
2012-07-22 02:00,3524394,lessthan 32000,57
2012-07-22 02:00,3517636,lessthan 32768,17
2012-07-22 02:00,3517367,lessthan 48000,153
2012-07-22 03:00,3524394,lessthan 32000,167
2012-07-22 03:00,3517636,lessthan 32768,36
2012-07-22 03:00,3517367,lessthan 48000,297
2012-07-22 04:00,3524394,lessthan 32000,68
2012-07-22 04:00,3517636,lessthan 32768,12
2012-07-22 04:00,3517367,lessthan 48000,316
2012-07-22 05:00,3524394,lessthan 32000,299
2012-07-22 05:00,3517636,lessthan 32768,3
2012-07-22 05:00,3517367,lessthan 48000,209
2012-07-22 06:00,3524394,lessthan 32000,19
2012-07-22 06:00,3517636,lessthan 32768,0
2012-07-22 06:00,3517367,lessthan 48000,0
2012-07-22 07:00,3524394,lessthan 32000,380
2012-07-22 07:00,3517636,lessthan 32768,18
2012-07-22 07:00,3517367,lessthan 48000,42
2012-07-22 08:00,3524394,lessthan 32000,128
2012-07-22 08:00,3517636,lessthan 32768,1
2012-07-22 08:00,3517367,lessthan 48000,11
2012-07-22 09:00,3524394,lessthan 32000,110
2012-07-22 09:00,3517636,lessthan 32768,9
2012-07-22 09:00,3517367,lessthan 48000,28
2012-07-22 10:00,3524394,lessthan 32000,246
2012-07-22 10:00,3517636,lessthan 32768,55
2012-07-22 10:00,3517367,lessthan 48000,13
2012-07-22 11:00,3524394,lessthan 32000,146
2012-07-22 11:00,3517636,lessthan 32768,21
2012-07-22 11:00,3517367,lessthan 48000,4
2012-07-22 12:00,3524394,lessthan 32000,76
2012-07-22 12:00,3517636,lessthan 32768,24
2012-07-22 12:00,3517367,lessthan 48000,1
2012-07-22 13:00,3524394,lessthan 32000,115
2012-07-22 13:00,3517636,lessthan 32768,42
2012-07-22 13:00,3517367,lessthan 48000,2
2012-07-22 14:00,3524394,lessthan 32000,95
2012-07-22 14:00,3517636,lessthan 32768,5
2012-07-22 14:00,3517367,lessthan 48000,3
2012-07-22 15:00,3524394,lessthan 32000,131
2012-07-22 15:00,3517636,lessthan 32768,9
2012-07-22 15:00,3517367,lessthan 48000,14
2012-07-22 16:00,3524394,lessthan 32000,57
2012-07-22 16:00,3517636,lessthan 32768,2
2012-07-22 16:00,3517367,lessthan 48000,10
2012-07-22 17:00,3524394,lessthan 32000,83
2012-07-22 17:00,3517636,lessthan 32768,21
2012-07-22 17:00,3517367,lessthan 48000,24
2012-07-22 18:00,3524394,lessthan 32000,64
2012-07-22 18:00,3517636,lessthan 32768,49
2012-07-22 18:00,3517367,lessthan 48000,64
2012-07-22 19:00,3524394,lessthan 32000,107
2012-07-22 19:00,3517636,lessthan 32768,280
2012-07-22 19:00,3517367,lessthan 48000,156
2012-07-22 20:00,3524394,lessthan 32000,92
2012-07-22 20:00,3517636,lessthan 32768,179
2012-07-22 20:00,3517367,lessthan 48000,57
2012-07-22 21:00,3524394,lessthan 32000,131
2012-07-22 21:00,3517636,lessthan 32768,193
2012-07-22 21:00,3517367,lessthan 48000,140
2012-07-22 22:00,3524394,lessthan 32000,178
2012-07-22 22:00,3517636,lessthan 32768,134
2012-07-22 22:00,3517367,lessthan 48000,83
2012-07-22 23:00,3524394,lessthan 32000,221
2012-07-22 23:00,3517636,lessthan 32768,107
2012-07-22 23:00,3517367,lessthan 48000,33
2012-07-23 00:00,3524394,lessthan 32000,189
2012-07-23 00:00,3517636,lessthan 32768,157
2012-07-23 00:00,3517367,lessthan 48000,32
2012-07-23 01:00,3524394,lessthan 32000,153
2012-07-23 01:00,3517636,lessthan 32768,144
2012-07-23 01:00,3517367,lessthan 48000,8
2012-07-23 02:00,3524394,lessthan 32000,108
2012-07-23 02:00,3517636,lessthan 32768,142
2012-07-23 02:00,3517367,lessthan 48000,19
2012-07-23 03:00,3524394,lessthan 32000,366
2012-07-23 03:00,3517636,lessthan 32768,66
2012-07-23 03:00,3517367,lessthan 48000,36
2012-07-23 04:00,3524394,lessthan 32000,327
2012-07-23 04:00,3517636,lessthan 32768,3
2012-07-23 04:00,3517367,lessthan 48000,40
2012-07-23 05:00,3524394,lessthan 32000,155
2012-07-23 05:00,3517636,lessthan 32768,22
2012-07-23 05:00,3517367,lessthan 48000,69
2012-07-23 06:00,3524394,lessthan 32000,161
2012-07-23 06:00,3517636,lessthan 32768,12
2012-07-23 06:00,3517367,lessthan 48000,16
2012-07-23 07:00,3524394,lessthan 32000,78
2012-07-23 07:00,3517636,lessthan 32768,27
2012-07-23 07:00,3517367,lessthan 48000,20
2012-07-23 08:00,3524394,lessthan 32000,78
2012-07-23 08:00,3517636,lessthan 32768,55
2012-07-23 08:00,3517367,lessthan 48000,5
2012-07-23 09:00,3524394,lessthan 32000,51
2012-07-23 09:00,3517636,lessthan 32768,37
2012-07-23 09:00,3517367,lessthan 48000,14
2012-07-23 10:00,3524394,lessthan 32000,215
2012-07-23 10:00,3517636,lessthan 32768,11
2012-07-23 10:00,3517367,lessthan 48000,32
2012-07-23 11:00,3524394,lessthan 32000,256
2012-07-23 11:00,3517636,lessthan 32768,27
2012-07-23 11:00,3517367,lessthan 48000,30
2012-07-23 12:00,3524394,lessthan 32000,142
2012-07-23 12:00,3517636,lessthan 32768,36
2012-07-23 12:00,3517367,lessthan 48000,9
2012-07-23 13:00,3524394,lessthan 32000,176
2012-07-23 13:00,3517636,lessthan 32768,20
2012-07-23 13:00,3517367,lessthan 48000,9
2012-07-23 14:00,3524394,lessthan 32000,101
2012-07-23 14:00,3517636,lessthan 32768,52
2012-07-23 14:00,3517367,lessthan 48000,14
2012-07-23 15:00,3524394,lessthan 32000,25
2012-07-23 15:00,3517636,lessthan 32768,42
2012-07-23 15:00,3517367,lessthan 48000,50
2012-07-23 16:00,3524394,lessthan 32000,8
2012-07-23 16:00,3517636,lessthan 32768,9
2012-07-23 16:00,3517367,lessthan 48000,49
2012-07-23 17:00,3524394,lessthan 32000,68
2012-07-23 17:00,3517636,lessthan 32768,19
2012-07-23 17:00,3517367,lessthan 48000,92
2012-07-23 18:00,3524394,lessthan 32000,27
2012-07-23 18:00,3517636,lessthan 32768,17
2012-07-23 18:00,3517367,lessthan 48000,89
2012-07-23 19:00,3524394,lessthan 32000,38
2012-07-23 19:00,3517636,lessthan 32768,1
2012-07-23 19:00,3517367,lessthan 48000,44
2012-07-23 20:00,3524394,lessthan 32000,67
2012-07-23 20:00,3517636,lessthan 32768,8
2012-07-23 20:00,3517367,lessthan 48000,12
2012-07-23 21:00,3524394,lessthan 32000,49
2012-07-23 21:00,3517636,lessthan 32768,3
2012-07-23 21:00,3517367,lessthan 48000,22
2012-07-23 22:00,3524394,lessthan 32000,116
2012-07-23 22:00,3517636,lessthan 32768,82
2012-07-23 22:00,3517367,lessthan 48000,28
2012-07-23 23:00,3524394,lessthan 32000,34
2012-07-23 23:00,3517636,lessthan 32768,18
2012-07-23 23:00,3517367,lessthan 48000,8
2012-07-24 00:00,3524394,lessthan 32000,102
2012-07-24 00:00,3517636,lessthan 32768,17
2012-07-24 00:00,3517367,lessthan 48000,36
2012-07-24 01:00,3524394,lessthan 32000,91
2012-07-24 01:00,3517636,lessthan 32768,11
2012-07-24 01:00,3517367,lessthan 48000,7
2012-07-24 02:00,3524394,lessthan 32000,117
2012-07-24 02:00,3517636,lessthan 32768,82
2012-07-24 02:00,3517367,lessthan 48000,7
2012-07-24 03:00,3524394,lessthan 32000,303
2012-07-24 03:00,3517636,lessthan 32768,44
2012-07-24 03:00,3517367,lessthan 48000,63
2012-07-24 04:00,3524394,lessthan 32000,0
2012-07-24 04:00,3517636,lessthan 32768,0
2012-07-24 04:00,3517367,lessthan 48000,0
2012-07-24 05:00,3524394,lessthan 32000,258
2012-07-24 05:00,3517636,lessthan 32768,13
2012-07-24 05:00,3517367,lessthan 48000,72
2012-07-24 06:00,3524394,lessthan 32000,89
2012-07-24 06:00,3517636,lessthan 32768,15
2012-07-24 06:00,3517367,lessthan 48000,171
2012-07-24 07:00,3524394,lessthan 32000,28
2012-07-24 07:00,3517636,lessthan 32768,3
2012-07-24 07:00,3517367,lessthan 48000,24
2012-07-24 08:00,3524394,lessthan 32000,55
2012-07-24 08:00,3517636,lessthan 32768,5
2012-07-24 08:00,3517367,lessthan 48000,19
2012-07-24 09:00,3524394,lessthan 32000,69
2012-07-24 09:00,3517636,lessthan 32768,25
2012-07-24 09:00,3517367,lessthan 48000,13
2012-07-24 10:00,3524394,lessthan 32000,41
2012-07-24 10:00,3517636,lessthan 32768,38
2012-07-24 10:00,3517367,lessthan 48000,12
2012-07-24 11:00,3524394,lessthan 32000,15
2012-07-24 11:00,3517636,lessthan 32768,3
2012-07-24 11:00,3517367,lessthan 48000,5
2012-07-24 12:00,3524394,lessthan 32000,55
2012-07-24 12:00,3517636,lessthan 32768,6
2012-07-24 12:00,3517367,lessthan 48000,9
2012-07-24 13:00,3524394,lessthan 32000,54
2012-07-24 13:00,3517636,lessthan 32768,7
2012-07-24 13:00,3517367,lessthan 48000,5
2012-07-24 14:00,3524394,lessthan 32000,47
2012-07-24 14:00,3517636,lessthan 32768,48
2012-07-24 14:00,3517367,lessthan 48000,9
2012-07-24 15:00,3524394,lessthan 32000,64
2012-07-24 15:00,3517636,lessthan 32768,32
2012-07-24 15:00,3517367,lessthan 48000,37
2012-07-24 16:00,3524394,lessthan 32000,33
2012-07-24 16:00,3517636,lessthan 32768,14
2012-07-24 16:00,3517367,lessthan 48000,17
2012-07-24 17:00,3524394,lessthan 32000,101
2012-07-24 17:00,3517636,lessthan 32768,10
2012-07-24 17:00,3517367,lessthan 48000,27
2012-07-24 18:00,3524394,lessthan 32000,50
2012-07-24 18:00,3517636,lessthan 32768,10
2012-07-24 18:00,3517367,lessthan 48000,15
2012-07-24 19:00,3524394,lessthan 32000,55
2012-07-24 19:00,3517636,lessthan 32768,6
2012-07-24 19:00,3517367,lessthan 48000,36
2012-07-24 20:00,3524394,lessthan 32000,215
2012-07-24 20:00,3517636,lessthan 32768,18
2012-07-24 20:00,3517367,lessthan 48000,74
2012-07-24 21:00,3524394,lessthan 32000,57
2012-07-24 21:00,3517636,lessthan 32768,20
2012-07-24 21:00,3517367,lessthan 48000,21
2012-07-24 22:00,3524394,lessthan 32000,221
2012-07-24 22:00,3517636,lessthan 32768,32
2012-07-24 22:00,3517367,lessthan 48000,68
2012-07-24 23:00,3524394,lessthan 32000,67
2012-07-24 23:00,3517636,lessthan 32768,6
2012-07-24 23:00,3517367,lessthan 48000,61
2012-07-25 00:00,3524394,lessthan 32000,197
2012-07-25 00:00,3517636,lessthan 32768,9
2012-07-25 00:00,3517367,lessthan 48000,38
2012-07-25 01:00,3524394,lessthan 32000,40
2012-07-25 01:00,3517636,lessthan 32768,28
2012-07-25 01:00,3517367,lessthan 48000,26
2012-07-25 02:00,3524394,lessthan 32000,123
2012-07-25 02:00,3517636,lessthan 32768,52
2012-07-25 02:00,3517367,lessthan 48000,38
2012-07-25 03:00,3524394,lessthan 32000,133
2012-07-25 03:00,3517636,lessthan 32768,53
2012-07-25 03:00,3517367,lessthan 48000,44
2012-07-25 04:00,3524394,lessthan 32000,59
2012-07-25 04:00,3517636,lessthan 32768,29
2012-07-25 04:00,3517367,lessthan 48000,24
2012-07-25 05:00,3524394,lessthan 32000,50
2012-07-25 05:00,3517636,lessthan 32768,26
2012-07-25 05:00,3517367,lessthan 48000,23
2012-07-25 06:00,3524394,lessthan 32000,41
2012-07-25 06:00,3517636,lessthan 32768,14
2012-07-25 06:00,3517367,lessthan 48000,33
2012-07-25 07:00,3524394,lessthan 32000,25
2012-07-25 07:00,3517636,lessthan 32768,12
2012-07-25 07:00,3517367,lessthan 48000,1
2012-07-25 08:00,3524394,lessthan 32000,39
2012-07-25 08:00,3517636,lessthan 32768,4
2012-07-25 08:00,3517367,lessthan 48000,0
2012-07-25 09:00,3524394,lessthan 32000,3
2012-07-25 09:00,3517636,lessthan 32768,6
2012-07-25 09:00,3517367,lessthan 48000,0
2012-07-25 10:00,3524394,lessthan 32000,22
2012-07-25 10:00,3517636,lessthan 32768,13
2012-07-25 10:00,3517367,lessthan 48000,11
2012-07-25 11:00,3524394,lessthan 32000,34
2012-07-25 11:00,3517636,lessthan 32768,62
2012-07-25 11:00,3517367,lessthan 48000,4
2012-07-25 12:00,3524394,lessthan 32000,45
2012-07-25 12:00,3517636,lessthan 32768,37
2012-07-25 12:00,3517367,lessthan 48000,11
2012-07-25 13:00,3524394,lessthan 32000,26
2012-07-25 13:00,3517636,lessthan 32768,24
2012-07-25 13:00,3517367,lessthan 48000,34
2012-07-25 14:00,3524394,lessthan 32000,17
2012-07-25 14:00,3517636,lessthan 32768,22
2012-07-25 14:00,3517367,lessthan 48000,33
2012-07-25 15:00,3524394,lessthan 32000,10
2012-07-25 15:00,3517636,lessthan 32768,39
2012-07-25 15:00,3517367,lessthan 48000,1
2012-07-25 16:00,3524394,lessthan 32000,13
2012-07-25 16:00,3517636,lessthan 32768,14
2012-07-25 16:00,3517367,lessthan 48000,1
2012-07-25 17:00,3524394,lessthan 32000,51
2012-07-25 17:00,3517636,lessthan 32768,111
2012-07-25 17:00,3517367,lessthan 48000,22
2012-07-25 18:00,3524394,lessthan 32000,48
2012-07-25 18:00,3517636,lessthan 32768,18
2012-07-25 18:00,3517367,lessthan 48000,9
2012-07-25 19:00,3524394,lessthan 32000,20
2012-07-25 19:00,3517636,lessthan 32768,6
2012-07-25 19:00,3517367,lessthan 48000,9
2012-07-25 20:00,3524394,lessthan 32000,18
2012-07-25 20:00,3517636,lessthan 32768,12
2012-07-25 20:00,3517367,lessthan 48000,19
2012-07-25 21:00,3524394,lessthan 32000,21
2012-07-25 21:00,3517636,lessthan 32768,4
2012-07-25 21:00,3517367,lessthan 48000,47
2012-07-25 22:00,3524394,lessthan 32000,27
2012-07-25 22:00,3517636,lessthan 32768,2
2012-07-25 22:00,3517367,lessthan 48000,39
2012-07-25 23:00,3524394,lessthan 32000,44
2012-07-25 23:00,3517636,lessthan 32768,10
2012-07-25 23:00,3517367,lessthan 48000,85
2012-07-26 00:00,3524394,lessthan 32000,69
2012-07-26 00:00,3517636,lessthan 32768,24
2012-07-26 00:00,3517367,lessthan 48000,114
2012-07-26 01:00,3524394,lessthan 32000,114
2012-07-26 01:00,3517636,lessthan 32768,33
2012-07-26 01:00,3517367,lessthan 48000,71
2012-07-26 02:00,3524394,lessthan 32000,11
2012-07-26 02:00,3517636,lessthan 32768,27
2012-07-26 02:00,3517367,lessthan 48000,16
2012-07-26 03:00,3524394,lessthan 32000,173
2012-07-26 03:00,3517636,lessthan 32768,118
2012-07-26 03:00,3517367,lessthan 48000,108
2012-07-26 04:00,3524394,lessthan 32000,86
2012-07-26 04:00,3517636,lessthan 32768,100
2012-07-26 04:00,3517367,lessthan 48000,65
2012-07-26 05:00,3524394,lessthan 32000,39
2012-07-26 05:00,3517636,lessthan 32768,86
2012-07-26 05:00,3517367,lessthan 48000,24
2012-07-26 06:00,3524394,lessthan 32000,116
2012-07-26 06:00,3517636,lessthan 32768,106
2012-07-26 06:00,3517367,lessthan 48000,12
2012-07-26 07:00,3524394,lessthan 32000,127
2012-07-26 07:00,3517636,lessthan 32768,32
2012-07-26 07:00,3517367,lessthan 48000,10
2012-07-26 08:00,3524394,lessthan 32000,79
2012-07-26 08:00,3517636,lessthan 32768,52
2012-07-26 08:00,3517367,lessthan 48000,3
2012-07-26 09:00,3524394,lessthan 32000,84
2012-07-26 09:00,3517636,lessthan 32768,21
2012-07-26 09:00,3517367,lessthan 48000,18
2012-07-26 10:00,3524394,lessthan 32000,70
2012-07-26 10:00,3517636,lessthan 32768,55
2012-07-26 10:00,3517367,lessthan 48000,9
2012-07-26 11:00,3524394,lessthan 32000,57
2012-07-26 11:00,3517636,lessthan 32768,60
2012-07-26 11:00,3517367,lessthan 48000,37
2012-07-26 12:00,3524394,lessthan 32000,82
2012-07-26 12:00,3517636,lessthan 32768,15
2012-07-26 12:00,3517367,lessthan 48000,79
2012-07-26 13:00,3524394,lessthan 32000,113
2012-07-26 13:00,3517636,lessthan 32768,74
2012-07-26 13:00,3517367,lessthan 48000,71
2012-07-26 14:00,3524394,lessthan 32000,28
2012-07-26 14:00,3517636,lessthan 32768,16
2012-07-26 14:00,3517367,lessthan 48000,23
2012-07-26 15:00,3524394,lessthan 32000,32
2012-07-26 15:00,3517636,lessthan 32768,21
2012-07-26 15:00,3517367,lessthan 48000,141
2012-07-26 16:00,3524394,lessthan 32000,18
2012-07-26 16:00,3517636,lessthan 32768,58
2012-07-26 16:00,3517367,lessthan 48000,233
2012-07-26 17:00,3524394,lessthan 32000,1
2012-07-26 17:00,3517636,lessthan 32768,9
2012-07-26 17:00,3517367,lessthan 48000,24
2012-07-26 18:00,3524394,lessthan 32000,21
2012-07-26 18:00,3517636,lessthan 32768,44
2012-07-26 18:00,3517367,lessthan 48000,194
2012-07-26 19:00,3524394,lessthan 32000,25
2012-07-26 19:00,3517636,lessthan 32768,27
2012-07-26 19:00,3517367,lessthan 48000,24
2012-07-26 20:00,3524394,lessthan 32000,28
2012-07-26 20:00,3517636,lessthan 32768,13
2012-07-26 20:00,3517367,lessthan 48000,26
2012-07-26 21:00,3524394,lessthan 32000,16
2012-07-26 21:00,3517636,lessthan 32768,2
2012-07-26 21:00,3517367,lessthan 48000,40
2012-07-26 22:00,3524394,lessthan 32000,23
2012-07-26 22:00,3517636,lessthan 32768,7
2012-07-26 22:00,3517367,lessthan 48000,28
2012-07-26 23:00,3524394,lessthan 32000,13
2012-07-26 23:00,3517636,lessthan 32768,4
2012-07-26 23:00,3517367,lessthan 48000,59
2012-07-27 00:00,3524394,lessthan 32000,10
2012-07-27 00:00,3517636,lessthan 32768,2
2012-07-27 00:00,3517367,lessthan 48000,87
2012-07-27 01:00,3524394,lessthan 32000,45
2012-07-27 01:00,3517636,lessthan 32768,14
2012-07-27 01:00,3517367,lessthan 48000,385
2012-07-27 02:00,3524394,lessthan 32000,66
2012-07-27 02:00,3517636,lessthan 32768,18
2012-07-27 02:00,3517367,lessthan 48000,211
2012-07-27 03:00,3524394,lessthan 32000,52
2012-07-27 03:00,3517636,lessthan 32768,40
2012-07-27 03:00,3517367,lessthan 48000,288
2012-07-27 04:00,3524394,lessthan 32000,53
2012-07-27 04:00,3517636,lessthan 32768,91
2012-07-27 04:00,3517367,lessthan 48000,436
2012-07-27 05:00,3524394,lessthan 32000,30
2012-07-27 05:00,3517636,lessthan 32768,43
2012-07-27 05:00,3517367,lessthan 48000,213
2012-07-27 06:00,3524394,lessthan 32000,17
2012-07-27 06:00,3517636,lessthan 32768,164
2012-07-27 06:00,3517367,lessthan 48000,66
2012-07-27 07:00,3524394,lessthan 32000,1
2012-07-27 07:00,3517636,lessthan 32768,35
2012-07-27 07:00,3517367,lessthan 48000,9
2012-07-27 08:00,3524394,lessthan 32000,28
2012-07-27 08:00,3517636,lessthan 32768,101
2012-07-27 08:00,3517367,lessthan 48000,25
2012-07-27 09:00,3524394,lessthan 32000,9
2012-07-27 09:00,3517636,lessthan 32768,77
2012-07-27 09:00,3517367,lessthan 48000,12
2012-07-27 10:00,3524394,lessthan 32000,20
2012-07-27 10:00,3517636,lessthan 32768,94
2012-07-27 10:00,3517367,lessthan 48000,8
2012-07-27 11:00,3524394,lessthan 32000,28
2012-07-27 11:00,3517636,lessthan 32768,141
2012-07-27 11:00,3517367,lessthan 48000,4
2012-07-27 12:00,3524394,lessthan 32000,58
2012-07-27 12:00,3517636,lessthan 32768,0
2012-07-27 12:00,3517367,lessthan 48000,1
2012-07-27 13:00,3524394,lessthan 32000,51
2012-07-27 13:00,3517636,lessthan 32768,0
2012-07-27 13:00,3517367,lessthan 48000,62
2012-07-27 14:00,3524394,lessthan 32000,134
2012-07-27 14:00,3517636,lessthan 32768,17
2012-07-27 14:00,3517367,lessthan 48000,182
2012-07-27 15:00,3524394,lessthan 32000,12
2012-07-27 15:00,3517636,lessthan 32768,125
2012-07-27 15:00,3517367,lessthan 48000,178
2012-07-27 16:00,3524394,lessthan 32000,4
2012-07-27 16:00,3517636,lessthan 32768,26
2012-07-27 16:00,3517367,lessthan 48000,3
2012-07-27 17:00,3524394,lessthan 32000,34
2012-07-27 17:00,3517636,lessthan 32768,200
2012-07-27 17:00,3517367,lessthan 48000,238
2012-07-27 18:00,3524394,lessthan 32000,25
2012-07-27 18:00,3517636,lessthan 32768,86
2012-07-27 18:00,3517367,lessthan 48000,169
2012-07-27 19:00,3524394,lessthan 32000,42
2012-07-27 19:00,3517636,lessthan 32768,70
2012-07-27 19:00,3517367,lessthan 48000,101
2012-07-27 20:00,3524394,lessthan 32000,36
2012-07-27 20:00,3517636,lessthan 32768,23
2012-07-27 20:00,3517367,lessthan 48000,18
2012-07-27 21:00,3524394,lessthan 32000,17
2012-07-27 21:00,3517636,lessthan 32768,84
2012-07-27 21:00,3517367,lessthan 48000,13
2012-07-27 22:00,3524394,lessthan 32000,23
2012-07-27 22:00,3517636,lessthan 32768,5
2012-07-27 22:00,3517367,lessthan 48000,4
2012-07-27 23:00,3524394,lessthan 32000,12
2012-07-27 23:00,3517636,lessthan 32768,0
2012-07-27 23:00,3517367,lessthan 48000,6
2012-07-28 00:00,3524394,lessthan 32000,16
2012-07-28 00:00,3517636,lessthan 32768,1
2012-07-28 00:00,3517367,lessthan 48000,6
2012-07-28 01:00,3524394,lessthan 32000,7
2012-07-28 01:00,3517636,lessthan 32768,32
2012-07-28 01:00,3517367,lessthan 48000,4
2012-07-28 02:00,3524394,lessthan 32000,50
2012-07-28 02:00,3517636,lessthan 32768,92
2012-07-28 02:00,3517367,lessthan 48000,22
2012-07-28 03:00,3524394,lessthan 32000,10
2012-07-28 03:00,3517636,lessthan 32768,11
2012-07-28 03:00,3517367,lessthan 48000,7
2012-07-28 04:00,3524394,lessthan 32000,56
2012-07-28 04:00,3517636,lessthan 32768,17
2012-07-28 04:00,3517367,lessthan 48000,242
2012-07-28 05:00,3524394,lessthan 32000,11
2012-07-28 05:00,3517636,lessthan 32768,71
2012-07-28 05:00,3517367,lessthan 48000,458
2012-07-28 06:00,3524394,lessthan 32000,6
2012-07-28 06:00,3517636,lessthan 32768,26
2012-07-28 06:00,3517367,lessthan 48000,331
2012-07-28 07:00,3524394,lessthan 32000,0
2012-07-28 07:00,3517636,lessthan 32768,0
2012-07-28 07:00,3517367,lessthan 48000,0
2012-07-28 08:00,3524394,lessthan 32000,17
2012-07-28 08:00,3517636,lessthan 32768,5
2012-07-28 08:00,3517367,lessthan 48000,284
2012-07-28 09:00,3524394,lessthan 32000,145
2012-07-28 09:00,3517636,lessthan 32768,44
2012-07-28 09:00,3517367,lessthan 48000,231
2012-07-28 10:00,3524394,lessthan 32000,133
2012-07-28 10:00,3517636,lessthan 32768,33
2012-07-28 10:00,3517367,lessthan 48000,226
2012-07-28 11:00,3524394,lessthan 32000,17
2012-07-28 11:00,3517636,lessthan 32768,39
2012-07-28 11:00,3517367,lessthan 48000,167
2012-07-28 12:00,3524394,lessthan 32000,10
2012-07-28 12:00,3517636,lessthan 32768,12
2012-07-28 12:00,3517367,lessthan 48000,76
2012-07-28 13:00,3524394,lessthan 32000,45
2012-07-28 13:00,3517636,lessthan 32768,59
2012-07-28 13:00,3517367,lessthan 48000,94
2012-07-28 14:00,3524394,lessthan 32000,74
2012-07-28 14:00,3517636,lessthan 32768,53
2012-07-28 14:00,3517367,lessthan 48000,155
2012-07-28 15:00,3524394,lessthan 32000,54
2012-07-28 15:00,3517636,lessthan 32768,2
2012-07-28 15:00,3517367,lessthan 48000,8
2012-07-28 16:00,3524394,lessthan 32000,134
2012-07-28 16:00,3517636,lessthan 32768,27
2012-07-28 16:00,3517367,lessthan 48000,168
2012-07-28 17:00,3524394,lessthan 32000,50
2012-07-28 17:00,3517636,lessthan 32768,44
2012-07-28 17:00,3517367,lessthan 48000,110
2012-07-28 18:00,3524394,lessthan 32000,189
2012-07-28 18:00,3517636,lessthan 32768,127
2012-07-28 18:00,3517367,lessthan 48000,137
2012-07-28 19:00,3524394,lessthan 32000,31
2012-07-28 19:00,3517636,lessthan 32768,51
2012-07-28 19:00,3517367,lessthan 48000,182
2012-07-28 20:00,3524394,lessthan 32000,140
2012-07-28 20:00,3517636,lessthan 32768,144
2012-07-28 20:00,3517367,lessthan 48000,125
2012-07-28 21:00,3524394,lessthan 32000,6
2012-07-28 21:00,3517636,lessthan 32768,21
2012-07-28 21:00,3517367,lessthan 48000,19
2012-07-28 22:00,3524394,lessthan 32000,62
2012-07-28 22:00,3517636,lessthan 32768,51
2012-07-28 22:00,3517367,lessthan 48000,82
2012-07-28 23:00,3524394,lessthan 32000,106
2012-07-28 23:00,3517636,lessthan 32768,188
2012-07-28 23:00,3517367,lessthan 48000,80
2012-07-29 00:00,3524394,lessthan 32000,81
2012-07-29 00:00,3517636,lessthan 32768,21
2012-07-29 00:00,3517367,lessthan 48000,126
2012-07-29 01:00,3524394,lessthan 32000,101
2012-07-29 01:00,3517636,lessthan 32768,68
2012-07-29 01:00,3517367,lessthan 48000,86
2012-07-29 02:00,3524394,lessthan 32000,197
2012-07-29 02:00,3517636,lessthan 32768,97
2012-07-29 02:00,3517367,lessthan 48000,43
2012-07-29 03:00,3524394,lessthan 32000,157
2012-07-29 03:00,3517636,lessthan 32768,13
2012-07-29 03:00,3517367,lessthan 48000,116
2012-07-29 04:00,3524394,lessthan 32000,402
2012-07-29 04:00,3517636,lessthan 32768,13
2012-07-29 04:00,3517367,lessthan 48000,87
2012-07-29 05:00,3524394,lessthan 32000,145
2012-07-29 05:00,3517636,lessthan 32768,55
2012-07-29 05:00,3517367,lessthan 48000,14
2012-07-29 06:00,3524394,lessthan 32000,413
2012-07-29 06:00,3517636,lessthan 32768,18
2012-07-29 06:00,3517367,lessthan 48000,63
2012-07-29 07:00,3524394,lessthan 32000,183
2012-07-29 07:00,3517636,lessthan 32768,35
2012-07-29 07:00,3517367,lessthan 48000,68
2012-07-29 08:00,3524394,lessthan 32000,10
2012-07-29 08:00,3517636,lessthan 32768,9
2012-07-29 08:00,3517367,lessthan 48000,1
2012-07-29 09:00,3524394,lessthan 32000,62
2012-07-29 09:00,3517636,lessthan 32768,106
2012-07-29 09:00,3517367,lessthan 48000,13
2012-07-29 10:00,3524394,lessthan 32000,133
2012-07-29 10:00,3517636,lessthan 32768,34
2012-07-29 10:00,3517367,lessthan 48000,12
2012-07-29 11:00,3524394,lessthan 32000,288
2012-07-29 11:00,3517636,lessthan 32768,14
2012-07-29 11:00,3517367,lessthan 48000,1
2012-07-29 12:00,3524394,lessthan 32000,175
2012-07-29 12:00,3517636,lessthan 32768,12
2012-07-29 12:00,3517367,lessthan 48000,6
2012-07-29 13:00,3524394,lessthan 32000,330
2012-07-29 13:00,3517636,lessthan 32768,79
2012-07-29 13:00,3517367,lessthan 48000,57
2012-07-29 14:00,3524394,lessthan 32000,329
2012-07-29 14:00,3517636,lessthan 32768,28
2012-07-29 14:00,3517367,lessthan 48000,4
2012-07-29 15:00,3524394,lessthan 32000,605
2012-07-29 15:00,3517636,lessthan 32768,156
2012-07-29 15:00,3517367,lessthan 48000,17
2012-07-29 16:00,3524394,lessthan 32000,240
2012-07-29 16:00,3517636,lessthan 32768,11
2012-07-29 16:00,3517367,lessthan 48000,8
2012-07-29 17:00,3524394,lessthan 32000,406
2012-07-29 17:00,3517636,lessthan 32768,2
2012-07-29 17:00,3517367,lessthan 48000,59
2012-07-29 18:00,3524394,lessthan 32000,261
2012-07-29 18:00,3517636,lessthan 32768,56
2012-07-29 18:00,3517367,lessthan 48000,60
2012-07-29 19:00,3524394,lessthan 32000,337
2012-07-29 19:00,3517636,lessthan 32768,73
2012-07-29 19:00,3517367,lessthan 48000,89
2012-07-29 20:00,3524394,lessthan 32000,400
2012-07-29 20:00,3517636,lessthan 32768,100
2012-07-29 20:00,3517367,lessthan 48000,117
2012-07-29 21:00,3524394,lessthan 32000,321
2012-07-29 21:00,3517636,lessthan 32768,46
2012-07-29 21:00,3517367,lessthan 48000,94
2012-07-29 22:00,3524394,lessthan 32000,218
2012-07-29 22:00,3517636,lessthan 32768,59
2012-07-29 22:00,3517367,lessthan 48000,159
2012-07-29 23:00,3524394,lessthan 32000,219
2012-07-29 23:00,3517636,lessthan 32768,31
2012-07-29 23:00,3517367,lessthan 48000,34
2012-07-30 00:00,3524394,lessthan 32000,97
2012-07-30 00:00,3517636,lessthan 32768,5
2012-07-30 00:00,3517367,lessthan 48000,32
2012-07-30 01:00,3524394,lessthan 32000,630
2012-07-30 01:00,3517636,lessthan 32768,85
2012-07-30 01:00,3517367,lessthan 48000,114
2012-07-30 02:00,3524394,lessthan 32000,188
2012-07-30 02:00,3517636,lessthan 32768,86
2012-07-30 02:00,3517367,lessthan 48000,68
2012-07-30 03:00,3524394,lessthan 32000,322
2012-07-30 03:00,3517636,lessthan 32768,76
2012-07-30 03:00,3517367,lessthan 48000,52
2012-07-30 04:00,3524394,lessthan 32000,115
2012-07-30 04:00,3517636,lessthan 32768,73
2012-07-30 04:00,3517367,lessthan 48000,30
2012-07-30 05:00,3524394,lessthan 32000,168
2012-07-30 05:00,3517636,lessthan 32768,134
2012-07-30 05:00,3517367,lessthan 48000,50
2012-07-30 06:00,3524394,lessthan 32000,95
2012-07-30 06:00,3517636,lessthan 32768,27
2012-07-30 06:00,3517367,lessthan 48000,2
2012-07-30 07:00,3524394,lessthan 32000,416
2012-07-30 07:00,3517636,lessthan 32768,36
2012-07-30 07:00,3517367,lessthan 48000,37
2012-07-30 08:00,3524394,lessthan 32000,134
2012-07-30 08:00,3517636,lessthan 32768,50
2012-07-30 08:00,3517367,lessthan 48000,17
2012-07-30 09:00,3524394,lessthan 32000,700
2012-07-30 09:00,3517636,lessthan 32768,53
2012-07-30 09:00,3517367,lessthan 48000,151
2012-07-30 10:00,3524394,lessthan 32000,384
2012-07-30 10:00,3517636,lessthan 32768,95
2012-07-30 10:00,3517367,lessthan 48000,77
2012-07-30 11:00,3524394,lessthan 32000,179
2012-07-30 11:00,3517636,lessthan 32768,78
2012-07-30 11:00,3517367,lessthan 48000,121
2012-07-30 12:00,3524394,lessthan 32000,329
2012-07-30 12:00,3517636,lessthan 32768,240
2012-07-30 12:00,3517367,lessthan 48000,67
2012-07-30 13:00,3524394,lessthan 32000,319
2012-07-30 13:00,3517636,lessthan 32768,57
2012-07-30 13:00,3517367,lessthan 48000,36
2012-07-30 14:00,3524394,lessthan 32000,444
2012-07-30 14:00,3517636,lessthan 32768,49
2012-07-30 14:00,3517367,lessthan 48000,93
2012-07-30 15:00,3524394,lessthan 32000,326
2012-07-30 15:00,3517636,lessthan 32768,22
2012-07-30 15:00,3517367,lessthan 48000,75
2012-07-30 16:00,3524394,lessthan 32000,84
2012-07-30 16:00,3517636,lessthan 32768,24
2012-07-30 16:00,3517367,lessthan 48000,34
2012-07-30 17:00,3524394,lessthan 32000,34
2012-07-30 17:00,3517636,lessthan 32768,49
2012-07-30 17:00,3517367,lessthan 48000,72
2012-07-30 18:00,3524394,lessthan 32000,0
2012-07-30 18:00,3517636,lessthan 32768,0
2012-07-30 18:00,3517367,lessthan 48000,0
2012-07-30 19:00,3524394,lessthan 32000,286
2012-07-30 19:00,3517636,lessthan 32768,39
2012-07-30 19:00,3517367,lessthan 48000,85
2012-07-30 20:00,3524394,lessthan 32000,26
2012-07-30 20:00,3517636,lessthan 32768,71
2012-07-30 20:00,3517367,lessthan 48000,14
2012-07-30 21:00,3524394,lessthan 32000,32
2012-07-30 21:00,3517636,lessthan 32768,26
2012-07-30 21:00,3517367,lessthan 48000,51
2012-07-30 22:00,3524394,lessthan 32000,54
2012-07-30 22:00,3517636,lessthan 32768,10
2012-07-30 22:00,3517367,lessthan 48000,65
2012-07-30 23:00,3524394,lessthan 32000,98
2012-07-30 23:00,3517636,lessthan 32768,28
2012-07-30 23:00,3517367,lessthan 48000,90
2012-07-31 00:00,3524394,lessthan 32000,121
2012-07-31 00:00,3517636,lessthan 32768,16
2012-07-31 00:00,3517367,lessthan 48000,29
2012-07-31 01:00,3524394,lessthan 32000,164
2012-07-31 01:00,3517636,lessthan 32768,71
2012-07-31 01:00,3517367,lessthan 48000,66
2012-07-31 02:00,3524394,lessthan 32000,58
2012-07-31 02:00,3517636,lessthan 32768,24
2012-07-31 02:00,3517367,lessthan 48000,47
2012-07-31 03:00,3524394,lessthan 32000,229
2012-07-31 03:00,3517636,lessthan 32768,73
2012-07-31 03:00,3517367,lessthan 48000,60
2012-07-31 04:00,3524394,lessthan 32000,233
2012-07-31 04:00,3517636,lessthan 32768,29
2012-07-31 04:00,3517367,lessthan 48000,40
2012-07-31 05:00,3524394,lessthan 32000,69
2012-07-31 05:00,3517636,lessthan 32768,31
2012-07-31 05:00,3517367,lessthan 48000,50
2012-07-31 06:00,3524394,lessthan 32000,34
2012-07-31 06:00,3517636,lessthan 32768,16
2012-07-31 06:00,3517367,lessthan 48000,11
2012-07-31 07:00,3524394,lessthan 32000,159
2012-07-31 07:00,3517636,lessthan 32768,17
2012-07-31 07:00,3517367,lessthan 48000,11
2012-07-31 08:00,3524394,lessthan 32000,5
2012-07-31 08:00,3517636,lessthan 32768,14
2012-07-31 08:00,3517367,lessthan 48000,1
2012-07-31 09:00,3524394,lessthan 32000,234
2012-07-31 09:00,3517636,lessthan 32768,39
2012-07-31 09:00,3517367,lessthan 48000,17
2012-07-31 10:00,3524394,lessthan 32000,389
2012-07-31 10:00,3517636,lessthan 32768,27
2012-07-31 10:00,3517367,lessthan 48000,13
2012-07-31 11:00,3524394,lessthan 32000,246
2012-07-31 11:00,3517636,lessthan 32768,75
2012-07-31 11:00,3517367,lessthan 48000,110
2012-07-31 12:00,3524394,lessthan 32000,308
2012-07-31 12:00,3517636,lessthan 32768,71
2012-07-31 12:00,3517367,lessthan 48000,5
2012-07-31 13:00,3524394,lessthan 32000,92
2012-07-31 13:00,3517636,lessthan 32768,53
2012-07-31 13:00,3517367,lessthan 48000,4
2012-07-31 14:00,3524394,lessthan 32000,153
2012-07-31 14:00,3517636,lessthan 32768,14
2012-07-31 14:00,3517367,lessthan 48000,56
2012-07-31 15:00,3524394,lessthan 32000,45
2012-07-31 15:00,3517636,lessthan 32768,7
2012-07-31 15:00,3517367,lessthan 48000,29
2012-07-31 16:00,3524394,lessthan 32000,58
2012-07-31 16:00,3517636,lessthan 32768,27
2012-07-31 16:00,3517367,lessthan 48000,92
2012-07-31 17:00,3524394,lessthan 32000,58
2012-07-31 17:00,3517636,lessthan 32768,23
2012-07-31 17:00,3517367,lessthan 48000,124
2012-07-31 18:00,3524394,lessthan 32000,61
2012-07-31 18:00,3517636,lessthan 32768,36
2012-07-31 18:00,3517367,lessthan 48000,38
2012-07-31 19:00,3524394,lessthan 32000,105
2012-07-31 19:00,3517636,lessthan 32768,19
2012-07-31 19:00,3517367,lessthan 48000,48
2012-07-31 20:00,3524394,lessthan 32000,67
2012-07-31 20:00,3517636,lessthan 32768,59
2012-07-31 20:00,3517367,lessthan 48000,22
2012-07-31 21:00,3524394,lessthan 32000,56
2012-07-31 21:00,3517636,lessthan 32768,31
2012-07-31 21:00,3517367,lessthan 48000,4
2012-07-31 22:00,3524394,lessthan 32000,54
2012-07-31 22:00,3517636,lessthan 32768,37
2012-07-31 22:00,3517367,lessthan 48000,27
2012-07-31 23:00,3524394,lessthan 32000,9
2012-07-31 23:00,3517636,lessthan 32768,17
2012-07-31 23:00,3517367,lessthan 48000,35
2012-08-01 00:00,3524394,lessthan 32000,8
2012-08-01 00:00,3517636,lessthan 32768,7
2012-08-01 00:00,3517367,lessthan 48000,8
2012-08-01 01:00,3524394,lessthan 32000,228
2012-08-01 01:00,3517636,lessthan 32768,69
2012-08-01 01:00,3517367,lessthan 48000,88
2012-08-01 02:00,3524394,lessthan 32000,2
2012-08-01 02:00,3517636,lessthan 32768,2
2012-08-01 02:00,3517367,lessthan 48000,0
2012-08-01 03:00,3524394,lessthan 32000,97
2012-08-01 03:00,3517636,lessthan 32768,99
2012-08-01 03:00,3517367,lessthan 48000,73
2012-08-01 04:00,3524394,lessthan 32000,192
2012-08-01 04:00,3517636,lessthan 32768,23
2012-08-01 04:00,3517367,lessthan 48000,73
2012-08-01 05:00,3524394,lessthan 32000,128
2012-08-01 05:00,3517636,lessthan 32768,36
2012-08-01 05:00,3517367,lessthan 48000,47
2012-08-01 06:00,3524394,lessthan 32000,96
2012-08-01 06:00,3517636,lessthan 32768,11
2012-08-01 06:00,3517367,lessthan 48000,18
2012-08-01 07:00,3524394,lessthan 32000,7
2012-08-01 07:00,3517636,lessthan 32768,1
2012-08-01 07:00,3517367,lessthan 48000,7
2012-08-01 08:00,3524394,lessthan 32000,112
2012-08-01 08:00,3517636,lessthan 32768,41
2012-08-01 08:00,3517367,lessthan 48000,45
2012-08-01 09:00,3524394,lessthan 32000,172
2012-08-01 09:00,3517636,lessthan 32768,40
2012-08-01 09:00,3517367,lessthan 48000,53
2012-08-01 10:00,3524394,lessthan 32000,115
2012-08-01 10:00,3517636,lessthan 32768,22
2012-08-01 10:00,3517367,lessthan 48000,10
2012-08-01 11:00,3524394,lessthan 32000,182
2012-08-01 11:00,3517636,lessthan 32768,56
2012-08-01 11:00,3517367,lessthan 48000,31
2012-08-01 12:00,3524394,lessthan 32000,35
2012-08-01 12:00,3517636,lessthan 32768,38
2012-08-01 12:00,3517367,lessthan 48000,16
2012-08-01 13:00,3524394,lessthan 32000,125
2012-08-01 13:00,3517636,lessthan 32768,41
2012-08-01 13:00,3517367,lessthan 48000,74
2012-08-01 14:00,3524394,lessthan 32000,30
2012-08-01 14:00,3517636,lessthan 32768,41
2012-08-01 14:00,3517367,lessthan 48000,7
2012-08-01 15:00,3524394,lessthan 32000,8
2012-08-01 15:00,3517636,lessthan 32768,22
2012-08-01 15:00,3517367,lessthan 48000,9
2012-08-01 16:00,3524394,lessthan 32000,9
2012-08-01 16:00,3517636,lessthan 32768,13
2012-08-01 16:00,3517367,lessthan 48000,3
2012-08-01 17:00,3524394,lessthan 32000,4
2012-08-01 17:00,3517636,lessthan 32768,11
2012-08-01 17:00,3517367,lessthan 48000,9
2012-08-01 18:00,3524394,lessthan 32000,9
2012-08-01 18:00,3517636,lessthan 32768,9
2012-08-01 18:00,3517367,lessthan 48000,5
2012-08-01 19:00,3524394,lessthan 32000,22
2012-08-01 19:00,3517636,lessthan 32768,30
2012-08-01 19:00,3517367,lessthan 48000,33
2012-08-01 20:00,3524394,lessthan 32000,2
2012-08-01 20:00,3517636,lessthan 32768,7
2012-08-01 20:00,3517367,lessthan 48000,4
2012-08-01 21:00,3524394,lessthan 32000,60
2012-08-01 21:00,3517636,lessthan 32768,35
2012-08-01 21:00,3517367,lessthan 48000,60
2012-08-01 22:00,3524394,lessthan 32000,208
2012-08-01 22:00,3517636,lessthan 32768,40
2012-08-01 22:00,3517367,lessthan 48000,37
2012-08-01 23:00,3524394,lessthan 32000,26
2012-08-01 23:00,3517636,lessthan 32768,22
2012-08-01 23:00,3517367,lessthan 48000,10
2012-08-02 00:00,3524394,lessthan 32000,45
2012-08-02 00:00,3517636,lessthan 32768,53
2012-08-02 00:00,3517367,lessthan 48000,11
2012-08-02 01:00,3524394,lessthan 32000,62
2012-08-02 01:00,3517636,lessthan 32768,16
2012-08-02 01:00,3517367,lessthan 48000,69
2012-08-02 02:00,3524394,lessthan 32000,25
2012-08-02 02:00,3517636,lessthan 32768,26
2012-08-02 02:00,3517367,lessthan 48000,55
2012-08-02 03:00,3524394,lessthan 32000,86
2012-08-02 03:00,3517636,lessthan 32768,46
2012-08-02 03:00,3517367,lessthan 48000,58
2012-08-02 04:00,3524394,lessthan 32000,22
2012-08-02 04:00,3517636,lessthan 32768,0
2012-08-02 04:00,3517367,lessthan 48000,13
2012-08-02 05:00,3524394,lessthan 32000,70
2012-08-02 05:00,3517636,lessthan 32768,7
2012-08-02 05:00,3517367,lessthan 48000,25
2012-08-02 06:00,3524394,lessthan 32000,29
2012-08-02 06:00,3517636,lessthan 32768,115
2012-08-02 06:00,3517367,lessthan 48000,35
2012-08-02 07:00,3524394,lessthan 32000,12
2012-08-02 07:00,3517636,lessthan 32768,86
2012-08-02 07:00,3517367,lessthan 48000,12
2012-08-02 08:00,3524394,lessthan 32000,0
2012-08-02 08:00,3517636,lessthan 32768,66
2012-08-02 08:00,3517367,lessthan 48000,13
2012-08-02 09:00,3524394,lessthan 32000,153
2012-08-02 09:00,3517636,lessthan 32768,75
2012-08-02 09:00,3517367,lessthan 48000,20
2012-08-02 10:00,3524394,lessthan 32000,118
2012-08-02 10:00,3517636,lessthan 32768,98
2012-08-02 10:00,3517367,lessthan 48000,16
2012-08-02 11:00,3524394,lessthan 32000,53
2012-08-02 11:00,3517636,lessthan 32768,55
2012-08-02 11:00,3517367,lessthan 48000,1
2012-08-02 12:00,3524394,lessthan 32000,197
2012-08-02 12:00,3517636,lessthan 32768,152
2012-08-02 12:00,3517367,lessthan 48000,25
2012-08-02 13:00,3524394,lessthan 32000,200
2012-08-02 13:00,3517636,lessthan 32768,30
2012-08-02 13:00,3517367,lessthan 48000,7
2012-08-02 14:00,3524394,lessthan 32000,127
2012-08-02 14:00,3517636,lessthan 32768,19
2012-08-02 14:00,3517367,lessthan 48000,54
2012-08-02 15:00,3524394,lessthan 32000,224
2012-08-02 15:00,3517636,lessthan 32768,9
2012-08-02 15:00,3517367,lessthan 48000,37
2012-08-02 16:00,3524394,lessthan 32000,41
2012-08-02 16:00,3517636,lessthan 32768,25
2012-08-02 16:00,3517367,lessthan 48000,31
2012-08-02 17:00,3524394,lessthan 32000,31
2012-08-02 17:00,3517636,lessthan 32768,2
2012-08-02 17:00,3517367,lessthan 48000,13
2012-08-02 18:00,3524394,lessthan 32000,69
2012-08-02 18:00,3517636,lessthan 32768,11
2012-08-02 18:00,3517367,lessthan 48000,21
2012-08-02 19:00,3524394,lessthan 32000,76
2012-08-02 19:00,3517636,lessthan 32768,15
2012-08-02 19:00,3517367,lessthan 48000,22
2012-08-02 20:00,3524394,lessthan 32000,73
2012-08-02 20:00,3517636,lessthan 32768,28
2012-08-02 20:00,3517367,lessthan 48000,30
2012-08-02 21:00,3524394,lessthan 32000,48
2012-08-02 21:00,3517636,lessthan 32768,17
2012-08-02 21:00,3517367,lessthan 48000,71
2012-08-02 22:00,3524394,lessthan 32000,149
2012-08-02 22:00,3517636,lessthan 32768,21
2012-08-02 22:00,3517367,lessthan 48000,121
2012-08-02 23:00,3524394,lessthan 32000,144
2012-08-02 23:00,3517636,lessthan 32768,20
2012-08-02 23:00,3517367,lessthan 48000,23
2012-08-03 00:00,3524394,lessthan 32000,104
2012-08-03 00:00,3517636,lessthan 32768,55
2012-08-03 00:00,3517367,lessthan 48000,46
2012-08-03 01:00,3524394,lessthan 32000,85
2012-08-03 01:00,3517636,lessthan 32768,4
2012-08-03 01:00,3517367,lessthan 48000,24
2012-08-03 02:00,3524394,lessthan 32000,105
2012-08-03 02:00,3517636,lessthan 32768,5
2012-08-03 02:00,3517367,lessthan 48000,53
2012-08-03 03:00,3524394,lessthan 32000,145
2012-08-03 03:00,3517636,lessthan 32768,3
2012-08-03 03:00,3517367,lessthan 48000,49
2012-08-03 04:00,3524394,lessthan 32000,107
2012-08-03 04:00,3517636,lessthan 32768,7
2012-08-03 04:00,3517367,lessthan 48000,55
2012-08-03 05:00,3524394,lessthan 32000,66
2012-08-03 05:00,3517636,lessthan 32768,30
2012-08-03 05:00,3517367,lessthan 48000,44
2012-08-03 06:00,3524394,lessthan 32000,140
2012-08-03 06:00,3517636,lessthan 32768,35
2012-08-03 06:00,3517367,lessthan 48000,18
2012-08-03 07:00,3524394,lessthan 32000,153
2012-08-03 07:00,3517636,lessthan 32768,64
2012-08-03 07:00,3517367,lessthan 48000,69
2012-08-03 08:00,3524394,lessthan 32000,37
2012-08-03 08:00,3517636,lessthan 32768,129
2012-08-03 08:00,3517367,lessthan 48000,32
2012-08-03 09:00,3524394,lessthan 32000,87
2012-08-03 09:00,3517636,lessthan 32768,95
2012-08-03 09:00,3517367,lessthan 48000,27
2012-08-03 10:00,3524394,lessthan 32000,118
2012-08-03 10:00,3517636,lessthan 32768,122
2012-08-03 10:00,3517367,lessthan 48000,68
2012-08-03 11:00,3524394,lessthan 32000,174
2012-08-03 11:00,3517636,lessthan 32768,198
2012-08-03 11:00,3517367,lessthan 48000,33
2012-08-03 12:00,3524394,lessthan 32000,49
2012-08-03 12:00,3517636,lessthan 32768,75
2012-08-03 12:00,3517367,lessthan 48000,10
2012-08-03 13:00,3524394,lessthan 32000,88
2012-08-03 13:00,3517636,lessthan 32768,186
2012-08-03 13:00,3517367,lessthan 48000,2
2012-08-03 14:00,3524394,lessthan 32000,181
2012-08-03 14:00,3517636,lessthan 32768,27
2012-08-03 14:00,3517367,lessthan 48000,62
2012-08-03 15:00,3524394,lessthan 32000,129
2012-08-03 15:00,3517636,lessthan 32768,4
2012-08-03 15:00,3517367,lessthan 48000,15
2012-08-03 16:00,3524394,lessthan 32000,34
2012-08-03 16:00,3517636,lessthan 32768,10
2012-08-03 16:00,3517367,lessthan 48000,46
2012-08-03 17:00,3524394,lessthan 32000,73
2012-08-03 17:00,3517636,lessthan 32768,123
2012-08-03 17:00,3517367,lessthan 48000,5
2012-08-03 18:00,3524394,lessthan 32000,53
2012-08-03 18:00,3517636,lessthan 32768,42
2012-08-03 18:00,3517367,lessthan 48000,34
2012-08-03 19:00,3524394,lessthan 32000,65
2012-08-03 19:00,3517636,lessthan 32768,35
2012-08-03 19:00,3517367,lessthan 48000,48
2012-08-03 20:00,3524394,lessthan 32000,42
2012-08-03 20:00,3517636,lessthan 32768,28
2012-08-03 20:00,3517367,lessthan 48000,28
2012-08-03 21:00,3524394,lessthan 32000,21
2012-08-03 21:00,3517636,lessthan 32768,17
2012-08-03 21:00,3517367,lessthan 48000,50
2012-08-03 22:00,3524394,lessthan 32000,89
2012-08-03 22:00,3517636,lessthan 32768,45
2012-08-03 22:00,3517367,lessthan 48000,40
2012-08-03 23:00,3524394,lessthan 32000,34
2012-08-03 23:00,3517636,lessthan 32768,25
2012-08-03 23:00,3517367,lessthan 48000,36
2012-08-04 00:00,3524394,lessthan 32000,53
2012-08-04 00:00,3517636,lessthan 32768,16
2012-08-04 00:00,3517367,lessthan 48000,105
2012-08-04 01:00,3524394,lessthan 32000,134
2012-08-04 01:00,3517636,lessthan 32768,14
2012-08-04 01:00,3517367,lessthan 48000,99
2012-08-04 02:00,3524394,lessthan 32000,47
2012-08-04 02:00,3517636,lessthan 32768,10
2012-08-04 02:00,3517367,lessthan 48000,49
2012-08-04 03:00,3524394,lessthan 32000,93
2012-08-04 03:00,3517636,lessthan 32768,8
2012-08-04 03:00,3517367,lessthan 48000,43
2012-08-04 04:00,3524394,lessthan 32000,23
2012-08-04 04:00,3517636,lessthan 32768,18
2012-08-04 04:00,3517367,lessthan 48000,17
2012-08-04 05:00,3524394,lessthan 32000,71
2012-08-04 05:00,3517636,lessthan 32768,3
2012-08-04 05:00,3517367,lessthan 48000,31
2012-08-04 06:00,3524394,lessthan 32000,141
2012-08-04 06:00,3517636,lessthan 32768,34
2012-08-04 06:00,3517367,lessthan 48000,0
2012-08-04 07:00,3524394,lessthan 32000,117
2012-08-04 07:00,3517636,lessthan 32768,6
2012-08-04 07:00,3517367,lessthan 48000,5
2012-08-04 08:00,3524394,lessthan 32000,30
2012-08-04 08:00,3517636,lessthan 32768,7
2012-08-04 08:00,3517367,lessthan 48000,9
2012-08-04 09:00,3524394,lessthan 32000,81
2012-08-04 09:00,3517636,lessthan 32768,15
2012-08-04 09:00,3517367,lessthan 48000,67
2012-08-04 10:00,3524394,lessthan 32000,29
2012-08-04 10:00,3517636,lessthan 32768,14
2012-08-04 10:00,3517367,lessthan 48000,27
2012-08-04 11:00,3524394,lessthan 32000,116
2012-08-04 11:00,3517636,lessthan 32768,13
2012-08-04 11:00,3517367,lessthan 48000,12
2012-08-04 12:00,3524394,lessthan 32000,62
2012-08-04 12:00,3517636,lessthan 32768,14
2012-08-04 12:00,3517367,lessthan 48000,10
2012-08-04 13:00,3524394,lessthan 32000,172
2012-08-04 13:00,3517636,lessthan 32768,9
2012-08-04 13:00,3517367,lessthan 48000,17
2012-08-04 14:00,3524394,lessthan 32000,126
2012-08-04 14:00,3517636,lessthan 32768,9
2012-08-04 14:00,3517367,lessthan 48000,60
2012-08-04 15:00,3524394,lessthan 32000,35
2012-08-04 15:00,3517636,lessthan 32768,11
2012-08-04 15:00,3517367,lessthan 48000,36
2012-08-04 16:00,3524394,lessthan 32000,794
2012-08-04 16:00,3517636,lessthan 32768,24
2012-08-04 16:00,3517367,lessthan 48000,46
2012-08-04 17:00,3524394,lessthan 32000,58
2012-08-04 17:00,3517636,lessthan 32768,18
2012-08-04 17:00,3517367,lessthan 48000,26
2012-08-04 18:00,3524394,lessthan 32000,226
2012-08-04 18:00,3517636,lessthan 32768,38
2012-08-04 18:00,3517367,lessthan 48000,40
2012-08-04 19:00,3524394,lessthan 32000,38
2012-08-04 19:00,3517636,lessthan 32768,5
2012-08-04 19:00,3517367,lessthan 48000,65
2012-08-04 20:00,3524394,lessthan 32000,41
2012-08-04 20:00,3517636,lessthan 32768,39
2012-08-04 20:00,3517367,lessthan 48000,119
2012-08-04 21:00,3524394,lessthan 32000,35
2012-08-04 21:00,3517636,lessthan 32768,11
2012-08-04 21:00,3517367,lessthan 48000,72
2012-08-04 22:00,3524394,lessthan 32000,118
2012-08-04 22:00,3517636,lessthan 32768,9
2012-08-04 22:00,3517367,lessthan 48000,63
2012-08-04 23:00,3524394,lessthan 32000,152
2012-08-04 23:00,3517636,lessthan 32768,5
2012-08-04 23:00,3517367,lessthan 48000,136
2012-08-05 00:00,3524394,lessthan 32000,139
2012-08-05 00:00,3517636,lessthan 32768,14
2012-08-05 00:00,3517367,lessthan 48000,118
2012-08-05 01:00,3524394,lessthan 32000,136
2012-08-05 01:00,3517636,lessthan 32768,79
2012-08-05 01:00,3517367,lessthan 48000,133
2012-08-05 02:00,3524394,lessthan 32000,266
2012-08-05 02:00,3517636,lessthan 32768,76
2012-08-05 02:00,3517367,lessthan 48000,174
2012-08-05 03:00,3524394,lessthan 32000,3
2012-08-05 03:00,3517636,lessthan 32768,115
2012-08-05 03:00,3517367,lessthan 48000,16
2012-08-05 04:00,3524394,lessthan 32000,187
2012-08-05 04:00,3517636,lessthan 32768,47
2012-08-05 04:00,3517367,lessthan 48000,40
2012-08-05 05:00,3524394,lessthan 32000,208
2012-08-05 05:00,3517636,lessthan 32768,70
2012-08-05 05:00,3517367,lessthan 48000,25
2012-08-05 06:00,3524394,lessthan 32000,170
2012-08-05 06:00,3517636,lessthan 32768,35
2012-08-05 06:00,3517367,lessthan 48000,60
2012-08-05 07:00,3524394,lessthan 32000,149
2012-08-05 07:00,3517636,lessthan 32768,7
2012-08-05 07:00,3517367,lessthan 48000,149
2012-08-05 08:00,3524394,lessthan 32000,83
2012-08-05 08:00,3517636,lessthan 32768,15
2012-08-05 08:00,3517367,lessthan 48000,61
2012-08-05 09:00,3524394,lessthan 32000,47
2012-08-05 09:00,3517636,lessthan 32768,13
2012-08-05 09:00,3517367,lessthan 48000,29
2012-08-05 10:00,3524394,lessthan 32000,123
2012-08-05 10:00,3517636,lessthan 32768,6
2012-08-05 10:00,3517367,lessthan 48000,3
2012-08-05 11:00,3524394,lessthan 32000,203
2012-08-05 11:00,3517636,lessthan 32768,4
2012-08-05 11:00,3517367,lessthan 48000,93
2012-08-05 12:00,3524394,lessthan 32000,317
2012-08-05 12:00,3517636,lessthan 32768,73
2012-08-05 12:00,3517367,lessthan 48000,106
2012-08-05 13:00,3524394,lessthan 32000,172
2012-08-05 13:00,3517636,lessthan 32768,124
2012-08-05 13:00,3517367,lessthan 48000,51
2012-08-05 14:00,3524394,lessthan 32000,25
2012-08-05 14:00,3517636,lessthan 32768,30
2012-08-05 14:00,3517367,lessthan 48000,17
2012-08-05 15:00,3524394,lessthan 32000,205
2012-08-05 15:00,3517636,lessthan 32768,166
2012-08-05 15:00,3517367,lessthan 48000,28
2012-08-05 16:00,3524394,lessthan 32000,85
2012-08-05 16:00,3517636,lessthan 32768,13
2012-08-05 16:00,3517367,lessthan 48000,58
2012-08-05 17:00,3524394,lessthan 32000,110
2012-08-05 17:00,3517636,lessthan 32768,22
2012-08-05 17:00,3517367,lessthan 48000,82
2012-08-05 18:00,3524394,lessthan 32000,29
2012-08-05 18:00,3517636,lessthan 32768,28
2012-08-05 18:00,3517367,lessthan 48000,159
2012-08-05 19:00,3524394,lessthan 32000,49
2012-08-05 19:00,3517636,lessthan 32768,38
2012-08-05 19:00,3517367,lessthan 48000,71
2012-08-05 20:00,3524394,lessthan 32000,67
2012-08-05 20:00,3517636,lessthan 32768,31
2012-08-05 20:00,3517367,lessthan 48000,159
2012-08-05 21:00,3524394,lessthan 32000,35
2012-08-05 21:00,3517636,lessthan 32768,15
2012-08-05 21:00,3517367,lessthan 48000,117
2012-08-05 22:00,3524394,lessthan 32000,109
2012-08-05 22:00,3517636,lessthan 32768,37
2012-08-05 22:00,3517367,lessthan 48000,62
2012-08-05 23:00,3524394,lessthan 32000,28
2012-08-05 23:00,3517636,lessthan 32768,5
2012-08-05 23:00,3517367,lessthan 48000,3
2012-08-06 00:00,3524394,lessthan 32000,150
2012-08-06 00:00,3517636,lessthan 32768,38
2012-08-06 00:00,3517367,lessthan 48000,89
2012-08-06 01:00,3524394,lessthan 32000,86
2012-08-06 01:00,3517636,lessthan 32768,15
2012-08-06 01:00,3517367,lessthan 48000,83
2012-08-06 02:00,3524394,lessthan 32000,197
2012-08-06 02:00,3517636,lessthan 32768,18
2012-08-06 02:00,3517367,lessthan 48000,121
2012-08-06 03:00,3524394,lessthan 32000,94
2012-08-06 03:00,3517636,lessthan 32768,29
2012-08-06 03:00,3517367,lessthan 48000,106
2012-08-06 04:00,3524394,lessthan 32000,55
2012-08-06 04:00,3517636,lessthan 32768,6
2012-08-06 04:00,3517367,lessthan 48000,93
2012-08-06 05:00,3524394,lessthan 32000,141
2012-08-06 05:00,3517636,lessthan 32768,69
2012-08-06 05:00,3517367,lessthan 48000,83
2012-08-06 06:00,3524394,lessthan 32000,198
2012-08-06 06:00,3517636,lessthan 32768,51
2012-08-06 06:00,3517367,lessthan 48000,46
2012-08-06 07:00,3524394,lessthan 32000,53
2012-08-06 07:00,3517636,lessthan 32768,11
2012-08-06 07:00,3517367,lessthan 48000,2
2012-08-06 08:00,3524394,lessthan 32000,34
2012-08-06 08:00,3517636,lessthan 32768,52
2012-08-06 08:00,3517367,lessthan 48000,11
2012-08-06 09:00,3524394,lessthan 32000,10
2012-08-06 09:00,3517636,lessthan 32768,22
2012-08-06 09:00,3517367,lessthan 48000,12
2012-08-06 10:00,3524394,lessthan 32000,73
2012-08-06 10:00,3517636,lessthan 32768,23
2012-08-06 10:00,3517367,lessthan 48000,8
2012-08-06 11:00,3524394,lessthan 32000,130
2012-08-06 11:00,3517636,lessthan 32768,47
2012-08-06 11:00,3517367,lessthan 48000,6
2012-08-06 12:00,3524394,lessthan 32000,118
2012-08-06 12:00,3517636,lessthan 32768,30
2012-08-06 12:00,3517367,lessthan 48000,4
2012-08-06 13:00,3524394,lessthan 32000,265
2012-08-06 13:00,3517636,lessthan 32768,47
2012-08-06 13:00,3517367,lessthan 48000,50
2012-08-06 14:00,3524394,lessthan 32000,145
2012-08-06 14:00,3517636,lessthan 32768,60
2012-08-06 14:00,3517367,lessthan 48000,73
2012-08-06 15:00,3524394,lessthan 32000,0
2012-08-06 15:00,3517636,lessthan 32768,0
2012-08-06 15:00,3517367,lessthan 48000,0
2012-08-06 16:00,3524394,lessthan 32000,53
2012-08-06 16:00,3517636,lessthan 32768,48
2012-08-06 16:00,3517367,lessthan 48000,21
2012-08-06 17:00,3524394,lessthan 32000,12
2012-08-06 17:00,3517636,lessthan 32768,7
2012-08-06 17:00,3517367,lessthan 48000,21
2012-08-06 18:00,3524394,lessthan 32000,50
2012-08-06 18:00,3517636,lessthan 32768,7
2012-08-06 18:00,3517367,lessthan 48000,9
2012-08-06 19:00,3524394,lessthan 32000,14
2012-08-06 19:00,3517636,lessthan 32768,18
2012-08-06 19:00,3517367,lessthan 48000,21
2012-08-06 20:00,3524394,lessthan 32000,48
2012-08-06 20:00,3517636,lessthan 32768,48
2012-08-06 20:00,3517367,lessthan 48000,9
2012-08-06 21:00,3524394,lessthan 32000,48
2012-08-06 21:00,3517636,lessthan 32768,80
2012-08-06 21:00,3517367,lessthan 48000,6
2012-08-06 22:00,3524394,lessthan 32000,29
2012-08-06 22:00,3517636,lessthan 32768,42
2012-08-06 22:00,3517367,lessthan 48000,6
2012-08-06 23:00,3524394,lessthan 32000,21
2012-08-06 23:00,3517636,lessthan 32768,36
2012-08-06 23:00,3517367,lessthan 48000,6
2012-08-07 00:00,3524394,lessthan 32000,110
2012-08-07 00:00,3517636,lessthan 32768,81
2012-08-07 00:00,3517367,lessthan 48000,16
2012-08-07 01:00,3524394,lessthan 32000,31
2012-08-07 01:00,3517636,lessthan 32768,43
2012-08-07 01:00,3517367,lessthan 48000,34
2012-08-07 02:00,3524394,lessthan 32000,16
2012-08-07 02:00,3517636,lessthan 32768,18
2012-08-07 02:00,3517367,lessthan 48000,21
2012-08-07 03:00,3524394,lessthan 32000,227
2012-08-07 03:00,3517636,lessthan 32768,62
2012-08-07 03:00,3517367,lessthan 48000,12
2012-08-07 04:00,3524394,lessthan 32000,42
2012-08-07 04:00,3517636,lessthan 32768,46
2012-08-07 04:00,3517367,lessthan 48000,81
2012-08-07 05:00,3524394,lessthan 32000,151
2012-08-07 05:00,3517636,lessthan 32768,6
2012-08-07 05:00,3517367,lessthan 48000,14
2012-08-07 06:00,3524394,lessthan 32000,140
2012-08-07 06:00,3517636,lessthan 32768,4
2012-08-07 06:00,3517367,lessthan 48000,16
2012-08-07 07:00,3524394,lessthan 32000,32
2012-08-07 07:00,3517636,lessthan 32768,1
2012-08-07 07:00,3517367,lessthan 48000,5
2012-08-07 08:00,3524394,lessthan 32000,93
2012-08-07 08:00,3517636,lessthan 32768,50
2012-08-07 08:00,3517367,lessthan 48000,18
2012-08-07 09:00,3524394,lessthan 32000,51
2012-08-07 09:00,3517636,lessthan 32768,32
2012-08-07 09:00,3517367,lessthan 48000,11
2012-08-07 10:00,3524394,lessthan 32000,23
2012-08-07 10:00,3517636,lessthan 32768,65
2012-08-07 10:00,3517367,lessthan 48000,6
2012-08-07 11:00,3524394,lessthan 32000,40
2012-08-07 11:00,3517636,lessthan 32768,43
2012-08-07 11:00,3517367,lessthan 48000,10
2012-08-07 12:00,3524394,lessthan 32000,53
2012-08-07 12:00,3517636,lessthan 32768,55
2012-08-07 12:00,3517367,lessthan 48000,3
2012-08-07 13:00,3524394,lessthan 32000,7
2012-08-07 13:00,3517636,lessthan 32768,47
2012-08-07 13:00,3517367,lessthan 48000,12
2012-08-07 14:00,3524394,lessthan 32000,27
2012-08-07 14:00,3517636,lessthan 32768,28
2012-08-07 14:00,3517367,lessthan 48000,13
2012-08-07 15:00,3524394,lessthan 32000,172
2012-08-07 15:00,3517636,lessthan 32768,11
2012-08-07 15:00,3517367,lessthan 48000,7
2012-08-07 16:00,3524394,lessthan 32000,83
2012-08-07 16:00,3517636,lessthan 32768,13
2012-08-07 16:00,3517367,lessthan 48000,10
2012-08-07 17:00,3524394,lessthan 32000,28
2012-08-07 17:00,3517636,lessthan 32768,12
2012-08-07 17:00,3517367,lessthan 48000,26
2012-08-07 18:00,3524394,lessthan 32000,140
2012-08-07 18:00,3517636,lessthan 32768,83
2012-08-07 18:00,3517367,lessthan 48000,42
2012-08-07 19:00,3524394,lessthan 32000,5
2012-08-07 19:00,3517636,lessthan 32768,4
2012-08-07 19:00,3517367,lessthan 48000,3
2012-08-07 20:00,3524394,lessthan 32000,192
2012-08-07 20:00,3517636,lessthan 32768,65
2012-08-07 20:00,3517367,lessthan 48000,39
2012-08-07 21:00,3524394,lessthan 32000,25
2012-08-07 21:00,3517636,lessthan 32768,38
2012-08-07 21:00,3517367,lessthan 48000,51
2012-08-07 22:00,3524394,lessthan 32000,62
2012-08-07 22:00,3517636,lessthan 32768,14
2012-08-07 22:00,3517367,lessthan 48000,134
2012-08-07 23:00,3524394,lessthan 32000,148
2012-08-07 23:00,3517636,lessthan 32768,29
2012-08-07 23:00,3517367,lessthan 48000,63
2012-08-08 00:00,3524394,lessthan 32000,25
2012-08-08 00:00,3517636,lessthan 32768,1
2012-08-08 00:00,3517367,lessthan 48000,38
2012-08-08 01:00,3524394,lessthan 32000,110
2012-08-08 01:00,3517636,lessthan 32768,17
2012-08-08 01:00,3517367,lessthan 48000,125
2012-08-08 02:00,3524394,lessthan 32000,67
2012-08-08 02:00,3517636,lessthan 32768,26
2012-08-08 02:00,3517367,lessthan 48000,19
2012-08-08 03:00,3524394,lessthan 32000,65
2012-08-08 03:00,3517636,lessthan 32768,63
2012-08-08 03:00,3517367,lessthan 48000,12
2012-08-08 04:00,3524394,lessthan 32000,82
2012-08-08 04:00,3517636,lessthan 32768,91
2012-08-08 04:00,3517367,lessthan 48000,19
2012-08-08 05:00,3524394,lessthan 32000,124
2012-08-08 05:00,3517636,lessthan 32768,126
2012-08-08 05:00,3517367,lessthan 48000,40
2012-08-08 06:00,3524394,lessthan 32000,135
2012-08-08 06:00,3517636,lessthan 32768,23
2012-08-08 06:00,3517367,lessthan 48000,48
2012-08-08 07:00,3524394,lessthan 32000,111
2012-08-08 07:00,3517636,lessthan 32768,22
2012-08-08 07:00,3517367,lessthan 48000,25
2012-08-08 08:00,3524394,lessthan 32000,147
2012-08-08 08:00,3517636,lessthan 32768,68
2012-08-08 08:00,3517367,lessthan 48000,54
2012-08-08 09:00,3524394,lessthan 32000,235
2012-08-08 09:00,3517636,lessthan 32768,135
2012-08-08 09:00,3517367,lessthan 48000,92
2012-08-08 10:00,3524394,lessthan 32000,234
2012-08-08 10:00,3517636,lessthan 32768,114
2012-08-08 10:00,3517367,lessthan 48000,173
2012-08-08 11:00,3524394,lessthan 32000,209
2012-08-08 11:00,3517636,lessthan 32768,20
2012-08-08 11:00,3517367,lessthan 48000,72
2012-08-08 12:00,3524394,lessthan 32000,191
2012-08-08 12:00,3517636,lessthan 32768,4
2012-08-08 12:00,3517367,lessthan 48000,42
2012-08-08 13:00,3524394,lessthan 32000,262
2012-08-08 13:00,3517636,lessthan 32768,6
2012-08-08 13:00,3517367,lessthan 48000,9
2012-08-08 14:00,3524394,lessthan 32000,376
2012-08-08 14:00,3517636,lessthan 32768,39
2012-08-08 14:00,3517367,lessthan 48000,9
2012-08-08 15:00,3524394,lessthan 32000,177
2012-08-08 15:00,3517636,lessthan 32768,51
2012-08-08 15:00,3517367,lessthan 48000,33
2012-08-08 16:00,3524394,lessthan 32000,212
2012-08-08 16:00,3517636,lessthan 32768,80
2012-08-08 16:00,3517367,lessthan 48000,19
2012-08-08 17:00,3524394,lessthan 32000,356
2012-08-08 17:00,3517636,lessthan 32768,70
2012-08-08 17:00,3517367,lessthan 48000,14
2012-08-08 18:00,3524394,lessthan 32000,265
2012-08-08 18:00,3517636,lessthan 32768,53
2012-08-08 18:00,3517367,lessthan 48000,3
2012-08-08 19:00,3524394,lessthan 32000,62
2012-08-08 19:00,3517636,lessthan 32768,27
2012-08-08 19:00,3517367,lessthan 48000,12
2012-08-08 20:00,3524394,lessthan 32000,352
2012-08-08 20:00,3517636,lessthan 32768,29
2012-08-08 20:00,3517367,lessthan 48000,10
2012-08-08 21:00,3524394,lessthan 32000,20
2012-08-08 21:00,3517636,lessthan 32768,5
2012-08-08 21:00,3517367,lessthan 48000,1
2012-08-08 22:00,3524394,lessthan 32000,211
2012-08-08 22:00,3517636,lessthan 32768,36
2012-08-08 22:00,3517367,lessthan 48000,31
2012-08-08 23:00,3524394,lessthan 32000,235
2012-08-08 23:00,3517636,lessthan 32768,13
2012-08-08 23:00,3517367,lessthan 48000,24
2012-08-09 00:00,3524394,lessthan 32000,11
2012-08-09 00:00,3517636,lessthan 32768,18
2012-08-09 00:00,3517367,lessthan 48000,7
2012-08-09 01:00,3524394,lessthan 32000,111
2012-08-09 01:00,3517636,lessthan 32768,20
2012-08-09 01:00,3517367,lessthan 48000,0
2012-08-09 02:00,3524394,lessthan 32000,49
2012-08-09 02:00,3517636,lessthan 32768,18
2012-08-09 02:00,3517367,lessthan 48000,52
2012-08-09 03:00,3524394,lessthan 32000,115
2012-08-09 03:00,3517636,lessthan 32768,28
2012-08-09 03:00,3517367,lessthan 48000,18
2012-08-09 04:00,3524394,lessthan 32000,27
2012-08-09 04:00,3517636,lessthan 32768,27
2012-08-09 04:00,3517367,lessthan 48000,5
2012-08-09 05:00,3524394,lessthan 32000,53
2012-08-09 05:00,3517636,lessthan 32768,34
2012-08-09 05:00,3517367,lessthan 48000,8
2012-08-09 06:00,3524394,lessthan 32000,15
2012-08-09 06:00,3517636,lessthan 32768,158
2012-08-09 06:00,3517367,lessthan 48000,24
2012-08-09 07:00,3524394,lessthan 32000,23
2012-08-09 07:00,3517636,lessthan 32768,15
2012-08-09 07:00,3517367,lessthan 48000,0
2012-08-09 08:00,3524394,lessthan 32000,15
2012-08-09 08:00,3517636,lessthan 32768,59
2012-08-09 08:00,3517367,lessthan 48000,10
2012-08-09 09:00,3524394,lessthan 32000,24
2012-08-09 09:00,3517636,lessthan 32768,76
2012-08-09 09:00,3517367,lessthan 48000,4
2012-08-09 10:00,3524394,lessthan 32000,2
2012-08-09 10:00,3517636,lessthan 32768,3
2012-08-09 10:00,3517367,lessthan 48000,0
2012-08-09 11:00,3524394,lessthan 32000,51
2012-08-09 11:00,3517636,lessthan 32768,11
2012-08-09 11:00,3517367,lessthan 48000,25
2012-08-09 12:00,3524394,lessthan 32000,58
2012-08-09 12:00,3517636,lessthan 32768,11
2012-08-09 12:00,3517367,lessthan 48000,15
2012-08-09 13:00,3524394,lessthan 32000,50
2012-08-09 13:00,3517636,lessthan 32768,14
2012-08-09 13:00,3517367,lessthan 48000,10
2012-08-09 14:00,3524394,lessthan 32000,32
2012-08-09 14:00,3517636,lessthan 32768,24
2012-08-09 14:00,3517367,lessthan 48000,64
2012-08-09 15:00,3524394,lessthan 32000,110
2012-08-09 15:00,3517636,lessthan 32768,32
2012-08-09 15:00,3517367,lessthan 48000,35
2012-08-09 16:00,3524394,lessthan 32000,103
2012-08-09 16:00,3517636,lessthan 32768,8
2012-08-09 16:00,3517367,lessthan 48000,14
2012-08-09 17:00,3524394,lessthan 32000,26
2012-08-09 17:00,3517636,lessthan 32768,6
2012-08-09 17:00,3517367,lessthan 48000,3
2012-08-09 18:00,3524394,lessthan 32000,57
2012-08-09 18:00,3517636,lessthan 32768,22
2012-08-09 18:00,3517367,lessthan 48000,33
2012-08-09 19:00,3524394,lessthan 32000,122
2012-08-09 19:00,3517636,lessthan 32768,41
2012-08-09 19:00,3517367,lessthan 48000,38
2012-08-09 20:00,3524394,lessthan 32000,54
2012-08-09 20:00,3517636,lessthan 32768,33
2012-08-09 20:00,3517367,lessthan 48000,27
2012-08-09 21:00,3524394,lessthan 32000,41
2012-08-09 21:00,3517636,lessthan 32768,40
2012-08-09 21:00,3517367,lessthan 48000,18
2012-08-09 22:00,3524394,lessthan 32000,34
2012-08-09 22:00,3517636,lessthan 32768,39
2012-08-09 22:00,3517367,lessthan 48000,1
2012-08-09 23:00,3524394,lessthan 32000,56
2012-08-09 23:00,3517636,lessthan 32768,17
2012-08-09 23:00,3517367,lessthan 48000,4
2012-08-10 00:00,3524394,lessthan 32000,85
2012-08-10 00:00,3517636,lessthan 32768,8
2012-08-10 00:00,3517367,lessthan 48000,11
2012-08-10 01:00,3524394,lessthan 32000,61
2012-08-10 01:00,3517636,lessthan 32768,17
2012-08-10 01:00,3517367,lessthan 48000,12
2012-08-10 02:00,3524394,lessthan 32000,63
2012-08-10 02:00,3517636,lessthan 32768,11
2012-08-10 02:00,3517367,lessthan 48000,28
2012-08-10 03:00,3524394,lessthan 32000,21
2012-08-10 03:00,3517636,lessthan 32768,13
2012-08-10 03:00,3517367,lessthan 48000,4
2012-08-10 04:00,3524394,lessthan 32000,14
2012-08-10 04:00,3517636,lessthan 32768,11
2012-08-10 04:00,3517367,lessthan 48000,1
2012-08-10 05:00,3524394,lessthan 32000,1
2012-08-10 05:00,3517636,lessthan 32768,13
2012-08-10 05:00,3517367,lessthan 48000,0
2012-08-10 06:00,3524394,lessthan 32000,3
2012-08-10 06:00,3517636,lessthan 32768,104
2012-08-10 06:00,3517367,lessthan 48000,1
2012-08-10 07:00,3524394,lessthan 32000,37
2012-08-10 07:00,3517636,lessthan 32768,53
2012-08-10 07:00,3517367,lessthan 48000,26
2012-08-10 08:00,3524394,lessthan 32000,0
2012-08-10 08:00,3517636,lessthan 32768,157
2012-08-10 08:00,3517367,lessthan 48000,1
2012-08-10 09:00,3524394,lessthan 32000,17
2012-08-10 09:00,3517636,lessthan 32768,32
2012-08-10 09:00,3517367,lessthan 48000,4
2012-08-10 10:00,3524394,lessthan 32000,42
2012-08-10 10:00,3517636,lessthan 32768,32
2012-08-10 10:00,3517367,lessthan 48000,29
2012-08-10 11:00,3524394,lessthan 32000,29
2012-08-10 11:00,3517636,lessthan 32768,46
2012-08-10 11:00,3517367,lessthan 48000,32
2012-08-10 12:00,3524394,lessthan 32000,30
2012-08-10 12:00,3517636,lessthan 32768,47
2012-08-10 12:00,3517367,lessthan 48000,64
2012-08-10 13:00,3524394,lessthan 32000,20
2012-08-10 13:00,3517636,lessthan 32768,2
2012-08-10 13:00,3517367,lessthan 48000,3
2012-08-10 14:00,3524394,lessthan 32000,2
2012-08-10 14:00,3517636,lessthan 32768,4
2012-08-10 14:00,3517367,lessthan 48000,46
2012-08-10 15:00,3524394,lessthan 32000,9
2012-08-10 15:00,3517636,lessthan 32768,66
2012-08-10 15:00,3517367,lessthan 48000,11
2012-08-10 16:00,3524394,lessthan 32000,17
2012-08-10 16:00,3517636,lessthan 32768,101
2012-08-10 16:00,3517367,lessthan 48000,14
2012-08-10 17:00,3524394,lessthan 32000,17
2012-08-10 17:00,3517636,lessthan 32768,80
2012-08-10 17:00,3517367,lessthan 48000,21
2012-08-10 18:00,3524394,lessthan 32000,11
2012-08-10 18:00,3517636,lessthan 32768,9
2012-08-10 18:00,3517367,lessthan 48000,31
2012-08-10 19:00,3524394,lessthan 32000,22
2012-08-10 19:00,3517636,lessthan 32768,16
2012-08-10 19:00,3517367,lessthan 48000,108
2012-08-10 20:00,3524394,lessthan 32000,18
2012-08-10 20:00,3517636,lessthan 32768,2
2012-08-10 20:00,3517367,lessthan 48000,32
2012-08-10 21:00,3524394,lessthan 32000,18
2012-08-10 21:00,3517636,lessthan 32768,12
2012-08-10 21:00,3517367,lessthan 48000,141
2012-08-10 22:00,3524394,lessthan 32000,10
2012-08-10 22:00,3517636,lessthan 32768,3
2012-08-10 22:00,3517367,lessthan 48000,115
2012-08-10 23:00,3524394,lessthan 32000,64
2012-08-10 23:00,3517636,lessthan 32768,11
2012-08-10 23:00,3517367,lessthan 48000,97
2012-08-11 00:00,3524394,lessthan 32000,31
2012-08-11 00:00,3517636,lessthan 32768,18
2012-08-11 00:00,3517367,lessthan 48000,164
2012-08-11 01:00,3524394,lessthan 32000,23
2012-08-11 01:00,3517636,lessthan 32768,17
2012-08-11 01:00,3517367,lessthan 48000,172
2012-08-11 02:00,3524394,lessthan 32000,56
2012-08-11 02:00,3517636,lessthan 32768,10
2012-08-11 02:00,3517367,lessthan 48000,132
2012-08-11 03:00,3524394,lessthan 32000,20
2012-08-11 03:00,3517636,lessthan 32768,21
2012-08-11 03:00,3517367,lessthan 48000,85
2012-08-11 04:00,3524394,lessthan 32000,20
2012-08-11 04:00,3517636,lessthan 32768,6
2012-08-11 04:00,3517367,lessthan 48000,53
2012-08-11 05:00,3524394,lessthan 32000,131
2012-08-11 05:00,3517636,lessthan 32768,22
2012-08-11 05:00,3517367,lessthan 48000,205
2012-08-11 06:00,3524394,lessthan 32000,101
2012-08-11 06:00,3517636,lessthan 32768,27
2012-08-11 06:00,3517367,lessthan 48000,144
2012-08-11 07:00,3524394,lessthan 32000,12
2012-08-11 07:00,3517636,lessthan 32768,6
2012-08-11 07:00,3517367,lessthan 48000,57
2012-08-11 08:00,3524394,lessthan 32000,11
2012-08-11 08:00,3517636,lessthan 32768,20
2012-08-11 08:00,3517367,lessthan 48000,18
2012-08-11 09:00,3524394,lessthan 32000,17
2012-08-11 09:00,3517636,lessthan 32768,1
2012-08-11 09:00,3517367,lessthan 48000,4
2012-08-11 10:00,3524394,lessthan 32000,95
2012-08-11 10:00,3517636,lessthan 32768,10
2012-08-11 10:00,3517367,lessthan 48000,31
2012-08-11 11:00,3524394,lessthan 32000,35
2012-08-11 11:00,3517636,lessthan 32768,6
2012-08-11 11:00,3517367,lessthan 48000,42
2012-08-11 12:00,3524394,lessthan 32000,33
2012-08-11 12:00,3517636,lessthan 32768,11
2012-08-11 12:00,3517367,lessthan 48000,44
2012-08-11 13:00,3524394,lessthan 32000,64
2012-08-11 13:00,3517636,lessthan 32768,134
2012-08-11 13:00,3517367,lessthan 48000,54
2012-08-11 14:00,3524394,lessthan 32000,93
2012-08-11 14:00,3517636,lessthan 32768,29
2012-08-11 14:00,3517367,lessthan 48000,157
2012-08-11 15:00,3524394,lessthan 32000,73
2012-08-11 15:00,3517636,lessthan 32768,6
2012-08-11 15:00,3517367,lessthan 48000,211
2012-08-11 16:00,3524394,lessthan 32000,5
2012-08-11 16:00,3517636,lessthan 32768,4
2012-08-11 16:00,3517367,lessthan 48000,38
2012-08-11 17:00,3524394,lessthan 32000,23
2012-08-11 17:00,3517636,lessthan 32768,10
2012-08-11 17:00,3517367,lessthan 48000,58
2012-08-11 18:00,3524394,lessthan 32000,25
2012-08-11 18:00,3517636,lessthan 32768,79
2012-08-11 18:00,3517367,lessthan 48000,77
2012-08-11 19:00,3524394,lessthan 32000,71
2012-08-11 19:00,3517636,lessthan 32768,14
2012-08-11 19:00,3517367,lessthan 48000,73
2012-08-11 20:00,3524394,lessthan 32000,196
2012-08-11 20:00,3517636,lessthan 32768,15
2012-08-11 20:00,3517367,lessthan 48000,76
2012-08-11 21:00,3524394,lessthan 32000,356
2012-08-11 21:00,3517636,lessthan 32768,81
2012-08-11 21:00,3517367,lessthan 48000,163
2012-08-11 22:00,3524394,lessthan 32000,64
2012-08-11 22:00,3517636,lessthan 32768,53
2012-08-11 22:00,3517367,lessthan 48000,19
2012-08-11 23:00,3524394,lessthan 32000,135
2012-08-11 23:00,3517636,lessthan 32768,164
2012-08-11 23:00,3517367,lessthan 48000,128
2012-08-12 00:00,3524394,lessthan 32000,68
2012-08-12 00:00,3517636,lessthan 32768,150
2012-08-12 00:00,3517367,lessthan 48000,57
2012-08-12 01:00,3524394,lessthan 32000,113
2012-08-12 01:00,3517636,lessthan 32768,93
2012-08-12 01:00,3517367,lessthan 48000,79
2012-08-12 02:00,3524394,lessthan 32000,307
2012-08-12 02:00,3517636,lessthan 32768,24
2012-08-12 02:00,3517367,lessthan 48000,113
2012-08-12 03:00,3524394,lessthan 32000,210
2012-08-12 03:00,3517636,lessthan 32768,45
2012-08-12 03:00,3517367,lessthan 48000,120
2012-08-12 04:00,3524394,lessthan 32000,240
2012-08-12 04:00,3517636,lessthan 32768,11
2012-08-12 04:00,3517367,lessthan 48000,59
2012-08-12 05:00,3524394,lessthan 32000,216
2012-08-12 05:00,3517636,lessthan 32768,4
2012-08-12 05:00,3517367,lessthan 48000,31
2012-08-12 06:00,3524394,lessthan 32000,377
2012-08-12 06:00,3517636,lessthan 32768,27
2012-08-12 06:00,3517367,lessthan 48000,26
2012-08-12 07:00,3524394,lessthan 32000,105
2012-08-12 07:00,3517636,lessthan 32768,38
2012-08-12 07:00,3517367,lessthan 48000,31
2012-08-12 08:00,3524394,lessthan 32000,206
2012-08-12 08:00,3517636,lessthan 32768,5
2012-08-12 08:00,3517367,lessthan 48000,77
2012-08-12 09:00,3524394,lessthan 32000,146
2012-08-12 09:00,3517636,lessthan 32768,19
2012-08-12 09:00,3517367,lessthan 48000,32
2012-08-12 10:00,3524394,lessthan 32000,36
2012-08-12 10:00,3517636,lessthan 32768,4
2012-08-12 10:00,3517367,lessthan 48000,29
2012-08-12 11:00,3524394,lessthan 32000,1
2012-08-12 11:00,3517636,lessthan 32768,0
2012-08-12 11:00,3517367,lessthan 48000,0
2012-08-12 12:00,3524394,lessthan 32000,141
2012-08-12 12:00,3517636,lessthan 32768,4
2012-08-12 12:00,3517367,lessthan 48000,156
2012-08-12 13:00,3524394,lessthan 32000,31
2012-08-12 13:00,3517636,lessthan 32768,2
2012-08-12 13:00,3517367,lessthan 48000,183
2012-08-12 14:00,3524394,lessthan 32000,41
2012-08-12 14:00,3517636,lessthan 32768,3
2012-08-12 14:00,3517367,lessthan 48000,147
2012-08-12 15:00,3524394,lessthan 32000,19
2012-08-12 15:00,3517636,lessthan 32768,6
2012-08-12 15:00,3517367,lessthan 48000,70
2012-08-12 16:00,3524394,lessthan 32000,58
2012-08-12 16:00,3517636,lessthan 32768,12
2012-08-12 16:00,3517367,lessthan 48000,87
2012-08-12 17:00,3524394,lessthan 32000,61
2012-08-12 17:00,3517636,lessthan 32768,58
2012-08-12 17:00,3517367,lessthan 48000,205
2012-08-12 18:00,3524394,lessthan 32000,30
2012-08-12 18:00,3517636,lessthan 32768,8
2012-08-12 18:00,3517367,lessthan 48000,180
2012-08-12 19:00,3524394,lessthan 32000,25
2012-08-12 19:00,3517636,lessthan 32768,12
2012-08-12 19:00,3517367,lessthan 48000,92
2012-08-12 20:00,3524394,lessthan 32000,39
2012-08-12 20:00,3517636,lessthan 32768,21
2012-08-12 20:00,3517367,lessthan 48000,84
2012-08-12 21:00,3524394,lessthan 32000,136
2012-08-12 21:00,3517636,lessthan 32768,42
2012-08-12 21:00,3517367,lessthan 48000,94
2012-08-12 22:00,3524394,lessthan 32000,103
2012-08-12 22:00,3517636,lessthan 32768,12
2012-08-12 22:00,3517367,lessthan 48000,13
2012-08-12 23:00,3524394,lessthan 32000,59
2012-08-12 23:00,3517636,lessthan 32768,4
2012-08-12 23:00,3517367,lessthan 48000,2
2012-08-13 00:00,3524394,lessthan 32000,222
2012-08-13 00:00,3517636,lessthan 32768,46
2012-08-13 00:00,3517367,lessthan 48000,17
2012-08-13 01:00,3524394,lessthan 32000,200
2012-08-13 01:00,3517636,lessthan 32768,17
2012-08-13 01:00,3517367,lessthan 48000,13
2012-08-13 02:00,3524394,lessthan 32000,154
2012-08-13 02:00,3517636,lessthan 32768,18
2012-08-13 02:00,3517367,lessthan 48000,17
2012-08-13 03:00,3524394,lessthan 32000,158
2012-08-13 03:00,3517636,lessthan 32768,18
2012-08-13 03:00,3517367,lessthan 48000,7
2012-08-13 04:00,3524394,lessthan 32000,0
2012-08-13 04:00,3517636,lessthan 32768,0
2012-08-13 04:00,3517367,lessthan 48000,0
2012-08-13 05:00,3524394,lessthan 32000,401
2012-08-13 05:00,3517636,lessthan 32768,29
2012-08-13 05:00,3517367,lessthan 48000,30
2012-08-13 06:00,3524394,lessthan 32000,168
2012-08-13 06:00,3517636,lessthan 32768,34
2012-08-13 06:00,3517367,lessthan 48000,32
2012-08-13 07:00,3524394,lessthan 32000,307
2012-08-13 07:00,3517636,lessthan 32768,96
2012-08-13 07:00,3517367,lessthan 48000,40
2012-08-13 08:00,3524394,lessthan 32000,164
2012-08-13 08:00,3517636,lessthan 32768,18
2012-08-13 08:00,3517367,lessthan 48000,30
2012-08-13 09:00,3524394,lessthan 32000,158
2012-08-13 09:00,3517636,lessthan 32768,72
2012-08-13 09:00,3517367,lessthan 48000,64
2012-08-13 10:00,3524394,lessthan 32000,179
2012-08-13 10:00,3517636,lessthan 32768,46
2012-08-13 10:00,3517367,lessthan 48000,117
2012-08-13 11:00,3524394,lessthan 32000,213
2012-08-13 11:00,3517636,lessthan 32768,4
2012-08-13 11:00,3517367,lessthan 48000,66
2012-08-13 12:00,3524394,lessthan 32000,306
2012-08-13 12:00,3517636,lessthan 32768,25
2012-08-13 12:00,3517367,lessthan 48000,45
2012-08-13 13:00,3524394,lessthan 32000,249
2012-08-13 13:00,3517636,lessthan 32768,15
2012-08-13 13:00,3517367,lessthan 48000,127
2012-08-13 14:00,3524394,lessthan 32000,187
2012-08-13 14:00,3517636,lessthan 32768,12
2012-08-13 14:00,3517367,lessthan 48000,42
2012-08-13 15:00,3524394,lessthan 32000,245
2012-08-13 15:00,3517636,lessthan 32768,25
2012-08-13 15:00,3517367,lessthan 48000,112
2012-08-13 16:00,3524394,lessthan 32000,176
2012-08-13 16:00,3517636,lessthan 32768,8
2012-08-13 16:00,3517367,lessthan 48000,7
2012-08-13 17:00,3524394,lessthan 32000,215
2012-08-13 17:00,3517636,lessthan 32768,3
2012-08-13 17:00,3517367,lessthan 48000,4
2012-08-13 18:00,3524394,lessthan 32000,203
2012-08-13 18:00,3517636,lessthan 32768,25
2012-08-13 18:00,3517367,lessthan 48000,47
2012-08-13 19:00,3524394,lessthan 32000,231
2012-08-13 19:00,3517636,lessthan 32768,16
2012-08-13 19:00,3517367,lessthan 48000,69
2012-08-13 20:00,3524394,lessthan 32000,75
2012-08-13 20:00,3517636,lessthan 32768,1
2012-08-13 20:00,3517367,lessthan 48000,43
2012-08-13 21:00,3524394,lessthan 32000,223
2012-08-13 21:00,3517636,lessthan 32768,40
2012-08-13 21:00,3517367,lessthan 48000,101
2012-08-13 22:00,3524394,lessthan 32000,296
2012-08-13 22:00,3517636,lessthan 32768,46
2012-08-13 22:00,3517367,lessthan 48000,19
2012-08-13 23:00,3524394,lessthan 32000,213
2012-08-13 23:00,3517636,lessthan 32768,9
2012-08-13 23:00,3517367,lessthan 48000,24
2012-08-14 00:00,3524394,lessthan 32000,376
2012-08-14 00:00,3517636,lessthan 32768,8
2012-08-14 00:00,3517367,lessthan 48000,169
2012-08-14 01:00,3524394,lessthan 32000,248
2012-08-14 01:00,3517636,lessthan 32768,7
2012-08-14 01:00,3517367,lessthan 48000,38
2012-08-14 02:00,3524394,lessthan 32000,169
2012-08-14 02:00,3517636,lessthan 32768,15
2012-08-14 02:00,3517367,lessthan 48000,25
2012-08-14 03:00,3524394,lessthan 32000,429
2012-08-14 03:00,3517636,lessthan 32768,100
2012-08-14 03:00,3517367,lessthan 48000,58
2012-08-14 04:00,3524394,lessthan 32000,261
2012-08-14 04:00,3517636,lessthan 32768,50
2012-08-14 04:00,3517367,lessthan 48000,13
2012-08-14 05:00,3524394,lessthan 32000,119
2012-08-14 05:00,3517636,lessthan 32768,20
2012-08-14 05:00,3517367,lessthan 48000,50
2012-08-14 06:00,3524394,lessthan 32000,69
2012-08-14 06:00,3517636,lessthan 32768,38
2012-08-14 06:00,3517367,lessthan 48000,13
2012-08-14 07:00,3524394,lessthan 32000,142
2012-08-14 07:00,3517636,lessthan 32768,6
2012-08-14 07:00,3517367,lessthan 48000,29
2012-08-14 08:00,3524394,lessthan 32000,133
2012-08-14 08:00,3517636,lessthan 32768,65
2012-08-14 08:00,3517367,lessthan 48000,35
2012-08-14 09:00,3524394,lessthan 32000,95
2012-08-14 09:00,3517636,lessthan 32768,20
2012-08-14 09:00,3517367,lessthan 48000,78
2012-08-14 10:00,3524394,lessthan 32000,40
2012-08-14 10:00,3517636,lessthan 32768,0
2012-08-14 10:00,3517367,lessthan 48000,6
2012-08-14 11:00,3524394,lessthan 32000,257
2012-08-14 11:00,3517636,lessthan 32768,0
2012-08-14 11:00,3517367,lessthan 48000,39
2012-08-14 12:00,3524394,lessthan 32000,89
2012-08-14 12:00,3517636,lessthan 32768,0
2012-08-14 12:00,3517367,lessthan 48000,29
2012-08-14 13:00,3524394,lessthan 32000,58
2012-08-14 13:00,3517636,lessthan 32768,0
2012-08-14 13:00,3517367,lessthan 48000,14
2012-08-14 14:00,3524394,lessthan 32000,535
2012-08-14 14:00,3517636,lessthan 32768,5
2012-08-14 14:00,3517367,lessthan 48000,100
2012-08-14 15:00,3524394,lessthan 32000,326
2012-08-14 15:00,3517636,lessthan 32768,7
2012-08-14 15:00,3517367,lessthan 48000,19
2012-08-14 16:00,3524394,lessthan 32000,258
2012-08-14 16:00,3517636,lessthan 32768,4
2012-08-14 16:00,3517367,lessthan 48000,67
2012-08-14 17:00,3524394,lessthan 32000,68
2012-08-14 17:00,3517636,lessthan 32768,17
2012-08-14 17:00,3517367,lessthan 48000,36
2012-08-14 18:00,3524394,lessthan 32000,190
2012-08-14 18:00,3517636,lessthan 32768,95
2012-08-14 18:00,3517367,lessthan 48000,31
2012-08-14 19:00,3524394,lessthan 32000,211
2012-08-14 19:00,3517636,lessthan 32768,111
2012-08-14 19:00,3517367,lessthan 48000,96
2012-08-14 20:00,3524394,lessthan 32000,251
2012-08-14 20:00,3517636,lessthan 32768,85
2012-08-14 20:00,3517367,lessthan 48000,20
2012-08-14 21:00,3524394,lessthan 32000,151
2012-08-14 21:00,3517636,lessthan 32768,75
2012-08-14 21:00,3517367,lessthan 48000,24
2012-08-14 22:00,3524394,lessthan 32000,160
2012-08-14 22:00,3517636,lessthan 32768,40
2012-08-14 22:00,3517367,lessthan 48000,19
2012-08-14 23:00,3524394,lessthan 32000,122
2012-08-14 23:00,3517636,lessthan 32768,67
2012-08-14 23:00,3517367,lessthan 48000,30
2012-08-15 00:00,3524394,lessthan 32000,415
2012-08-15 00:00,3517636,lessthan 32768,48
2012-08-15 00:00,3517367,lessthan 48000,42
2012-08-15 01:00,3524394,lessthan 32000,51
2012-08-15 01:00,3517636,lessthan 32768,29
2012-08-15 01:00,3517367,lessthan 48000,6
2012-08-15 02:00,3524394,lessthan 32000,361
2012-08-15 02:00,3517636,lessthan 32768,21
2012-08-15 02:00,3517367,lessthan 48000,90
2012-08-15 03:00,3524394,lessthan 32000,147
2012-08-15 03:00,3517636,lessthan 32768,48
2012-08-15 03:00,3517367,lessthan 48000,13
2012-08-15 04:00,3524394,lessthan 32000,235
2012-08-15 04:00,3517636,lessthan 32768,70
2012-08-15 04:00,3517367,lessthan 48000,11
2012-08-15 05:00,3524394,lessthan 32000,234
2012-08-15 05:00,3517636,lessthan 32768,39
2012-08-15 05:00,3517367,lessthan 48000,12
2012-08-15 06:00,3524394,lessthan 32000,288
2012-08-15 06:00,3517636,lessthan 32768,29
2012-08-15 06:00,3517367,lessthan 48000,9
2012-08-15 07:00,3524394,lessthan 32000,80
2012-08-15 07:00,3517636,lessthan 32768,5
2012-08-15 07:00,3517367,lessthan 48000,0
2012-08-15 08:00,3524394,lessthan 32000,371
2012-08-15 08:00,3517636,lessthan 32768,30
2012-08-15 08:00,3517367,lessthan 48000,26
2012-08-15 09:00,3524394,lessthan 32000,309
2012-08-15 09:00,3517636,lessthan 32768,9
2012-08-15 09:00,3517367,lessthan 48000,70
2012-08-15 10:00,3524394,lessthan 32000,338
2012-08-15 10:00,3517636,lessthan 32768,42
2012-08-15 10:00,3517367,lessthan 48000,20
2012-08-15 11:00,3524394,lessthan 32000,115
2012-08-15 11:00,3517636,lessthan 32768,12
2012-08-15 11:00,3517367,lessthan 48000,1
2012-08-15 12:00,3524394,lessthan 32000,288
2012-08-15 12:00,3517636,lessthan 32768,5
2012-08-15 12:00,3517367,lessthan 48000,29
2012-08-15 13:00,3524394,lessthan 32000,40
2012-08-15 13:00,3517636,lessthan 32768,0
2012-08-15 13:00,3517367,lessthan 48000,21
2012-08-15 14:00,3524394,lessthan 32000,337
2012-08-15 14:00,3517636,lessthan 32768,26
2012-08-15 14:00,3517367,lessthan 48000,83
2012-08-15 15:00,3524394,lessthan 32000,128
2012-08-15 15:00,3517636,lessthan 32768,36
2012-08-15 15:00,3517367,lessthan 48000,18
2012-08-15 16:00,3524394,lessthan 32000,479
2012-08-15 16:00,3517636,lessthan 32768,43
2012-08-15 16:00,3517367,lessthan 48000,116
2012-08-15 17:00,3524394,lessthan 32000,63
2012-08-15 17:00,3517636,lessthan 32768,6
2012-08-15 17:00,3517367,lessthan 48000,23
2012-08-15 18:00,3524394,lessthan 32000,92
2012-08-15 18:00,3517636,lessthan 32768,13
2012-08-15 18:00,3517367,lessthan 48000,15
2012-08-15 19:00,3524394,lessthan 32000,153
2012-08-15 19:00,3517636,lessthan 32768,18
2012-08-15 19:00,3517367,lessthan 48000,13
2012-08-15 20:00,3524394,lessthan 32000,128
2012-08-15 20:00,3517636,lessthan 32768,51
2012-08-15 20:00,3517367,lessthan 48000,55
2012-08-15 21:00,3524394,lessthan 32000,74
2012-08-15 21:00,3517636,lessthan 32768,51
2012-08-15 21:00,3517367,lessthan 48000,16
2012-08-15 22:00,3524394,lessthan 32000,29
2012-08-15 22:00,3517636,lessthan 32768,3
2012-08-15 22:00,3517367,lessthan 48000,4
2012-08-15 23:00,3524394,lessthan 32000,81
2012-08-15 23:00,3517636,lessthan 32768,68
2012-08-15 23:00,3517367,lessthan 48000,32
2012-08-16 00:00,3524394,lessthan 32000,155
2012-08-16 00:00,3517636,lessthan 32768,48
2012-08-16 00:00,3517367,lessthan 48000,84
2012-08-16 01:00,3524394,lessthan 32000,148
2012-08-16 01:00,3517636,lessthan 32768,40
2012-08-16 01:00,3517367,lessthan 48000,35
2012-08-16 02:00,3524394,lessthan 32000,193
2012-08-16 02:00,3517636,lessthan 32768,46
2012-08-16 02:00,3517367,lessthan 48000,38
2012-08-16 03:00,3524394,lessthan 32000,230
2012-08-16 03:00,3517636,lessthan 32768,64
2012-08-16 03:00,3517367,lessthan 48000,133
2012-08-16 04:00,3524394,lessthan 32000,51
2012-08-16 04:00,3517636,lessthan 32768,21
2012-08-16 04:00,3517367,lessthan 48000,5
2012-08-16 05:00,3524394,lessthan 32000,226
2012-08-16 05:00,3517636,lessthan 32768,25
2012-08-16 05:00,3517367,lessthan 48000,161
2012-08-16 06:00,3524394,lessthan 32000,235
2012-08-16 06:00,3517636,lessthan 32768,19
2012-08-16 06:00,3517367,lessthan 48000,14
2012-08-16 07:00,3524394,lessthan 32000,247
2012-08-16 07:00,3517636,lessthan 32768,46
2012-08-16 07:00,3517367,lessthan 48000,34
2012-08-16 08:00,3524394,lessthan 32000,207
2012-08-16 08:00,3517636,lessthan 32768,31
2012-08-16 08:00,3517367,lessthan 48000,22
2012-08-16 09:00,3524394,lessthan 32000,456
2012-08-16 09:00,3517636,lessthan 32768,9
2012-08-16 09:00,3517367,lessthan 48000,18
2012-08-16 10:00,3524394,lessthan 32000,199
2012-08-16 10:00,3517636,lessthan 32768,25
2012-08-16 10:00,3517367,lessthan 48000,2
2012-08-16 11:00,3524394,lessthan 32000,224
2012-08-16 11:00,3517636,lessthan 32768,16
2012-08-16 11:00,3517367,lessthan 48000,21
2012-08-16 12:00,3524394,lessthan 32000,302
2012-08-16 12:00,3517636,lessthan 32768,33
2012-08-16 12:00,3517367,lessthan 48000,25
2012-08-16 13:00,3524394,lessthan 32000,187
2012-08-16 13:00,3517636,lessthan 32768,6
2012-08-16 13:00,3517367,lessthan 48000,6
2012-08-16 14:00,3524394,lessthan 32000,155
2012-08-16 14:00,3517636,lessthan 32768,39
2012-08-16 14:00,3517367,lessthan 48000,59
2012-08-16 15:00,3524394,lessthan 32000,228
2012-08-16 15:00,3517636,lessthan 32768,59
2012-08-16 15:00,3517367,lessthan 48000,58
2012-08-16 16:00,3524394,lessthan 32000,210
2012-08-16 16:00,3517636,lessthan 32768,52
2012-08-16 16:00,3517367,lessthan 48000,35
2012-08-16 17:00,3524394,lessthan 32000,63
2012-08-16 17:00,3517636,lessthan 32768,55
2012-08-16 17:00,3517367,lessthan 48000,16
2012-08-16 18:00,3524394,lessthan 32000,75
2012-08-16 18:00,3517636,lessthan 32768,32
2012-08-16 18:00,3517367,lessthan 48000,31
2012-08-16 19:00,3524394,lessthan 32000,146
2012-08-16 19:00,3517636,lessthan 32768,10
2012-08-16 19:00,3517367,lessthan 48000,41
2012-08-16 20:00,3524394,lessthan 32000,44
2012-08-16 20:00,3517636,lessthan 32768,0
2012-08-16 20:00,3517367,lessthan 48000,17
2012-08-16 21:00,3524394,lessthan 32000,140
2012-08-16 21:00,3517636,lessthan 32768,27
2012-08-16 21:00,3517367,lessthan 48000,96
2012-08-16 22:00,3524394,lessthan 32000,77
2012-08-16 22:00,3517636,lessthan 32768,22
2012-08-16 22:00,3517367,lessthan 48000,38
2012-08-16 23:00,3524394,lessthan 32000,208
2012-08-16 23:00,3517636,lessthan 32768,25
2012-08-16 23:00,3517367,lessthan 48000,67
2012-08-17 00:00,3524394,lessthan 32000,127
2012-08-17 00:00,3517636,lessthan 32768,13
2012-08-17 00:00,3517367,lessthan 48000,22
2012-08-17 01:00,3524394,lessthan 32000,158
2012-08-17 01:00,3517636,lessthan 32768,11
2012-08-17 01:00,3517367,lessthan 48000,37
2012-08-17 02:00,3524394,lessthan 32000,64
2012-08-17 02:00,3517636,lessthan 32768,11
2012-08-17 02:00,3517367,lessthan 48000,21
2012-08-17 03:00,3524394,lessthan 32000,66
2012-08-17 03:00,3517636,lessthan 32768,7
2012-08-17 03:00,3517367,lessthan 48000,22
2012-08-17 04:00,3524394,lessthan 32000,74
2012-08-17 04:00,3517636,lessthan 32768,8
2012-08-17 04:00,3517367,lessthan 48000,22
2012-08-17 05:00,3524394,lessthan 32000,122
2012-08-17 05:00,3517636,lessthan 32768,3
2012-08-17 05:00,3517367,lessthan 48000,15
2012-08-17 06:00,3524394,lessthan 32000,198
2012-08-17 06:00,3517636,lessthan 32768,4
2012-08-17 06:00,3517367,lessthan 48000,12
2012-08-17 07:00,3524394,lessthan 32000,272
2012-08-17 07:00,3517636,lessthan 32768,25
2012-08-17 07:00,3517367,lessthan 48000,5
2012-08-17 08:00,3524394,lessthan 32000,216
2012-08-17 08:00,3517636,lessthan 32768,55
2012-08-17 08:00,3517367,lessthan 48000,2
2012-08-17 09:00,3524394,lessthan 32000,157
2012-08-17 09:00,3517636,lessthan 32768,33
2012-08-17 09:00,3517367,lessthan 48000,17
2012-08-17 10:00,3524394,lessthan 32000,234
2012-08-17 10:00,3517636,lessthan 32768,10
2012-08-17 10:00,3517367,lessthan 48000,38
2012-08-17 11:00,3524394,lessthan 32000,189
2012-08-17 11:00,3517636,lessthan 32768,34
2012-08-17 11:00,3517367,lessthan 48000,60
2012-08-17 12:00,3524394,lessthan 32000,298
2012-08-17 12:00,3517636,lessthan 32768,16
2012-08-17 12:00,3517367,lessthan 48000,36
2012-08-17 13:00,3524394,lessthan 32000,15
2012-08-17 13:00,3517636,lessthan 32768,5
2012-08-17 13:00,3517367,lessthan 48000,8
2012-08-17 14:00,3524394,lessthan 32000,162
2012-08-17 14:00,3517636,lessthan 32768,28
2012-08-17 14:00,3517367,lessthan 48000,68
2012-08-17 15:00,3524394,lessthan 32000,116
2012-08-17 15:00,3517636,lessthan 32768,8
2012-08-17 15:00,3517367,lessthan 48000,53
2012-08-17 16:00,3524394,lessthan 32000,71
2012-08-17 16:00,3517636,lessthan 32768,16
2012-08-17 16:00,3517367,lessthan 48000,96
2012-08-17 17:00,3524394,lessthan 32000,221
2012-08-17 17:00,3517636,lessthan 32768,28
2012-08-17 17:00,3517367,lessthan 48000,97
2012-08-17 18:00,3524394,lessthan 32000,245
2012-08-17 18:00,3517636,lessthan 32768,30
2012-08-17 18:00,3517367,lessthan 48000,74
2012-08-17 19:00,3524394,lessthan 32000,188
2012-08-17 19:00,3517636,lessthan 32768,43
2012-08-17 19:00,3517367,lessthan 48000,74
2012-08-17 20:00,3524394,lessthan 32000,217
2012-08-17 20:00,3517636,lessthan 32768,19
2012-08-17 20:00,3517367,lessthan 48000,70
2012-08-17 21:00,3524394,lessthan 32000,346
2012-08-17 21:00,3517636,lessthan 32768,18
2012-08-17 21:00,3517367,lessthan 48000,72
2012-08-17 22:00,3524394,lessthan 32000,243
2012-08-17 22:00,3517636,lessthan 32768,11
2012-08-17 22:00,3517367,lessthan 48000,78
2012-08-17 23:00,3524394,lessthan 32000,99
2012-08-17 23:00,3517636,lessthan 32768,38
2012-08-17 23:00,3517367,lessthan 48000,69
2012-08-18 00:00,3524394,lessthan 32000,166
2012-08-18 00:00,3517636,lessthan 32768,5
2012-08-18 00:00,3517367,lessthan 48000,105
2012-08-18 01:00,3524394,lessthan 32000,50
2012-08-18 01:00,3517636,lessthan 32768,10
2012-08-18 01:00,3517367,lessthan 48000,10
2012-08-18 02:00,3524394,lessthan 32000,126
2012-08-18 02:00,3517636,lessthan 32768,14
2012-08-18 02:00,3517367,lessthan 48000,43
2012-08-18 03:00,3524394,lessthan 32000,260
2012-08-18 03:00,3517636,lessthan 32768,13
2012-08-18 03:00,3517367,lessthan 48000,41
2012-08-18 04:00,3524394,lessthan 32000,161
2012-08-18 04:00,3517636,lessthan 32768,29
2012-08-18 04:00,3517367,lessthan 48000,30
2012-08-18 05:00,3524394,lessthan 32000,143
2012-08-18 05:00,3517636,lessthan 32768,21
2012-08-18 05:00,3517367,lessthan 48000,16
2012-08-18 06:00,3524394,lessthan 32000,93
2012-08-18 06:00,3517636,lessthan 32768,18
2012-08-18 06:00,3517367,lessthan 48000,39
2012-08-18 07:00,3524394,lessthan 32000,89
2012-08-18 07:00,3517636,lessthan 32768,49
2012-08-18 07:00,3517367,lessthan 48000,28
2012-08-18 08:00,3524394,lessthan 32000,59
2012-08-18 08:00,3517636,lessthan 32768,41
2012-08-18 08:00,3517367,lessthan 48000,17
2012-08-18 09:00,3524394,lessthan 32000,76
2012-08-18 09:00,3517636,lessthan 32768,53
2012-08-18 09:00,3517367,lessthan 48000,1
2012-08-18 10:00,3524394,lessthan 32000,27
2012-08-18 10:00,3517636,lessthan 32768,3
2012-08-18 10:00,3517367,lessthan 48000,0
2012-08-18 11:00,3524394,lessthan 32000,59
2012-08-18 11:00,3517636,lessthan 32768,21
2012-08-18 11:00,3517367,lessthan 48000,12
2012-08-18 12:00,3524394,lessthan 32000,198
2012-08-18 12:00,3517636,lessthan 32768,10
2012-08-18 12:00,3517367,lessthan 48000,14
2012-08-18 13:00,3524394,lessthan 32000,204
2012-08-18 13:00,3517636,lessthan 32768,22
2012-08-18 13:00,3517367,lessthan 48000,14
2012-08-18 14:00,3524394,lessthan 32000,200
2012-08-18 14:00,3517636,lessthan 32768,20
2012-08-18 14:00,3517367,lessthan 48000,27
2012-08-18 15:00,3524394,lessthan 32000,139
2012-08-18 15:00,3517636,lessthan 32768,12
2012-08-18 15:00,3517367,lessthan 48000,37
2012-08-18 16:00,3524394,lessthan 32000,421
2012-08-18 16:00,3517636,lessthan 32768,8
2012-08-18 16:00,3517367,lessthan 48000,62
2012-08-18 17:00,3524394,lessthan 32000,143
2012-08-18 17:00,3517636,lessthan 32768,26
2012-08-18 17:00,3517367,lessthan 48000,62
2012-08-18 18:00,3524394,lessthan 32000,109
2012-08-18 18:00,3517636,lessthan 32768,19
2012-08-18 18:00,3517367,lessthan 48000,41
2012-08-18 19:00,3524394,lessthan 32000,205
2012-08-18 19:00,3517636,lessthan 32768,15
2012-08-18 19:00,3517367,lessthan 48000,55
2012-08-18 20:00,3524394,lessthan 32000,236
2012-08-18 20:00,3517636,lessthan 32768,27
2012-08-18 20:00,3517367,lessthan 48000,37
2012-08-18 21:00,3524394,lessthan 32000,114
2012-08-18 21:00,3517636,lessthan 32768,41
2012-08-18 21:00,3517367,lessthan 48000,42
2012-08-18 22:00,3524394,lessthan 32000,76
2012-08-18 22:00,3517636,lessthan 32768,49
2012-08-18 22:00,3517367,lessthan 48000,94
2012-08-18 23:00,3524394,lessthan 32000,124
2012-08-18 23:00,3517636,lessthan 32768,48
2012-08-18 23:00,3517367,lessthan 48000,89
2012-08-19 00:00,3524394,lessthan 32000,163
2012-08-19 00:00,3517636,lessthan 32768,25
2012-08-19 00:00,3517367,lessthan 48000,14
2012-08-19 01:00,3524394,lessthan 32000,166
2012-08-19 01:00,3517636,lessthan 32768,115
2012-08-19 01:00,3517367,lessthan 48000,16
2012-08-19 02:00,3524394,lessthan 32000,158
2012-08-19 02:00,3517636,lessthan 32768,22
2012-08-19 02:00,3517367,lessthan 48000,22
2012-08-19 03:00,3524394,lessthan 32000,35
2012-08-19 03:00,3517636,lessthan 32768,103
2012-08-19 03:00,3517367,lessthan 48000,81
2012-08-19 04:00,3524394,lessthan 32000,138
2012-08-19 04:00,3517636,lessthan 32768,77
2012-08-19 04:00,3517367,lessthan 48000,26
2012-08-19 05:00,3524394,lessthan 32000,119
2012-08-19 05:00,3517636,lessthan 32768,23
2012-08-19 05:00,3517367,lessthan 48000,23
2012-08-19 06:00,3524394,lessthan 32000,148
2012-08-19 06:00,3517636,lessthan 32768,31
2012-08-19 06:00,3517367,lessthan 48000,35
2012-08-19 07:00,3524394,lessthan 32000,200
2012-08-19 07:00,3517636,lessthan 32768,44
2012-08-19 07:00,3517367,lessthan 48000,35
2012-08-19 08:00,3524394,lessthan 32000,201
2012-08-19 08:00,3517636,lessthan 32768,25
2012-08-19 08:00,3517367,lessthan 48000,12
2012-08-19 09:00,3524394,lessthan 32000,335
2012-08-19 09:00,3517636,lessthan 32768,38
2012-08-19 09:00,3517367,lessthan 48000,10
2012-08-19 10:00,3524394,lessthan 32000,317
2012-08-19 10:00,3517636,lessthan 32768,0
2012-08-19 10:00,3517367,lessthan 48000,3
2012-08-19 11:00,3524394,lessthan 32000,202
2012-08-19 11:00,3517636,lessthan 32768,2
2012-08-19 11:00,3517367,lessthan 48000,1
2012-08-19 12:00,3524394,lessthan 32000,64
2012-08-19 12:00,3517636,lessthan 32768,2
2012-08-19 12:00,3517367,lessthan 48000,2
2012-08-19 13:00,3524394,lessthan 32000,46
2012-08-19 13:00,3517636,lessthan 32768,14
2012-08-19 13:00,3517367,lessthan 48000,29
2012-08-19 14:00,3524394,lessthan 32000,241
2012-08-19 14:00,3517636,lessthan 32768,0
2012-08-19 14:00,3517367,lessthan 48000,54
2012-08-19 15:00,3524394,lessthan 32000,291
2012-08-19 15:00,3517636,lessthan 32768,4
2012-08-19 15:00,3517367,lessthan 48000,104
2012-08-19 16:00,3524394,lessthan 32000,95
2012-08-19 16:00,3517636,lessthan 32768,5
2012-08-19 16:00,3517367,lessthan 48000,4
2012-08-19 17:00,3524394,lessthan 32000,102
2012-08-19 17:00,3517636,lessthan 32768,20
2012-08-19 17:00,3517367,lessthan 48000,25
2012-08-19 18:00,3524394,lessthan 32000,98
2012-08-19 18:00,3517636,lessthan 32768,14
2012-08-19 18:00,3517367,lessthan 48000,82
2012-08-19 19:00,3524394,lessthan 32000,117
2012-08-19 19:00,3517636,lessthan 32768,35
2012-08-19 19:00,3517367,lessthan 48000,18
2012-08-19 20:00,3524394,lessthan 32000,126
2012-08-19 20:00,3517636,lessthan 32768,53
2012-08-19 20:00,3517367,lessthan 48000,9
2012-08-19 21:00,3524394,lessthan 32000,222
2012-08-19 21:00,3517636,lessthan 32768,17
2012-08-19 21:00,3517367,lessthan 48000,26
2012-08-19 22:00,3524394,lessthan 32000,177
2012-08-19 22:00,3517636,lessthan 32768,70
2012-08-19 22:00,3517367,lessthan 48000,27
2012-08-19 23:00,3524394,lessthan 32000,90
2012-08-19 23:00,3517636,lessthan 32768,37
2012-08-19 23:00,3517367,lessthan 48000,12
2012-08-20 00:00,3524394,lessthan 32000,121
2012-08-20 00:00,3517636,lessthan 32768,34
2012-08-20 00:00,3517367,lessthan 48000,6
2012-08-20 01:00,3524394,lessthan 32000,396
2012-08-20 01:00,3517636,lessthan 32768,92
2012-08-20 01:00,3517367,lessthan 48000,19
2012-08-20 02:00,3524394,lessthan 32000,138
2012-08-20 02:00,3517636,lessthan 32768,35
2012-08-20 02:00,3517367,lessthan 48000,1
2012-08-20 03:00,3524394,lessthan 32000,220
2012-08-20 03:00,3517636,lessthan 32768,86
2012-08-20 03:00,3517367,lessthan 48000,11
2012-08-20 04:00,3524394,lessthan 32000,295
2012-08-20 04:00,3517636,lessthan 32768,75
2012-08-20 04:00,3517367,lessthan 48000,2
2012-08-20 05:00,3524394,lessthan 32000,237
2012-08-20 05:00,3517636,lessthan 32768,60
2012-08-20 05:00,3517367,lessthan 48000,27
2012-08-20 06:00,3524394,lessthan 32000,103
2012-08-20 06:00,3517636,lessthan 32768,3
2012-08-20 06:00,3517367,lessthan 48000,2
2012-08-20 07:00,3524394,lessthan 32000,451
2012-08-20 07:00,3517636,lessthan 32768,50
2012-08-20 07:00,3517367,lessthan 48000,35
2012-08-20 08:00,3524394,lessthan 32000,127
2012-08-20 08:00,3517636,lessthan 32768,16
2012-08-20 08:00,3517367,lessthan 48000,6
2012-08-20 09:00,3524394,lessthan 32000,173
2012-08-20 09:00,3517636,lessthan 32768,37
2012-08-20 09:00,3517367,lessthan 48000,32
2012-08-20 10:00,3524394,lessthan 32000,63
2012-08-20 10:00,3517636,lessthan 32768,10
2012-08-20 10:00,3517367,lessthan 48000,16
2012-08-20 11:00,3524394,lessthan 32000,286
2012-08-20 11:00,3517636,lessthan 32768,10
2012-08-20 11:00,3517367,lessthan 48000,7
2012-08-20 12:00,3524394,lessthan 32000,45
2012-08-20 12:00,3517636,lessthan 32768,12
2012-08-20 12:00,3517367,lessthan 48000,40
2012-08-20 13:00,3524394,lessthan 32000,55
2012-08-20 13:00,3517636,lessthan 32768,21
2012-08-20 13:00,3517367,lessthan 48000,14
2012-08-20 14:00,3524394,lessthan 32000,189
2012-08-20 14:00,3517636,lessthan 32768,7
2012-08-20 14:00,3517367,lessthan 48000,21
2012-08-20 15:00,3524394,lessthan 32000,177
2012-08-20 15:00,3517636,lessthan 32768,62
2012-08-20 15:00,3517367,lessthan 48000,11
2012-08-20 16:00,3524394,lessthan 32000,164
2012-08-20 16:00,3517636,lessthan 32768,116
2012-08-20 16:00,3517367,lessthan 48000,10
2012-08-20 17:00,3524394,lessthan 32000,154
2012-08-20 17:00,3517636,lessthan 32768,17
2012-08-20 17:00,3517367,lessthan 48000,6
2012-08-20 18:00,3524394,lessthan 32000,76
2012-08-20 18:00,3517636,lessthan 32768,46
2012-08-20 18:00,3517367,lessthan 48000,4
2012-08-20 19:00,3524394,lessthan 32000,102
2012-08-20 19:00,3517636,lessthan 32768,25
2012-08-20 19:00,3517367,lessthan 48000,13
2012-08-20 20:00,3524394,lessthan 32000,309
2012-08-20 20:00,3517636,lessthan 32768,25
2012-08-20 20:00,3517367,lessthan 48000,11
2012-08-20 21:00,3524394,lessthan 32000,169
2012-08-20 21:00,3517636,lessthan 32768,31
2012-08-20 21:00,3517367,lessthan 48000,7
2012-08-20 22:00,3524394,lessthan 32000,107
2012-08-20 22:00,3517636,lessthan 32768,88
2012-08-20 22:00,3517367,lessthan 48000,3
2012-08-20 23:00,3524394,lessthan 32000,105
2012-08-20 23:00,3517636,lessthan 32768,60
2012-08-20 23:00,3517367,lessthan 48000,7
2012-08-21 00:00,3524394,lessthan 32000,244
2012-08-21 00:00,3517636,lessthan 32768,111
2012-08-21 00:00,3517367,lessthan 48000,27
2012-08-21 01:00,3524394,lessthan 32000,122
2012-08-21 01:00,3517636,lessthan 32768,39
2012-08-21 01:00,3517367,lessthan 48000,8
2012-08-21 02:00,3524394,lessthan 32000,203
2012-08-21 02:00,3517636,lessthan 32768,5
2012-08-21 02:00,3517367,lessthan 48000,12
2012-08-21 03:00,3524394,lessthan 32000,246
2012-08-21 03:00,3517636,lessthan 32768,20
2012-08-21 03:00,3517367,lessthan 48000,9
2012-08-21 04:00,3524394,lessthan 32000,294
2012-08-21 04:00,3517636,lessthan 32768,25
2012-08-21 04:00,3517367,lessthan 48000,6
2012-08-21 05:00,3524394,lessthan 32000,107
2012-08-21 05:00,3517636,lessthan 32768,16
2012-08-21 05:00,3517367,lessthan 48000,3
2012-08-21 06:00,3524394,lessthan 32000,219
2012-08-21 06:00,3517636,lessthan 32768,47
2012-08-21 06:00,3517367,lessthan 48000,1
2012-08-21 07:00,3524394,lessthan 32000,214
2012-08-21 07:00,3517636,lessthan 32768,64
2012-08-21 07:00,3517367,lessthan 48000,3
2012-08-21 08:00,3524394,lessthan 32000,187
2012-08-21 08:00,3517636,lessthan 32768,100
2012-08-21 08:00,3517367,lessthan 48000,0
2012-08-21 09:00,3524394,lessthan 32000,79
2012-08-21 09:00,3517636,lessthan 32768,61
2012-08-21 09:00,3517367,lessthan 48000,0
2012-08-21 10:00,3524394,lessthan 32000,14
2012-08-21 10:00,3517636,lessthan 32768,20
2012-08-21 10:00,3517367,lessthan 48000,0
2012-08-21 11:00,3524394,lessthan 32000,165
2012-08-21 11:00,3517636,lessthan 32768,4
2012-08-21 11:00,3517367,lessthan 48000,11
2012-08-21 12:00,3524394,lessthan 32000,91
2012-08-21 12:00,3517636,lessthan 32768,5
2012-08-21 12:00,3517367,lessthan 48000,1
2012-08-21 13:00,3524394,lessthan 32000,164
2012-08-21 13:00,3517636,lessthan 32768,6
2012-08-21 13:00,3517367,lessthan 48000,66
2012-08-21 14:00,3524394,lessthan 32000,190
2012-08-21 14:00,3517636,lessthan 32768,3
2012-08-21 14:00,3517367,lessthan 48000,33
2012-08-21 15:00,3524394,lessthan 32000,194
2012-08-21 15:00,3517636,lessthan 32768,14
2012-08-21 15:00,3517367,lessthan 48000,12
2012-08-21 16:00,3524394,lessthan 32000,249
2012-08-21 16:00,3517636,lessthan 32768,32
2012-08-21 16:00,3517367,lessthan 48000,2
2012-08-21 17:00,3524394,lessthan 32000,172
2012-08-21 17:00,3517636,lessthan 32768,13
2012-08-21 17:00,3517367,lessthan 48000,11
2012-08-21 18:00,3524394,lessthan 32000,300
2012-08-21 18:00,3517636,lessthan 32768,57
2012-08-21 18:00,3517367,lessthan 48000,15
2012-08-21 19:00,3524394,lessthan 32000,281
2012-08-21 19:00,3517636,lessthan 32768,37
2012-08-21 19:00,3517367,lessthan 48000,18
2012-08-21 20:00,3524394,lessthan 32000,326
2012-08-21 20:00,3517636,lessthan 32768,51
2012-08-21 20:00,3517367,lessthan 48000,32
2012-08-21 21:00,3524394,lessthan 32000,232
2012-08-21 21:00,3517636,lessthan 32768,78
2012-08-21 21:00,3517367,lessthan 48000,64
2012-08-21 22:00,3524394,lessthan 32000,236
2012-08-21 22:00,3517636,lessthan 32768,81
2012-08-21 22:00,3517367,lessthan 48000,21
2012-08-21 23:00,3524394,lessthan 32000,175
2012-08-21 23:00,3517636,lessthan 32768,56
2012-08-21 23:00,3517367,lessthan 48000,32
2012-08-22 00:00,3524394,lessthan 32000,315
2012-08-22 00:00,3517636,lessthan 32768,12
2012-08-22 00:00,3517367,lessthan 48000,72
2012-08-22 01:00,3524394,lessthan 32000,130
2012-08-22 01:00,3517636,lessthan 32768,8
2012-08-22 01:00,3517367,lessthan 48000,52
2012-08-22 02:00,3524394,lessthan 32000,192
2012-08-22 02:00,3517636,lessthan 32768,34
2012-08-22 02:00,3517367,lessthan 48000,72
2012-08-22 03:00,3524394,lessthan 32000,135
2012-08-22 03:00,3517636,lessthan 32768,12
2012-08-22 03:00,3517367,lessthan 48000,9
2012-08-22 04:00,3524394,lessthan 32000,280
2012-08-22 04:00,3517636,lessthan 32768,19
2012-08-22 04:00,3517367,lessthan 48000,29
2012-08-22 05:00,3524394,lessthan 32000,60
2012-08-22 05:00,3517636,lessthan 32768,50
2012-08-22 05:00,3517367,lessthan 48000,5
2012-08-22 06:00,3524394,lessthan 32000,24
2012-08-22 06:00,3517636,lessthan 32768,75
2012-08-22 06:00,3517367,lessthan 48000,11
2012-08-22 07:00,3524394,lessthan 32000,82
2012-08-22 07:00,3517636,lessthan 32768,42
2012-08-22 07:00,3517367,lessthan 48000,3
2012-08-22 08:00,3524394,lessthan 32000,76
2012-08-22 08:00,3517636,lessthan 32768,18
2012-08-22 08:00,3517367,lessthan 48000,1
2012-08-22 09:00,3524394,lessthan 32000,81
2012-08-22 09:00,3517636,lessthan 32768,5
2012-08-22 09:00,3517367,lessthan 48000,0
2012-08-22 10:00,3524394,lessthan 32000,138
2012-08-22 10:00,3517636,lessthan 32768,7
2012-08-22 10:00,3517367,lessthan 48000,5
2012-08-22 11:00,3524394,lessthan 32000,350
2012-08-22 11:00,3517636,lessthan 32768,31
2012-08-22 11:00,3517367,lessthan 48000,73
2012-08-22 12:00,3524394,lessthan 32000,298
2012-08-22 12:00,3517636,lessthan 32768,53
2012-08-22 12:00,3517367,lessthan 48000,201
2012-08-22 13:00,3524394,lessthan 32000,290
2012-08-22 13:00,3517636,lessthan 32768,56
2012-08-22 13:00,3517367,lessthan 48000,284
2012-08-22 14:00,3524394,lessthan 32000,122
2012-08-22 14:00,3517636,lessthan 32768,29
2012-08-22 14:00,3517367,lessthan 48000,28
2012-08-22 15:00,3524394,lessthan 32000,387
2012-08-22 15:00,3517636,lessthan 32768,133
2012-08-22 15:00,3517367,lessthan 48000,126
2012-08-22 16:00,3524394,lessthan 32000,148
2012-08-22 16:00,3517636,lessthan 32768,20
2012-08-22 16:00,3517367,lessthan 48000,191
2012-08-22 17:00,3524394,lessthan 32000,124
2012-08-22 17:00,3517636,lessthan 32768,26
2012-08-22 17:00,3517367,lessthan 48000,90
2012-08-22 18:00,3524394,lessthan 32000,66
2012-08-22 18:00,3517636,lessthan 32768,42
2012-08-22 18:00,3517367,lessthan 48000,26
2012-08-22 19:00,3524394,lessthan 32000,76
2012-08-22 19:00,3517636,lessthan 32768,146
2012-08-22 19:00,3517367,lessthan 48000,43
2012-08-22 20:00,3524394,lessthan 32000,57
2012-08-22 20:00,3517636,lessthan 32768,95
2012-08-22 20:00,3517367,lessthan 48000,29
2012-08-22 21:00,3524394,lessthan 32000,132
2012-08-22 21:00,3517636,lessthan 32768,87
2012-08-22 21:00,3517367,lessthan 48000,24
2012-08-22 22:00,3524394,lessthan 32000,150
2012-08-22 22:00,3517636,lessthan 32768,19
2012-08-22 22:00,3517367,lessthan 48000,15
2012-08-22 23:00,3524394,lessthan 32000,149
2012-08-22 23:00,3517636,lessthan 32768,30
2012-08-22 23:00,3517367,lessthan 48000,12
2012-08-23 00:00,3524394,lessthan 32000,86
2012-08-23 00:00,3517636,lessthan 32768,19
2012-08-23 00:00,3517367,lessthan 48000,31
2012-08-23 01:00,3524394,lessthan 32000,24
2012-08-23 01:00,3517636,lessthan 32768,4
2012-08-23 01:00,3517367,lessthan 48000,18
2012-08-23 02:00,3524394,lessthan 32000,96
2012-08-23 02:00,3517636,lessthan 32768,11
2012-08-23 02:00,3517367,lessthan 48000,140
2012-08-23 03:00,3524394,lessthan 32000,36
2012-08-23 03:00,3517636,lessthan 32768,11
2012-08-23 03:00,3517367,lessthan 48000,75
2012-08-23 04:00,3524394,lessthan 32000,20
2012-08-23 04:00,3517636,lessthan 32768,93
2012-08-23 04:00,3517367,lessthan 48000,40
2012-08-23 05:00,3524394,lessthan 32000,39
2012-08-23 05:00,3517636,lessthan 32768,3
2012-08-23 05:00,3517367,lessthan 48000,84
2012-08-23 06:00,3524394,lessthan 32000,176
2012-08-23 06:00,3517636,lessthan 32768,11
2012-08-23 06:00,3517367,lessthan 48000,124
2012-08-23 07:00,3524394,lessthan 32000,140
2012-08-23 07:00,3517636,lessthan 32768,30
2012-08-23 07:00,3517367,lessthan 48000,66
2012-08-23 08:00,3524394,lessthan 32000,50
2012-08-23 08:00,3517636,lessthan 32768,9
2012-08-23 08:00,3517367,lessthan 48000,26
2012-08-23 09:00,3524394,lessthan 32000,7
2012-08-23 09:00,3517636,lessthan 32768,17
2012-08-23 09:00,3517367,lessthan 48000,4
2012-08-23 10:00,3524394,lessthan 32000,72
2012-08-23 10:00,3517636,lessthan 32768,10
2012-08-23 10:00,3517367,lessthan 48000,66
2012-08-23 11:00,3524394,lessthan 32000,151
2012-08-23 11:00,3517636,lessthan 32768,49
2012-08-23 11:00,3517367,lessthan 48000,112
2012-08-23 12:00,3524394,lessthan 32000,146
2012-08-23 12:00,3517636,lessthan 32768,101
2012-08-23 12:00,3517367,lessthan 48000,21
2012-08-23 13:00,3524394,lessthan 32000,273
2012-08-23 13:00,3517636,lessthan 32768,13
2012-08-23 13:00,3517367,lessthan 48000,126
2012-08-23 14:00,3524394,lessthan 32000,53
2012-08-23 14:00,3517636,lessthan 32768,20
2012-08-23 14:00,3517367,lessthan 48000,110
2012-08-23 15:00,3524394,lessthan 32000,110
2012-08-23 15:00,3517636,lessthan 32768,50
2012-08-23 15:00,3517367,lessthan 48000,45
2012-08-23 16:00,3524394,lessthan 32000,69
2012-08-23 16:00,3517636,lessthan 32768,42
2012-08-23 16:00,3517367,lessthan 48000,55
2012-08-23 17:00,3524394,lessthan 32000,67
2012-08-23 17:00,3517636,lessthan 32768,70
2012-08-23 17:00,3517367,lessthan 48000,10
2012-08-23 18:00,3524394,lessthan 32000,132
2012-08-23 18:00,3517636,lessthan 32768,28
2012-08-23 18:00,3517367,lessthan 48000,32
2012-08-23 19:00,3524394,lessthan 32000,135
2012-08-23 19:00,3517636,lessthan 32768,61
2012-08-23 19:00,3517367,lessthan 48000,12
2012-08-23 20:00,3524394,lessthan 32000,305
2012-08-23 20:00,3517636,lessthan 32768,29
2012-08-23 20:00,3517367,lessthan 48000,26
2012-08-23 21:00,3524394,lessthan 32000,11
2012-08-23 21:00,3517636,lessthan 32768,45
2012-08-23 21:00,3517367,lessthan 48000,9
2012-08-23 22:00,3524394,lessthan 32000,35
2012-08-23 22:00,3517636,lessthan 32768,15
2012-08-23 22:00,3517367,lessthan 48000,9
2012-08-23 23:00,3524394,lessthan 32000,37
2012-08-23 23:00,3517636,lessthan 32768,69
2012-08-23 23:00,3517367,lessthan 48000,12
2012-08-24 00:00,3524394,lessthan 32000,31
2012-08-24 00:00,3517636,lessthan 32768,38
2012-08-24 00:00,3517367,lessthan 48000,58
2012-08-24 01:00,3524394,lessthan 32000,57
2012-08-24 01:00,3517636,lessthan 32768,14
2012-08-24 01:00,3517367,lessthan 48000,59
2012-08-24 02:00,3524394,lessthan 32000,43
2012-08-24 02:00,3517636,lessthan 32768,82
2012-08-24 02:00,3517367,lessthan 48000,106
2012-08-24 03:00,3524394,lessthan 32000,26
2012-08-24 03:00,3517636,lessthan 32768,18
2012-08-24 03:00,3517367,lessthan 48000,27
2012-08-24 04:00,3524394,lessthan 32000,131
2012-08-24 04:00,3517636,lessthan 32768,10
2012-08-24 04:00,3517367,lessthan 48000,120
2012-08-24 05:00,3524394,lessthan 32000,10
2012-08-24 05:00,3517636,lessthan 32768,69
2012-08-24 05:00,3517367,lessthan 48000,17
2012-08-24 06:00,3524394,lessthan 32000,73
2012-08-24 06:00,3517636,lessthan 32768,31
2012-08-24 06:00,3517367,lessthan 48000,17
2012-08-24 07:00,3524394,lessthan 32000,75
2012-08-24 07:00,3517636,lessthan 32768,37
2012-08-24 07:00,3517367,lessthan 48000,1
2012-08-24 08:00,3524394,lessthan 32000,84
2012-08-24 08:00,3517636,lessthan 32768,25
2012-08-24 08:00,3517367,lessthan 48000,38
2012-08-24 09:00,3524394,lessthan 32000,114
2012-08-24 09:00,3517636,lessthan 32768,14
2012-08-24 09:00,3517367,lessthan 48000,79
2012-08-24 10:00,3524394,lessthan 32000,61
2012-08-24 10:00,3517636,lessthan 32768,11
2012-08-24 10:00,3517367,lessthan 48000,6
2012-08-24 11:00,3524394,lessthan 32000,76
2012-08-24 11:00,3517636,lessthan 32768,38
2012-08-24 11:00,3517367,lessthan 48000,17
2012-08-24 12:00,3524394,lessthan 32000,310
2012-08-24 12:00,3517636,lessthan 32768,77
2012-08-24 12:00,3517367,lessthan 48000,120
2012-08-24 13:00,3524394,lessthan 32000,300
2012-08-24 13:00,3517636,lessthan 32768,113
2012-08-24 13:00,3517367,lessthan 48000,112
2012-08-24 14:00,3524394,lessthan 32000,309
2012-08-24 14:00,3517636,lessthan 32768,94
2012-08-24 14:00,3517367,lessthan 48000,22
2012-08-24 15:00,3524394,lessthan 32000,223
2012-08-24 15:00,3517636,lessthan 32768,33
2012-08-24 15:00,3517367,lessthan 48000,20
2012-08-24 16:00,3524394,lessthan 32000,175
2012-08-24 16:00,3517636,lessthan 32768,10
2012-08-24 16:00,3517367,lessthan 48000,62
2012-08-24 17:00,3524394,lessthan 32000,8
2012-08-24 17:00,3517636,lessthan 32768,5
2012-08-24 17:00,3517367,lessthan 48000,3
2012-08-24 18:00,3524394,lessthan 32000,405
2012-08-24 18:00,3517636,lessthan 32768,17
2012-08-24 18:00,3517367,lessthan 48000,35
2012-08-24 19:00,3524394,lessthan 32000,93
2012-08-24 19:00,3517636,lessthan 32768,18
2012-08-24 19:00,3517367,lessthan 48000,8
2012-08-24 20:00,3524394,lessthan 32000,200
2012-08-24 20:00,3517636,lessthan 32768,6
2012-08-24 20:00,3517367,lessthan 48000,13
2012-08-24 21:00,3524394,lessthan 32000,236
2012-08-24 21:00,3517636,lessthan 32768,6
2012-08-24 21:00,3517367,lessthan 48000,11
2012-08-24 22:00,3524394,lessthan 32000,143
2012-08-24 22:00,3517636,lessthan 32768,3
2012-08-24 22:00,3517367,lessthan 48000,14
2012-08-24 23:00,3524394,lessthan 32000,248
2012-08-24 23:00,3517636,lessthan 32768,19
2012-08-24 23:00,3517367,lessthan 48000,7
2012-08-25 00:00,3524394,lessthan 32000,152
2012-08-25 00:00,3517636,lessthan 32768,29
2012-08-25 00:00,3517367,lessthan 48000,33
2012-08-25 01:00,3524394,lessthan 32000,82
2012-08-25 01:00,3517636,lessthan 32768,12
2012-08-25 01:00,3517367,lessthan 48000,14
2012-08-25 02:00,3524394,lessthan 32000,104
2012-08-25 02:00,3517636,lessthan 32768,5
2012-08-25 02:00,3517367,lessthan 48000,136
2012-08-25 03:00,3524394,lessthan 32000,140
2012-08-25 03:00,3517636,lessthan 32768,20
2012-08-25 03:00,3517367,lessthan 48000,14
2012-08-25 04:00,3524394,lessthan 32000,61
2012-08-25 04:00,3517636,lessthan 32768,24
2012-08-25 04:00,3517367,lessthan 48000,13
2012-08-25 05:00,3524394,lessthan 32000,174
2012-08-25 05:00,3517636,lessthan 32768,46
2012-08-25 05:00,3517367,lessthan 48000,60
2012-08-25 06:00,3524394,lessthan 32000,212
2012-08-25 06:00,3517636,lessthan 32768,51
2012-08-25 06:00,3517367,lessthan 48000,2
2012-08-25 07:00,3524394,lessthan 32000,0
2012-08-25 07:00,3517636,lessthan 32768,0
2012-08-25 07:00,3517367,lessthan 48000,0
2012-08-25 08:00,3524394,lessthan 32000,257
2012-08-25 08:00,3517636,lessthan 32768,29
2012-08-25 08:00,3517367,lessthan 48000,13
2012-08-25 09:00,3524394,lessthan 32000,186
2012-08-25 09:00,3517636,lessthan 32768,37
2012-08-25 09:00,3517367,lessthan 48000,16
2012-08-25 10:00,3524394,lessthan 32000,260
2012-08-25 10:00,3517636,lessthan 32768,29
2012-08-25 10:00,3517367,lessthan 48000,7
2012-08-25 11:00,3524394,lessthan 32000,309
2012-08-25 11:00,3517636,lessthan 32768,43
2012-08-25 11:00,3517367,lessthan 48000,10
2012-08-25 12:00,3524394,lessthan 32000,403
2012-08-25 12:00,3517636,lessthan 32768,78
2012-08-25 12:00,3517367,lessthan 48000,34
2012-08-25 13:00,3524394,lessthan 32000,206
2012-08-25 13:00,3517636,lessthan 32768,20
2012-08-25 13:00,3517367,lessthan 48000,3
2012-08-25 14:00,3524394,lessthan 32000,269
2012-08-25 14:00,3517636,lessthan 32768,118
2012-08-25 14:00,3517367,lessthan 48000,59
2012-08-25 15:00,3524394,lessthan 32000,193
2012-08-25 15:00,3517636,lessthan 32768,19
2012-08-25 15:00,3517367,lessthan 48000,64
2012-08-25 16:00,3524394,lessthan 32000,404
2012-08-25 16:00,3517636,lessthan 32768,27
2012-08-25 16:00,3517367,lessthan 48000,10
2012-08-25 17:00,3524394,lessthan 32000,193
2012-08-25 17:00,3517636,lessthan 32768,10
2012-08-25 17:00,3517367,lessthan 48000,28
2012-08-25 18:00,3524394,lessthan 32000,193
2012-08-25 18:00,3517636,lessthan 32768,16
2012-08-25 18:00,3517367,lessthan 48000,4
2012-08-25 19:00,3524394,lessthan 32000,105
2012-08-25 19:00,3517636,lessthan 32768,77
2012-08-25 19:00,3517367,lessthan 48000,11
2012-08-25 20:00,3524394,lessthan 32000,146
2012-08-25 20:00,3517636,lessthan 32768,75
2012-08-25 20:00,3517367,lessthan 48000,5
2012-08-25 21:00,3524394,lessthan 32000,149
2012-08-25 21:00,3517636,lessthan 32768,137
2012-08-25 21:00,3517367,lessthan 48000,17
2012-08-25 22:00,3524394,lessthan 32000,139
2012-08-25 22:00,3517636,lessthan 32768,117
2012-08-25 22:00,3517367,lessthan 48000,9
2012-08-25 23:00,3524394,lessthan 32000,154
2012-08-25 23:00,3517636,lessthan 32768,76
2012-08-25 23:00,3517367,lessthan 48000,9
2012-08-26 00:00,3524394,lessthan 32000,66
2012-08-26 00:00,3517636,lessthan 32768,17
2012-08-26 00:00,3517367,lessthan 48000,11
2012-08-26 01:00,3524394,lessthan 32000,190
2012-08-26 01:00,3517636,lessthan 32768,105
2012-08-26 01:00,3517367,lessthan 48000,32
2012-08-26 02:00,3524394,lessthan 32000,42
2012-08-26 02:00,3517636,lessthan 32768,37
2012-08-26 02:00,3517367,lessthan 48000,4
2012-08-26 03:00,3524394,lessthan 32000,77
2012-08-26 03:00,3517636,lessthan 32768,21
2012-08-26 03:00,3517367,lessthan 48000,6
2012-08-26 04:00,3524394,lessthan 32000,42
2012-08-26 04:00,3517636,lessthan 32768,3
2012-08-26 04:00,3517367,lessthan 48000,5
2012-08-26 05:00,3524394,lessthan 32000,165
2012-08-26 05:00,3517636,lessthan 32768,8
2012-08-26 05:00,3517367,lessthan 48000,16
2012-08-26 06:00,3524394,lessthan 32000,249
2012-08-26 06:00,3517636,lessthan 32768,3
2012-08-26 06:00,3517367,lessthan 48000,21
2012-08-26 07:00,3524394,lessthan 32000,221
2012-08-26 07:00,3517636,lessthan 32768,9
2012-08-26 07:00,3517367,lessthan 48000,7
2012-08-26 08:00,3524394,lessthan 32000,142
2012-08-26 08:00,3517636,lessthan 32768,2
2012-08-26 08:00,3517367,lessthan 48000,3
2012-08-26 09:00,3524394,lessthan 32000,0
2012-08-26 09:00,3517636,lessthan 32768,0
2012-08-26 09:00,3517367,lessthan 48000,0
2012-08-26 10:00,3524394,lessthan 32000,448
2012-08-26 10:00,3517636,lessthan 32768,79
2012-08-26 10:00,3517367,lessthan 48000,18
2012-08-26 11:00,3524394,lessthan 32000,344
2012-08-26 11:00,3517636,lessthan 32768,114
2012-08-26 11:00,3517367,lessthan 48000,20
2012-08-26 12:00,3524394,lessthan 32000,388
2012-08-26 12:00,3517636,lessthan 32768,55
2012-08-26 12:00,3517367,lessthan 48000,28
2012-08-26 13:00,3524394,lessthan 32000,174
2012-08-26 13:00,3517636,lessthan 32768,32
2012-08-26 13:00,3517367,lessthan 48000,5
2012-08-26 14:00,3524394,lessthan 32000,145
2012-08-26 14:00,3517636,lessthan 32768,0
2012-08-26 14:00,3517367,lessthan 48000,28
2012-08-26 15:00,3524394,lessthan 32000,97
2012-08-26 15:00,3517636,lessthan 32768,11
2012-08-26 15:00,3517367,lessthan 48000,6
2012-08-26 16:00,3524394,lessthan 32000,178
2012-08-26 16:00,3517636,lessthan 32768,33
2012-08-26 16:00,3517367,lessthan 48000,32
2012-08-26 17:00,3524394,lessthan 32000,132
2012-08-26 17:00,3517636,lessthan 32768,41
2012-08-26 17:00,3517367,lessthan 48000,79
2012-08-26 18:00,3524394,lessthan 32000,112
2012-08-26 18:00,3517636,lessthan 32768,36
2012-08-26 18:00,3517367,lessthan 48000,10
2012-08-26 19:00,3524394,lessthan 32000,54
2012-08-26 19:00,3517636,lessthan 32768,16
2012-08-26 19:00,3517367,lessthan 48000,2
2012-08-26 20:00,3524394,lessthan 32000,140
2012-08-26 20:00,3517636,lessthan 32768,32
2012-08-26 20:00,3517367,lessthan 48000,8
2012-08-26 21:00,3524394,lessthan 32000,55
2012-08-26 21:00,3517636,lessthan 32768,98
2012-08-26 21:00,3517367,lessthan 48000,30
2012-08-26 22:00,3524394,lessthan 32000,217
2012-08-26 22:00,3517636,lessthan 32768,15
2012-08-26 22:00,3517367,lessthan 48000,9
2012-08-26 23:00,3524394,lessthan 32000,87
2012-08-26 23:00,3517636,lessthan 32768,32
2012-08-26 23:00,3517367,lessthan 48000,11
2012-08-27 00:00,3524394,lessthan 32000,158
2012-08-27 00:00,3517636,lessthan 32768,26
2012-08-27 00:00,3517367,lessthan 48000,3
2012-08-27 01:00,3524394,lessthan 32000,32
2012-08-27 01:00,3517636,lessthan 32768,12
2012-08-27 01:00,3517367,lessthan 48000,0
2012-08-27 02:00,3524394,lessthan 32000,158
2012-08-27 02:00,3517636,lessthan 32768,109
2012-08-27 02:00,3517367,lessthan 48000,65
2012-08-27 03:00,3524394,lessthan 32000,100
2012-08-27 03:00,3517636,lessthan 32768,94
2012-08-27 03:00,3517367,lessthan 48000,126
2012-08-27 04:00,3524394,lessthan 32000,67
2012-08-27 04:00,3517636,lessthan 32768,19
2012-08-27 04:00,3517367,lessthan 48000,5
2012-08-27 05:00,3524394,lessthan 32000,108
2012-08-27 05:00,3517636,lessthan 32768,72
2012-08-27 05:00,3517367,lessthan 48000,2
2012-08-27 06:00,3524394,lessthan 32000,147
2012-08-27 06:00,3517636,lessthan 32768,62
2012-08-27 06:00,3517367,lessthan 48000,11
2012-08-27 07:00,3524394,lessthan 32000,154
2012-08-27 07:00,3517636,lessthan 32768,77
2012-08-27 07:00,3517367,lessthan 48000,8
2012-08-27 08:00,3524394,lessthan 32000,195
2012-08-27 08:00,3517636,lessthan 32768,108
2012-08-27 08:00,3517367,lessthan 48000,2
2012-08-27 09:00,3524394,lessthan 32000,60
2012-08-27 09:00,3517636,lessthan 32768,67
2012-08-27 09:00,3517367,lessthan 48000,4
2012-08-27 10:00,3524394,lessthan 32000,113
2012-08-27 10:00,3517636,lessthan 32768,39
2012-08-27 10:00,3517367,lessthan 48000,13
2012-08-27 11:00,3524394,lessthan 32000,220
2012-08-27 11:00,3517636,lessthan 32768,60
2012-08-27 11:00,3517367,lessthan 48000,22
2012-08-27 12:00,3524394,lessthan 32000,182
2012-08-27 12:00,3517636,lessthan 32768,123
2012-08-27 12:00,3517367,lessthan 48000,30
2012-08-27 13:00,3524394,lessthan 32000,59
2012-08-27 13:00,3517636,lessthan 32768,58
2012-08-27 13:00,3517367,lessthan 48000,21
2012-08-27 14:00,3524394,lessthan 32000,182
2012-08-27 14:00,3517636,lessthan 32768,87
2012-08-27 14:00,3517367,lessthan 48000,14
2012-08-27 15:00,3524394,lessthan 32000,439
2012-08-27 15:00,3517636,lessthan 32768,95
2012-08-27 15:00,3517367,lessthan 48000,91
2012-08-27 16:00,3524394,lessthan 32000,313
2012-08-27 16:00,3517636,lessthan 32768,101
2012-08-27 16:00,3517367,lessthan 48000,120
2012-08-27 17:00,3524394,lessthan 32000,0
2012-08-27 17:00,3517636,lessthan 32768,26
2012-08-27 17:00,3517367,lessthan 48000,11
2012-08-27 18:00,3524394,lessthan 32000,220
2012-08-27 18:00,3517636,lessthan 32768,196
2012-08-27 18:00,3517367,lessthan 48000,84
2012-08-27 19:00,3524394,lessthan 32000,40
2012-08-27 19:00,3517636,lessthan 32768,133
2012-08-27 19:00,3517367,lessthan 48000,17
2012-08-27 20:00,3524394,lessthan 32000,156
2012-08-27 20:00,3517636,lessthan 32768,37
2012-08-27 20:00,3517367,lessthan 48000,10
2012-08-27 21:00,3524394,lessthan 32000,154
2012-08-27 21:00,3517636,lessthan 32768,74
2012-08-27 21:00,3517367,lessthan 48000,8
2012-08-27 22:00,3524394,lessthan 32000,202
2012-08-27 22:00,3517636,lessthan 32768,58
2012-08-27 22:00,3517367,lessthan 48000,4
2012-08-27 23:00,3524394,lessthan 32000,272
2012-08-27 23:00,3517636,lessthan 32768,58
2012-08-27 23:00,3517367,lessthan 48000,5
2012-08-28 00:00,3524394,lessthan 32000,179
2012-08-28 00:00,3517636,lessthan 32768,55
2012-08-28 00:00,3517367,lessthan 48000,39
2012-08-28 01:00,3524394,lessthan 32000,36
2012-08-28 01:00,3517636,lessthan 32768,58
2012-08-28 01:00,3517367,lessthan 48000,12
2012-08-28 02:00,3524394,lessthan 32000,68
2012-08-28 02:00,3517636,lessthan 32768,51
2012-08-28 02:00,3517367,lessthan 48000,8
2012-08-28 03:00,3524394,lessthan 32000,131
2012-08-28 03:00,3517636,lessthan 32768,26
2012-08-28 03:00,3517367,lessthan 48000,8
2012-08-28 04:00,3524394,lessthan 32000,94
2012-08-28 04:00,3517636,lessthan 32768,14
2012-08-28 04:00,3517367,lessthan 48000,1
2012-08-28 05:00,3524394,lessthan 32000,98
2012-08-28 05:00,3517636,lessthan 32768,27
2012-08-28 05:00,3517367,lessthan 48000,0
2012-08-28 06:00,3524394,lessthan 32000,33
2012-08-28 06:00,3517636,lessthan 32768,8
2012-08-28 06:00,3517367,lessthan 48000,0
2012-08-28 07:00,3524394,lessthan 32000,89
2012-08-28 07:00,3517636,lessthan 32768,46
2012-08-28 07:00,3517367,lessthan 48000,9
2012-08-28 08:00,3524394,lessthan 32000,75
2012-08-28 08:00,3517636,lessthan 32768,22
2012-08-28 08:00,3517367,lessthan 48000,3
2012-08-28 09:00,3524394,lessthan 32000,200
2012-08-28 09:00,3517636,lessthan 32768,37
2012-08-28 09:00,3517367,lessthan 48000,4
2012-08-28 10:00,3524394,lessthan 32000,166
2012-08-28 10:00,3517636,lessthan 32768,91
2012-08-28 10:00,3517367,lessthan 48000,5
2012-08-28 11:00,3524394,lessthan 32000,179
2012-08-28 11:00,3517636,lessthan 32768,20
2012-08-28 11:00,3517367,lessthan 48000,8
2012-08-28 12:00,3524394,lessthan 32000,339
2012-08-28 12:00,3517636,lessthan 32768,72
2012-08-28 12:00,3517367,lessthan 48000,5
2012-08-28 13:00,3524394,lessthan 32000,4
2012-08-28 13:00,3517636,lessthan 32768,4
2012-08-28 13:00,3517367,lessthan 48000,3
2012-08-28 14:00,3524394,lessthan 32000,370
2012-08-28 14:00,3517636,lessthan 32768,56
2012-08-28 14:00,3517367,lessthan 48000,39
2012-08-28 15:00,3524394,lessthan 32000,401
2012-08-28 15:00,3517636,lessthan 32768,68
2012-08-28 15:00,3517367,lessthan 48000,29
2012-08-28 16:00,3524394,lessthan 32000,225
2012-08-28 16:00,3517636,lessthan 32768,61
2012-08-28 16:00,3517367,lessthan 48000,23
2012-08-28 17:00,3524394,lessthan 32000,69
2012-08-28 17:00,3517636,lessthan 32768,32
2012-08-28 17:00,3517367,lessthan 48000,2
2012-08-28 18:00,3524394,lessthan 32000,370
2012-08-28 18:00,3517636,lessthan 32768,58
2012-08-28 18:00,3517367,lessthan 48000,145
2012-08-28 19:00,3524394,lessthan 32000,39
2012-08-28 19:00,3517636,lessthan 32768,41
2012-08-28 19:00,3517367,lessthan 48000,41
2012-08-28 20:00,3524394,lessthan 32000,102
2012-08-28 20:00,3517636,lessthan 32768,53
2012-08-28 20:00,3517367,lessthan 48000,31
2012-08-28 21:00,3524394,lessthan 32000,161
2012-08-28 21:00,3517636,lessthan 32768,125
2012-08-28 21:00,3517367,lessthan 48000,13
2012-08-28 22:00,3524394,lessthan 32000,56
2012-08-28 22:00,3517636,lessthan 32768,28
2012-08-28 22:00,3517367,lessthan 48000,1
2012-08-28 23:00,3524394,lessthan 32000,125
2012-08-28 23:00,3517636,lessthan 32768,39
2012-08-28 23:00,3517367,lessthan 48000,32
2012-08-29 00:00,3524394,lessthan 32000,81
2012-08-29 00:00,3517636,lessthan 32768,61
2012-08-29 00:00,3517367,lessthan 48000,19
2012-08-29 01:00,3524394,lessthan 32000,223
2012-08-29 01:00,3517636,lessthan 32768,17
2012-08-29 01:00,3517367,lessthan 48000,51
2012-08-29 02:00,3524394,lessthan 32000,149
2012-08-29 02:00,3517636,lessthan 32768,5
2012-08-29 02:00,3517367,lessthan 48000,32
2012-08-29 03:00,3524394,lessthan 32000,100
2012-08-29 03:00,3517636,lessthan 32768,33
2012-08-29 03:00,3517367,lessthan 48000,30
2012-08-29 04:00,3524394,lessthan 32000,173
2012-08-29 04:00,3517636,lessthan 32768,10
2012-08-29 04:00,3517367,lessthan 48000,8
2012-08-29 05:00,3524394,lessthan 32000,30
2012-08-29 05:00,3517636,lessthan 32768,18
2012-08-29 05:00,3517367,lessthan 48000,5
2012-08-29 06:00,3524394,lessthan 32000,144
2012-08-29 06:00,3517636,lessthan 32768,59
2012-08-29 06:00,3517367,lessthan 48000,14
2012-08-29 07:00,3524394,lessthan 32000,174
2012-08-29 07:00,3517636,lessthan 32768,164
2012-08-29 07:00,3517367,lessthan 48000,10
2012-08-29 08:00,3524394,lessthan 32000,30
2012-08-29 08:00,3517636,lessthan 32768,138
2012-08-29 08:00,3517367,lessthan 48000,22
2012-08-29 09:00,3524394,lessthan 32000,87
2012-08-29 09:00,3517636,lessthan 32768,139
2012-08-29 09:00,3517367,lessthan 48000,22
2012-08-29 10:00,3524394,lessthan 32000,12
2012-08-29 10:00,3517636,lessthan 32768,10
2012-08-29 10:00,3517367,lessthan 48000,14
2012-08-29 11:00,3524394,lessthan 32000,183
2012-08-29 11:00,3517636,lessthan 32768,78
2012-08-29 11:00,3517367,lessthan 48000,24
2012-08-29 12:00,3524394,lessthan 32000,48
2012-08-29 12:00,3517636,lessthan 32768,36
2012-08-29 12:00,3517367,lessthan 48000,3
2012-08-29 13:00,3524394,lessthan 32000,84
2012-08-29 13:00,3517636,lessthan 32768,32
2012-08-29 13:00,3517367,lessthan 48000,15
2012-08-29 14:00,3524394,lessthan 32000,144
2012-08-29 14:00,3517636,lessthan 32768,76
2012-08-29 14:00,3517367,lessthan 48000,11
2012-08-29 15:00,3524394,lessthan 32000,75
2012-08-29 15:00,3517636,lessthan 32768,99
2012-08-29 15:00,3517367,lessthan 48000,13
2012-08-29 16:00,3524394,lessthan 32000,135
2012-08-29 16:00,3517636,lessthan 32768,31
2012-08-29 16:00,3517367,lessthan 48000,23
2012-08-29 17:00,3524394,lessthan 32000,190
2012-08-29 17:00,3517636,lessthan 32768,73
2012-08-29 17:00,3517367,lessthan 48000,12
2012-08-29 18:00,3524394,lessthan 32000,99
2012-08-29 18:00,3517636,lessthan 32768,59
2012-08-29 18:00,3517367,lessthan 48000,29
2012-08-29 19:00,3524394,lessthan 32000,104
2012-08-29 19:00,3517636,lessthan 32768,27
2012-08-29 19:00,3517367,lessthan 48000,38
2012-08-29 20:00,3524394,lessthan 32000,79
2012-08-29 20:00,3517636,lessthan 32768,52
2012-08-29 20:00,3517367,lessthan 48000,9
2012-08-29 21:00,3524394,lessthan 32000,263
2012-08-29 21:00,3517636,lessthan 32768,11
2012-08-29 21:00,3517367,lessthan 48000,9
2012-08-29 22:00,3524394,lessthan 32000,282
2012-08-29 22:00,3517636,lessthan 32768,28
2012-08-29 22:00,3517367,lessthan 48000,20
2012-08-29 23:00,3524394,lessthan 32000,117
2012-08-29 23:00,3517636,lessthan 32768,13
2012-08-29 23:00,3517367,lessthan 48000,37
2012-08-30 00:00,3524394,lessthan 32000,214
2012-08-30 00:00,3517636,lessthan 32768,29
2012-08-30 00:00,3517367,lessthan 48000,25
2012-08-30 01:00,3524394,lessthan 32000,14
2012-08-30 01:00,3517636,lessthan 32768,2
2012-08-30 01:00,3517367,lessthan 48000,22
2012-08-30 02:00,3524394,lessthan 32000,142
2012-08-30 02:00,3517636,lessthan 32768,31
2012-08-30 02:00,3517367,lessthan 48000,26
2012-08-30 03:00,3524394,lessthan 32000,72
2012-08-30 03:00,3517636,lessthan 32768,67
2012-08-30 03:00,3517367,lessthan 48000,29
2012-08-30 04:00,3524394,lessthan 32000,168
2012-08-30 04:00,3517636,lessthan 32768,5
2012-08-30 04:00,3517367,lessthan 48000,21
2012-08-30 05:00,3524394,lessthan 32000,71
2012-08-30 05:00,3517636,lessthan 32768,6
2012-08-30 05:00,3517367,lessthan 48000,2
2012-08-30 06:00,3524394,lessthan 32000,4
2012-08-30 06:00,3517636,lessthan 32768,2
2012-08-30 06:00,3517367,lessthan 48000,0
2012-08-30 07:00,3524394,lessthan 32000,76
2012-08-30 07:00,3517636,lessthan 32768,19
2012-08-30 07:00,3517367,lessthan 48000,13
2012-08-30 08:00,3524394,lessthan 32000,68
2012-08-30 08:00,3517636,lessthan 32768,45
2012-08-30 08:00,3517367,lessthan 48000,11
2012-08-30 09:00,3524394,lessthan 32000,157
2012-08-30 09:00,3517636,lessthan 32768,43
2012-08-30 09:00,3517367,lessthan 48000,33
2012-08-30 10:00,3524394,lessthan 32000,64
2012-08-30 10:00,3517636,lessthan 32768,42
2012-08-30 10:00,3517367,lessthan 48000,78
2012-08-30 11:00,3524394,lessthan 32000,283
2012-08-30 11:00,3517636,lessthan 32768,42
2012-08-30 11:00,3517367,lessthan 48000,73
2012-08-30 12:00,3524394,lessthan 32000,102
2012-08-30 12:00,3517636,lessthan 32768,16
2012-08-30 12:00,3517367,lessthan 48000,8
2012-08-30 13:00,3524394,lessthan 32000,334
2012-08-30 13:00,3517636,lessthan 32768,25
2012-08-30 13:00,3517367,lessthan 48000,61
2012-08-30 14:00,3524394,lessthan 32000,233
2012-08-30 14:00,3517636,lessthan 32768,61
2012-08-30 14:00,3517367,lessthan 48000,149
2012-08-30 15:00,3524394,lessthan 32000,318
2012-08-30 15:00,3517636,lessthan 32768,39
2012-08-30 15:00,3517367,lessthan 48000,47
2012-08-30 16:00,3524394,lessthan 32000,452
2012-08-30 16:00,3517636,lessthan 32768,38
2012-08-30 16:00,3517367,lessthan 48000,113
2012-08-30 17:00,3524394,lessthan 32000,412
2012-08-30 17:00,3517636,lessthan 32768,17
2012-08-30 17:00,3517367,lessthan 48000,31
2012-08-30 18:00,3524394,lessthan 32000,299
2012-08-30 18:00,3517636,lessthan 32768,58
2012-08-30 18:00,3517367,lessthan 48000,40
2012-08-30 19:00,3524394,lessthan 32000,267
2012-08-30 19:00,3517636,lessthan 32768,35
2012-08-30 19:00,3517367,lessthan 48000,13
2012-08-30 20:00,3524394,lessthan 32000,481
2012-08-30 20:00,3517636,lessthan 32768,45
2012-08-30 20:00,3517367,lessthan 48000,21
2012-08-30 21:00,3524394,lessthan 32000,311
2012-08-30 21:00,3517636,lessthan 32768,26
2012-08-30 21:00,3517367,lessthan 48000,14
2012-08-30 22:00,3524394,lessthan 32000,199
2012-08-30 22:00,3517636,lessthan 32768,24
2012-08-30 22:00,3517367,lessthan 48000,15
2012-08-30 23:00,3524394,lessthan 32000,560
2012-08-30 23:00,3517636,lessthan 32768,17
2012-08-30 23:00,3517367,lessthan 48000,38
2012-08-31 00:00,3524394,lessthan 32000,98
2012-08-31 00:00,3517636,lessthan 32768,28
2012-08-31 00:00,3517367,lessthan 48000,30
2012-08-31 01:00,3524394,lessthan 32000,81
2012-08-31 01:00,3517636,lessthan 32768,6
2012-08-31 01:00,3517367,lessthan 48000,34
2012-08-31 02:00,3524394,lessthan 32000,121
2012-08-31 02:00,3517636,lessthan 32768,32
2012-08-31 02:00,3517367,lessthan 48000,115
2012-08-31 03:00,3524394,lessthan 32000,114
2012-08-31 03:00,3517636,lessthan 32768,9
2012-08-31 03:00,3517367,lessthan 48000,19
2012-08-31 04:00,3524394,lessthan 32000,193
2012-08-31 04:00,3517636,lessthan 32768,9
2012-08-31 04:00,3517367,lessthan 48000,11
2012-08-31 05:00,3524394,lessthan 32000,177
2012-08-31 05:00,3517636,lessthan 32768,2
2012-08-31 05:00,3517367,lessthan 48000,11
2012-08-31 06:00,3524394,lessthan 32000,364
2012-08-31 06:00,3517636,lessthan 32768,55
2012-08-31 06:00,3517367,lessthan 48000,25
2012-08-31 07:00,3524394,lessthan 32000,259
2012-08-31 07:00,3517636,lessthan 32768,5
2012-08-31 07:00,3517367,lessthan 48000,12
2012-08-31 08:00,3524394,lessthan 32000,191
2012-08-31 08:00,3517636,lessthan 32768,7
2012-08-31 08:00,3517367,lessthan 48000,51
2012-08-31 09:00,3524394,lessthan 32000,444
2012-08-31 09:00,3517636,lessthan 32768,16
2012-08-31 09:00,3517367,lessthan 48000,51
2012-08-31 10:00,3524394,lessthan 32000,231
2012-08-31 10:00,3517636,lessthan 32768,26
2012-08-31 10:00,3517367,lessthan 48000,16
2012-08-31 11:00,3524394,lessthan 32000,448
2012-08-31 11:00,3517636,lessthan 32768,80
2012-08-31 11:00,3517367,lessthan 48000,70
2012-08-31 12:00,3524394,lessthan 32000,290
2012-08-31 12:00,3517636,lessthan 32768,130
2012-08-31 12:00,3517367,lessthan 48000,11
2012-08-31 13:00,3524394,lessthan 32000,166
2012-08-31 13:00,3517636,lessthan 32768,26
2012-08-31 13:00,3517367,lessthan 48000,18
2012-08-31 14:00,3524394,lessthan 32000,311
2012-08-31 14:00,3517636,lessthan 32768,68
2012-08-31 14:00,3517367,lessthan 48000,52
2012-08-31 15:00,3524394,lessthan 32000,703
2012-08-31 15:00,3517636,lessthan 32768,51
2012-08-31 15:00,3517367,lessthan 48000,70
2012-08-31 16:00,3524394,lessthan 32000,390
2012-08-31 16:00,3517636,lessthan 32768,91
2012-08-31 16:00,3517367,lessthan 48000,75
2012-08-31 17:00,3524394,lessthan 32000,250
2012-08-31 17:00,3517636,lessthan 32768,133
2012-08-31 17:00,3517367,lessthan 48000,57
2012-08-31 18:00,3524394,lessthan 32000,178
2012-08-31 18:00,3517636,lessthan 32768,38
2012-08-31 18:00,3517367,lessthan 48000,49
2012-08-31 19:00,3524394,lessthan 32000,196
2012-08-31 19:00,3517636,lessthan 32768,17
2012-08-31 19:00,3517367,lessthan 48000,24
2012-08-31 20:00,3524394,lessthan 32000,148
2012-08-31 20:00,3517636,lessthan 32768,31
2012-08-31 20:00,3517367,lessthan 48000,33
2012-08-31 21:00,3524394,lessthan 32000,83
2012-08-31 21:00,3517636,lessthan 32768,0
2012-08-31 21:00,3517367,lessthan 48000,26
2012-08-31 22:00,3524394,lessthan 32000,681
2012-08-31 22:00,3517636,lessthan 32768,20
2012-08-31 22:00,3517367,lessthan 48000,46
2012-08-31 23:00,3524394,lessthan 32000,260
2012-08-31 23:00,3517636,lessthan 32768,2
2012-08-31 23:00,3517367,lessthan 48000,19
2012-09-01 00:00,3524394,lessthan 32000,356
2012-09-01 00:00,3517636,lessthan 32768,8
2012-09-01 00:00,3517367,lessthan 48000,34
2012-09-01 01:00,3524394,lessthan 32000,173
2012-09-01 01:00,3517636,lessthan 32768,12
2012-09-01 01:00,3517367,lessthan 48000,9
2012-09-01 02:00,3524394,lessthan 32000,229
2012-09-01 02:00,3517636,lessthan 32768,19
2012-09-01 02:00,3517367,lessthan 48000,57
2012-09-01 03:00,3524394,lessthan 32000,248
2012-09-01 03:00,3517636,lessthan 32768,1
2012-09-01 03:00,3517367,lessthan 48000,82
2012-09-01 04:00,3524394,lessthan 32000,293
2012-09-01 04:00,3517636,lessthan 32768,16
2012-09-01 04:00,3517367,lessthan 48000,72
2012-09-01 05:00,3524394,lessthan 32000,217
2012-09-01 05:00,3517636,lessthan 32768,10
2012-09-01 05:00,3517367,lessthan 48000,61
2012-09-01 06:00,3524394,lessthan 32000,174
2012-09-01 06:00,3517636,lessthan 32768,28
2012-09-01 06:00,3517367,lessthan 48000,35
2012-09-01 07:00,3524394,lessthan 32000,130
2012-09-01 07:00,3517636,lessthan 32768,12
2012-09-01 07:00,3517367,lessthan 48000,23
2012-09-01 08:00,3524394,lessthan 32000,364
2012-09-01 08:00,3517636,lessthan 32768,12
2012-09-01 08:00,3517367,lessthan 48000,33
2012-09-01 09:00,3524394,lessthan 32000,142
2012-09-01 09:00,3517636,lessthan 32768,1
2012-09-01 09:00,3517367,lessthan 48000,12
2012-09-01 10:00,3524394,lessthan 32000,400
2012-09-01 10:00,3517636,lessthan 32768,6
2012-09-01 10:00,3517367,lessthan 48000,64
2012-09-01 11:00,3524394,lessthan 32000,127
2012-09-01 11:00,3517636,lessthan 32768,1
2012-09-01 11:00,3517367,lessthan 48000,89
2012-09-01 12:00,3524394,lessthan 32000,181
2012-09-01 12:00,3517636,lessthan 32768,24
2012-09-01 12:00,3517367,lessthan 48000,128
2012-09-01 13:00,3524394,lessthan 32000,184
2012-09-01 13:00,3517636,lessthan 32768,4
2012-09-01 13:00,3517367,lessthan 48000,118
2012-09-01 14:00,3524394,lessthan 32000,0
2012-09-01 14:00,3517636,lessthan 32768,0
2012-09-01 14:00,3517367,lessthan 48000,0
2012-09-01 15:00,3524394,lessthan 32000,484
2012-09-01 15:00,3517636,lessthan 32768,65
2012-09-01 15:00,3517367,lessthan 48000,129
2012-09-01 16:00,3524394,lessthan 32000,284
2012-09-01 16:00,3517636,lessthan 32768,35
2012-09-01 16:00,3517367,lessthan 48000,65
2012-09-01 17:00,3524394,lessthan 32000,246
2012-09-01 17:00,3517636,lessthan 32768,45
2012-09-01 17:00,3517367,lessthan 48000,51
2012-09-01 18:00,3524394,lessthan 32000,41
2012-09-01 18:00,3517636,lessthan 32768,66
2012-09-01 18:00,3517367,lessthan 48000,97
2012-09-01 19:00,3524394,lessthan 32000,203
2012-09-01 19:00,3517636,lessthan 32768,82
2012-09-01 19:00,3517367,lessthan 48000,129
2012-09-01 20:00,3524394,lessthan 32000,78
2012-09-01 20:00,3517636,lessthan 32768,83
2012-09-01 20:00,3517367,lessthan 48000,54
2012-09-01 21:00,3524394,lessthan 32000,40
2012-09-01 21:00,3517636,lessthan 32768,72
2012-09-01 21:00,3517367,lessthan 48000,60
2012-09-01 22:00,3524394,lessthan 32000,128
2012-09-01 22:00,3517636,lessthan 32768,68
2012-09-01 22:00,3517367,lessthan 48000,127
2012-09-01 23:00,3524394,lessthan 32000,81
2012-09-01 23:00,3517636,lessthan 32768,23
2012-09-01 23:00,3517367,lessthan 48000,89
2012-09-02 00:00,3524394,lessthan 32000,110
2012-09-02 00:00,3517636,lessthan 32768,27
2012-09-02 00:00,3517367,lessthan 48000,57
2012-09-02 01:00,3524394,lessthan 32000,123
2012-09-02 01:00,3517636,lessthan 32768,18
2012-09-02 01:00,3517367,lessthan 48000,14
2012-09-02 02:00,3524394,lessthan 32000,82
2012-09-02 02:00,3517636,lessthan 32768,24
2012-09-02 02:00,3517367,lessthan 48000,9
2012-09-02 03:00,3524394,lessthan 32000,103
2012-09-02 03:00,3517636,lessthan 32768,32
2012-09-02 03:00,3517367,lessthan 48000,28
2012-09-02 04:00,3524394,lessthan 32000,87
2012-09-02 04:00,3517636,lessthan 32768,37
2012-09-02 04:00,3517367,lessthan 48000,4
2012-09-02 05:00,3524394,lessthan 32000,322
2012-09-02 05:00,3517636,lessthan 32768,10
2012-09-02 05:00,3517367,lessthan 48000,10
2012-09-02 06:00,3524394,lessthan 32000,210
2012-09-02 06:00,3517636,lessthan 32768,7
2012-09-02 06:00,3517367,lessthan 48000,7
2012-09-02 07:00,3524394,lessthan 32000,234
2012-09-02 07:00,3517636,lessthan 32768,23
2012-09-02 07:00,3517367,lessthan 48000,59
2012-09-02 08:00,3524394,lessthan 32000,55
2012-09-02 08:00,3517636,lessthan 32768,52
2012-09-02 08:00,3517367,lessthan 48000,11
2012-09-02 09:00,3524394,lessthan 32000,61
2012-09-02 09:00,3517636,lessthan 32768,19
2012-09-02 09:00,3517367,lessthan 48000,114
2012-09-02 10:00,3524394,lessthan 32000,94
2012-09-02 10:00,3517636,lessthan 32768,10
2012-09-02 10:00,3517367,lessthan 48000,90
2012-09-02 11:00,3524394,lessthan 32000,114
2012-09-02 11:00,3517636,lessthan 32768,24
2012-09-02 11:00,3517367,lessthan 48000,87
2012-09-02 12:00,3524394,lessthan 32000,104
2012-09-02 12:00,3517636,lessthan 32768,73
2012-09-02 12:00,3517367,lessthan 48000,26
2012-09-02 13:00,3524394,lessthan 32000,85
2012-09-02 13:00,3517636,lessthan 32768,98
2012-09-02 13:00,3517367,lessthan 48000,74
2012-09-02 14:00,3524394,lessthan 32000,44
2012-09-02 14:00,3517636,lessthan 32768,47
2012-09-02 14:00,3517367,lessthan 48000,70
2012-09-02 15:00,3524394,lessthan 32000,80
2012-09-02 15:00,3517636,lessthan 32768,159
2012-09-02 15:00,3517367,lessthan 48000,51
2012-09-02 16:00,3524394,lessthan 32000,131
2012-09-02 16:00,3517636,lessthan 32768,208
2012-09-02 16:00,3517367,lessthan 48000,48
2012-09-02 17:00,3524394,lessthan 32000,73
2012-09-02 17:00,3517636,lessthan 32768,89
2012-09-02 17:00,3517367,lessthan 48000,77
2012-09-02 18:00,3524394,lessthan 32000,64
2012-09-02 18:00,3517636,lessthan 32768,22
2012-09-02 18:00,3517367,lessthan 48000,64
2012-09-02 19:00,3524394,lessthan 32000,210
2012-09-02 19:00,3517636,lessthan 32768,21
2012-09-02 19:00,3517367,lessthan 48000,93
2012-09-02 20:00,3524394,lessthan 32000,165
2012-09-02 20:00,3517636,lessthan 32768,53
2012-09-02 20:00,3517367,lessthan 48000,71
2012-09-02 21:00,3524394,lessthan 32000,298
2012-09-02 21:00,3517636,lessthan 32768,62
2012-09-02 21:00,3517367,lessthan 48000,90
2012-09-02 22:00,3524394,lessthan 32000,233
2012-09-02 22:00,3517636,lessthan 32768,14
2012-09-02 22:00,3517367,lessthan 48000,93
2012-09-02 23:00,3524394,lessthan 32000,437
2012-09-02 23:00,3517636,lessthan 32768,22
2012-09-02 23:00,3517367,lessthan 48000,129
2012-09-03 00:00,3524394,lessthan 32000,310
2012-09-03 00:00,3517636,lessthan 32768,16
2012-09-03 00:00,3517367,lessthan 48000,35
2012-09-03 01:00,3524394,lessthan 32000,231
2012-09-03 01:00,3517636,lessthan 32768,18
2012-09-03 01:00,3517367,lessthan 48000,155
2012-09-03 02:00,3524394,lessthan 32000,451
2012-09-03 02:00,3517636,lessthan 32768,151
2012-09-03 02:00,3517367,lessthan 48000,59
2012-09-03 03:00,3524394,lessthan 32000,279
2012-09-03 03:00,3517636,lessthan 32768,76
2012-09-03 03:00,3517367,lessthan 48000,135
2012-09-03 04:00,3524394,lessthan 32000,195
2012-09-03 04:00,3517636,lessthan 32768,17
2012-09-03 04:00,3517367,lessthan 48000,116
2012-09-03 05:00,3524394,lessthan 32000,317
2012-09-03 05:00,3517636,lessthan 32768,24
2012-09-03 05:00,3517367,lessthan 48000,100
2012-09-03 06:00,3524394,lessthan 32000,248
2012-09-03 06:00,3517636,lessthan 32768,66
2012-09-03 06:00,3517367,lessthan 48000,29
2012-09-03 07:00,3524394,lessthan 32000,369
2012-09-03 07:00,3517636,lessthan 32768,35
2012-09-03 07:00,3517367,lessthan 48000,45
2012-09-03 08:00,3524394,lessthan 32000,546
2012-09-03 08:00,3517636,lessthan 32768,31
2012-09-03 08:00,3517367,lessthan 48000,7
2012-09-03 09:00,3524394,lessthan 32000,439
2012-09-03 09:00,3517636,lessthan 32768,65
2012-09-03 09:00,3517367,lessthan 48000,12
2012-09-03 10:00,3524394,lessthan 32000,627
2012-09-03 10:00,3517636,lessthan 32768,28
2012-09-03 10:00,3517367,lessthan 48000,17
2012-09-03 11:00,3524394,lessthan 32000,302
2012-09-03 11:00,3517636,lessthan 32768,4
2012-09-03 11:00,3517367,lessthan 48000,46
2012-09-03 12:00,3524394,lessthan 32000,493
2012-09-03 12:00,3517636,lessthan 32768,53
2012-09-03 12:00,3517367,lessthan 48000,102
2012-09-03 13:00,3524394,lessthan 32000,126
2012-09-03 13:00,3517636,lessthan 32768,16
2012-09-03 13:00,3517367,lessthan 48000,7
2012-09-03 14:00,3524394,lessthan 32000,391
2012-09-03 14:00,3517636,lessthan 32768,15
2012-09-03 14:00,3517367,lessthan 48000,26
2012-09-03 15:00,3524394,lessthan 32000,158
2012-09-03 15:00,3517636,lessthan 32768,26
2012-09-03 15:00,3517367,lessthan 48000,0
2012-09-03 16:00,3524394,lessthan 32000,77
2012-09-03 16:00,3517636,lessthan 32768,19
2012-09-03 16:00,3517367,lessthan 48000,48
2012-09-03 17:00,3524394,lessthan 32000,260
2012-09-03 17:00,3517636,lessthan 32768,15
2012-09-03 17:00,3517367,lessthan 48000,143
2012-09-03 18:00,3524394,lessthan 32000,58
2012-09-03 18:00,3517636,lessthan 32768,4
2012-09-03 18:00,3517367,lessthan 48000,35
2012-09-03 19:00,3524394,lessthan 32000,390
2012-09-03 19:00,3517636,lessthan 32768,8
2012-09-03 19:00,3517367,lessthan 48000,161
2012-09-03 20:00,3524394,lessthan 32000,16
2012-09-03 20:00,3517636,lessthan 32768,2
2012-09-03 20:00,3517367,lessthan 48000,61
2012-09-03 21:00,3524394,lessthan 32000,0
2012-09-03 21:00,3517636,lessthan 32768,2
2012-09-03 21:00,3517367,lessthan 48000,31
2012-09-03 22:00,3524394,lessthan 32000,414
2012-09-03 22:00,3517636,lessthan 32768,63
2012-09-03 22:00,3517367,lessthan 48000,228
2012-09-03 23:00,3524394,lessthan 32000,405
2012-09-03 23:00,3517636,lessthan 32768,47
2012-09-03 23:00,3517367,lessthan 48000,195
2012-09-04 00:00,3524394,lessthan 32000,157
2012-09-04 00:00,3517636,lessthan 32768,15
2012-09-04 00:00,3517367,lessthan 48000,52
2012-09-04 01:00,3524394,lessthan 32000,153
2012-09-04 01:00,3517636,lessthan 32768,38
2012-09-04 01:00,3517367,lessthan 48000,21
2012-09-04 02:00,3524394,lessthan 32000,148
2012-09-04 02:00,3517636,lessthan 32768,16
2012-09-04 02:00,3517367,lessthan 48000,41
2012-09-04 03:00,3524394,lessthan 32000,94
2012-09-04 03:00,3517636,lessthan 32768,16
2012-09-04 03:00,3517367,lessthan 48000,29
2012-09-04 04:00,3524394,lessthan 32000,224
2012-09-04 04:00,3517636,lessthan 32768,33
2012-09-04 04:00,3517367,lessthan 48000,37
2012-09-04 05:00,3524394,lessthan 32000,178
2012-09-04 05:00,3517636,lessthan 32768,8
2012-09-04 05:00,3517367,lessthan 48000,64
2012-09-04 06:00,3524394,lessthan 32000,3
2012-09-04 06:00,3517636,lessthan 32768,1
2012-09-04 06:00,3517367,lessthan 48000,0
2012-09-04 07:00,3524394,lessthan 32000,103
2012-09-04 07:00,3517636,lessthan 32768,36
2012-09-04 07:00,3517367,lessthan 48000,23
2012-09-04 08:00,3524394,lessthan 32000,88
2012-09-04 08:00,3517636,lessthan 32768,7
2012-09-04 08:00,3517367,lessthan 48000,22
2012-09-04 09:00,3524394,lessthan 32000,125
2012-09-04 09:00,3517636,lessthan 32768,7
2012-09-04 09:00,3517367,lessthan 48000,121
2012-09-04 10:00,3524394,lessthan 32000,166
2012-09-04 10:00,3517636,lessthan 32768,13
2012-09-04 10:00,3517367,lessthan 48000,135
2012-09-04 11:00,3524394,lessthan 32000,176
2012-09-04 11:00,3517636,lessthan 32768,31
2012-09-04 11:00,3517367,lessthan 48000,100
2012-09-04 12:00,3524394,lessthan 32000,180
2012-09-04 12:00,3517636,lessthan 32768,25
2012-09-04 12:00,3517367,lessthan 48000,172
2012-09-04 13:00,3524394,lessthan 32000,146
2012-09-04 13:00,3517636,lessthan 32768,4
2012-09-04 13:00,3517367,lessthan 48000,44
2012-09-04 14:00,3524394,lessthan 32000,153
2012-09-04 14:00,3517636,lessthan 32768,20
2012-09-04 14:00,3517367,lessthan 48000,101
2012-09-04 15:00,3524394,lessthan 32000,352
2012-09-04 15:00,3517636,lessthan 32768,55
2012-09-04 15:00,3517367,lessthan 48000,50
2012-09-04 16:00,3524394,lessthan 32000,384
2012-09-04 16:00,3517636,lessthan 32768,44
2012-09-04 16:00,3517367,lessthan 48000,66
2012-09-04 17:00,3524394,lessthan 32000,546
2012-09-04 17:00,3517636,lessthan 32768,7
2012-09-04 17:00,3517367,lessthan 48000,124
2012-09-04 18:00,3524394,lessthan 32000,477
2012-09-04 18:00,3517636,lessthan 32768,7
2012-09-04 18:00,3517367,lessthan 48000,291
2012-09-04 19:00,3524394,lessthan 32000,163
2012-09-04 19:00,3517636,lessthan 32768,0
2012-09-04 19:00,3517367,lessthan 48000,54
2012-09-04 20:00,3524394,lessthan 32000,274
2012-09-04 20:00,3517636,lessthan 32768,43
2012-09-04 20:00,3517367,lessthan 48000,114
2012-09-04 21:00,3524394,lessthan 32000,212
2012-09-04 21:00,3517636,lessthan 32768,11
2012-09-04 21:00,3517367,lessthan 48000,93
2012-09-04 22:00,3524394,lessthan 32000,156
2012-09-04 22:00,3517636,lessthan 32768,33
2012-09-04 22:00,3517367,lessthan 48000,1
2012-09-04 23:00,3524394,lessthan 32000,84
2012-09-04 23:00,3517636,lessthan 32768,4
2012-09-04 23:00,3517367,lessthan 48000,2
2012-09-05 00:00,3524394,lessthan 32000,79
2012-09-05 00:00,3517636,lessthan 32768,7
2012-09-05 00:00,3517367,lessthan 48000,4
2012-09-05 01:00,3524394,lessthan 32000,102
2012-09-05 01:00,3517636,lessthan 32768,5
2012-09-05 01:00,3517367,lessthan 48000,43
2012-09-05 02:00,3524394,lessthan 32000,147
2012-09-05 02:00,3517636,lessthan 32768,110
2012-09-05 02:00,3517367,lessthan 48000,42
2012-09-05 03:00,3524394,lessthan 32000,119
2012-09-05 03:00,3517636,lessthan 32768,7
2012-09-05 03:00,3517367,lessthan 48000,12
2012-09-05 04:00,3524394,lessthan 32000,58
2012-09-05 04:00,3517636,lessthan 32768,24
2012-09-05 04:00,3517367,lessthan 48000,21
2012-09-05 05:00,3524394,lessthan 32000,134
2012-09-05 05:00,3517636,lessthan 32768,7
2012-09-05 05:00,3517367,lessthan 48000,13
2012-09-05 06:00,3524394,lessthan 32000,243
2012-09-05 06:00,3517636,lessthan 32768,100
2012-09-05 06:00,3517367,lessthan 48000,80
2012-09-05 07:00,3524394,lessthan 32000,130
2012-09-05 07:00,3517636,lessthan 32768,76
2012-09-05 07:00,3517367,lessthan 48000,101
2012-09-05 08:00,3524394,lessthan 32000,285
2012-09-05 08:00,3517636,lessthan 32768,0
2012-09-05 08:00,3517367,lessthan 48000,116
2012-09-05 09:00,3524394,lessthan 32000,256
2012-09-05 09:00,3517636,lessthan 32768,19
2012-09-05 09:00,3517367,lessthan 48000,64
2012-09-05 10:00,3524394,lessthan 32000,467
2012-09-05 10:00,3517636,lessthan 32768,2
2012-09-05 10:00,3517367,lessthan 48000,15
2012-09-05 11:00,3524394,lessthan 32000,168
2012-09-05 11:00,3517636,lessthan 32768,1
2012-09-05 11:00,3517367,lessthan 48000,31
2012-09-05 12:00,3524394,lessthan 32000,343
2012-09-05 12:00,3517636,lessthan 32768,26
2012-09-05 12:00,3517367,lessthan 48000,135
2012-09-05 13:00,3524394,lessthan 32000,149
2012-09-05 13:00,3517636,lessthan 32768,0
2012-09-05 13:00,3517367,lessthan 48000,64
2012-09-05 14:00,3524394,lessthan 32000,304
2012-09-05 14:00,3517636,lessthan 32768,3
2012-09-05 14:00,3517367,lessthan 48000,8
2012-09-05 15:00,3524394,lessthan 32000,140
2012-09-05 15:00,3517636,lessthan 32768,15
2012-09-05 15:00,3517367,lessthan 48000,12
2012-09-05 16:00,3524394,lessthan 32000,228
2012-09-05 16:00,3517636,lessthan 32768,23
2012-09-05 16:00,3517367,lessthan 48000,54
2012-09-05 17:00,3524394,lessthan 32000,129
2012-09-05 17:00,3517636,lessthan 32768,19
2012-09-05 17:00,3517367,lessthan 48000,6
2012-09-05 18:00,3524394,lessthan 32000,224
2012-09-05 18:00,3517636,lessthan 32768,12
2012-09-05 18:00,3517367,lessthan 48000,7
2012-09-05 19:00,3524394,lessthan 32000,252
2012-09-05 19:00,3517636,lessthan 32768,9
2012-09-05 19:00,3517367,lessthan 48000,7
2012-09-05 20:00,3524394,lessthan 32000,262
2012-09-05 20:00,3517636,lessthan 32768,6
2012-09-05 20:00,3517367,lessthan 48000,17
2012-09-05 21:00,3524394,lessthan 32000,223
2012-09-05 21:00,3517636,lessthan 32768,4
2012-09-05 21:00,3517367,lessthan 48000,7
2012-09-05 22:00,3524394,lessthan 32000,170
2012-09-05 22:00,3517636,lessthan 32768,10
2012-09-05 22:00,3517367,lessthan 48000,5
2012-09-05 23:00,3524394,lessthan 32000,124
2012-09-05 23:00,3517636,lessthan 32768,70
2012-09-05 23:00,3517367,lessthan 48000,49
2012-09-06 00:00,3524394,lessthan 32000,124
2012-09-06 00:00,3517636,lessthan 32768,12
2012-09-06 00:00,3517367,lessthan 48000,28
2012-09-06 01:00,3524394,lessthan 32000,116
2012-09-06 01:00,3517636,lessthan 32768,1
2012-09-06 01:00,3517367,lessthan 48000,15
2012-09-06 02:00,3524394,lessthan 32000,36
2012-09-06 02:00,3517636,lessthan 32768,77
2012-09-06 02:00,3517367,lessthan 48000,106
2012-09-06 03:00,3524394,lessthan 32000,3
2012-09-06 03:00,3517636,lessthan 32768,11
2012-09-06 03:00,3517367,lessthan 48000,9
2012-09-06 04:00,3524394,lessthan 32000,132
2012-09-06 04:00,3517636,lessthan 32768,55
2012-09-06 04:00,3517367,lessthan 48000,119
2012-09-06 05:00,3524394,lessthan 32000,323
2012-09-06 05:00,3517636,lessthan 32768,158
2012-09-06 05:00,3517367,lessthan 48000,15
2012-09-06 06:00,3524394,lessthan 32000,312
2012-09-06 06:00,3517636,lessthan 32768,100
2012-09-06 06:00,3517367,lessthan 48000,20
2012-09-06 07:00,3524394,lessthan 32000,334
2012-09-06 07:00,3517636,lessthan 32768,67
2012-09-06 07:00,3517367,lessthan 48000,1
2012-09-06 08:00,3524394,lessthan 32000,251
2012-09-06 08:00,3517636,lessthan 32768,140
2012-09-06 08:00,3517367,lessthan 48000,11
2012-09-06 09:00,3524394,lessthan 32000,305
2012-09-06 09:00,3517636,lessthan 32768,41
2012-09-06 09:00,3517367,lessthan 48000,5
2012-09-06 10:00,3524394,lessthan 32000,368
2012-09-06 10:00,3517636,lessthan 32768,7
2012-09-06 10:00,3517367,lessthan 48000,31
2012-09-06 11:00,3524394,lessthan 32000,153
2012-09-06 11:00,3517636,lessthan 32768,3
2012-09-06 11:00,3517367,lessthan 48000,33
2012-09-06 12:00,3524394,lessthan 32000,61
2012-09-06 12:00,3517636,lessthan 32768,29
2012-09-06 12:00,3517367,lessthan 48000,4
2012-09-06 13:00,3524394,lessthan 32000,14
2012-09-06 13:00,3517636,lessthan 32768,1
2012-09-06 13:00,3517367,lessthan 48000,3
2012-09-06 14:00,3524394,lessthan 32000,24
2012-09-06 14:00,3517636,lessthan 32768,3
2012-09-06 14:00,3517367,lessthan 48000,8
2012-09-06 15:00,3524394,lessthan 32000,10
2012-09-06 15:00,3517636,lessthan 32768,3
2012-09-06 15:00,3517367,lessthan 48000,8
2012-09-06 16:00,3524394,lessthan 32000,56
2012-09-06 16:00,3517636,lessthan 32768,1
2012-09-06 16:00,3517367,lessthan 48000,16
2012-09-06 17:00,3524394,lessthan 32000,50
2012-09-06 17:00,3517636,lessthan 32768,62
2012-09-06 17:00,3517367,lessthan 48000,18
2012-09-06 18:00,3524394,lessthan 32000,80
2012-09-06 18:00,3517636,lessthan 32768,19
2012-09-06 18:00,3517367,lessthan 48000,15
2012-09-06 19:00,3524394,lessthan 32000,103
2012-09-06 19:00,3517636,lessthan 32768,10
2012-09-06 19:00,3517367,lessthan 48000,7
2012-09-06 20:00,3524394,lessthan 32000,98
2012-09-06 20:00,3517636,lessthan 32768,52
2012-09-06 20:00,3517367,lessthan 48000,5
2012-09-06 21:00,3524394,lessthan 32000,83
2012-09-06 21:00,3517636,lessthan 32768,11
2012-09-06 21:00,3517367,lessthan 48000,9
2012-09-06 22:00,3524394,lessthan 32000,26
2012-09-06 22:00,3517636,lessthan 32768,35
2012-09-06 22:00,3517367,lessthan 48000,19
2012-09-06 23:00,3524394,lessthan 32000,35
2012-09-06 23:00,3517636,lessthan 32768,28
2012-09-06 23:00,3517367,lessthan 48000,12
2012-09-07 00:00,3524394,lessthan 32000,94
2012-09-07 00:00,3517636,lessthan 32768,54
2012-09-07 00:00,3517367,lessthan 48000,7
2012-09-07 01:00,3524394,lessthan 32000,98
2012-09-07 01:00,3517636,lessthan 32768,76
2012-09-07 01:00,3517367,lessthan 48000,20
2012-09-07 02:00,3524394,lessthan 32000,206
2012-09-07 02:00,3517636,lessthan 32768,29
2012-09-07 02:00,3517367,lessthan 48000,34
2012-09-07 03:00,3524394,lessthan 32000,152
2012-09-07 03:00,3517636,lessthan 32768,51
2012-09-07 03:00,3517367,lessthan 48000,69
2012-09-07 04:00,3524394,lessthan 32000,36
2012-09-07 04:00,3517636,lessthan 32768,4
2012-09-07 04:00,3517367,lessthan 48000,0
2012-09-07 05:00,3524394,lessthan 32000,51
2012-09-07 05:00,3517636,lessthan 32768,24
2012-09-07 05:00,3517367,lessthan 48000,16
2012-09-07 06:00,3524394,lessthan 32000,6
2012-09-07 06:00,3517636,lessthan 32768,82
2012-09-07 06:00,3517367,lessthan 48000,6
2012-09-07 07:00,3524394,lessthan 32000,13
2012-09-07 07:00,3517636,lessthan 32768,85
2012-09-07 07:00,3517367,lessthan 48000,3
2012-09-07 08:00,3524394,lessthan 32000,46
2012-09-07 08:00,3517636,lessthan 32768,33
2012-09-07 08:00,3517367,lessthan 48000,19
2012-09-07 09:00,3524394,lessthan 32000,18
2012-09-07 09:00,3517636,lessthan 32768,15
2012-09-07 09:00,3517367,lessthan 48000,28
2012-09-07 10:00,3524394,lessthan 32000,30
2012-09-07 10:00,3517636,lessthan 32768,10
2012-09-07 10:00,3517367,lessthan 48000,5
2012-09-07 11:00,3524394,lessthan 32000,42
2012-09-07 11:00,3517636,lessthan 32768,2
2012-09-07 11:00,3517367,lessthan 48000,14
2012-09-07 12:00,3524394,lessthan 32000,17
2012-09-07 12:00,3517636,lessthan 32768,14
2012-09-07 12:00,3517367,lessthan 48000,11
2012-09-07 13:00,3524394,lessthan 32000,71
2012-09-07 13:00,3517636,lessthan 32768,14
2012-09-07 13:00,3517367,lessthan 48000,14
2012-09-07 14:00,3524394,lessthan 32000,14
2012-09-07 14:00,3517636,lessthan 32768,3
2012-09-07 14:00,3517367,lessthan 48000,7
2012-09-07 15:00,3524394,lessthan 32000,105
2012-09-07 15:00,3517636,lessthan 32768,7
2012-09-07 15:00,3517367,lessthan 48000,33
2012-09-07 16:00,3524394,lessthan 32000,81
2012-09-07 16:00,3517636,lessthan 32768,23
2012-09-07 16:00,3517367,lessthan 48000,12
2012-09-07 17:00,3524394,lessthan 32000,154
2012-09-07 17:00,3517636,lessthan 32768,34
2012-09-07 17:00,3517367,lessthan 48000,15
2012-09-07 18:00,3524394,lessthan 32000,119
2012-09-07 18:00,3517636,lessthan 32768,42
2012-09-07 18:00,3517367,lessthan 48000,5
2012-09-07 19:00,3524394,lessthan 32000,92
2012-09-07 19:00,3517636,lessthan 32768,69
2012-09-07 19:00,3517367,lessthan 48000,19
2012-09-07 20:00,3524394,lessthan 32000,54
2012-09-07 20:00,3517636,lessthan 32768,62
2012-09-07 20:00,3517367,lessthan 48000,2
2012-09-07 21:00,3524394,lessthan 32000,145
2012-09-07 21:00,3517636,lessthan 32768,50
2012-09-07 21:00,3517367,lessthan 48000,28
2012-09-07 22:00,3524394,lessthan 32000,62
2012-09-07 22:00,3517636,lessthan 32768,18
2012-09-07 22:00,3517367,lessthan 48000,12
2012-09-07 23:00,3524394,lessthan 32000,155
2012-09-07 23:00,3517636,lessthan 32768,214
2012-09-07 23:00,3517367,lessthan 48000,5
2012-09-08 00:00,3524394,lessthan 32000,95
2012-09-08 00:00,3517636,lessthan 32768,210
2012-09-08 00:00,3517367,lessthan 48000,20
2012-09-08 01:00,3524394,lessthan 32000,50
2012-09-08 01:00,3517636,lessthan 32768,92
2012-09-08 01:00,3517367,lessthan 48000,51
2012-09-08 02:00,3524394,lessthan 32000,28
2012-09-08 02:00,3517636,lessthan 32768,32
2012-09-08 02:00,3517367,lessthan 48000,66
2012-09-08 03:00,3524394,lessthan 32000,112
2012-09-08 03:00,3517636,lessthan 32768,164
2012-09-08 03:00,3517367,lessthan 48000,79
2012-09-08 04:00,3524394,lessthan 32000,50
2012-09-08 04:00,3517636,lessthan 32768,80
2012-09-08 04:00,3517367,lessthan 48000,76
2012-09-08 05:00,3524394,lessthan 32000,86
2012-09-08 05:00,3517636,lessthan 32768,212
2012-09-08 05:00,3517367,lessthan 48000,27
2012-09-08 06:00,3524394,lessthan 32000,112
2012-09-08 06:00,3517636,lessthan 32768,350
2012-09-08 06:00,3517367,lessthan 48000,40
2012-09-08 07:00,3524394,lessthan 32000,23
2012-09-08 07:00,3517636,lessthan 32768,43
2012-09-08 07:00,3517367,lessthan 48000,6
2012-09-08 08:00,3524394,lessthan 32000,28
2012-09-08 08:00,3517636,lessthan 32768,141
2012-09-08 08:00,3517367,lessthan 48000,14
2012-09-08 09:00,3524394,lessthan 32000,0
2012-09-08 09:00,3517636,lessthan 32768,0
2012-09-08 09:00,3517367,lessthan 48000,0
2012-09-08 10:00,3524394,lessthan 32000,278
2012-09-08 10:00,3517636,lessthan 32768,16
2012-09-08 10:00,3517367,lessthan 48000,34
2012-09-08 11:00,3524394,lessthan 32000,222
2012-09-08 11:00,3517636,lessthan 32768,2
2012-09-08 11:00,3517367,lessthan 48000,13
2012-09-08 12:00,3524394,lessthan 32000,136
2012-09-08 12:00,3517636,lessthan 32768,9
2012-09-08 12:00,3517367,lessthan 48000,36
2012-09-08 13:00,3524394,lessthan 32000,51
2012-09-08 13:00,3517636,lessthan 32768,9
2012-09-08 13:00,3517367,lessthan 48000,48
2012-09-08 14:00,3524394,lessthan 32000,18
2012-09-08 14:00,3517636,lessthan 32768,2
2012-09-08 14:00,3517367,lessthan 48000,4
2012-09-08 15:00,3524394,lessthan 32000,200
2012-09-08 15:00,3517636,lessthan 32768,70
2012-09-08 15:00,3517367,lessthan 48000,71
2012-09-08 16:00,3524394,lessthan 32000,120
2012-09-08 16:00,3517636,lessthan 32768,36
2012-09-08 16:00,3517367,lessthan 48000,46
2012-09-08 17:00,3524394,lessthan 32000,65
2012-09-08 17:00,3517636,lessthan 32768,78
2012-09-08 17:00,3517367,lessthan 48000,16
2012-09-08 18:00,3524394,lessthan 32000,18
2012-09-08 18:00,3517636,lessthan 32768,191
2012-09-08 18:00,3517367,lessthan 48000,9
2012-09-08 19:00,3524394,lessthan 32000,96
2012-09-08 19:00,3517636,lessthan 32768,257
2012-09-08 19:00,3517367,lessthan 48000,13
2012-09-08 20:00,3524394,lessthan 32000,38
2012-09-08 20:00,3517636,lessthan 32768,144
2012-09-08 20:00,3517367,lessthan 48000,8
2012-09-08 21:00,3524394,lessthan 32000,174
2012-09-08 21:00,3517636,lessthan 32768,133
2012-09-08 21:00,3517367,lessthan 48000,9
2012-09-08 22:00,3524394,lessthan 32000,16
2012-09-08 22:00,3517636,lessthan 32768,55
2012-09-08 22:00,3517367,lessthan 48000,8
2012-09-08 23:00,3524394,lessthan 32000,43
2012-09-08 23:00,3517636,lessthan 32768,7
2012-09-08 23:00,3517367,lessthan 48000,8
2012-09-09 00:00,3524394,lessthan 32000,201
2012-09-09 00:00,3517636,lessthan 32768,40
2012-09-09 00:00,3517367,lessthan 48000,87
2012-09-09 01:00,3524394,lessthan 32000,54
2012-09-09 01:00,3517636,lessthan 32768,88
2012-09-09 01:00,3517367,lessthan 48000,59
2012-09-09 02:00,3524394,lessthan 32000,115
2012-09-09 02:00,3517636,lessthan 32768,150
2012-09-09 02:00,3517367,lessthan 48000,32
2012-09-09 03:00,3524394,lessthan 32000,46
2012-09-09 03:00,3517636,lessthan 32768,112
2012-09-09 03:00,3517367,lessthan 48000,38
2012-09-09 04:00,3524394,lessthan 32000,4
2012-09-09 04:00,3517636,lessthan 32768,83
2012-09-09 04:00,3517367,lessthan 48000,3
2012-09-09 05:00,3524394,lessthan 32000,184
2012-09-09 05:00,3517636,lessthan 32768,35
2012-09-09 05:00,3517367,lessthan 48000,29
2012-09-09 06:00,3524394,lessthan 32000,88
2012-09-09 06:00,3517636,lessthan 32768,92
2012-09-09 06:00,3517367,lessthan 48000,2
2012-09-09 07:00,3524394,lessthan 32000,50
2012-09-09 07:00,3517636,lessthan 32768,107
2012-09-09 07:00,3517367,lessthan 48000,3
2012-09-09 08:00,3524394,lessthan 32000,47
2012-09-09 08:00,3517636,lessthan 32768,112
2012-09-09 08:00,3517367,lessthan 48000,2
2012-09-09 09:00,3524394,lessthan 32000,59
2012-09-09 09:00,3517636,lessthan 32768,131
2012-09-09 09:00,3517367,lessthan 48000,4
2012-09-09 10:00,3524394,lessthan 32000,70
2012-09-09 10:00,3517636,lessthan 32768,11
2012-09-09 10:00,3517367,lessthan 48000,4
2012-09-09 11:00,3524394,lessthan 32000,241
2012-09-09 11:00,3517636,lessthan 32768,23
2012-09-09 11:00,3517367,lessthan 48000,1
2012-09-09 12:00,3524394,lessthan 32000,173
2012-09-09 12:00,3517636,lessthan 32768,14
2012-09-09 12:00,3517367,lessthan 48000,20
2012-09-09 13:00,3524394,lessthan 32000,76
2012-09-09 13:00,3517636,lessthan 32768,60
2012-09-09 13:00,3517367,lessthan 48000,40
2012-09-09 14:00,3524394,lessthan 32000,15
2012-09-09 14:00,3517636,lessthan 32768,58
2012-09-09 14:00,3517367,lessthan 48000,2
2012-09-09 15:00,3524394,lessthan 32000,44
2012-09-09 15:00,3517636,lessthan 32768,48
2012-09-09 15:00,3517367,lessthan 48000,6
2012-09-09 16:00,3524394,lessthan 32000,106
2012-09-09 16:00,3517636,lessthan 32768,93
2012-09-09 16:00,3517367,lessthan 48000,22
2012-09-09 17:00,3524394,lessthan 32000,81
2012-09-09 17:00,3517636,lessthan 32768,58
2012-09-09 17:00,3517367,lessthan 48000,19
2012-09-09 18:00,3524394,lessthan 32000,63
2012-09-09 18:00,3517636,lessthan 32768,162
2012-09-09 18:00,3517367,lessthan 48000,2
2012-09-09 19:00,3524394,lessthan 32000,129
2012-09-09 19:00,3517636,lessthan 32768,265
2012-09-09 19:00,3517367,lessthan 48000,2
2012-09-09 20:00,3524394,lessthan 32000,44
2012-09-09 20:00,3517636,lessthan 32768,187
2012-09-09 20:00,3517367,lessthan 48000,3
2012-09-09 21:00,3524394,lessthan 32000,62
2012-09-09 21:00,3517636,lessthan 32768,189
2012-09-09 21:00,3517367,lessthan 48000,12
2012-09-09 22:00,3524394,lessthan 32000,217
2012-09-09 22:00,3517636,lessthan 32768,144
2012-09-09 22:00,3517367,lessthan 48000,56
2012-09-09 23:00,3524394,lessthan 32000,82
2012-09-09 23:00,3517636,lessthan 32768,128
2012-09-09 23:00,3517367,lessthan 48000,19
2012-09-10 00:00,3524394,lessthan 32000,24
2012-09-10 00:00,3517636,lessthan 32768,137
2012-09-10 00:00,3517367,lessthan 48000,14
2012-09-10 01:00,3524394,lessthan 32000,63
2012-09-10 01:00,3517636,lessthan 32768,166
2012-09-10 01:00,3517367,lessthan 48000,10
2012-09-10 02:00,3524394,lessthan 32000,60
2012-09-10 02:00,3517636,lessthan 32768,104
2012-09-10 02:00,3517367,lessthan 48000,60
2012-09-10 03:00,3524394,lessthan 32000,37
2012-09-10 03:00,3517636,lessthan 32768,3
2012-09-10 03:00,3517367,lessthan 48000,20
2012-09-10 04:00,3524394,lessthan 32000,267
2012-09-10 04:00,3517636,lessthan 32768,61
2012-09-10 04:00,3517367,lessthan 48000,32
2012-09-10 05:00,3524394,lessthan 32000,64
2012-09-10 05:00,3517636,lessthan 32768,58
2012-09-10 05:00,3517367,lessthan 48000,15
2012-09-10 06:00,3524394,lessthan 32000,23
2012-09-10 06:00,3517636,lessthan 32768,112
2012-09-10 06:00,3517367,lessthan 48000,10
2012-09-10 07:00,3524394,lessthan 32000,40
2012-09-10 07:00,3517636,lessthan 32768,191
2012-09-10 07:00,3517367,lessthan 48000,14
2012-09-10 08:00,3524394,lessthan 32000,294
2012-09-10 08:00,3517636,lessthan 32768,130
2012-09-10 08:00,3517367,lessthan 48000,47
2012-09-10 09:00,3524394,lessthan 32000,18
2012-09-10 09:00,3517636,lessthan 32768,156
2012-09-10 09:00,3517367,lessthan 48000,1
2012-09-10 10:00,3524394,lessthan 32000,40
2012-09-10 10:00,3517636,lessthan 32768,105
2012-09-10 10:00,3517367,lessthan 48000,8
2012-09-10 11:00,3524394,lessthan 32000,40
2012-09-10 11:00,3517636,lessthan 32768,74
2012-09-10 11:00,3517367,lessthan 48000,13
2012-09-10 12:00,3524394,lessthan 32000,79
2012-09-10 12:00,3517636,lessthan 32768,27
2012-09-10 12:00,3517367,lessthan 48000,10
2012-09-10 13:00,3524394,lessthan 32000,75
2012-09-10 13:00,3517636,lessthan 32768,21
2012-09-10 13:00,3517367,lessthan 48000,14
2012-09-10 14:00,3524394,lessthan 32000,25
2012-09-10 14:00,3517636,lessthan 32768,1
2012-09-10 14:00,3517367,lessthan 48000,12
2012-09-10 15:00,3524394,lessthan 32000,264
2012-09-10 15:00,3517636,lessthan 32768,62
2012-09-10 15:00,3517367,lessthan 48000,12
2012-09-10 16:00,3524394,lessthan 32000,245
2012-09-10 16:00,3517636,lessthan 32768,78
2012-09-10 16:00,3517367,lessthan 48000,8
2012-09-10 17:00,3524394,lessthan 32000,271
2012-09-10 17:00,3517636,lessthan 32768,107
2012-09-10 17:00,3517367,lessthan 48000,4
2012-09-10 18:00,3524394,lessthan 32000,109
2012-09-10 18:00,3517636,lessthan 32768,42
2012-09-10 18:00,3517367,lessthan 48000,13
2012-09-10 19:00,3524394,lessthan 32000,132
2012-09-10 19:00,3517636,lessthan 32768,191
2012-09-10 19:00,3517367,lessthan 48000,64
2012-09-10 20:00,3524394,lessthan 32000,22
2012-09-10 20:00,3517636,lessthan 32768,22
2012-09-10 20:00,3517367,lessthan 48000,1
2012-09-10 21:00,3524394,lessthan 32000,262
2012-09-10 21:00,3517636,lessthan 32768,192
2012-09-10 21:00,3517367,lessthan 48000,19
2012-09-10 22:00,3524394,lessthan 32000,388
2012-09-10 22:00,3517636,lessthan 32768,195
2012-09-10 22:00,3517367,lessthan 48000,6
2012-09-10 23:00,3524394,lessthan 32000,76
2012-09-10 23:00,3517636,lessthan 32768,71
2012-09-10 23:00,3517367,lessthan 48000,24
2012-09-11 00:00,3524394,lessthan 32000,94
2012-09-11 00:00,3517636,lessthan 32768,11
2012-09-11 00:00,3517367,lessthan 48000,3
2012-09-11 01:00,3524394,lessthan 32000,64
2012-09-11 01:00,3517636,lessthan 32768,50
2012-09-11 01:00,3517367,lessthan 48000,17
2012-09-11 02:00,3524394,lessthan 32000,181
2012-09-11 02:00,3517636,lessthan 32768,47
2012-09-11 02:00,3517367,lessthan 48000,7
2012-09-11 03:00,3524394,lessthan 32000,135
2012-09-11 03:00,3517636,lessthan 32768,6
2012-09-11 03:00,3517367,lessthan 48000,30
2012-09-11 04:00,3524394,lessthan 32000,77
2012-09-11 04:00,3517636,lessthan 32768,25
2012-09-11 04:00,3517367,lessthan 48000,4
2012-09-11 05:00,3524394,lessthan 32000,26
2012-09-11 05:00,3517636,lessthan 32768,73
2012-09-11 05:00,3517367,lessthan 48000,3
2012-09-11 06:00,3524394,lessthan 32000,248
2012-09-11 06:00,3517636,lessthan 32768,22
2012-09-11 06:00,3517367,lessthan 48000,3
2012-09-11 07:00,3524394,lessthan 32000,32
2012-09-11 07:00,3517636,lessthan 32768,4
2012-09-11 07:00,3517367,lessthan 48000,2
2012-09-11 08:00,3524394,lessthan 32000,111
2012-09-11 08:00,3517636,lessthan 32768,29
2012-09-11 08:00,3517367,lessthan 48000,2
2012-09-11 09:00,3524394,lessthan 32000,136
2012-09-11 09:00,3517636,lessthan 32768,61
2012-09-11 09:00,3517367,lessthan 48000,7
2012-09-11 10:00,3524394,lessthan 32000,163
2012-09-11 10:00,3517636,lessthan 32768,41
2012-09-11 10:00,3517367,lessthan 48000,5
2012-09-11 11:00,3524394,lessthan 32000,272
2012-09-11 11:00,3517636,lessthan 32768,221
2012-09-11 11:00,3517367,lessthan 48000,1
2012-09-11 12:00,3524394,lessthan 32000,124
2012-09-11 12:00,3517636,lessthan 32768,175
2012-09-11 12:00,3517367,lessthan 48000,7
2012-09-11 13:00,3524394,lessthan 32000,148
2012-09-11 13:00,3517636,lessthan 32768,53
2012-09-11 13:00,3517367,lessthan 48000,29
2012-09-11 14:00,3524394,lessthan 32000,149
2012-09-11 14:00,3517636,lessthan 32768,113
2012-09-11 14:00,3517367,lessthan 48000,41
2012-09-11 15:00,3524394,lessthan 32000,366
2012-09-11 15:00,3517636,lessthan 32768,151
2012-09-11 15:00,3517367,lessthan 48000,23
2012-09-11 16:00,3524394,lessthan 32000,277
2012-09-11 16:00,3517636,lessthan 32768,136
2012-09-11 16:00,3517367,lessthan 48000,12
2012-09-11 17:00,3524394,lessthan 32000,280
2012-09-11 17:00,3517636,lessthan 32768,204
2012-09-11 17:00,3517367,lessthan 48000,17
2012-09-11 18:00,3524394,lessthan 32000,182
2012-09-11 18:00,3517636,lessthan 32768,151
2012-09-11 18:00,3517367,lessthan 48000,11
2012-09-11 19:00,3524394,lessthan 32000,244
2012-09-11 19:00,3517636,lessthan 32768,169
2012-09-11 19:00,3517367,lessthan 48000,24
2012-09-11 20:00,3524394,lessthan 32000,280
2012-09-11 20:00,3517636,lessthan 32768,182
2012-09-11 20:00,3517367,lessthan 48000,38
2012-09-11 21:00,3524394,lessthan 32000,187
2012-09-11 21:00,3517636,lessthan 32768,152
2012-09-11 21:00,3517367,lessthan 48000,7
2012-09-11 22:00,3524394,lessthan 32000,178
2012-09-11 22:00,3517636,lessthan 32768,71
2012-09-11 22:00,3517367,lessthan 48000,3
2012-09-11 23:00,3524394,lessthan 32000,186
2012-09-11 23:00,3517636,lessthan 32768,100
2012-09-11 23:00,3517367,lessthan 48000,4
2012-09-12 00:00,3524394,lessthan 32000,186
2012-09-12 00:00,3517636,lessthan 32768,66
2012-09-12 00:00,3517367,lessthan 48000,7
2012-09-12 01:00,3524394,lessthan 32000,78
2012-09-12 01:00,3517636,lessthan 32768,15
2012-09-12 01:00,3517367,lessthan 48000,3
2012-09-12 02:00,3524394,lessthan 32000,123
2012-09-12 02:00,3517636,lessthan 32768,49
2012-09-12 02:00,3517367,lessthan 48000,2
2012-09-12 03:00,3524394,lessthan 32000,55
2012-09-12 03:00,3517636,lessthan 32768,17
2012-09-12 03:00,3517367,lessthan 48000,0
2012-09-12 04:00,3524394,lessthan 32000,22
2012-09-12 04:00,3517636,lessthan 32768,16
2012-09-12 04:00,3517367,lessthan 48000,9
2012-09-12 05:00,3524394,lessthan 32000,21
2012-09-12 05:00,3517636,lessthan 32768,21
2012-09-12 05:00,3517367,lessthan 48000,12
2012-09-12 06:00,3524394,lessthan 32000,15
2012-09-12 06:00,3517636,lessthan 32768,4
2012-09-12 06:00,3517367,lessthan 48000,0
2012-09-12 07:00,3524394,lessthan 32000,12
2012-09-12 07:00,3517636,lessthan 32768,22
2012-09-12 07:00,3517367,lessthan 48000,3
2012-09-12 08:00,3524394,lessthan 32000,171
2012-09-12 08:00,3517636,lessthan 32768,27
2012-09-12 08:00,3517367,lessthan 48000,10
2012-09-12 09:00,3524394,lessthan 32000,270
2012-09-12 09:00,3517636,lessthan 32768,10
2012-09-12 09:00,3517367,lessthan 48000,22
2012-09-12 10:00,3524394,lessthan 32000,130
2012-09-12 10:00,3517636,lessthan 32768,1
2012-09-12 10:00,3517367,lessthan 48000,3
2012-09-12 11:00,3524394,lessthan 32000,126
2012-09-12 11:00,3517636,lessthan 32768,39
2012-09-12 11:00,3517367,lessthan 48000,2
2012-09-12 12:00,3524394,lessthan 32000,148
2012-09-12 12:00,3517636,lessthan 32768,90
2012-09-12 12:00,3517367,lessthan 48000,7
2012-09-12 13:00,3524394,lessthan 32000,152
2012-09-12 13:00,3517636,lessthan 32768,5
2012-09-12 13:00,3517367,lessthan 48000,3
2012-09-12 14:00,3524394,lessthan 32000,99
2012-09-12 14:00,3517636,lessthan 32768,80
2012-09-12 14:00,3517367,lessthan 48000,2
2012-09-12 15:00,3524394,lessthan 32000,109
2012-09-12 15:00,3517636,lessthan 32768,9
2012-09-12 15:00,3517367,lessthan 48000,5
2012-09-12 16:00,3524394,lessthan 32000,118
2012-09-12 16:00,3517636,lessthan 32768,18
2012-09-12 16:00,3517367,lessthan 48000,1
2012-09-12 17:00,3524394,lessthan 32000,67
2012-09-12 17:00,3517636,lessthan 32768,10
2012-09-12 17:00,3517367,lessthan 48000,16
2012-09-12 18:00,3524394,lessthan 32000,94
2012-09-12 18:00,3517636,lessthan 32768,48
2012-09-12 18:00,3517367,lessthan 48000,2
2012-09-12 19:00,3524394,lessthan 32000,202
2012-09-12 19:00,3517636,lessthan 32768,95
2012-09-12 19:00,3517367,lessthan 48000,22
2012-09-12 20:00,3524394,lessthan 32000,86
2012-09-12 20:00,3517636,lessthan 32768,86
2012-09-12 20:00,3517367,lessthan 48000,13
2012-09-12 21:00,3524394,lessthan 32000,147
2012-09-12 21:00,3517636,lessthan 32768,97
2012-09-12 21:00,3517367,lessthan 48000,4
2012-09-12 22:00,3524394,lessthan 32000,45
2012-09-12 22:00,3517636,lessthan 32768,26
2012-09-12 22:00,3517367,lessthan 48000,4
2012-09-12 23:00,3524394,lessthan 32000,129
2012-09-12 23:00,3517636,lessthan 32768,28
2012-09-12 23:00,3517367,lessthan 48000,4
2012-09-13 00:00,3524394,lessthan 32000,100
2012-09-13 00:00,3517636,lessthan 32768,48
2012-09-13 00:00,3517367,lessthan 48000,2
2012-09-13 01:00,3524394,lessthan 32000,38
2012-09-13 01:00,3517636,lessthan 32768,18
2012-09-13 01:00,3517367,lessthan 48000,1
2012-09-13 02:00,3524394,lessthan 32000,35
2012-09-13 02:00,3517636,lessthan 32768,32
2012-09-13 02:00,3517367,lessthan 48000,1
2012-09-13 03:00,3524394,lessthan 32000,73
2012-09-13 03:00,3517636,lessthan 32768,44
2012-09-13 03:00,3517367,lessthan 48000,2
2012-09-13 04:00,3524394,lessthan 32000,93
2012-09-13 04:00,3517636,lessthan 32768,21
2012-09-13 04:00,3517367,lessthan 48000,6
2012-09-13 05:00,3524394,lessthan 32000,121
2012-09-13 05:00,3517636,lessthan 32768,65
2012-09-13 05:00,3517367,lessthan 48000,4
2012-09-13 06:00,3524394,lessthan 32000,77
2012-09-13 06:00,3517636,lessthan 32768,56
2012-09-13 06:00,3517367,lessthan 48000,1
2012-09-13 07:00,3524394,lessthan 32000,161
2012-09-13 07:00,3517636,lessthan 32768,7
2012-09-13 07:00,3517367,lessthan 48000,3
2012-09-13 08:00,3524394,lessthan 32000,178
2012-09-13 08:00,3517636,lessthan 32768,19
2012-09-13 08:00,3517367,lessthan 48000,6
2012-09-13 09:00,3524394,lessthan 32000,163
2012-09-13 09:00,3517636,lessthan 32768,11
2012-09-13 09:00,3517367,lessthan 48000,1
2012-09-13 10:00,3524394,lessthan 32000,60
2012-09-13 10:00,3517636,lessthan 32768,19
2012-09-13 10:00,3517367,lessthan 48000,9
2012-09-13 11:00,3524394,lessthan 32000,53
2012-09-13 11:00,3517636,lessthan 32768,54
2012-09-13 11:00,3517367,lessthan 48000,27
2012-09-13 12:00,3524394,lessthan 32000,83
2012-09-13 12:00,3517636,lessthan 32768,120
2012-09-13 12:00,3517367,lessthan 48000,0
2012-09-13 13:00,3524394,lessthan 32000,91
2012-09-13 13:00,3517636,lessthan 32768,15
2012-09-13 13:00,3517367,lessthan 48000,1
2012-09-13 14:00,3524394,lessthan 32000,89
2012-09-13 14:00,3517636,lessthan 32768,94
2012-09-13 14:00,3517367,lessthan 48000,1
2012-09-13 15:00,3524394,lessthan 32000,168
2012-09-13 15:00,3517636,lessthan 32768,70
2012-09-13 15:00,3517367,lessthan 48000,9
2012-09-13 16:00,3524394,lessthan 32000,121
2012-09-13 16:00,3517636,lessthan 32768,63
2012-09-13 16:00,3517367,lessthan 48000,1
2012-09-13 17:00,3524394,lessthan 32000,349
2012-09-13 17:00,3517636,lessthan 32768,244
2012-09-13 17:00,3517367,lessthan 48000,25
2012-09-13 18:00,3524394,lessthan 32000,152
2012-09-13 18:00,3517636,lessthan 32768,68
2012-09-13 18:00,3517367,lessthan 48000,37
2012-09-13 19:00,3524394,lessthan 32000,117
2012-09-13 19:00,3517636,lessthan 32768,45
2012-09-13 19:00,3517367,lessthan 48000,35
2012-09-13 20:00,3524394,lessthan 32000,114
2012-09-13 20:00,3517636,lessthan 32768,71
2012-09-13 20:00,3517367,lessthan 48000,19
2012-09-13 21:00,3524394,lessthan 32000,128
2012-09-13 21:00,3517636,lessthan 32768,114
2012-09-13 21:00,3517367,lessthan 48000,11
2012-09-13 22:00,3524394,lessthan 32000,200
2012-09-13 22:00,3517636,lessthan 32768,34
2012-09-13 22:00,3517367,lessthan 48000,7
2012-09-13 23:00,3524394,lessthan 32000,297
2012-09-13 23:00,3517636,lessthan 32768,74
2012-09-13 23:00,3517367,lessthan 48000,51
2012-09-14 00:00,3524394,lessthan 32000,211
2012-09-14 00:00,3517636,lessthan 32768,84
2012-09-14 00:00,3517367,lessthan 48000,3
2012-09-14 01:00,3524394,lessthan 32000,275
2012-09-14 01:00,3517636,lessthan 32768,82
2012-09-14 01:00,3517367,lessthan 48000,12
2012-09-14 02:00,3524394,lessthan 32000,22
2012-09-14 02:00,3517636,lessthan 32768,49
2012-09-14 02:00,3517367,lessthan 48000,2
2012-09-14 03:00,3524394,lessthan 32000,235
2012-09-14 03:00,3517636,lessthan 32768,45
2012-09-14 03:00,3517367,lessthan 48000,5
2012-09-14 04:00,3524394,lessthan 32000,127
2012-09-14 04:00,3517636,lessthan 32768,43
2012-09-14 04:00,3517367,lessthan 48000,20
2012-09-14 05:00,3524394,lessthan 32000,27
2012-09-14 05:00,3517636,lessthan 32768,61
2012-09-14 05:00,3517367,lessthan 48000,43
2012-09-14 06:00,3524394,lessthan 32000,142
2012-09-14 06:00,3517636,lessthan 32768,141
2012-09-14 06:00,3517367,lessthan 48000,168
2012-09-14 07:00,3524394,lessthan 32000,134
2012-09-14 07:00,3517636,lessthan 32768,14
2012-09-14 07:00,3517367,lessthan 48000,13
2012-09-14 08:00,3524394,lessthan 32000,338
2012-09-14 08:00,3517636,lessthan 32768,98
2012-09-14 08:00,3517367,lessthan 48000,97
2012-09-14 09:00,3524394,lessthan 32000,272
2012-09-14 09:00,3517636,lessthan 32768,25
2012-09-14 09:00,3517367,lessthan 48000,8
2012-09-14 10:00,3524394,lessthan 32000,220
2012-09-14 10:00,3517636,lessthan 32768,8
2012-09-14 10:00,3517367,lessthan 48000,6
2012-09-14 11:00,3524394,lessthan 32000,308
2012-09-14 11:00,3517636,lessthan 32768,28
2012-09-14 11:00,3517367,lessthan 48000,10
2012-09-14 12:00,3524394,lessthan 32000,252
2012-09-14 12:00,3517636,lessthan 32768,20
2012-09-14 12:00,3517367,lessthan 48000,10
2012-09-14 13:00,3524394,lessthan 32000,200
2012-09-14 13:00,3517636,lessthan 32768,22
2012-09-14 13:00,3517367,lessthan 48000,5
2012-09-14 14:00,3524394,lessthan 32000,64
2012-09-14 14:00,3517636,lessthan 32768,27
2012-09-14 14:00,3517367,lessthan 48000,1
2012-09-14 15:00,3524394,lessthan 32000,253
2012-09-14 15:00,3517636,lessthan 32768,104
2012-09-14 15:00,3517367,lessthan 48000,7
2012-09-14 16:00,3524394,lessthan 32000,218
2012-09-14 16:00,3517636,lessthan 32768,83
2012-09-14 16:00,3517367,lessthan 48000,4
2012-09-14 17:00,3524394,lessthan 32000,393
2012-09-14 17:00,3517636,lessthan 32768,90
2012-09-14 17:00,3517367,lessthan 48000,0
2012-09-14 18:00,3524394,lessthan 32000,246
2012-09-14 18:00,3517636,lessthan 32768,99
2012-09-14 18:00,3517367,lessthan 48000,7
2012-09-14 19:00,3524394,lessthan 32000,179
2012-09-14 19:00,3517636,lessthan 32768,86
2012-09-14 19:00,3517367,lessthan 48000,13
2012-09-14 20:00,3524394,lessthan 32000,68
2012-09-14 20:00,3517636,lessthan 32768,25
2012-09-14 20:00,3517367,lessthan 48000,30
2012-09-14 21:00,3524394,lessthan 32000,300
2012-09-14 21:00,3517636,lessthan 32768,70
2012-09-14 21:00,3517367,lessthan 48000,73
2012-09-14 22:00,3524394,lessthan 32000,356
2012-09-14 22:00,3517636,lessthan 32768,69
2012-09-14 22:00,3517367,lessthan 48000,6
2012-09-14 23:00,3524394,lessthan 32000,544
2012-09-14 23:00,3517636,lessthan 32768,107
2012-09-14 23:00,3517367,lessthan 48000,105
2012-09-15 00:00,3524394,lessthan 32000,414
2012-09-15 00:00,3517636,lessthan 32768,43
2012-09-15 00:00,3517367,lessthan 48000,18
2012-09-15 01:00,3524394,lessthan 32000,103
2012-09-15 01:00,3517636,lessthan 32768,16
2012-09-15 01:00,3517367,lessthan 48000,0
2012-09-15 02:00,3524394,lessthan 32000,180
2012-09-15 02:00,3517636,lessthan 32768,39
2012-09-15 02:00,3517367,lessthan 48000,18
2012-09-15 03:00,3524394,lessthan 32000,305
2012-09-15 03:00,3517636,lessthan 32768,88
2012-09-15 03:00,3517367,lessthan 48000,1
2012-09-15 04:00,3524394,lessthan 32000,159
2012-09-15 04:00,3517636,lessthan 32768,35
2012-09-15 04:00,3517367,lessthan 48000,69
2012-09-15 05:00,3524394,lessthan 32000,121
2012-09-15 05:00,3517636,lessthan 32768,15
2012-09-15 05:00,3517367,lessthan 48000,46
2012-09-15 06:00,3524394,lessthan 32000,90
2012-09-15 06:00,3517636,lessthan 32768,20
2012-09-15 06:00,3517367,lessthan 48000,65
2012-09-15 07:00,3524394,lessthan 32000,7
2012-09-15 07:00,3517636,lessthan 32768,57
2012-09-15 07:00,3517367,lessthan 48000,32
2012-09-15 08:00,3524394,lessthan 32000,25
2012-09-15 08:00,3517636,lessthan 32768,40
2012-09-15 08:00,3517367,lessthan 48000,6
2012-09-15 09:00,3524394,lessthan 32000,92
2012-09-15 09:00,3517636,lessthan 32768,18
2012-09-15 09:00,3517367,lessthan 48000,20
2012-09-15 10:00,3524394,lessthan 32000,67
2012-09-15 10:00,3517636,lessthan 32768,44
2012-09-15 10:00,3517367,lessthan 48000,16
2012-09-15 11:00,3524394,lessthan 32000,90
2012-09-15 11:00,3517636,lessthan 32768,16
2012-09-15 11:00,3517367,lessthan 48000,0
2012-09-15 12:00,3524394,lessthan 32000,149
2012-09-15 12:00,3517636,lessthan 32768,3
2012-09-15 12:00,3517367,lessthan 48000,0
2012-09-15 13:00,3524394,lessthan 32000,260
2012-09-15 13:00,3517636,lessthan 32768,11
2012-09-15 13:00,3517367,lessthan 48000,15
2012-09-15 14:00,3524394,lessthan 32000,318
2012-09-15 14:00,3517636,lessthan 32768,14
2012-09-15 14:00,3517367,lessthan 48000,13
2012-09-15 15:00,3524394,lessthan 32000,273
2012-09-15 15:00,3517636,lessthan 32768,10
2012-09-15 15:00,3517367,lessthan 48000,3
2012-09-15 16:00,3524394,lessthan 32000,338
2012-09-15 16:00,3517636,lessthan 32768,36
2012-09-15 16:00,3517367,lessthan 48000,14
2012-09-15 17:00,3524394,lessthan 32000,162
2012-09-15 17:00,3517636,lessthan 32768,23
2012-09-15 17:00,3517367,lessthan 48000,4
2012-09-15 18:00,3524394,lessthan 32000,97
2012-09-15 18:00,3517636,lessthan 32768,26
2012-09-15 18:00,3517367,lessthan 48000,7
2012-09-15 19:00,3524394,lessthan 32000,273
2012-09-15 19:00,3517636,lessthan 32768,9
2012-09-15 19:00,3517367,lessthan 48000,2
2012-09-15 20:00,3524394,lessthan 32000,99
2012-09-15 20:00,3517636,lessthan 32768,18
2012-09-15 20:00,3517367,lessthan 48000,6
2012-09-15 21:00,3524394,lessthan 32000,110
2012-09-15 21:00,3517636,lessthan 32768,43
2012-09-15 21:00,3517367,lessthan 48000,5
2012-09-15 22:00,3524394,lessthan 32000,71
2012-09-15 22:00,3517636,lessthan 32768,20
2012-09-15 22:00,3517367,lessthan 48000,7
2012-09-15 23:00,3524394,lessthan 32000,254
2012-09-15 23:00,3517636,lessthan 32768,28
2012-09-15 23:00,3517367,lessthan 48000,5
2012-09-16 00:00,3524394,lessthan 32000,135
2012-09-16 00:00,3517636,lessthan 32768,30
2012-09-16 00:00,3517367,lessthan 48000,5
2012-09-16 01:00,3524394,lessthan 32000,114
2012-09-16 01:00,3517636,lessthan 32768,30
2012-09-16 01:00,3517367,lessthan 48000,4
2012-09-16 02:00,3524394,lessthan 32000,48
2012-09-16 02:00,3517636,lessthan 32768,21
2012-09-16 02:00,3517367,lessthan 48000,3
2012-09-16 03:00,3524394,lessthan 32000,259
2012-09-16 03:00,3517636,lessthan 32768,18
2012-09-16 03:00,3517367,lessthan 48000,31
2012-09-16 04:00,3524394,lessthan 32000,315
2012-09-16 04:00,3517636,lessthan 32768,26
2012-09-16 04:00,3517367,lessthan 48000,94
2012-09-16 05:00,3524394,lessthan 32000,193
2012-09-16 05:00,3517636,lessthan 32768,3
2012-09-16 05:00,3517367,lessthan 48000,116
2012-09-16 06:00,3524394,lessthan 32000,187
2012-09-16 06:00,3517636,lessthan 32768,7
2012-09-16 06:00,3517367,lessthan 48000,53
2012-09-16 07:00,3524394,lessthan 32000,59
2012-09-16 07:00,3517636,lessthan 32768,18
2012-09-16 07:00,3517367,lessthan 48000,8
2012-09-16 08:00,3524394,lessthan 32000,201
2012-09-16 08:00,3517636,lessthan 32768,127
2012-09-16 08:00,3517367,lessthan 48000,8
2012-09-16 09:00,3524394,lessthan 32000,129
2012-09-16 09:00,3517636,lessthan 32768,0
2012-09-16 09:00,3517367,lessthan 48000,43
2012-09-16 10:00,3524394,lessthan 32000,257
2012-09-16 10:00,3517636,lessthan 32768,1
2012-09-16 10:00,3517367,lessthan 48000,141
2012-09-16 11:00,3524394,lessthan 32000,92
2012-09-16 11:00,3517636,lessthan 32768,0
2012-09-16 11:00,3517367,lessthan 48000,1
2012-09-16 12:00,3524394,lessthan 32000,230
2012-09-16 12:00,3517636,lessthan 32768,7
2012-09-16 12:00,3517367,lessthan 48000,3
2012-09-16 13:00,3524394,lessthan 32000,78
2012-09-16 13:00,3517636,lessthan 32768,4
2012-09-16 13:00,3517367,lessthan 48000,8
2012-09-16 14:00,3524394,lessthan 32000,91
2012-09-16 14:00,3517636,lessthan 32768,8
2012-09-16 14:00,3517367,lessthan 48000,6
2012-09-16 15:00,3524394,lessthan 32000,30
2012-09-16 15:00,3517636,lessthan 32768,13
2012-09-16 15:00,3517367,lessthan 48000,4
2012-09-16 16:00,3524394,lessthan 32000,60
2012-09-16 16:00,3517636,lessthan 32768,8
2012-09-16 16:00,3517367,lessthan 48000,26
2012-09-16 17:00,3524394,lessthan 32000,180
2012-09-16 17:00,3517636,lessthan 32768,29
2012-09-16 17:00,3517367,lessthan 48000,59
2012-09-16 18:00,3524394,lessthan 32000,296
2012-09-16 18:00,3517636,lessthan 32768,25
2012-09-16 18:00,3517367,lessthan 48000,15
2012-09-16 19:00,3524394,lessthan 32000,241
2012-09-16 19:00,3517636,lessthan 32768,23
2012-09-16 19:00,3517367,lessthan 48000,2
2012-09-16 20:00,3524394,lessthan 32000,290
2012-09-16 20:00,3517636,lessthan 32768,32
2012-09-16 20:00,3517367,lessthan 48000,12
2012-09-16 21:00,3524394,lessthan 32000,386
2012-09-16 21:00,3517636,lessthan 32768,69
2012-09-16 21:00,3517367,lessthan 48000,24
2012-09-16 22:00,3524394,lessthan 32000,145
2012-09-16 22:00,3517636,lessthan 32768,15
2012-09-16 22:00,3517367,lessthan 48000,5
2012-09-16 23:00,3524394,lessthan 32000,231
2012-09-16 23:00,3517636,lessthan 32768,46
2012-09-16 23:00,3517367,lessthan 48000,20
2012-09-17 00:00,3524394,lessthan 32000,53
2012-09-17 00:00,3517636,lessthan 32768,12
2012-09-17 00:00,3517367,lessthan 48000,13
2012-09-17 01:00,3524394,lessthan 32000,108
2012-09-17 01:00,3517636,lessthan 32768,11
2012-09-17 01:00,3517367,lessthan 48000,12
2012-09-17 02:00,3524394,lessthan 32000,89
2012-09-17 02:00,3517636,lessthan 32768,42
2012-09-17 02:00,3517367,lessthan 48000,29
2012-09-17 03:00,3524394,lessthan 32000,44
2012-09-17 03:00,3517636,lessthan 32768,0
2012-09-17 03:00,3517367,lessthan 48000,5
2012-09-17 04:00,3524394,lessthan 32000,123
2012-09-17 04:00,3517636,lessthan 32768,3
2012-09-17 04:00,3517367,lessthan 48000,8
2012-09-17 05:00,3524394,lessthan 32000,11
2012-09-17 05:00,3517636,lessthan 32768,4
2012-09-17 05:00,3517367,lessthan 48000,1
2012-09-17 06:00,3524394,lessthan 32000,106
2012-09-17 06:00,3517636,lessthan 32768,9
2012-09-17 06:00,3517367,lessthan 48000,11
2012-09-17 07:00,3524394,lessthan 32000,9
2012-09-17 07:00,3517636,lessthan 32768,18
2012-09-17 07:00,3517367,lessthan 48000,1
2012-09-17 08:00,3524394,lessthan 32000,108
2012-09-17 08:00,3517636,lessthan 32768,36
2012-09-17 08:00,3517367,lessthan 48000,2
2012-09-17 09:00,3524394,lessthan 32000,38
2012-09-17 09:00,3517636,lessthan 32768,39
2012-09-17 09:00,3517367,lessthan 48000,1
2012-09-17 10:00,3524394,lessthan 32000,57
2012-09-17 10:00,3517636,lessthan 32768,66
2012-09-17 10:00,3517367,lessthan 48000,24
2012-09-17 11:00,3524394,lessthan 32000,102
2012-09-17 11:00,3517636,lessthan 32768,52
2012-09-17 11:00,3517367,lessthan 48000,17
2012-09-17 12:00,3524394,lessthan 32000,149
2012-09-17 12:00,3517636,lessthan 32768,6
2012-09-17 12:00,3517367,lessthan 48000,8
2012-09-17 13:00,3524394,lessthan 32000,227
2012-09-17 13:00,3517636,lessthan 32768,12
2012-09-17 13:00,3517367,lessthan 48000,34
2012-09-17 14:00,3524394,lessthan 32000,230
2012-09-17 14:00,3517636,lessthan 32768,17
2012-09-17 14:00,3517367,lessthan 48000,27
2012-09-17 15:00,3524394,lessthan 32000,106
2012-09-17 15:00,3517636,lessthan 32768,35
2012-09-17 15:00,3517367,lessthan 48000,4
2012-09-17 16:00,3524394,lessthan 32000,50
2012-09-17 16:00,3517636,lessthan 32768,52
2012-09-17 16:00,3517367,lessthan 48000,17
2012-09-17 17:00,3524394,lessthan 32000,108
2012-09-17 17:00,3517636,lessthan 32768,42
2012-09-17 17:00,3517367,lessthan 48000,9
2012-09-17 18:00,3524394,lessthan 32000,61
2012-09-17 18:00,3517636,lessthan 32768,11
2012-09-17 18:00,3517367,lessthan 48000,9
2012-09-17 19:00,3524394,lessthan 32000,377
2012-09-17 19:00,3517636,lessthan 32768,101
2012-09-17 19:00,3517367,lessthan 48000,10
2012-09-17 20:00,3524394,lessthan 32000,314
2012-09-17 20:00,3517636,lessthan 32768,106
2012-09-17 20:00,3517367,lessthan 48000,51
2012-09-17 21:00,3524394,lessthan 32000,30
2012-09-17 21:00,3517636,lessthan 32768,45
2012-09-17 21:00,3517367,lessthan 48000,1
2012-09-17 22:00,3524394,lessthan 32000,76
2012-09-17 22:00,3517636,lessthan 32768,93
2012-09-17 22:00,3517367,lessthan 48000,61
2012-09-17 23:00,3524394,lessthan 32000,66
2012-09-17 23:00,3517636,lessthan 32768,32
2012-09-17 23:00,3517367,lessthan 48000,11
2012-09-18 00:00,3524394,lessthan 32000,107
2012-09-18 00:00,3517636,lessthan 32768,24
2012-09-18 00:00,3517367,lessthan 48000,25
2012-09-18 01:00,3524394,lessthan 32000,47
2012-09-18 01:00,3517636,lessthan 32768,33
2012-09-18 01:00,3517367,lessthan 48000,6
2012-09-18 02:00,3524394,lessthan 32000,74
2012-09-18 02:00,3517636,lessthan 32768,54
2012-09-18 02:00,3517367,lessthan 48000,75
2012-09-18 03:00,3524394,lessthan 32000,151
2012-09-18 03:00,3517636,lessthan 32768,66
2012-09-18 03:00,3517367,lessthan 48000,53
2012-09-18 04:00,3524394,lessthan 32000,192
2012-09-18 04:00,3517636,lessthan 32768,83
2012-09-18 04:00,3517367,lessthan 48000,44
2012-09-18 05:00,3524394,lessthan 32000,108
2012-09-18 05:00,3517636,lessthan 32768,68
2012-09-18 05:00,3517367,lessthan 48000,8
2012-09-18 06:00,3524394,lessthan 32000,141
2012-09-18 06:00,3517636,lessthan 32768,47
2012-09-18 06:00,3517367,lessthan 48000,9
2012-09-18 07:00,3524394,lessthan 32000,55
2012-09-18 07:00,3517636,lessthan 32768,110
2012-09-18 07:00,3517367,lessthan 48000,19
2012-09-18 08:00,3524394,lessthan 32000,28
2012-09-18 08:00,3517636,lessthan 32768,20
2012-09-18 08:00,3517367,lessthan 48000,1
2012-09-18 09:00,3524394,lessthan 32000,72
2012-09-18 09:00,3517636,lessthan 32768,48
2012-09-18 09:00,3517367,lessthan 48000,13
2012-09-18 10:00,3524394,lessthan 32000,17
2012-09-18 10:00,3517636,lessthan 32768,65
2012-09-18 10:00,3517367,lessthan 48000,12
2012-09-18 11:00,3524394,lessthan 32000,320
2012-09-18 11:00,3517636,lessthan 32768,276
2012-09-18 11:00,3517367,lessthan 48000,70
2012-09-18 12:00,3524394,lessthan 32000,126
2012-09-18 12:00,3517636,lessthan 32768,26
2012-09-18 12:00,3517367,lessthan 48000,18
2012-09-18 13:00,3524394,lessthan 32000,391
2012-09-18 13:00,3517636,lessthan 32768,50
2012-09-18 13:00,3517367,lessthan 48000,36
2012-09-18 14:00,3524394,lessthan 32000,171
2012-09-18 14:00,3517636,lessthan 32768,28
2012-09-18 14:00,3517367,lessthan 48000,2
2012-09-18 15:00,3524394,lessthan 32000,1
2012-09-18 15:00,3517636,lessthan 32768,0
2012-09-18 15:00,3517367,lessthan 48000,0
2012-09-18 16:00,3524394,lessthan 32000,124
2012-09-18 16:00,3517636,lessthan 32768,64
2012-09-18 16:00,3517367,lessthan 48000,21
2012-09-18 17:00,3524394,lessthan 32000,266
2012-09-18 17:00,3517636,lessthan 32768,96
2012-09-18 17:00,3517367,lessthan 48000,9
2012-09-18 18:00,3524394,lessthan 32000,105
2012-09-18 18:00,3517636,lessthan 32768,81
2012-09-18 18:00,3517367,lessthan 48000,1
2012-09-18 19:00,3524394,lessthan 32000,63
2012-09-18 19:00,3517636,lessthan 32768,151
2012-09-18 19:00,3517367,lessthan 48000,5
2012-09-18 20:00,3524394,lessthan 32000,148
2012-09-18 20:00,3517636,lessthan 32768,47
2012-09-18 20:00,3517367,lessthan 48000,1
2012-09-18 21:00,3524394,lessthan 32000,222
2012-09-18 21:00,3517636,lessthan 32768,19
2012-09-18 21:00,3517367,lessthan 48000,2
2012-09-18 22:00,3524394,lessthan 32000,191
2012-09-18 22:00,3517636,lessthan 32768,22
2012-09-18 22:00,3517367,lessthan 48000,30
2012-09-18 23:00,3524394,lessthan 32000,196
2012-09-18 23:00,3517636,lessthan 32768,14
2012-09-18 23:00,3517367,lessthan 48000,61
2012-09-19 00:00,3524394,lessthan 32000,79
2012-09-19 00:00,3517636,lessthan 32768,21
2012-09-19 00:00,3517367,lessthan 48000,10
2012-09-19 01:00,3524394,lessthan 32000,139
2012-09-19 01:00,3517636,lessthan 32768,23
2012-09-19 01:00,3517367,lessthan 48000,47
2012-09-19 02:00,3524394,lessthan 32000,9
2012-09-19 02:00,3517636,lessthan 32768,9
2012-09-19 02:00,3517367,lessthan 48000,11
2012-09-19 03:00,3524394,lessthan 32000,98
2012-09-19 03:00,3517636,lessthan 32768,133
2012-09-19 03:00,3517367,lessthan 48000,21
2012-09-19 04:00,3524394,lessthan 32000,150
2012-09-19 04:00,3517636,lessthan 32768,197
2012-09-19 04:00,3517367,lessthan 48000,10
2012-09-19 05:00,3524394,lessthan 32000,134
2012-09-19 05:00,3517636,lessthan 32768,90
2012-09-19 05:00,3517367,lessthan 48000,15
2012-09-19 06:00,3524394,lessthan 32000,128
2012-09-19 06:00,3517636,lessthan 32768,264
2012-09-19 06:00,3517367,lessthan 48000,8
2012-09-19 07:00,3524394,lessthan 32000,38
2012-09-19 07:00,3517636,lessthan 32768,250
2012-09-19 07:00,3517367,lessthan 48000,6
2012-09-19 08:00,3524394,lessthan 32000,33
2012-09-19 08:00,3517636,lessthan 32768,39
2012-09-19 08:00,3517367,lessthan 48000,34
2012-09-19 09:00,3524394,lessthan 32000,16
2012-09-19 09:00,3517636,lessthan 32768,42
2012-09-19 09:00,3517367,lessthan 48000,7
2012-09-19 10:00,3524394,lessthan 32000,115
2012-09-19 10:00,3517636,lessthan 32768,46
2012-09-19 10:00,3517367,lessthan 48000,42
2012-09-19 11:00,3524394,lessthan 32000,104
2012-09-19 11:00,3517636,lessthan 32768,43
2012-09-19 11:00,3517367,lessthan 48000,38
2012-09-19 12:00,3524394,lessthan 32000,258
2012-09-19 12:00,3517636,lessthan 32768,127
2012-09-19 12:00,3517367,lessthan 48000,131
2012-09-19 13:00,3524394,lessthan 32000,93
2012-09-19 13:00,3517636,lessthan 32768,64
2012-09-19 13:00,3517367,lessthan 48000,12
2012-09-19 14:00,3524394,lessthan 32000,97
2012-09-19 14:00,3517636,lessthan 32768,64
2012-09-19 14:00,3517367,lessthan 48000,0
2012-09-19 15:00,3524394,lessthan 32000,214
2012-09-19 15:00,3517636,lessthan 32768,77
2012-09-19 15:00,3517367,lessthan 48000,9
2012-09-19 16:00,3524394,lessthan 32000,10
2012-09-19 16:00,3517636,lessthan 32768,28
2012-09-19 16:00,3517367,lessthan 48000,1
2012-09-19 17:00,3524394,lessthan 32000,170
2012-09-19 17:00,3517636,lessthan 32768,39
2012-09-19 17:00,3517367,lessthan 48000,12
2012-09-19 18:00,3524394,lessthan 32000,258
2012-09-19 18:00,3517636,lessthan 32768,36
2012-09-19 18:00,3517367,lessthan 48000,11
2012-09-19 19:00,3524394,lessthan 32000,34
2012-09-19 19:00,3517636,lessthan 32768,7
2012-09-19 19:00,3517367,lessthan 48000,3
2012-09-19 20:00,3524394,lessthan 32000,63
2012-09-19 20:00,3517636,lessthan 32768,98
2012-09-19 20:00,3517367,lessthan 48000,24
2012-09-19 21:00,3524394,lessthan 32000,1
2012-09-19 21:00,3517636,lessthan 32768,53
2012-09-19 21:00,3517367,lessthan 48000,4
2012-09-19 22:00,3524394,lessthan 32000,390
2012-09-19 22:00,3517636,lessthan 32768,43
2012-09-19 22:00,3517367,lessthan 48000,42
2012-09-19 23:00,3524394,lessthan 32000,163
2012-09-19 23:00,3517636,lessthan 32768,73
2012-09-19 23:00,3517367,lessthan 48000,24
2012-09-20 00:00,3524394,lessthan 32000,50
2012-09-20 00:00,3517636,lessthan 32768,37
2012-09-20 00:00,3517367,lessthan 48000,14
2012-09-20 01:00,3524394,lessthan 32000,67
2012-09-20 01:00,3517636,lessthan 32768,20
2012-09-20 01:00,3517367,lessthan 48000,17
2012-09-20 02:00,3524394,lessthan 32000,52
2012-09-20 02:00,3517636,lessthan 32768,21
2012-09-20 02:00,3517367,lessthan 48000,78
2012-09-20 03:00,3524394,lessthan 32000,125
2012-09-20 03:00,3517636,lessthan 32768,6
2012-09-20 03:00,3517367,lessthan 48000,22
2012-09-20 04:00,3524394,lessthan 32000,85
2012-09-20 04:00,3517636,lessthan 32768,16
2012-09-20 04:00,3517367,lessthan 48000,47
2012-09-20 05:00,3524394,lessthan 32000,37
2012-09-20 05:00,3517636,lessthan 32768,24
2012-09-20 05:00,3517367,lessthan 48000,26
2012-09-20 06:00,3524394,lessthan 32000,99
2012-09-20 06:00,3517636,lessthan 32768,38
2012-09-20 06:00,3517367,lessthan 48000,13
2012-09-20 07:00,3524394,lessthan 32000,128
2012-09-20 07:00,3517636,lessthan 32768,132
2012-09-20 07:00,3517367,lessthan 48000,11
2012-09-20 08:00,3524394,lessthan 32000,30
2012-09-20 08:00,3517636,lessthan 32768,63
2012-09-20 08:00,3517367,lessthan 48000,10
2012-09-20 09:00,3524394,lessthan 32000,45
2012-09-20 09:00,3517636,lessthan 32768,46
2012-09-20 09:00,3517367,lessthan 48000,3
2012-09-20 10:00,3524394,lessthan 32000,55
2012-09-20 10:00,3517636,lessthan 32768,47
2012-09-20 10:00,3517367,lessthan 48000,0
2012-09-20 11:00,3524394,lessthan 32000,172
2012-09-20 11:00,3517636,lessthan 32768,94
2012-09-20 11:00,3517367,lessthan 48000,10
2012-09-20 12:00,3524394,lessthan 32000,129
2012-09-20 12:00,3517636,lessthan 32768,47
2012-09-20 12:00,3517367,lessthan 48000,6
2012-09-20 13:00,3524394,lessthan 32000,87
2012-09-20 13:00,3517636,lessthan 32768,55
2012-09-20 13:00,3517367,lessthan 48000,3
2012-09-20 14:00,3524394,lessthan 32000,49
2012-09-20 14:00,3517636,lessthan 32768,141
2012-09-20 14:00,3517367,lessthan 48000,5
2012-09-20 15:00,3524394,lessthan 32000,185
2012-09-20 15:00,3517636,lessthan 32768,58
2012-09-20 15:00,3517367,lessthan 48000,4
2012-09-20 16:00,3524394,lessthan 32000,46
2012-09-20 16:00,3517636,lessthan 32768,52
2012-09-20 16:00,3517367,lessthan 48000,29
2012-09-20 17:00,3524394,lessthan 32000,80
2012-09-20 17:00,3517636,lessthan 32768,50
2012-09-20 17:00,3517367,lessthan 48000,29
2012-09-20 18:00,3524394,lessthan 32000,218
2012-09-20 18:00,3517636,lessthan 32768,76
2012-09-20 18:00,3517367,lessthan 48000,22
2012-09-20 19:00,3524394,lessthan 32000,206
2012-09-20 19:00,3517636,lessthan 32768,19
2012-09-20 19:00,3517367,lessthan 48000,32
2012-09-20 20:00,3524394,lessthan 32000,84
2012-09-20 20:00,3517636,lessthan 32768,40
2012-09-20 20:00,3517367,lessthan 48000,18
2012-09-20 21:00,3524394,lessthan 32000,213
2012-09-20 21:00,3517636,lessthan 32768,59
2012-09-20 21:00,3517367,lessthan 48000,19
2012-09-20 22:00,3524394,lessthan 32000,196
2012-09-20 22:00,3517636,lessthan 32768,56
2012-09-20 22:00,3517367,lessthan 48000,16
2012-09-20 23:00,3524394,lessthan 32000,111
2012-09-20 23:00,3517636,lessthan 32768,15
2012-09-20 23:00,3517367,lessthan 48000,1
2012-09-21 00:00,3524394,lessthan 32000,81
2012-09-21 00:00,3517636,lessthan 32768,36
2012-09-21 00:00,3517367,lessthan 48000,16
2012-09-21 01:00,3524394,lessthan 32000,145
2012-09-21 01:00,3517636,lessthan 32768,148
2012-09-21 01:00,3517367,lessthan 48000,45
2012-09-21 02:00,3524394,lessthan 32000,213
2012-09-21 02:00,3517636,lessthan 32768,14
2012-09-21 02:00,3517367,lessthan 48000,3
2012-09-21 03:00,3524394,lessthan 32000,84
2012-09-21 03:00,3517636,lessthan 32768,61
2012-09-21 03:00,3517367,lessthan 48000,13
2012-09-21 04:00,3524394,lessthan 32000,212
2012-09-21 04:00,3517636,lessthan 32768,42
2012-09-21 04:00,3517367,lessthan 48000,18
2012-09-21 05:00,3524394,lessthan 32000,46
2012-09-21 05:00,3517636,lessthan 32768,8
2012-09-21 05:00,3517367,lessthan 48000,5
2012-09-21 06:00,3524394,lessthan 32000,362
2012-09-21 06:00,3517636,lessthan 32768,51
2012-09-21 06:00,3517367,lessthan 48000,56
2012-09-21 07:00,3524394,lessthan 32000,467
2012-09-21 07:00,3517636,lessthan 32768,21
2012-09-21 07:00,3517367,lessthan 48000,59
2012-09-21 08:00,3524394,lessthan 32000,238
2012-09-21 08:00,3517636,lessthan 32768,45
2012-09-21 08:00,3517367,lessthan 48000,35
2012-09-21 09:00,3524394,lessthan 32000,150
2012-09-21 09:00,3517636,lessthan 32768,73
2012-09-21 09:00,3517367,lessthan 48000,2
2012-09-21 10:00,3524394,lessthan 32000,412
2012-09-21 10:00,3517636,lessthan 32768,75
2012-09-21 10:00,3517367,lessthan 48000,101
2012-09-21 11:00,3524394,lessthan 32000,199
2012-09-21 11:00,3517636,lessthan 32768,93
2012-09-21 11:00,3517367,lessthan 48000,10
2012-09-21 12:00,3524394,lessthan 32000,292
2012-09-21 12:00,3517636,lessthan 32768,56
2012-09-21 12:00,3517367,lessthan 48000,35
2012-09-21 13:00,3524394,lessthan 32000,79
2012-09-21 13:00,3517636,lessthan 32768,27
2012-09-21 13:00,3517367,lessthan 48000,43
2012-09-21 14:00,3524394,lessthan 32000,163
2012-09-21 14:00,3517636,lessthan 32768,47
2012-09-21 14:00,3517367,lessthan 48000,43
2012-09-21 15:00,3524394,lessthan 32000,79
2012-09-21 15:00,3517636,lessthan 32768,59
2012-09-21 15:00,3517367,lessthan 48000,10
2012-09-21 16:00,3524394,lessthan 32000,412
2012-09-21 16:00,3517636,lessthan 32768,28
2012-09-21 16:00,3517367,lessthan 48000,17
2012-09-21 17:00,3524394,lessthan 32000,169
2012-09-21 17:00,3517636,lessthan 32768,99
2012-09-21 17:00,3517367,lessthan 48000,24
2012-09-21 18:00,3524394,lessthan 32000,113
2012-09-21 18:00,3517636,lessthan 32768,15
2012-09-21 18:00,3517367,lessthan 48000,23
2012-09-21 19:00,3524394,lessthan 32000,166
2012-09-21 19:00,3517636,lessthan 32768,25
2012-09-21 19:00,3517367,lessthan 48000,15
2012-09-21 20:00,3524394,lessthan 32000,109
2012-09-21 20:00,3517636,lessthan 32768,2
2012-09-21 20:00,3517367,lessthan 48000,21
2012-09-21 21:00,3524394,lessthan 32000,112
2012-09-21 21:00,3517636,lessthan 32768,5
2012-09-21 21:00,3517367,lessthan 48000,5
2012-09-21 22:00,3524394,lessthan 32000,431
2012-09-21 22:00,3517636,lessthan 32768,47
2012-09-21 22:00,3517367,lessthan 48000,15
2012-09-21 23:00,3524394,lessthan 32000,143
2012-09-21 23:00,3517636,lessthan 32768,16
2012-09-21 23:00,3517367,lessthan 48000,16
2012-09-22 00:00,3524394,lessthan 32000,93
2012-09-22 00:00,3517636,lessthan 32768,10
2012-09-22 00:00,3517367,lessthan 48000,7
2012-09-22 01:00,3524394,lessthan 32000,84
2012-09-22 01:00,3517636,lessthan 32768,19
2012-09-22 01:00,3517367,lessthan 48000,8
2012-09-22 02:00,3524394,lessthan 32000,73
2012-09-22 02:00,3517636,lessthan 32768,11
2012-09-22 02:00,3517367,lessthan 48000,3
2012-09-22 03:00,3524394,lessthan 32000,186
2012-09-22 03:00,3517636,lessthan 32768,43
2012-09-22 03:00,3517367,lessthan 48000,24
2012-09-22 04:00,3524394,lessthan 32000,252
2012-09-22 04:00,3517636,lessthan 32768,12
2012-09-22 04:00,3517367,lessthan 48000,37
2012-09-22 05:00,3524394,lessthan 32000,306
2012-09-22 05:00,3517636,lessthan 32768,8
2012-09-22 05:00,3517367,lessthan 48000,9
2012-09-22 06:00,3524394,lessthan 32000,86
2012-09-22 06:00,3517636,lessthan 32768,4
2012-09-22 06:00,3517367,lessthan 48000,13
2012-09-22 07:00,3524394,lessthan 32000,296
2012-09-22 07:00,3517636,lessthan 32768,2
2012-09-22 07:00,3517367,lessthan 48000,23
2012-09-22 08:00,3524394,lessthan 32000,146
2012-09-22 08:00,3517636,lessthan 32768,7
2012-09-22 08:00,3517367,lessthan 48000,9
2012-09-22 09:00,3524394,lessthan 32000,211
2012-09-22 09:00,3517636,lessthan 32768,7
2012-09-22 09:00,3517367,lessthan 48000,15
2012-09-22 10:00,3524394,lessthan 32000,159
2012-09-22 10:00,3517636,lessthan 32768,39
2012-09-22 10:00,3517367,lessthan 48000,31
2012-09-22 11:00,3524394,lessthan 32000,101
2012-09-22 11:00,3517636,lessthan 32768,26
2012-09-22 11:00,3517367,lessthan 48000,9
2012-09-22 12:00,3524394,lessthan 32000,48
2012-09-22 12:00,3517636,lessthan 32768,6
2012-09-22 12:00,3517367,lessthan 48000,36
2012-09-22 13:00,3524394,lessthan 32000,246
2012-09-22 13:00,3517636,lessthan 32768,19
2012-09-22 13:00,3517367,lessthan 48000,26
2012-09-22 14:00,3524394,lessthan 32000,65
2012-09-22 14:00,3517636,lessthan 32768,0
2012-09-22 14:00,3517367,lessthan 48000,28
2012-09-22 15:00,3524394,lessthan 32000,72
2012-09-22 15:00,3517636,lessthan 32768,9
2012-09-22 15:00,3517367,lessthan 48000,22
2012-09-22 16:00,3524394,lessthan 32000,50
2012-09-22 16:00,3517636,lessthan 32768,9
2012-09-22 16:00,3517367,lessthan 48000,36
2012-09-22 17:00,3524394,lessthan 32000,69
2012-09-22 17:00,3517636,lessthan 32768,40
2012-09-22 17:00,3517367,lessthan 48000,20
2012-09-22 18:00,3524394,lessthan 32000,71
2012-09-22 18:00,3517636,lessthan 32768,1
2012-09-22 18:00,3517367,lessthan 48000,22
2012-09-22 19:00,3524394,lessthan 32000,86
2012-09-22 19:00,3517636,lessthan 32768,4
2012-09-22 19:00,3517367,lessthan 48000,26
2012-09-22 20:00,3524394,lessthan 32000,136
2012-09-22 20:00,3517636,lessthan 32768,4
2012-09-22 20:00,3517367,lessthan 48000,32
2012-09-22 21:00,3524394,lessthan 32000,78
2012-09-22 21:00,3517636,lessthan 32768,48
2012-09-22 21:00,3517367,lessthan 48000,5
2012-09-22 22:00,3524394,lessthan 32000,149
2012-09-22 22:00,3517636,lessthan 32768,15
2012-09-22 22:00,3517367,lessthan 48000,62
2012-09-22 23:00,3524394,lessthan 32000,97
2012-09-22 23:00,3517636,lessthan 32768,36
2012-09-22 23:00,3517367,lessthan 48000,29
2012-09-23 00:00,3524394,lessthan 32000,99
2012-09-23 00:00,3517636,lessthan 32768,43
2012-09-23 00:00,3517367,lessthan 48000,36
2012-09-23 01:00,3524394,lessthan 32000,125
2012-09-23 01:00,3517636,lessthan 32768,92
2012-09-23 01:00,3517367,lessthan 48000,16
2012-09-23 02:00,3524394,lessthan 32000,64
2012-09-23 02:00,3517636,lessthan 32768,14
2012-09-23 02:00,3517367,lessthan 48000,2
2012-09-23 03:00,3524394,lessthan 32000,207
2012-09-23 03:00,3517636,lessthan 32768,13
2012-09-23 03:00,3517367,lessthan 48000,32
2012-09-23 04:00,3524394,lessthan 32000,4
2012-09-23 04:00,3517636,lessthan 32768,53
2012-09-23 04:00,3517367,lessthan 48000,2
2012-09-23 05:00,3524394,lessthan 32000,15
2012-09-23 05:00,3517636,lessthan 32768,78
2012-09-23 05:00,3517367,lessthan 48000,72
2012-09-23 06:00,3524394,lessthan 32000,291
2012-09-23 06:00,3517636,lessthan 32768,23
2012-09-23 06:00,3517367,lessthan 48000,68
2012-09-23 07:00,3524394,lessthan 32000,175
2012-09-23 07:00,3517636,lessthan 32768,35
2012-09-23 07:00,3517367,lessthan 48000,25
2012-09-23 08:00,3524394,lessthan 32000,270
2012-09-23 08:00,3517636,lessthan 32768,16
2012-09-23 08:00,3517367,lessthan 48000,21
2012-09-23 09:00,3524394,lessthan 32000,189
2012-09-23 09:00,3517636,lessthan 32768,8
2012-09-23 09:00,3517367,lessthan 48000,29
2012-09-23 10:00,3524394,lessthan 32000,76
2012-09-23 10:00,3517636,lessthan 32768,8
2012-09-23 10:00,3517367,lessthan 48000,15
2012-09-23 11:00,3524394,lessthan 32000,138
2012-09-23 11:00,3517636,lessthan 32768,6
2012-09-23 11:00,3517367,lessthan 48000,19
2012-09-23 12:00,3524394,lessthan 32000,68
2012-09-23 12:00,3517636,lessthan 32768,18
2012-09-23 12:00,3517367,lessthan 48000,42
2012-09-23 13:00,3524394,lessthan 32000,81
2012-09-23 13:00,3517636,lessthan 32768,21
2012-09-23 13:00,3517367,lessthan 48000,12
2012-09-23 14:00,3524394,lessthan 32000,109
2012-09-23 14:00,3517636,lessthan 32768,43
2012-09-23 14:00,3517367,lessthan 48000,30
2012-09-23 15:00,3524394,lessthan 32000,141
2012-09-23 15:00,3517636,lessthan 32768,91
2012-09-23 15:00,3517367,lessthan 48000,74
2012-09-23 16:00,3524394,lessthan 32000,140
2012-09-23 16:00,3517636,lessthan 32768,56
2012-09-23 16:00,3517367,lessthan 48000,32
2012-09-23 17:00,3524394,lessthan 32000,148
2012-09-23 17:00,3517636,lessthan 32768,62
2012-09-23 17:00,3517367,lessthan 48000,22
2012-09-23 18:00,3524394,lessthan 32000,257
2012-09-23 18:00,3517636,lessthan 32768,46
2012-09-23 18:00,3517367,lessthan 48000,23
2012-09-23 19:00,3524394,lessthan 32000,398
2012-09-23 19:00,3517636,lessthan 32768,40
2012-09-23 19:00,3517367,lessthan 48000,4
2012-09-23 20:00,3524394,lessthan 32000,360
2012-09-23 20:00,3517636,lessthan 32768,50
2012-09-23 20:00,3517367,lessthan 48000,3
2012-09-23 21:00,3524394,lessthan 32000,320
2012-09-23 21:00,3517636,lessthan 32768,87
2012-09-23 21:00,3517367,lessthan 48000,7
2012-09-23 22:00,3524394,lessthan 32000,356
2012-09-23 22:00,3517636,lessthan 32768,42
2012-09-23 22:00,3517367,lessthan 48000,24
2012-09-23 23:00,3524394,lessthan 32000,1
2012-09-23 23:00,3517636,lessthan 32768,51
2012-09-23 23:00,3517367,lessthan 48000,4
2012-09-24 00:00,3524394,lessthan 32000,39
2012-09-24 00:00,3517636,lessthan 32768,100
2012-09-24 00:00,3517367,lessthan 48000,7
2012-09-24 01:00,3524394,lessthan 32000,160
2012-09-24 01:00,3517636,lessthan 32768,77
2012-09-24 01:00,3517367,lessthan 48000,7
2012-09-24 02:00,3524394,lessthan 32000,137
2012-09-24 02:00,3517636,lessthan 32768,34
2012-09-24 02:00,3517367,lessthan 48000,45
2012-09-24 03:00,3524394,lessthan 32000,41
2012-09-24 03:00,3517636,lessthan 32768,34
2012-09-24 03:00,3517367,lessthan 48000,2
2012-09-24 04:00,3524394,lessthan 32000,147
2012-09-24 04:00,3517636,lessthan 32768,109
2012-09-24 04:00,3517367,lessthan 48000,18
2012-09-24 05:00,3524394,lessthan 32000,47
2012-09-24 05:00,3517636,lessthan 32768,8
2012-09-24 05:00,3517367,lessthan 48000,2
2012-09-24 06:00,3524394,lessthan 32000,228
2012-09-24 06:00,3517636,lessthan 32768,37
2012-09-24 06:00,3517367,lessthan 48000,26
2012-09-24 07:00,3524394,lessthan 32000,90
2012-09-24 07:00,3517636,lessthan 32768,23
2012-09-24 07:00,3517367,lessthan 48000,30
2012-09-24 08:00,3524394,lessthan 32000,343
2012-09-24 08:00,3517636,lessthan 32768,92
2012-09-24 08:00,3517367,lessthan 48000,31
2012-09-24 09:00,3524394,lessthan 32000,131
2012-09-24 09:00,3517636,lessthan 32768,15
2012-09-24 09:00,3517367,lessthan 48000,4
2012-09-24 10:00,3524394,lessthan 32000,215
2012-09-24 10:00,3517636,lessthan 32768,40
2012-09-24 10:00,3517367,lessthan 48000,13
2012-09-24 11:00,3524394,lessthan 32000,194
2012-09-24 11:00,3517636,lessthan 32768,60
2012-09-24 11:00,3517367,lessthan 48000,1
2012-09-24 12:00,3524394,lessthan 32000,260
2012-09-24 12:00,3517636,lessthan 32768,66
2012-09-24 12:00,3517367,lessthan 48000,4
2012-09-24 13:00,3524394,lessthan 32000,199
2012-09-24 13:00,3517636,lessthan 32768,207
2012-09-24 13:00,3517367,lessthan 48000,4
2012-09-24 14:00,3524394,lessthan 32000,40
2012-09-24 14:00,3517636,lessthan 32768,35
2012-09-24 14:00,3517367,lessthan 48000,2
2012-09-24 15:00,3524394,lessthan 32000,74
2012-09-24 15:00,3517636,lessthan 32768,85
2012-09-24 15:00,3517367,lessthan 48000,1
2012-09-24 16:00,3524394,lessthan 32000,276
2012-09-24 16:00,3517636,lessthan 32768,17
2012-09-24 16:00,3517367,lessthan 48000,12
2012-09-24 17:00,3524394,lessthan 32000,269
2012-09-24 17:00,3517636,lessthan 32768,21
2012-09-24 17:00,3517367,lessthan 48000,25
2012-09-24 18:00,3524394,lessthan 32000,201
2012-09-24 18:00,3517636,lessthan 32768,30
2012-09-24 18:00,3517367,lessthan 48000,18
2012-09-24 19:00,3524394,lessthan 32000,338
2012-09-24 19:00,3517636,lessthan 32768,29
2012-09-24 19:00,3517367,lessthan 48000,24
2012-09-24 20:00,3524394,lessthan 32000,174
2012-09-24 20:00,3517636,lessthan 32768,12
2012-09-24 20:00,3517367,lessthan 48000,7
2012-09-24 21:00,3524394,lessthan 32000,127
2012-09-24 21:00,3517636,lessthan 32768,30
2012-09-24 21:00,3517367,lessthan 48000,3
2012-09-24 22:00,3524394,lessthan 32000,233
2012-09-24 22:00,3517636,lessthan 32768,18
2012-09-24 22:00,3517367,lessthan 48000,6
2012-09-24 23:00,3524394,lessthan 32000,26
2012-09-24 23:00,3517636,lessthan 32768,12
2012-09-24 23:00,3517367,lessthan 48000,9
2012-09-25 00:00,3524394,lessthan 32000,51
2012-09-25 00:00,3517636,lessthan 32768,22
2012-09-25 00:00,3517367,lessthan 48000,22
2012-09-25 01:00,3524394,lessthan 32000,83
2012-09-25 01:00,3517636,lessthan 32768,25
2012-09-25 01:00,3517367,lessthan 48000,6
2012-09-25 02:00,3524394,lessthan 32000,12
2012-09-25 02:00,3517636,lessthan 32768,12
2012-09-25 02:00,3517367,lessthan 48000,2
2012-09-25 03:00,3524394,lessthan 32000,9
2012-09-25 03:00,3517636,lessthan 32768,8
2012-09-25 03:00,3517367,lessthan 48000,1
2012-09-25 04:00,3524394,lessthan 32000,13
2012-09-25 04:00,3517636,lessthan 32768,1
2012-09-25 04:00,3517367,lessthan 48000,0
2012-09-25 05:00,3524394,lessthan 32000,9
2012-09-25 05:00,3517636,lessthan 32768,2
2012-09-25 05:00,3517367,lessthan 48000,9
2012-09-25 06:00,3524394,lessthan 32000,106
2012-09-25 06:00,3517636,lessthan 32768,6
2012-09-25 06:00,3517367,lessthan 48000,4
2012-09-25 07:00,3524394,lessthan 32000,53
2012-09-25 07:00,3517636,lessthan 32768,1
2012-09-25 07:00,3517367,lessthan 48000,3
2012-09-25 08:00,3524394,lessthan 32000,176
2012-09-25 08:00,3517636,lessthan 32768,3
2012-09-25 08:00,3517367,lessthan 48000,2
2012-09-25 09:00,3524394,lessthan 32000,121
2012-09-25 09:00,3517636,lessthan 32768,9
2012-09-25 09:00,3517367,lessthan 48000,2
2012-09-25 10:00,3524394,lessthan 32000,97
2012-09-25 10:00,3517636,lessthan 32768,13
2012-09-25 10:00,3517367,lessthan 48000,16
2012-09-25 11:00,3524394,lessthan 32000,129
2012-09-25 11:00,3517636,lessthan 32768,3
2012-09-25 11:00,3517367,lessthan 48000,9
2012-09-25 12:00,3524394,lessthan 32000,12
2012-09-25 12:00,3517636,lessthan 32768,11
2012-09-25 12:00,3517367,lessthan 48000,2
2012-09-25 13:00,3524394,lessthan 32000,30
2012-09-25 13:00,3517636,lessthan 32768,15
2012-09-25 13:00,3517367,lessthan 48000,10
2012-09-25 14:00,3524394,lessthan 32000,140
2012-09-25 14:00,3517636,lessthan 32768,10
2012-09-25 14:00,3517367,lessthan 48000,6
2012-09-25 15:00,3524394,lessthan 32000,81
2012-09-25 15:00,3517636,lessthan 32768,28
2012-09-25 15:00,3517367,lessthan 48000,10
2012-09-25 16:00,3524394,lessthan 32000,49
2012-09-25 16:00,3517636,lessthan 32768,10
2012-09-25 16:00,3517367,lessthan 48000,5
2012-09-25 17:00,3524394,lessthan 32000,176
2012-09-25 17:00,3517636,lessthan 32768,22
2012-09-25 17:00,3517367,lessthan 48000,4
2012-09-25 18:00,3524394,lessthan 32000,179
2012-09-25 18:00,3517636,lessthan 32768,22
2012-09-25 18:00,3517367,lessthan 48000,4
2012-09-25 19:00,3524394,lessthan 32000,45
2012-09-25 19:00,3517636,lessthan 32768,1
2012-09-25 19:00,3517367,lessthan 48000,7
2012-09-25 20:00,3524394,lessthan 32000,225
2012-09-25 20:00,3517636,lessthan 32768,16
2012-09-25 20:00,3517367,lessthan 48000,41
2012-09-25 21:00,3524394,lessthan 32000,159
2012-09-25 21:00,3517636,lessthan 32768,64
2012-09-25 21:00,3517367,lessthan 48000,18
2012-09-25 22:00,3524394,lessthan 32000,83
2012-09-25 22:00,3517636,lessthan 32768,24
2012-09-25 22:00,3517367,lessthan 48000,5
2012-09-25 23:00,3524394,lessthan 32000,0
2012-09-25 23:00,3517636,lessthan 32768,0
2012-09-25 23:00,3517367,lessthan 48000,0
2012-09-26 00:00,3524394,lessthan 32000,407
2012-09-26 00:00,3517636,lessthan 32768,9
2012-09-26 00:00,3517367,lessthan 48000,39
2012-09-26 01:00,3524394,lessthan 32000,28
2012-09-26 01:00,3517636,lessthan 32768,3
2012-09-26 01:00,3517367,lessthan 48000,10
2012-09-26 02:00,3524394,lessthan 32000,113
2012-09-26 02:00,3517636,lessthan 32768,13
2012-09-26 02:00,3517367,lessthan 48000,34
2012-09-26 03:00,3524394,lessthan 32000,81
2012-09-26 03:00,3517636,lessthan 32768,9
2012-09-26 03:00,3517367,lessthan 48000,83
2012-09-26 04:00,3524394,lessthan 32000,73
2012-09-26 04:00,3517636,lessthan 32768,2
2012-09-26 04:00,3517367,lessthan 48000,28
2012-09-26 05:00,3524394,lessthan 32000,42
2012-09-26 05:00,3517636,lessthan 32768,26
2012-09-26 05:00,3517367,lessthan 48000,6
2012-09-26 06:00,3524394,lessthan 32000,27
2012-09-26 06:00,3517636,lessthan 32768,64
2012-09-26 06:00,3517367,lessthan 48000,20
2012-09-26 07:00,3524394,lessthan 32000,97
2012-09-26 07:00,3517636,lessthan 32768,1
2012-09-26 07:00,3517367,lessthan 48000,14
2012-09-26 08:00,3524394,lessthan 32000,171
2012-09-26 08:00,3517636,lessthan 32768,9
2012-09-26 08:00,3517367,lessthan 48000,5
2012-09-26 09:00,3524394,lessthan 32000,209
2012-09-26 09:00,3517636,lessthan 32768,3
2012-09-26 09:00,3517367,lessthan 48000,38
2012-09-26 10:00,3524394,lessthan 32000,68
2012-09-26 10:00,3517636,lessthan 32768,9
2012-09-26 10:00,3517367,lessthan 48000,36
2012-09-26 11:00,3524394,lessthan 32000,57
2012-09-26 11:00,3517636,lessthan 32768,13
2012-09-26 11:00,3517367,lessthan 48000,46
2012-09-26 12:00,3524394,lessthan 32000,441
2012-09-26 12:00,3517636,lessthan 32768,4
2012-09-26 12:00,3517367,lessthan 48000,10
2012-09-26 13:00,3524394,lessthan 32000,288
2012-09-26 13:00,3517636,lessthan 32768,9
2012-09-26 13:00,3517367,lessthan 48000,5
2012-09-26 14:00,3524394,lessthan 32000,340
2012-09-26 14:00,3517636,lessthan 32768,34
2012-09-26 14:00,3517367,lessthan 48000,13
2012-09-26 15:00,3524394,lessthan 32000,96
2012-09-26 15:00,3517636,lessthan 32768,3
2012-09-26 15:00,3517367,lessthan 48000,2
2012-09-26 16:00,3524394,lessthan 32000,358
2012-09-26 16:00,3517636,lessthan 32768,87
2012-09-26 16:00,3517367,lessthan 48000,23
2012-09-26 17:00,3524394,lessthan 32000,102
2012-09-26 17:00,3517636,lessthan 32768,25
2012-09-26 17:00,3517367,lessthan 48000,17
2012-09-26 18:00,3524394,lessthan 32000,197
2012-09-26 18:00,3517636,lessthan 32768,85
2012-09-26 18:00,3517367,lessthan 48000,18
2012-09-26 19:00,3524394,lessthan 32000,211
2012-09-26 19:00,3517636,lessthan 32768,81
2012-09-26 19:00,3517367,lessthan 48000,10
2012-09-26 20:00,3524394,lessthan 32000,160
2012-09-26 20:00,3517636,lessthan 32768,41
2012-09-26 20:00,3517367,lessthan 48000,11
2012-09-26 21:00,3524394,lessthan 32000,53
2012-09-26 21:00,3517636,lessthan 32768,13
2012-09-26 21:00,3517367,lessthan 48000,7
2012-09-26 22:00,3524394,lessthan 32000,50
2012-09-26 22:00,3517636,lessthan 32768,9
2012-09-26 22:00,3517367,lessthan 48000,8
2012-09-26 23:00,3524394,lessthan 32000,81
2012-09-26 23:00,3517636,lessthan 32768,19
2012-09-26 23:00,3517367,lessthan 48000,6
2012-09-27 00:00,3524394,lessthan 32000,91
2012-09-27 00:00,3517636,lessthan 32768,13
2012-09-27 00:00,3517367,lessthan 48000,5
2012-09-27 01:00,3524394,lessthan 32000,121
2012-09-27 01:00,3517636,lessthan 32768,27
2012-09-27 01:00,3517367,lessthan 48000,14
2012-09-27 02:00,3524394,lessthan 32000,97
2012-09-27 02:00,3517636,lessthan 32768,4
2012-09-27 02:00,3517367,lessthan 48000,4
2012-09-27 03:00,3524394,lessthan 32000,307
2012-09-27 03:00,3517636,lessthan 32768,13
2012-09-27 03:00,3517367,lessthan 48000,12
2012-09-27 04:00,3524394,lessthan 32000,126
2012-09-27 04:00,3517636,lessthan 32768,5
2012-09-27 04:00,3517367,lessthan 48000,8
2012-09-27 05:00,3524394,lessthan 32000,36
2012-09-27 05:00,3517636,lessthan 32768,9
2012-09-27 05:00,3517367,lessthan 48000,2
2012-09-27 06:00,3524394,lessthan 32000,83
2012-09-27 06:00,3517636,lessthan 32768,2
2012-09-27 06:00,3517367,lessthan 48000,6
2012-09-27 07:00,3524394,lessthan 32000,35
2012-09-27 07:00,3517636,lessthan 32768,10
2012-09-27 07:00,3517367,lessthan 48000,4
2012-09-27 08:00,3524394,lessthan 32000,145
2012-09-27 08:00,3517636,lessthan 32768,4
2012-09-27 08:00,3517367,lessthan 48000,1
2012-09-27 09:00,3524394,lessthan 32000,146
2012-09-27 09:00,3517636,lessthan 32768,6
2012-09-27 09:00,3517367,lessthan 48000,59
2012-09-27 10:00,3524394,lessthan 32000,0
2012-09-27 10:00,3517636,lessthan 32768,0
2012-09-27 10:00,3517367,lessthan 48000,0
2012-09-27 11:00,3524394,lessthan 32000,233
2012-09-27 11:00,3517636,lessthan 32768,9
2012-09-27 11:00,3517367,lessthan 48000,172
2012-09-27 12:00,3524394,lessthan 32000,160
2012-09-27 12:00,3517636,lessthan 32768,3
2012-09-27 12:00,3517367,lessthan 48000,17
2012-09-27 13:00,3524394,lessthan 32000,8
2012-09-27 13:00,3517636,lessthan 32768,1
2012-09-27 13:00,3517367,lessthan 48000,4
2012-09-27 14:00,3524394,lessthan 32000,55
2012-09-27 14:00,3517636,lessthan 32768,2
2012-09-27 14:00,3517367,lessthan 48000,6
2012-09-27 15:00,3524394,lessthan 32000,187
2012-09-27 15:00,3517636,lessthan 32768,12
2012-09-27 15:00,3517367,lessthan 48000,4
2012-09-27 16:00,3524394,lessthan 32000,78
2012-09-27 16:00,3517636,lessthan 32768,39
2012-09-27 16:00,3517367,lessthan 48000,108
2012-09-27 17:00,3524394,lessthan 32000,55
2012-09-27 17:00,3517636,lessthan 32768,38
2012-09-27 17:00,3517367,lessthan 48000,105
2012-09-27 18:00,3524394,lessthan 32000,78
2012-09-27 18:00,3517636,lessthan 32768,13
2012-09-27 18:00,3517367,lessthan 48000,17
2012-09-27 19:00,3524394,lessthan 32000,24
2012-09-27 19:00,3517636,lessthan 32768,15
2012-09-27 19:00,3517367,lessthan 48000,29
2012-09-27 20:00,3524394,lessthan 32000,34
2012-09-27 20:00,3517636,lessthan 32768,24
2012-09-27 20:00,3517367,lessthan 48000,24
2012-09-27 21:00,3524394,lessthan 32000,13
2012-09-27 21:00,3517636,lessthan 32768,35
2012-09-27 21:00,3517367,lessthan 48000,7
2012-09-27 22:00,3524394,lessthan 32000,90
2012-09-27 22:00,3517636,lessthan 32768,4
2012-09-27 22:00,3517367,lessthan 48000,9
2012-09-27 23:00,3524394,lessthan 32000,66
2012-09-27 23:00,3517636,lessthan 32768,22
2012-09-27 23:00,3517367,lessthan 48000,44
2012-09-28 00:00,3524394,lessthan 32000,57
2012-09-28 00:00,3517636,lessthan 32768,4
2012-09-28 00:00,3517367,lessthan 48000,11
2012-09-28 01:00,3524394,lessthan 32000,12
2012-09-28 01:00,3517636,lessthan 32768,8
2012-09-28 01:00,3517367,lessthan 48000,48
2012-09-28 02:00,3524394,lessthan 32000,25
2012-09-28 02:00,3517636,lessthan 32768,48
2012-09-28 02:00,3517367,lessthan 48000,59
2012-09-28 03:00,3524394,lessthan 32000,19
2012-09-28 03:00,3517636,lessthan 32768,16
2012-09-28 03:00,3517367,lessthan 48000,46
2012-09-28 04:00,3524394,lessthan 32000,31
2012-09-28 04:00,3517636,lessthan 32768,9
2012-09-28 04:00,3517367,lessthan 48000,45
2012-09-28 05:00,3524394,lessthan 32000,3
2012-09-28 05:00,3517636,lessthan 32768,4
2012-09-28 05:00,3517367,lessthan 48000,6
2012-09-28 06:00,3524394,lessthan 32000,17
2012-09-28 06:00,3517636,lessthan 32768,15
2012-09-28 06:00,3517367,lessthan 48000,2
2012-09-28 07:00,3524394,lessthan 32000,53
2012-09-28 07:00,3517636,lessthan 32768,24
2012-09-28 07:00,3517367,lessthan 48000,3
2012-09-28 08:00,3524394,lessthan 32000,46
2012-09-28 08:00,3517636,lessthan 32768,25
2012-09-28 08:00,3517367,lessthan 48000,5
2012-09-28 09:00,3524394,lessthan 32000,177
2012-09-28 09:00,3517636,lessthan 32768,77
2012-09-28 09:00,3517367,lessthan 48000,28
2012-09-28 10:00,3524394,lessthan 32000,40
2012-09-28 10:00,3517636,lessthan 32768,51
2012-09-28 10:00,3517367,lessthan 48000,43
2012-09-28 11:00,3524394,lessthan 32000,97
2012-09-28 11:00,3517636,lessthan 32768,72
2012-09-28 11:00,3517367,lessthan 48000,72
2012-09-28 12:00,3524394,lessthan 32000,110
2012-09-28 12:00,3517636,lessthan 32768,14
2012-09-28 12:00,3517367,lessthan 48000,10
2012-09-28 13:00,3524394,lessthan 32000,59
2012-09-28 13:00,3517636,lessthan 32768,27
2012-09-28 13:00,3517367,lessthan 48000,71
2012-09-28 14:00,3524394,lessthan 32000,69
2012-09-28 14:00,3517636,lessthan 32768,12
2012-09-28 14:00,3517367,lessthan 48000,15
2012-09-28 15:00,3524394,lessthan 32000,43
2012-09-28 15:00,3517636,lessthan 32768,57
2012-09-28 15:00,3517367,lessthan 48000,9
2012-09-28 16:00,3524394,lessthan 32000,71
2012-09-28 16:00,3517636,lessthan 32768,66
2012-09-28 16:00,3517367,lessthan 48000,1
2012-09-28 17:00,3524394,lessthan 32000,56
2012-09-28 17:00,3517636,lessthan 32768,55
2012-09-28 17:00,3517367,lessthan 48000,68
2012-09-28 18:00,3524394,lessthan 32000,67
2012-09-28 18:00,3517636,lessthan 32768,55
2012-09-28 18:00,3517367,lessthan 48000,87
2012-09-28 19:00,3524394,lessthan 32000,15
2012-09-28 19:00,3517636,lessthan 32768,46
2012-09-28 19:00,3517367,lessthan 48000,51
2012-09-28 20:00,3524394,lessthan 32000,9
2012-09-28 20:00,3517636,lessthan 32768,19
2012-09-28 20:00,3517367,lessthan 48000,24
2012-09-28 21:00,3524394,lessthan 32000,53
2012-09-28 21:00,3517636,lessthan 32768,14
2012-09-28 21:00,3517367,lessthan 48000,11
2012-09-28 22:00,3524394,lessthan 32000,92
2012-09-28 22:00,3517636,lessthan 32768,23
2012-09-28 22:00,3517367,lessthan 48000,26
2012-09-28 23:00,3524394,lessthan 32000,15
2012-09-28 23:00,3517636,lessthan 32768,4
2012-09-28 23:00,3517367,lessthan 48000,13
2012-09-29 00:00,3524394,lessthan 32000,48
2012-09-29 00:00,3517636,lessthan 32768,55
2012-09-29 00:00,3517367,lessthan 48000,33
2012-09-29 01:00,3524394,lessthan 32000,83
2012-09-29 01:00,3517636,lessthan 32768,45
2012-09-29 01:00,3517367,lessthan 48000,109
2012-09-29 02:00,3524394,lessthan 32000,6
2012-09-29 02:00,3517636,lessthan 32768,12
2012-09-29 02:00,3517367,lessthan 48000,72
2012-09-29 03:00,3524394,lessthan 32000,16
2012-09-29 03:00,3517636,lessthan 32768,17
2012-09-29 03:00,3517367,lessthan 48000,84
2012-09-29 04:00,3524394,lessthan 32000,48
2012-09-29 04:00,3517636,lessthan 32768,6
2012-09-29 04:00,3517367,lessthan 48000,19
2012-09-29 05:00,3524394,lessthan 32000,61
2012-09-29 05:00,3517636,lessthan 32768,9
2012-09-29 05:00,3517367,lessthan 48000,67
2012-09-29 06:00,3524394,lessthan 32000,49
2012-09-29 06:00,3517636,lessthan 32768,1
2012-09-29 06:00,3517367,lessthan 48000,29
2012-09-29 07:00,3524394,lessthan 32000,103
2012-09-29 07:00,3517636,lessthan 32768,5
2012-09-29 07:00,3517367,lessthan 48000,4
2012-09-29 08:00,3524394,lessthan 32000,28
2012-09-29 08:00,3517636,lessthan 32768,3
2012-09-29 08:00,3517367,lessthan 48000,82
2012-09-29 09:00,3524394,lessthan 32000,9
2012-09-29 09:00,3517636,lessthan 32768,1
2012-09-29 09:00,3517367,lessthan 48000,8
2012-09-29 10:00,3524394,lessthan 32000,40
2012-09-29 10:00,3517636,lessthan 32768,11
2012-09-29 10:00,3517367,lessthan 48000,9
2012-09-29 11:00,3524394,lessthan 32000,175
2012-09-29 11:00,3517636,lessthan 32768,6
2012-09-29 11:00,3517367,lessthan 48000,30
2012-09-29 12:00,3524394,lessthan 32000,39
2012-09-29 12:00,3517636,lessthan 32768,0
2012-09-29 12:00,3517367,lessthan 48000,0
2012-09-29 13:00,3524394,lessthan 32000,170
2012-09-29 13:00,3517636,lessthan 32768,8
2012-09-29 13:00,3517367,lessthan 48000,26
2012-09-29 14:00,3524394,lessthan 32000,5
2012-09-29 14:00,3517636,lessthan 32768,21
2012-09-29 14:00,3517367,lessthan 48000,1
2012-09-29 15:00,3524394,lessthan 32000,8
2012-09-29 15:00,3517636,lessthan 32768,19
2012-09-29 15:00,3517367,lessthan 48000,3
2012-09-29 16:00,3524394,lessthan 32000,42
2012-09-29 16:00,3517636,lessthan 32768,23
2012-09-29 16:00,3517367,lessthan 48000,23
2012-09-29 17:00,3524394,lessthan 32000,27
2012-09-29 17:00,3517636,lessthan 32768,14
2012-09-29 17:00,3517367,lessthan 48000,122
2012-09-29 18:00,3524394,lessthan 32000,15
2012-09-29 18:00,3517636,lessthan 32768,20
2012-09-29 18:00,3517367,lessthan 48000,50
2012-09-29 19:00,3524394,lessthan 32000,59
2012-09-29 19:00,3517636,lessthan 32768,21
2012-09-29 19:00,3517367,lessthan 48000,3
2012-09-29 20:00,3524394,lessthan 32000,66
2012-09-29 20:00,3517636,lessthan 32768,10
2012-09-29 20:00,3517367,lessthan 48000,8
2012-09-29 21:00,3524394,lessthan 32000,51
2012-09-29 21:00,3517636,lessthan 32768,27
2012-09-29 21:00,3517367,lessthan 48000,6
2012-09-29 22:00,3524394,lessthan 32000,136
2012-09-29 22:00,3517636,lessthan 32768,31
2012-09-29 22:00,3517367,lessthan 48000,33
2012-09-29 23:00,3524394,lessthan 32000,58
2012-09-29 23:00,3517636,lessthan 32768,17
2012-09-29 23:00,3517367,lessthan 48000,14
2012-09-30 00:00,3524394,lessthan 32000,107
2012-09-30 00:00,3517636,lessthan 32768,32
2012-09-30 00:00,3517367,lessthan 48000,4
2012-09-30 01:00,3524394,lessthan 32000,32
2012-09-30 01:00,3517636,lessthan 32768,5
2012-09-30 01:00,3517367,lessthan 48000,0
2012-09-30 02:00,3524394,lessthan 32000,41
2012-09-30 02:00,3517636,lessthan 32768,10
2012-09-30 02:00,3517367,lessthan 48000,33
2012-09-30 03:00,3524394,lessthan 32000,49
2012-09-30 03:00,3517636,lessthan 32768,9
2012-09-30 03:00,3517367,lessthan 48000,7
2012-09-30 04:00,3524394,lessthan 32000,56
2012-09-30 04:00,3517636,lessthan 32768,20
2012-09-30 04:00,3517367,lessthan 48000,8
2012-09-30 05:00,3524394,lessthan 32000,28
2012-09-30 05:00,3517636,lessthan 32768,1
2012-09-30 05:00,3517367,lessthan 48000,5
2012-09-30 06:00,3524394,lessthan 32000,57
2012-09-30 06:00,3517636,lessthan 32768,3
2012-09-30 06:00,3517367,lessthan 48000,0
2012-09-30 07:00,3524394,lessthan 32000,21
2012-09-30 07:00,3517636,lessthan 32768,0
2012-09-30 07:00,3517367,lessthan 48000,0
2012-09-30 08:00,3524394,lessthan 32000,19
2012-09-30 08:00,3517636,lessthan 32768,7
2012-09-30 08:00,3517367,lessthan 48000,8
2012-09-30 09:00,3524394,lessthan 32000,47
2012-09-30 09:00,3517636,lessthan 32768,11
2012-09-30 09:00,3517367,lessthan 48000,14
2012-09-30 10:00,3524394,lessthan 32000,9
2012-09-30 10:00,3517636,lessthan 32768,6
2012-09-30 10:00,3517367,lessthan 48000,20
2012-09-30 11:00,3524394,lessthan 32000,150
2012-09-30 11:00,3517636,lessthan 32768,5
2012-09-30 11:00,3517367,lessthan 48000,61
2012-09-30 12:00,3524394,lessthan 32000,93
2012-09-30 12:00,3517636,lessthan 32768,2
2012-09-30 12:00,3517367,lessthan 48000,26
2012-09-30 13:00,3524394,lessthan 32000,38
2012-09-30 13:00,3517636,lessthan 32768,25
2012-09-30 13:00,3517367,lessthan 48000,0
2012-09-30 14:00,3524394,lessthan 32000,45
2012-09-30 14:00,3517636,lessthan 32768,9
2012-09-30 14:00,3517367,lessthan 48000,3
2012-09-30 15:00,3524394,lessthan 32000,148
2012-09-30 15:00,3517636,lessthan 32768,12
2012-09-30 15:00,3517367,lessthan 48000,7
2012-09-30 16:00,3524394,lessthan 32000,94
2012-09-30 16:00,3517636,lessthan 32768,25
2012-09-30 16:00,3517367,lessthan 48000,16
2012-09-30 17:00,3524394,lessthan 32000,19
2012-09-30 17:00,3517636,lessthan 32768,5
2012-09-30 17:00,3517367,lessthan 48000,0
2012-09-30 18:00,3524394,lessthan 32000,80
2012-09-30 18:00,3517636,lessthan 32768,25
2012-09-30 18:00,3517367,lessthan 48000,8
2012-09-30 19:00,3524394,lessthan 32000,74
2012-09-30 19:00,3517636,lessthan 32768,22
2012-09-30 19:00,3517367,lessthan 48000,10
2012-09-30 20:00,3524394,lessthan 32000,75
2012-09-30 20:00,3517636,lessthan 32768,30
2012-09-30 20:00,3517367,lessthan 48000,19
2012-09-30 21:00,3524394,lessthan 32000,201
2012-09-30 21:00,3517636,lessthan 32768,13
2012-09-30 21:00,3517367,lessthan 48000,28
2012-09-30 22:00,3524394,lessthan 32000,93
2012-09-30 22:00,3517636,lessthan 32768,5
2012-09-30 22:00,3517367,lessthan 48000,48
2012-09-30 23:00,3524394,lessthan 32000,55
2012-09-30 23:00,3517636,lessthan 32768,5
2012-09-30 23:00,3517367,lessthan 48000,46
2012-10-01 00:00,3524394,lessthan 32000,44
2012-10-01 00:00,3517636,lessthan 32768,3
2012-10-01 00:00,3517367,lessthan 48000,18
2012-10-01 01:00,3524394,lessthan 32000,13
2012-10-01 01:00,3517636,lessthan 32768,2
2012-10-01 01:00,3517367,lessthan 48000,2
2012-10-01 02:00,3524394,lessthan 32000,36
2012-10-01 02:00,3517636,lessthan 32768,11
2012-10-01 02:00,3517367,lessthan 48000,3
2012-10-01 03:00,3524394,lessthan 32000,45
2012-10-01 03:00,3517636,lessthan 32768,10
2012-10-01 03:00,3517367,lessthan 48000,41
2012-10-01 04:00,3524394,lessthan 32000,11
2012-10-01 04:00,3517636,lessthan 32768,12
2012-10-01 04:00,3517367,lessthan 48000,9
2012-10-01 05:00,3524394,lessthan 32000,48
2012-10-01 05:00,3517636,lessthan 32768,10
2012-10-01 05:00,3517367,lessthan 48000,6
2012-10-01 06:00,3524394,lessthan 32000,87
2012-10-01 06:00,3517636,lessthan 32768,13
2012-10-01 06:00,3517367,lessthan 48000,7
2012-10-01 07:00,3524394,lessthan 32000,32
2012-10-01 07:00,3517636,lessthan 32768,2
2012-10-01 07:00,3517367,lessthan 48000,1
2012-10-01 08:00,3524394,lessthan 32000,80
2012-10-01 08:00,3517636,lessthan 32768,15
2012-10-01 08:00,3517367,lessthan 48000,21
2012-10-01 09:00,3524394,lessthan 32000,6
2012-10-01 09:00,3517636,lessthan 32768,11
2012-10-01 09:00,3517367,lessthan 48000,1
2012-10-01 10:00,3524394,lessthan 32000,123
2012-10-01 10:00,3517636,lessthan 32768,23
2012-10-01 10:00,3517367,lessthan 48000,15
2012-10-01 11:00,3524394,lessthan 32000,97
2012-10-01 11:00,3517636,lessthan 32768,6
2012-10-01 11:00,3517367,lessthan 48000,5
2012-10-01 12:00,3524394,lessthan 32000,60
2012-10-01 12:00,3517636,lessthan 32768,23
2012-10-01 12:00,3517367,lessthan 48000,29
2012-10-01 13:00,3524394,lessthan 32000,185
2012-10-01 13:00,3517636,lessthan 32768,7
2012-10-01 13:00,3517367,lessthan 48000,144
2012-10-01 14:00,3524394,lessthan 32000,208
2012-10-01 14:00,3517636,lessthan 32768,26
2012-10-01 14:00,3517367,lessthan 48000,56
2012-10-01 15:00,3524394,lessthan 32000,92
2012-10-01 15:00,3517636,lessthan 32768,8
2012-10-01 15:00,3517367,lessthan 48000,42
2012-10-01 16:00,3524394,lessthan 32000,103
2012-10-01 16:00,3517636,lessthan 32768,168
2012-10-01 16:00,3517367,lessthan 48000,34
2012-10-01 17:00,3524394,lessthan 32000,65
2012-10-01 17:00,3517636,lessthan 32768,36
2012-10-01 17:00,3517367,lessthan 48000,53
2012-10-01 18:00,3524394,lessthan 32000,19
2012-10-01 18:00,3517636,lessthan 32768,11
2012-10-01 18:00,3517367,lessthan 48000,4
2012-10-01 19:00,3524394,lessthan 32000,31
2012-10-01 19:00,3517636,lessthan 32768,50
2012-10-01 19:00,3517367,lessthan 48000,17
2012-10-01 20:00,3524394,lessthan 32000,67
2012-10-01 20:00,3517636,lessthan 32768,54
2012-10-01 20:00,3517367,lessthan 48000,6
2012-10-01 21:00,3524394,lessthan 32000,43
2012-10-01 21:00,3517636,lessthan 32768,36
2012-10-01 21:00,3517367,lessthan 48000,4
2012-10-01 22:00,3524394,lessthan 32000,72
2012-10-01 22:00,3517636,lessthan 32768,65
2012-10-01 22:00,3517367,lessthan 48000,109
2012-10-01 23:00,3524394,lessthan 32000,131
2012-10-01 23:00,3517636,lessthan 32768,47
2012-10-01 23:00,3517367,lessthan 48000,14
2012-10-02 00:00,3524394,lessthan 32000,76
2012-10-02 00:00,3517636,lessthan 32768,40
2012-10-02 00:00,3517367,lessthan 48000,51
2012-10-02 01:00,3524394,lessthan 32000,24
2012-10-02 01:00,3517636,lessthan 32768,50
2012-10-02 01:00,3517367,lessthan 48000,24
2012-10-02 02:00,3524394,lessthan 32000,15
2012-10-02 02:00,3517636,lessthan 32768,58
2012-10-02 02:00,3517367,lessthan 48000,3
2012-10-02 03:00,3524394,lessthan 32000,26
2012-10-02 03:00,3517636,lessthan 32768,4
2012-10-02 03:00,3517367,lessthan 48000,18
2012-10-02 04:00,3524394,lessthan 32000,32
2012-10-02 04:00,3517636,lessthan 32768,5
2012-10-02 04:00,3517367,lessthan 48000,20
2012-10-02 05:00,3524394,lessthan 32000,32
2012-10-02 05:00,3517636,lessthan 32768,1
2012-10-02 05:00,3517367,lessthan 48000,6
2012-10-02 06:00,3524394,lessthan 32000,51
2012-10-02 06:00,3517636,lessthan 32768,13
2012-10-02 06:00,3517367,lessthan 48000,13
2012-10-02 07:00,3524394,lessthan 32000,31
2012-10-02 07:00,3517636,lessthan 32768,1
2012-10-02 07:00,3517367,lessthan 48000,0
2012-10-02 08:00,3524394,lessthan 32000,67
2012-10-02 08:00,3517636,lessthan 32768,4
2012-10-02 08:00,3517367,lessthan 48000,9
2012-10-02 09:00,3524394,lessthan 32000,34
2012-10-02 09:00,3517636,lessthan 32768,1
2012-10-02 09:00,3517367,lessthan 48000,7
2012-10-02 10:00,3524394,lessthan 32000,53
2012-10-02 10:00,3517636,lessthan 32768,14
2012-10-02 10:00,3517367,lessthan 48000,23
2012-10-02 11:00,3524394,lessthan 32000,38
2012-10-02 11:00,3517636,lessthan 32768,21
2012-10-02 11:00,3517367,lessthan 48000,16
2012-10-02 12:00,3524394,lessthan 32000,137
2012-10-02 12:00,3517636,lessthan 32768,53
2012-10-02 12:00,3517367,lessthan 48000,14
2012-10-02 13:00,3524394,lessthan 32000,43
2012-10-02 13:00,3517636,lessthan 32768,18
2012-10-02 13:00,3517367,lessthan 48000,2
2012-10-02 14:00,3524394,lessthan 32000,46
2012-10-02 14:00,3517636,lessthan 32768,20
2012-10-02 14:00,3517367,lessthan 48000,10
2012-10-02 15:00,3524394,lessthan 32000,72
2012-10-02 15:00,3517636,lessthan 32768,197
2012-10-02 15:00,3517367,lessthan 48000,47
2012-10-02 16:00,3524394,lessthan 32000,170
2012-10-02 16:00,3517636,lessthan 32768,174
2012-10-02 16:00,3517367,lessthan 48000,18
2012-10-02 17:00,3524394,lessthan 32000,111
2012-10-02 17:00,3517636,lessthan 32768,267
2012-10-02 17:00,3517367,lessthan 48000,28
2012-10-02 18:00,3524394,lessthan 32000,73
2012-10-02 18:00,3517636,lessthan 32768,302
2012-10-02 18:00,3517367,lessthan 48000,14
2012-10-02 19:00,3524394,lessthan 32000,40
2012-10-02 19:00,3517636,lessthan 32768,190
2012-10-02 19:00,3517367,lessthan 48000,68
2012-10-02 20:00,3524394,lessthan 32000,144
2012-10-02 20:00,3517636,lessthan 32768,139
2012-10-02 20:00,3517367,lessthan 48000,36
2012-10-02 21:00,3524394,lessthan 32000,221
2012-10-02 21:00,3517636,lessthan 32768,61
2012-10-02 21:00,3517367,lessthan 48000,111
2012-10-02 22:00,3524394,lessthan 32000,196
2012-10-02 22:00,3517636,lessthan 32768,22
2012-10-02 22:00,3517367,lessthan 48000,33
2012-10-02 23:00,3524394,lessthan 32000,116
2012-10-02 23:00,3517636,lessthan 32768,11
2012-10-02 23:00,3517367,lessthan 48000,104
2012-10-03 00:00,3524394,lessthan 32000,70
2012-10-03 00:00,3517636,lessthan 32768,8
2012-10-03 00:00,3517367,lessthan 48000,33
2012-10-03 01:00,3524394,lessthan 32000,16
2012-10-03 01:00,3517636,lessthan 32768,13
2012-10-03 01:00,3517367,lessthan 48000,26
2012-10-03 02:00,3524394,lessthan 32000,47
2012-10-03 02:00,3517636,lessthan 32768,16
2012-10-03 02:00,3517367,lessthan 48000,157
2012-10-03 03:00,3524394,lessthan 32000,22
2012-10-03 03:00,3517636,lessthan 32768,4
2012-10-03 03:00,3517367,lessthan 48000,196
2012-10-03 04:00,3524394,lessthan 32000,30
2012-10-03 04:00,3517636,lessthan 32768,10
2012-10-03 04:00,3517367,lessthan 48000,73
2012-10-03 05:00,3524394,lessthan 32000,12
2012-10-03 05:00,3517636,lessthan 32768,13
2012-10-03 05:00,3517367,lessthan 48000,28
2012-10-03 06:00,3524394,lessthan 32000,7
2012-10-03 06:00,3517636,lessthan 32768,2
2012-10-03 06:00,3517367,lessthan 48000,14
2012-10-03 07:00,3524394,lessthan 32000,12
2012-10-03 07:00,3517636,lessthan 32768,2
2012-10-03 07:00,3517367,lessthan 48000,14
2012-10-03 08:00,3524394,lessthan 32000,83
2012-10-03 08:00,3517636,lessthan 32768,4
2012-10-03 08:00,3517367,lessthan 48000,105
2012-10-03 09:00,3524394,lessthan 32000,49
2012-10-03 09:00,3517636,lessthan 32768,19
2012-10-03 09:00,3517367,lessthan 48000,45
2012-10-03 10:00,3524394,lessthan 32000,78
2012-10-03 10:00,3517636,lessthan 32768,39
2012-10-03 10:00,3517367,lessthan 48000,6
2012-10-03 11:00,3524394,lessthan 32000,30
2012-10-03 11:00,3517636,lessthan 32768,2
2012-10-03 11:00,3517367,lessthan 48000,16
2012-10-03 12:00,3524394,lessthan 32000,209
2012-10-03 12:00,3517636,lessthan 32768,15
2012-10-03 12:00,3517367,lessthan 48000,23
2012-10-03 13:00,3524394,lessthan 32000,229
2012-10-03 13:00,3517636,lessthan 32768,2
2012-10-03 13:00,3517367,lessthan 48000,32
2012-10-03 14:00,3524394,lessthan 32000,63
2012-10-03 14:00,3517636,lessthan 32768,20
2012-10-03 14:00,3517367,lessthan 48000,20
2012-10-03 15:00,3524394,lessthan 32000,35
2012-10-03 15:00,3517636,lessthan 32768,44
2012-10-03 15:00,3517367,lessthan 48000,22
2012-10-03 16:00,3524394,lessthan 32000,74
2012-10-03 16:00,3517636,lessthan 32768,45
2012-10-03 16:00,3517367,lessthan 48000,35
2012-10-03 17:00,3524394,lessthan 32000,59
2012-10-03 17:00,3517636,lessthan 32768,42
2012-10-03 17:00,3517367,lessthan 48000,33
2012-10-03 18:00,3524394,lessthan 32000,125
2012-10-03 18:00,3517636,lessthan 32768,66
2012-10-03 18:00,3517367,lessthan 48000,43
2012-10-03 19:00,3524394,lessthan 32000,38
2012-10-03 19:00,3517636,lessthan 32768,11
2012-10-03 19:00,3517367,lessthan 48000,39
2012-10-03 20:00,3524394,lessthan 32000,53
2012-10-03 20:00,3517636,lessthan 32768,3
2012-10-03 20:00,3517367,lessthan 48000,11
2012-10-03 21:00,3524394,lessthan 32000,82
2012-10-03 21:00,3517636,lessthan 32768,100
2012-10-03 21:00,3517367,lessthan 48000,41
2012-10-03 22:00,3524394,lessthan 32000,29
2012-10-03 22:00,3517636,lessthan 32768,43
2012-10-03 22:00,3517367,lessthan 48000,5
2012-10-03 23:00,3524394,lessthan 32000,100
2012-10-03 23:00,3517636,lessthan 32768,22
2012-10-03 23:00,3517367,lessthan 48000,4
2012-10-04 00:00,3524394,lessthan 32000,135
2012-10-04 00:00,3517636,lessthan 32768,129
2012-10-04 00:00,3517367,lessthan 48000,35
2012-10-04 01:00,3524394,lessthan 32000,58
2012-10-04 01:00,3517636,lessthan 32768,44
2012-10-04 01:00,3517367,lessthan 48000,13
2012-10-04 02:00,3524394,lessthan 32000,13
2012-10-04 02:00,3517636,lessthan 32768,21
2012-10-04 02:00,3517367,lessthan 48000,9
2012-10-04 03:00,3524394,lessthan 32000,90
2012-10-04 03:00,3517636,lessthan 32768,114
2012-10-04 03:00,3517367,lessthan 48000,19
2012-10-04 04:00,3524394,lessthan 32000,96
2012-10-04 04:00,3517636,lessthan 32768,22
2012-10-04 04:00,3517367,lessthan 48000,9
2012-10-04 05:00,3524394,lessthan 32000,167
2012-10-04 05:00,3517636,lessthan 32768,75
2012-10-04 05:00,3517367,lessthan 48000,12
2012-10-04 06:00,3524394,lessthan 32000,163
2012-10-04 06:00,3517636,lessthan 32768,28
2012-10-04 06:00,3517367,lessthan 48000,9
2012-10-04 07:00,3524394,lessthan 32000,131
2012-10-04 07:00,3517636,lessthan 32768,11
2012-10-04 07:00,3517367,lessthan 48000,16
2012-10-04 08:00,3524394,lessthan 32000,26
2012-10-04 08:00,3517636,lessthan 32768,22
2012-10-04 08:00,3517367,lessthan 48000,15
2012-10-04 09:00,3524394,lessthan 32000,21
2012-10-04 09:00,3517636,lessthan 32768,32
2012-10-04 09:00,3517367,lessthan 48000,6
2012-10-04 10:00,3524394,lessthan 32000,74
2012-10-04 10:00,3517636,lessthan 32768,35
2012-10-04 10:00,3517367,lessthan 48000,2
2012-10-04 11:00,3524394,lessthan 32000,117
2012-10-04 11:00,3517636,lessthan 32768,2
2012-10-04 11:00,3517367,lessthan 48000,5
2012-10-04 12:00,3524394,lessthan 32000,142
2012-10-04 12:00,3517636,lessthan 32768,47
2012-10-04 12:00,3517367,lessthan 48000,6
2012-10-04 13:00,3524394,lessthan 32000,121
2012-10-04 13:00,3517636,lessthan 32768,49
2012-10-04 13:00,3517367,lessthan 48000,27
2012-10-04 14:00,3524394,lessthan 32000,405
2012-10-04 14:00,3517636,lessthan 32768,59
2012-10-04 14:00,3517367,lessthan 48000,68
2012-10-04 15:00,3524394,lessthan 32000,172
2012-10-04 15:00,3517636,lessthan 32768,47
2012-10-04 15:00,3517367,lessthan 48000,2
2012-10-04 16:00,3524394,lessthan 32000,342
2012-10-04 16:00,3517636,lessthan 32768,123
2012-10-04 16:00,3517367,lessthan 48000,28
2012-10-04 17:00,3524394,lessthan 32000,359
2012-10-04 17:00,3517636,lessthan 32768,33
2012-10-04 17:00,3517367,lessthan 48000,27
2012-10-04 18:00,3524394,lessthan 32000,284
2012-10-04 18:00,3517636,lessthan 32768,54
2012-10-04 18:00,3517367,lessthan 48000,22
2012-10-04 19:00,3524394,lessthan 32000,0
2012-10-04 19:00,3517636,lessthan 32768,0
2012-10-04 19:00,3517367,lessthan 48000,0
2012-10-04 20:00,3524394,lessthan 32000,3
2012-10-04 20:00,3517636,lessthan 32768,1
2012-10-04 20:00,3517367,lessthan 48000,2
2012-10-04 21:00,3524394,lessthan 32000,599
2012-10-04 21:00,3517636,lessthan 32768,61
2012-10-04 21:00,3517367,lessthan 48000,31
2012-10-04 22:00,3524394,lessthan 32000,398
2012-10-04 22:00,3517636,lessthan 32768,67
2012-10-04 22:00,3517367,lessthan 48000,41
2012-10-04 23:00,3524394,lessthan 32000,214
2012-10-04 23:00,3517636,lessthan 32768,7
2012-10-04 23:00,3517367,lessthan 48000,5
2012-10-05 00:00,3524394,lessthan 32000,295
2012-10-05 00:00,3517636,lessthan 32768,39
2012-10-05 00:00,3517367,lessthan 48000,15
2012-10-05 01:00,3524394,lessthan 32000,364
2012-10-05 01:00,3517636,lessthan 32768,82
2012-10-05 01:00,3517367,lessthan 48000,27
2012-10-05 02:00,3524394,lessthan 32000,336
2012-10-05 02:00,3517636,lessthan 32768,65
2012-10-05 02:00,3517367,lessthan 48000,24
2012-10-05 03:00,3524394,lessthan 32000,127
2012-10-05 03:00,3517636,lessthan 32768,56
2012-10-05 03:00,3517367,lessthan 48000,14
2012-10-05 04:00,3524394,lessthan 32000,212
2012-10-05 04:00,3517636,lessthan 32768,130
2012-10-05 04:00,3517367,lessthan 48000,33
2012-10-05 05:00,3524394,lessthan 32000,235
2012-10-05 05:00,3517636,lessthan 32768,96
2012-10-05 05:00,3517367,lessthan 48000,13
2012-10-05 06:00,3524394,lessthan 32000,140
2012-10-05 06:00,3517636,lessthan 32768,49
2012-10-05 06:00,3517367,lessthan 48000,11
2012-10-05 07:00,3524394,lessthan 32000,276
2012-10-05 07:00,3517636,lessthan 32768,110
2012-10-05 07:00,3517367,lessthan 48000,21
2012-10-05 08:00,3524394,lessthan 32000,287
2012-10-05 08:00,3517636,lessthan 32768,3
2012-10-05 08:00,3517367,lessthan 48000,8
2012-10-05 09:00,3524394,lessthan 32000,223
2012-10-05 09:00,3517636,lessthan 32768,0
2012-10-05 09:00,3517367,lessthan 48000,2
2012-10-05 10:00,3524394,lessthan 32000,326
2012-10-05 10:00,3517636,lessthan 32768,5
2012-10-05 10:00,3517367,lessthan 48000,31
2012-10-05 11:00,3524394,lessthan 32000,62
2012-10-05 11:00,3517636,lessthan 32768,11
2012-10-05 11:00,3517367,lessthan 48000,30
2012-10-05 12:00,3524394,lessthan 32000,11
2012-10-05 12:00,3517636,lessthan 32768,40
2012-10-05 12:00,3517367,lessthan 48000,6
2012-10-05 13:00,3524394,lessthan 32000,34
2012-10-05 13:00,3517636,lessthan 32768,33
2012-10-05 13:00,3517367,lessthan 48000,14
2012-10-05 14:00,3524394,lessthan 32000,210
2012-10-05 14:00,3517636,lessthan 32768,104
2012-10-05 14:00,3517367,lessthan 48000,25
2012-10-05 15:00,3524394,lessthan 32000,98
2012-10-05 15:00,3517636,lessthan 32768,75
2012-10-05 15:00,3517367,lessthan 48000,64
2012-10-05 16:00,3524394,lessthan 32000,369
2012-10-05 16:00,3517636,lessthan 32768,146
2012-10-05 16:00,3517367,lessthan 48000,17
2012-10-05 17:00,3524394,lessthan 32000,118
2012-10-05 17:00,3517636,lessthan 32768,67
2012-10-05 17:00,3517367,lessthan 48000,6
2012-10-05 18:00,3524394,lessthan 32000,252
2012-10-05 18:00,3517636,lessthan 32768,73
2012-10-05 18:00,3517367,lessthan 48000,7
2012-10-05 19:00,3524394,lessthan 32000,440
2012-10-05 19:00,3517636,lessthan 32768,37
2012-10-05 19:00,3517367,lessthan 48000,7
2012-10-05 20:00,3524394,lessthan 32000,449
2012-10-05 20:00,3517636,lessthan 32768,26
2012-10-05 20:00,3517367,lessthan 48000,28
2012-10-05 21:00,3524394,lessthan 32000,365
2012-10-05 21:00,3517636,lessthan 32768,43
2012-10-05 21:00,3517367,lessthan 48000,14
2012-10-05 22:00,3524394,lessthan 32000,231
2012-10-05 22:00,3517636,lessthan 32768,29
2012-10-05 22:00,3517367,lessthan 48000,12
2012-10-05 23:00,3524394,lessthan 32000,465
2012-10-05 23:00,3517636,lessthan 32768,109
2012-10-05 23:00,3517367,lessthan 48000,26
2012-10-06 00:00,3524394,lessthan 32000,69
2012-10-06 00:00,3517636,lessthan 32768,21
2012-10-06 00:00,3517367,lessthan 48000,8
2012-10-06 01:00,3524394,lessthan 32000,164
2012-10-06 01:00,3517636,lessthan 32768,72
2012-10-06 01:00,3517367,lessthan 48000,53
2012-10-06 02:00,3524394,lessthan 32000,122
2012-10-06 02:00,3517636,lessthan 32768,74
2012-10-06 02:00,3517367,lessthan 48000,8
2012-10-06 03:00,3524394,lessthan 32000,370
2012-10-06 03:00,3517636,lessthan 32768,175
2012-10-06 03:00,3517367,lessthan 48000,9
2012-10-06 04:00,3524394,lessthan 32000,250
2012-10-06 04:00,3517636,lessthan 32768,117
2012-10-06 04:00,3517367,lessthan 48000,8
2012-10-06 05:00,3524394,lessthan 32000,268
2012-10-06 05:00,3517636,lessthan 32768,179
2012-10-06 05:00,3517367,lessthan 48000,5
2012-10-06 06:00,3524394,lessthan 32000,192
2012-10-06 06:00,3517636,lessthan 32768,162
2012-10-06 06:00,3517367,lessthan 48000,6
2012-10-06 07:00,3524394,lessthan 32000,208
2012-10-06 07:00,3517636,lessthan 32768,147
2012-10-06 07:00,3517367,lessthan 48000,6
2012-10-06 08:00,3524394,lessthan 32000,428
2012-10-06 08:00,3517636,lessthan 32768,244
2012-10-06 08:00,3517367,lessthan 48000,28
2012-10-06 09:00,3524394,lessthan 32000,439
2012-10-06 09:00,3517636,lessthan 32768,180
2012-10-06 09:00,3517367,lessthan 48000,24
2012-10-06 10:00,3524394,lessthan 32000,158
2012-10-06 10:00,3517636,lessthan 32768,44
2012-10-06 10:00,3517367,lessthan 48000,23
2012-10-06 11:00,3524394,lessthan 32000,194
2012-10-06 11:00,3517636,lessthan 32768,83
2012-10-06 11:00,3517367,lessthan 48000,21
2012-10-06 12:00,3524394,lessthan 32000,69
2012-10-06 12:00,3517636,lessthan 32768,54
2012-10-06 12:00,3517367,lessthan 48000,0
2012-10-06 13:00,3524394,lessthan 32000,2
2012-10-06 13:00,3517636,lessthan 32768,1
2012-10-06 13:00,3517367,lessthan 48000,0
2012-10-06 14:00,3524394,lessthan 32000,436
2012-10-06 14:00,3517636,lessthan 32768,172
2012-10-06 14:00,3517367,lessthan 48000,7
2012-10-06 15:00,3524394,lessthan 32000,205
2012-10-06 15:00,3517636,lessthan 32768,52
2012-10-06 15:00,3517367,lessthan 48000,19
2012-10-06 16:00,3524394,lessthan 32000,386
2012-10-06 16:00,3517636,lessthan 32768,120
2012-10-06 16:00,3517367,lessthan 48000,4
2012-10-06 17:00,3524394,lessthan 32000,252
2012-10-06 17:00,3517636,lessthan 32768,82
2012-10-06 17:00,3517367,lessthan 48000,21
2012-10-06 18:00,3524394,lessthan 32000,305
2012-10-06 18:00,3517636,lessthan 32768,60
2012-10-06 18:00,3517367,lessthan 48000,30
2012-10-06 19:00,3524394,lessthan 32000,130
2012-10-06 19:00,3517636,lessthan 32768,67
2012-10-06 19:00,3517367,lessthan 48000,28
2012-10-06 20:00,3524394,lessthan 32000,156
2012-10-06 20:00,3517636,lessthan 32768,28
2012-10-06 20:00,3517367,lessthan 48000,27
2012-10-06 21:00,3524394,lessthan 32000,434
2012-10-06 21:00,3517636,lessthan 32768,66
2012-10-06 21:00,3517367,lessthan 48000,25
2012-10-06 22:00,3524394,lessthan 32000,190
2012-10-06 22:00,3517636,lessthan 32768,36
2012-10-06 22:00,3517367,lessthan 48000,1
2012-10-06 23:00,3524394,lessthan 32000,344
2012-10-06 23:00,3517636,lessthan 32768,17
2012-10-06 23:00,3517367,lessthan 48000,15
2012-10-07 00:00,3524394,lessthan 32000,205
2012-10-07 00:00,3517636,lessthan 32768,4
2012-10-07 00:00,3517367,lessthan 48000,11
2012-10-07 01:00,3524394,lessthan 32000,195
2012-10-07 01:00,3517636,lessthan 32768,0
2012-10-07 01:00,3517367,lessthan 48000,10
2012-10-07 02:00,3524394,lessthan 32000,141
2012-10-07 02:00,3517636,lessthan 32768,29
2012-10-07 02:00,3517367,lessthan 48000,44
2012-10-07 03:00,3524394,lessthan 32000,109
2012-10-07 03:00,3517636,lessthan 32768,1
2012-10-07 03:00,3517367,lessthan 48000,26
2012-10-07 04:00,3524394,lessthan 32000,150
2012-10-07 04:00,3517636,lessthan 32768,0
2012-10-07 04:00,3517367,lessthan 48000,0
2012-10-07 05:00,3524394,lessthan 32000,30
2012-10-07 05:00,3517636,lessthan 32768,25
2012-10-07 05:00,3517367,lessthan 48000,7
2012-10-07 06:00,3524394,lessthan 32000,44
2012-10-07 06:00,3517636,lessthan 32768,6
2012-10-07 06:00,3517367,lessthan 48000,1
2012-10-07 07:00,3524394,lessthan 32000,148
2012-10-07 07:00,3517636,lessthan 32768,4
2012-10-07 07:00,3517367,lessthan 48000,23
2012-10-07 08:00,3524394,lessthan 32000,404
2012-10-07 08:00,3517636,lessthan 32768,98
2012-10-07 08:00,3517367,lessthan 48000,9
2012-10-07 09:00,3524394,lessthan 32000,215
2012-10-07 09:00,3517636,lessthan 32768,34
2012-10-07 09:00,3517367,lessthan 48000,1
2012-10-07 10:00,3524394,lessthan 32000,436
2012-10-07 10:00,3517636,lessthan 32768,0
2012-10-07 10:00,3517367,lessthan 48000,2
2012-10-07 11:00,3524394,lessthan 32000,427
2012-10-07 11:00,3517636,lessthan 32768,100
2012-10-07 11:00,3517367,lessthan 48000,4
2012-10-07 12:00,3524394,lessthan 32000,198
2012-10-07 12:00,3517636,lessthan 32768,142
2012-10-07 12:00,3517367,lessthan 48000,0
2012-10-07 13:00,3524394,lessthan 32000,112
2012-10-07 13:00,3517636,lessthan 32768,69
2012-10-07 13:00,3517367,lessthan 48000,4
2012-10-07 14:00,3524394,lessthan 32000,306
2012-10-07 14:00,3517636,lessthan 32768,119
2012-10-07 14:00,3517367,lessthan 48000,9
2012-10-07 15:00,3524394,lessthan 32000,200
2012-10-07 15:00,3517636,lessthan 32768,119
2012-10-07 15:00,3517367,lessthan 48000,1
2012-10-07 16:00,3524394,lessthan 32000,124
2012-10-07 16:00,3517636,lessthan 32768,111
2012-10-07 16:00,3517367,lessthan 48000,11
2012-10-07 17:00,3524394,lessthan 32000,373
2012-10-07 17:00,3517636,lessthan 32768,60
2012-10-07 17:00,3517367,lessthan 48000,30
2012-10-07 18:00,3524394,lessthan 32000,407
2012-10-07 18:00,3517636,lessthan 32768,109
2012-10-07 18:00,3517367,lessthan 48000,24
2012-10-07 19:00,3524394,lessthan 32000,212
2012-10-07 19:00,3517636,lessthan 32768,116
2012-10-07 19:00,3517367,lessthan 48000,8
2012-10-07 20:00,3524394,lessthan 32000,189
2012-10-07 20:00,3517636,lessthan 32768,54
2012-10-07 20:00,3517367,lessthan 48000,3
2012-10-07 21:00,3524394,lessthan 32000,274
2012-10-07 21:00,3517636,lessthan 32768,61
2012-10-07 21:00,3517367,lessthan 48000,14
2012-10-07 22:00,3524394,lessthan 32000,418
2012-10-07 22:00,3517636,lessthan 32768,97
2012-10-07 22:00,3517367,lessthan 48000,10
2012-10-07 23:00,3524394,lessthan 32000,302
2012-10-07 23:00,3517636,lessthan 32768,123
2012-10-07 23:00,3517367,lessthan 48000,4
2012-10-08 00:00,3524394,lessthan 32000,236
2012-10-08 00:00,3517636,lessthan 32768,140
2012-10-08 00:00,3517367,lessthan 48000,7
2012-10-08 01:00,3524394,lessthan 32000,235
2012-10-08 01:00,3517636,lessthan 32768,126
2012-10-08 01:00,3517367,lessthan 48000,77
2012-10-08 02:00,3524394,lessthan 32000,175
2012-10-08 02:00,3517636,lessthan 32768,85
2012-10-08 02:00,3517367,lessthan 48000,4
2012-10-08 03:00,3524394,lessthan 32000,315
2012-10-08 03:00,3517636,lessthan 32768,177
2012-10-08 03:00,3517367,lessthan 48000,43
2012-10-08 04:00,3524394,lessthan 32000,124
2012-10-08 04:00,3517636,lessthan 32768,91
2012-10-08 04:00,3517367,lessthan 48000,0
2012-10-08 05:00,3524394,lessthan 32000,212
2012-10-08 05:00,3517636,lessthan 32768,177
2012-10-08 05:00,3517367,lessthan 48000,21
2012-10-08 06:00,3524394,lessthan 32000,318
2012-10-08 06:00,3517636,lessthan 32768,208
2012-10-08 06:00,3517367,lessthan 48000,14
2012-10-08 07:00,3524394,lessthan 32000,281
2012-10-08 07:00,3517636,lessthan 32768,146
2012-10-08 07:00,3517367,lessthan 48000,6
2012-10-08 08:00,3524394,lessthan 32000,339
2012-10-08 08:00,3517636,lessthan 32768,112
2012-10-08 08:00,3517367,lessthan 48000,12
2012-10-08 09:00,3524394,lessthan 32000,322
2012-10-08 09:00,3517636,lessthan 32768,110
2012-10-08 09:00,3517367,lessthan 48000,5
2012-10-08 10:00,3524394,lessthan 32000,233
2012-10-08 10:00,3517636,lessthan 32768,23
2012-10-08 10:00,3517367,lessthan 48000,1
2012-10-08 11:00,3524394,lessthan 32000,408
2012-10-08 11:00,3517636,lessthan 32768,226
2012-10-08 11:00,3517367,lessthan 48000,19
2012-10-08 12:00,3524394,lessthan 32000,225
2012-10-08 12:00,3517636,lessthan 32768,147
2012-10-08 12:00,3517367,lessthan 48000,33
2012-10-08 13:00,3524394,lessthan 32000,87
2012-10-08 13:00,3517636,lessthan 32768,40
2012-10-08 13:00,3517367,lessthan 48000,17
2012-10-08 14:00,3524394,lessthan 32000,731
2012-10-08 14:00,3517636,lessthan 32768,128
2012-10-08 14:00,3517367,lessthan 48000,43
2012-10-08 15:00,3524394,lessthan 32000,337
2012-10-08 15:00,3517636,lessthan 32768,103
2012-10-08 15:00,3517367,lessthan 48000,30
2012-10-08 16:00,3524394,lessthan 32000,267
2012-10-08 16:00,3517636,lessthan 32768,133
2012-10-08 16:00,3517367,lessthan 48000,46
2012-10-08 17:00,3524394,lessthan 32000,202
2012-10-08 17:00,3517636,lessthan 32768,95
2012-10-08 17:00,3517367,lessthan 48000,34
2012-10-08 18:00,3524394,lessthan 32000,184
2012-10-08 18:00,3517636,lessthan 32768,107
2012-10-08 18:00,3517367,lessthan 48000,77
2012-10-08 19:00,3524394,lessthan 32000,81
2012-10-08 19:00,3517636,lessthan 32768,71
2012-10-08 19:00,3517367,lessthan 48000,12
2012-10-08 20:00,3524394,lessthan 32000,216
2012-10-08 20:00,3517636,lessthan 32768,148
2012-10-08 20:00,3517367,lessthan 48000,84
2012-10-08 21:00,3524394,lessthan 32000,277
2012-10-08 21:00,3517636,lessthan 32768,147
2012-10-08 21:00,3517367,lessthan 48000,31
2012-10-08 22:00,3524394,lessthan 32000,189
2012-10-08 22:00,3517636,lessthan 32768,17
2012-10-08 22:00,3517367,lessthan 48000,7
2012-10-08 23:00,3524394,lessthan 32000,288
2012-10-08 23:00,3517636,lessthan 32768,16
2012-10-08 23:00,3517367,lessthan 48000,60
2012-10-09 00:00,3524394,lessthan 32000,150
2012-10-09 00:00,3517636,lessthan 32768,43
2012-10-09 00:00,3517367,lessthan 48000,19
2012-10-09 01:00,3524394,lessthan 32000,0
2012-10-09 01:00,3517636,lessthan 32768,1
2012-10-09 01:00,3517367,lessthan 48000,0
2012-10-09 02:00,3524394,lessthan 32000,286
2012-10-09 02:00,3517636,lessthan 32768,65
2012-10-09 02:00,3517367,lessthan 48000,78
2012-10-09 03:00,3524394,lessthan 32000,215
2012-10-09 03:00,3517636,lessthan 32768,4
2012-10-09 03:00,3517367,lessthan 48000,17
2012-10-09 04:00,3524394,lessthan 32000,153
2012-10-09 04:00,3517636,lessthan 32768,13
2012-10-09 04:00,3517367,lessthan 48000,31
2012-10-09 05:00,3524394,lessthan 32000,138
2012-10-09 05:00,3517636,lessthan 32768,3
2012-10-09 05:00,3517367,lessthan 48000,8
2012-10-09 06:00,3524394,lessthan 32000,183
2012-10-09 06:00,3517636,lessthan 32768,12
2012-10-09 06:00,3517367,lessthan 48000,7
2012-10-09 07:00,3524394,lessthan 32000,233
2012-10-09 07:00,3517636,lessthan 32768,5
2012-10-09 07:00,3517367,lessthan 48000,5
2012-10-09 08:00,3524394,lessthan 32000,110
2012-10-09 08:00,3517636,lessthan 32768,5
2012-10-09 08:00,3517367,lessthan 48000,3
2012-10-09 09:00,3524394,lessthan 32000,149
2012-10-09 09:00,3517636,lessthan 32768,36
2012-10-09 09:00,3517367,lessthan 48000,0
2012-10-09 10:00,3524394,lessthan 32000,177
2012-10-09 10:00,3517636,lessthan 32768,9
2012-10-09 10:00,3517367,lessthan 48000,1
2012-10-09 11:00,3524394,lessthan 32000,22
2012-10-09 11:00,3517636,lessthan 32768,35
2012-10-09 11:00,3517367,lessthan 48000,8
2012-10-09 12:00,3524394,lessthan 32000,14
2012-10-09 12:00,3517636,lessthan 32768,28
2012-10-09 12:00,3517367,lessthan 48000,0
2012-10-09 13:00,3524394,lessthan 32000,81
2012-10-09 13:00,3517636,lessthan 32768,69
2012-10-09 13:00,3517367,lessthan 48000,20
2012-10-09 14:00,3524394,lessthan 32000,291
2012-10-09 14:00,3517636,lessthan 32768,47
2012-10-09 14:00,3517367,lessthan 48000,61
2012-10-09 15:00,3524394,lessthan 32000,188
2012-10-09 15:00,3517636,lessthan 32768,37
2012-10-09 15:00,3517367,lessthan 48000,33
2012-10-09 16:00,3524394,lessthan 32000,247
2012-10-09 16:00,3517636,lessthan 32768,55
2012-10-09 16:00,3517367,lessthan 48000,25
2012-10-09 17:00,3524394,lessthan 32000,308
2012-10-09 17:00,3517636,lessthan 32768,15
2012-10-09 17:00,3517367,lessthan 48000,58
2012-10-09 18:00,3524394,lessthan 32000,417
2012-10-09 18:00,3517636,lessthan 32768,46
2012-10-09 18:00,3517367,lessthan 48000,22
2012-10-09 19:00,3524394,lessthan 32000,242
2012-10-09 19:00,3517636,lessthan 32768,28
2012-10-09 19:00,3517367,lessthan 48000,26
2012-10-09 20:00,3524394,lessthan 32000,59
2012-10-09 20:00,3517636,lessthan 32768,161
2012-10-09 20:00,3517367,lessthan 48000,15
2012-10-09 21:00,3524394,lessthan 32000,338
2012-10-09 21:00,3517636,lessthan 32768,30
2012-10-09 21:00,3517367,lessthan 48000,53
2012-10-09 22:00,3524394,lessthan 32000,693
2012-10-09 22:00,3517636,lessthan 32768,61
2012-10-09 22:00,3517367,lessthan 48000,17
2012-10-09 23:00,3524394,lessthan 32000,275
2012-10-09 23:00,3517636,lessthan 32768,88
2012-10-09 23:00,3517367,lessthan 48000,5
2012-10-10 00:00,3524394,lessthan 32000,274
2012-10-10 00:00,3517636,lessthan 32768,41
2012-10-10 00:00,3517367,lessthan 48000,1
2012-10-10 01:00,3524394,lessthan 32000,140
2012-10-10 01:00,3517636,lessthan 32768,24
2012-10-10 01:00,3517367,lessthan 48000,3
2012-10-10 02:00,3524394,lessthan 32000,243
2012-10-10 02:00,3517636,lessthan 32768,4
2012-10-10 02:00,3517367,lessthan 48000,24
2012-10-10 03:00,3524394,lessthan 32000,155
2012-10-10 03:00,3517636,lessthan 32768,4
2012-10-10 03:00,3517367,lessthan 48000,79
2012-10-10 04:00,3524394,lessthan 32000,59
2012-10-10 04:00,3517636,lessthan 32768,14
2012-10-10 04:00,3517367,lessthan 48000,35
2012-10-10 05:00,3524394,lessthan 32000,2
2012-10-10 05:00,3517636,lessthan 32768,0
2012-10-10 05:00,3517367,lessthan 48000,1
2012-10-10 06:00,3524394,lessthan 32000,274
2012-10-10 06:00,3517636,lessthan 32768,3
2012-10-10 06:00,3517367,lessthan 48000,30
2012-10-10 07:00,3524394,lessthan 32000,95
2012-10-10 07:00,3517636,lessthan 32768,1
2012-10-10 07:00,3517367,lessthan 48000,37
2012-10-10 08:00,3524394,lessthan 32000,250
2012-10-10 08:00,3517636,lessthan 32768,2
2012-10-10 08:00,3517367,lessthan 48000,34
2012-10-10 09:00,3524394,lessthan 32000,282
2012-10-10 09:00,3517636,lessthan 32768,29
2012-10-10 09:00,3517367,lessthan 48000,14
2012-10-10 10:00,3524394,lessthan 32000,162
2012-10-10 10:00,3517636,lessthan 32768,8
2012-10-10 10:00,3517367,lessthan 48000,23
2012-10-10 11:00,3524394,lessthan 32000,48
2012-10-10 11:00,3517636,lessthan 32768,2
2012-10-10 11:00,3517367,lessthan 48000,9
2012-10-10 12:00,3524394,lessthan 32000,2
2012-10-10 12:00,3517636,lessthan 32768,19
2012-10-10 12:00,3517367,lessthan 48000,57
2012-10-10 13:00,3524394,lessthan 32000,45
2012-10-10 13:00,3517636,lessthan 32768,30
2012-10-10 13:00,3517367,lessthan 48000,44
2012-10-10 14:00,3524394,lessthan 32000,211
2012-10-10 14:00,3517636,lessthan 32768,2
2012-10-10 14:00,3517367,lessthan 48000,81
2012-10-10 15:00,3524394,lessthan 32000,160
2012-10-10 15:00,3517636,lessthan 32768,30
2012-10-10 15:00,3517367,lessthan 48000,50
2012-10-10 16:00,3524394,lessthan 32000,190
2012-10-10 16:00,3517636,lessthan 32768,40
2012-10-10 16:00,3517367,lessthan 48000,23
2012-10-10 17:00,3524394,lessthan 32000,97
2012-10-10 17:00,3517636,lessthan 32768,22
2012-10-10 17:00,3517367,lessthan 48000,58
2012-10-10 18:00,3524394,lessthan 32000,259
2012-10-10 18:00,3517636,lessthan 32768,38
2012-10-10 18:00,3517367,lessthan 48000,46
2012-10-10 19:00,3524394,lessthan 32000,120
2012-10-10 19:00,3517636,lessthan 32768,58
2012-10-10 19:00,3517367,lessthan 48000,29
2012-10-10 20:00,3524394,lessthan 32000,59
2012-10-10 20:00,3517636,lessthan 32768,37
2012-10-10 20:00,3517367,lessthan 48000,1
2012-10-10 21:00,3524394,lessthan 32000,179
2012-10-10 21:00,3517636,lessthan 32768,77
2012-10-10 21:00,3517367,lessthan 48000,24
2012-10-10 22:00,3524394,lessthan 32000,134
2012-10-10 22:00,3517636,lessthan 32768,38
2012-10-10 22:00,3517367,lessthan 48000,39
2012-10-10 23:00,3524394,lessthan 32000,58
2012-10-10 23:00,3517636,lessthan 32768,89
2012-10-10 23:00,3517367,lessthan 48000,7
2012-10-11 00:00,3524394,lessthan 32000,93
2012-10-11 00:00,3517636,lessthan 32768,69
2012-10-11 00:00,3517367,lessthan 48000,15
2012-10-11 01:00,3524394,lessthan 32000,156
2012-10-11 01:00,3517636,lessthan 32768,74
2012-10-11 01:00,3517367,lessthan 48000,12
2012-10-11 02:00,3524394,lessthan 32000,35
2012-10-11 02:00,3517636,lessthan 32768,80
2012-10-11 02:00,3517367,lessthan 48000,2
2012-10-11 03:00,3524394,lessthan 32000,25
2012-10-11 03:00,3517636,lessthan 32768,28
2012-10-11 03:00,3517367,lessthan 48000,1
2012-10-11 04:00,3524394,lessthan 32000,62
2012-10-11 04:00,3517636,lessthan 32768,40
2012-10-11 04:00,3517367,lessthan 48000,17
2012-10-11 05:00,3524394,lessthan 32000,113
2012-10-11 05:00,3517636,lessthan 32768,85
2012-10-11 05:00,3517367,lessthan 48000,26
2012-10-11 06:00,3524394,lessthan 32000,76
2012-10-11 06:00,3517636,lessthan 32768,113
2012-10-11 06:00,3517367,lessthan 48000,24
2012-10-11 07:00,3524394,lessthan 32000,48
2012-10-11 07:00,3517636,lessthan 32768,47
2012-10-11 07:00,3517367,lessthan 48000,1
2012-10-11 08:00,3524394,lessthan 32000,86
2012-10-11 08:00,3517636,lessthan 32768,0
2012-10-11 08:00,3517367,lessthan 48000,8
2012-10-11 09:00,3524394,lessthan 32000,66
2012-10-11 09:00,3517636,lessthan 32768,0
2012-10-11 09:00,3517367,lessthan 48000,17
2012-10-11 10:00,3524394,lessthan 32000,50
2012-10-11 10:00,3517636,lessthan 32768,0
2012-10-11 10:00,3517367,lessthan 48000,2
2012-10-11 11:00,3524394,lessthan 32000,34
2012-10-11 11:00,3517636,lessthan 32768,0
2012-10-11 11:00,3517367,lessthan 48000,9
2012-10-11 12:00,3524394,lessthan 32000,26
2012-10-11 12:00,3517636,lessthan 32768,13
2012-10-11 12:00,3517367,lessthan 48000,1
2012-10-11 13:00,3524394,lessthan 32000,35
2012-10-11 13:00,3517636,lessthan 32768,85
2012-10-11 13:00,3517367,lessthan 48000,6
2012-10-11 14:00,3524394,lessthan 32000,68
2012-10-11 14:00,3517636,lessthan 32768,33
2012-10-11 14:00,3517367,lessthan 48000,32
2012-10-11 15:00,3524394,lessthan 32000,80
2012-10-11 15:00,3517636,lessthan 32768,39
2012-10-11 15:00,3517367,lessthan 48000,19
2012-10-11 16:00,3524394,lessthan 32000,4
2012-10-11 16:00,3517636,lessthan 32768,1
2012-10-11 16:00,3517367,lessthan 48000,0
2012-10-11 17:00,3524394,lessthan 32000,130
2012-10-11 17:00,3517636,lessthan 32768,81
2012-10-11 17:00,3517367,lessthan 48000,44
2012-10-11 18:00,3524394,lessthan 32000,52
2012-10-11 18:00,3517636,lessthan 32768,31
2012-10-11 18:00,3517367,lessthan 48000,36
2012-10-11 19:00,3524394,lessthan 32000,87
2012-10-11 19:00,3517636,lessthan 32768,64
2012-10-11 19:00,3517367,lessthan 48000,85
2012-10-11 20:00,3524394,lessthan 32000,31
2012-10-11 20:00,3517636,lessthan 32768,78
2012-10-11 20:00,3517367,lessthan 48000,13
2012-10-11 21:00,3524394,lessthan 32000,21
2012-10-11 21:00,3517636,lessthan 32768,54
2012-10-11 21:00,3517367,lessthan 48000,23
2012-10-11 22:00,3524394,lessthan 32000,68
2012-10-11 22:00,3517636,lessthan 32768,72
2012-10-11 22:00,3517367,lessthan 48000,8
2012-10-11 23:00,3524394,lessthan 32000,65
2012-10-11 23:00,3517636,lessthan 32768,76
2012-10-11 23:00,3517367,lessthan 48000,4
2012-10-12 00:00,3524394,lessthan 32000,94
2012-10-12 00:00,3517636,lessthan 32768,81
2012-10-12 00:00,3517367,lessthan 48000,6
2012-10-12 01:00,3524394,lessthan 32000,92
2012-10-12 01:00,3517636,lessthan 32768,132
2012-10-12 01:00,3517367,lessthan 48000,10
2012-10-12 02:00,3524394,lessthan 32000,60
2012-10-12 02:00,3517636,lessthan 32768,77
2012-10-12 02:00,3517367,lessthan 48000,6
2012-10-12 03:00,3524394,lessthan 32000,45
2012-10-12 03:00,3517636,lessthan 32768,31
2012-10-12 03:00,3517367,lessthan 48000,8
2012-10-12 04:00,3524394,lessthan 32000,15
2012-10-12 04:00,3517636,lessthan 32768,32
2012-10-12 04:00,3517367,lessthan 48000,6
2012-10-12 05:00,3524394,lessthan 32000,57
2012-10-12 05:00,3517636,lessthan 32768,22
2012-10-12 05:00,3517367,lessthan 48000,3
2012-10-12 06:00,3524394,lessthan 32000,30
2012-10-12 06:00,3517636,lessthan 32768,55
2012-10-12 06:00,3517367,lessthan 48000,2
2012-10-12 07:00,3524394,lessthan 32000,29
2012-10-12 07:00,3517636,lessthan 32768,33
2012-10-12 07:00,3517367,lessthan 48000,24
2012-10-12 08:00,3524394,lessthan 32000,51
2012-10-12 08:00,3517636,lessthan 32768,91
2012-10-12 08:00,3517367,lessthan 48000,79
2012-10-12 09:00,3524394,lessthan 32000,96
2012-10-12 09:00,3517636,lessthan 32768,183
2012-10-12 09:00,3517367,lessthan 48000,35
2012-10-12 10:00,3524394,lessthan 32000,66
2012-10-12 10:00,3517636,lessthan 32768,58
2012-10-12 10:00,3517367,lessthan 48000,7
2012-10-12 11:00,3524394,lessthan 32000,111
2012-10-12 11:00,3517636,lessthan 32768,3
2012-10-12 11:00,3517367,lessthan 48000,8
2012-10-12 12:00,3524394,lessthan 32000,8
2012-10-12 12:00,3517636,lessthan 32768,0
2012-10-12 12:00,3517367,lessthan 48000,1
2012-10-12 13:00,3524394,lessthan 32000,73
2012-10-12 13:00,3517636,lessthan 32768,0
2012-10-12 13:00,3517367,lessthan 48000,9
2012-10-12 14:00,3524394,lessthan 32000,57
2012-10-12 14:00,3517636,lessthan 32768,0
2012-10-12 14:00,3517367,lessthan 48000,43
2012-10-12 15:00,3524394,lessthan 32000,20
2012-10-12 15:00,3517636,lessthan 32768,0
2012-10-12 15:00,3517367,lessthan 48000,28
2012-10-12 16:00,3524394,lessthan 32000,115
2012-10-12 16:00,3517636,lessthan 32768,3
2012-10-12 16:00,3517367,lessthan 48000,2
2012-10-12 17:00,3524394,lessthan 32000,242
2012-10-12 17:00,3517636,lessthan 32768,32
2012-10-12 17:00,3517367,lessthan 48000,8
2012-10-12 18:00,3524394,lessthan 32000,248
2012-10-12 18:00,3517636,lessthan 32768,56
2012-10-12 18:00,3517367,lessthan 48000,18
2012-10-12 19:00,3524394,lessthan 32000,178
2012-10-12 19:00,3517636,lessthan 32768,87
2012-10-12 19:00,3517367,lessthan 48000,36
2012-10-12 20:00,3524394,lessthan 32000,142
2012-10-12 20:00,3517636,lessthan 32768,62
2012-10-12 20:00,3517367,lessthan 48000,38
2012-10-12 21:00,3524394,lessthan 32000,91
2012-10-12 21:00,3517636,lessthan 32768,62
2012-10-12 21:00,3517367,lessthan 48000,1
2012-10-12 22:00,3524394,lessthan 32000,186
2012-10-12 22:00,3517636,lessthan 32768,61
2012-10-12 22:00,3517367,lessthan 48000,20
2012-10-12 23:00,3524394,lessthan 32000,114
2012-10-12 23:00,3517636,lessthan 32768,29
2012-10-12 23:00,3517367,lessthan 48000,5
2012-10-13 00:00,3524394,lessthan 32000,100
2012-10-13 00:00,3517636,lessthan 32768,15
2012-10-13 00:00,3517367,lessthan 48000,7
2012-10-13 01:00,3524394,lessthan 32000,135
2012-10-13 01:00,3517636,lessthan 32768,55
2012-10-13 01:00,3517367,lessthan 48000,8
2012-10-13 02:00,3524394,lessthan 32000,52
2012-10-13 02:00,3517636,lessthan 32768,34
2012-10-13 02:00,3517367,lessthan 48000,0
2012-10-13 03:00,3524394,lessthan 32000,148
2012-10-13 03:00,3517636,lessthan 32768,19
2012-10-13 03:00,3517367,lessthan 48000,1
2012-10-13 04:00,3524394,lessthan 32000,188
2012-10-13 04:00,3517636,lessthan 32768,34
2012-10-13 04:00,3517367,lessthan 48000,5
2012-10-13 05:00,3524394,lessthan 32000,32
2012-10-13 05:00,3517636,lessthan 32768,77
2012-10-13 05:00,3517367,lessthan 48000,3
2012-10-13 06:00,3524394,lessthan 32000,92
2012-10-13 06:00,3517636,lessthan 32768,112
2012-10-13 06:00,3517367,lessthan 48000,26
2012-10-13 07:00,3524394,lessthan 32000,88
2012-10-13 07:00,3517636,lessthan 32768,131
2012-10-13 07:00,3517367,lessthan 48000,3
2012-10-13 08:00,3524394,lessthan 32000,61
2012-10-13 08:00,3517636,lessthan 32768,9
2012-10-13 08:00,3517367,lessthan 48000,1
2012-10-13 09:00,3524394,lessthan 32000,159
2012-10-13 09:00,3517636,lessthan 32768,17
2012-10-13 09:00,3517367,lessthan 48000,4
2012-10-13 10:00,3524394,lessthan 32000,56
2012-10-13 10:00,3517636,lessthan 32768,7
2012-10-13 10:00,3517367,lessthan 48000,1
2012-10-13 11:00,3524394,lessthan 32000,103
2012-10-13 11:00,3517636,lessthan 32768,0
2012-10-13 11:00,3517367,lessthan 48000,9
2012-10-13 12:00,3524394,lessthan 32000,224
2012-10-13 12:00,3517636,lessthan 32768,4
2012-10-13 12:00,3517367,lessthan 48000,4
2012-10-13 13:00,3524394,lessthan 32000,94
2012-10-13 13:00,3517636,lessthan 32768,51
2012-10-13 13:00,3517367,lessthan 48000,14
2012-10-13 14:00,3524394,lessthan 32000,241
2012-10-13 14:00,3517636,lessthan 32768,29
2012-10-13 14:00,3517367,lessthan 48000,9
2012-10-13 15:00,3524394,lessthan 32000,157
2012-10-13 15:00,3517636,lessthan 32768,12
2012-10-13 15:00,3517367,lessthan 48000,9
2012-10-13 16:00,3524394,lessthan 32000,83
2012-10-13 16:00,3517636,lessthan 32768,29
2012-10-13 16:00,3517367,lessthan 48000,2
2012-10-13 17:00,3524394,lessthan 32000,58
2012-10-13 17:00,3517636,lessthan 32768,0
2012-10-13 17:00,3517367,lessthan 48000,22
2012-10-13 18:00,3524394,lessthan 32000,48
2012-10-13 18:00,3517636,lessthan 32768,0
2012-10-13 18:00,3517367,lessthan 48000,30
2012-10-13 19:00,3524394,lessthan 32000,61
2012-10-13 19:00,3517636,lessthan 32768,97
2012-10-13 19:00,3517367,lessthan 48000,22
2012-10-13 20:00,3524394,lessthan 32000,64
2012-10-13 20:00,3517636,lessthan 32768,106
2012-10-13 20:00,3517367,lessthan 48000,36
2012-10-13 21:00,3524394,lessthan 32000,138
2012-10-13 21:00,3517636,lessthan 32768,37
2012-10-13 21:00,3517367,lessthan 48000,31
2012-10-13 22:00,3524394,lessthan 32000,238
2012-10-13 22:00,3517636,lessthan 32768,47
2012-10-13 22:00,3517367,lessthan 48000,13
2012-10-13 23:00,3524394,lessthan 32000,149
2012-10-13 23:00,3517636,lessthan 32768,25
2012-10-13 23:00,3517367,lessthan 48000,14
2012-10-14 00:00,3524394,lessthan 32000,107
2012-10-14 00:00,3517636,lessthan 32768,56
2012-10-14 00:00,3517367,lessthan 48000,26
2012-10-14 01:00,3524394,lessthan 32000,139
2012-10-14 01:00,3517636,lessthan 32768,49
2012-10-14 01:00,3517367,lessthan 48000,2
2012-10-14 02:00,3524394,lessthan 32000,108
2012-10-14 02:00,3517636,lessthan 32768,3
2012-10-14 02:00,3517367,lessthan 48000,6
2012-10-14 03:00,3524394,lessthan 32000,44
2012-10-14 03:00,3517636,lessthan 32768,0
2012-10-14 03:00,3517367,lessthan 48000,34
2012-10-14 04:00,3524394,lessthan 32000,95
2012-10-14 04:00,3517636,lessthan 32768,24
2012-10-14 04:00,3517367,lessthan 48000,21
2012-10-14 05:00,3524394,lessthan 32000,20
2012-10-14 05:00,3517636,lessthan 32768,16
2012-10-14 05:00,3517367,lessthan 48000,13
2012-10-14 06:00,3524394,lessthan 32000,20
2012-10-14 06:00,3517636,lessthan 32768,33
2012-10-14 06:00,3517367,lessthan 48000,13
2012-10-14 07:00,3524394,lessthan 32000,138
2012-10-14 07:00,3517636,lessthan 32768,11
2012-10-14 07:00,3517367,lessthan 48000,16
2012-10-14 08:00,3524394,lessthan 32000,205
2012-10-14 08:00,3517636,lessthan 32768,19
2012-10-14 08:00,3517367,lessthan 48000,13
2012-10-14 09:00,3524394,lessthan 32000,93
2012-10-14 09:00,3517636,lessthan 32768,6
2012-10-14 09:00,3517367,lessthan 48000,7
2012-10-14 10:00,3524394,lessthan 32000,173
2012-10-14 10:00,3517636,lessthan 32768,66
2012-10-14 10:00,3517367,lessthan 48000,22
2012-10-14 11:00,3524394,lessthan 32000,90
2012-10-14 11:00,3517636,lessthan 32768,68
2012-10-14 11:00,3517367,lessthan 48000,21
2012-10-14 12:00,3524394,lessthan 32000,28
2012-10-14 12:00,3517636,lessthan 32768,0
2012-10-14 12:00,3517367,lessthan 48000,1
2012-10-14 13:00,3524394,lessthan 32000,108
2012-10-14 13:00,3517636,lessthan 32768,0
2012-10-14 13:00,3517367,lessthan 48000,3
2012-10-14 14:00,3524394,lessthan 32000,331
2012-10-14 14:00,3517636,lessthan 32768,178
2012-10-14 14:00,3517367,lessthan 48000,9
2012-10-14 15:00,3524394,lessthan 32000,172
2012-10-14 15:00,3517636,lessthan 32768,1
2012-10-14 15:00,3517367,lessthan 48000,2
2012-10-14 16:00,3524394,lessthan 32000,304
2012-10-14 16:00,3517636,lessthan 32768,17
2012-10-14 16:00,3517367,lessthan 48000,11
2012-10-14 17:00,3524394,lessthan 32000,159
2012-10-14 17:00,3517636,lessthan 32768,51
2012-10-14 17:00,3517367,lessthan 48000,23
2012-10-14 18:00,3524394,lessthan 32000,325
2012-10-14 18:00,3517636,lessthan 32768,66
2012-10-14 18:00,3517367,lessthan 48000,24
2012-10-14 19:00,3524394,lessthan 32000,131
2012-10-14 19:00,3517636,lessthan 32768,10
2012-10-14 19:00,3517367,lessthan 48000,4
2012-10-14 20:00,3524394,lessthan 32000,301
2012-10-14 20:00,3517636,lessthan 32768,18
2012-10-14 20:00,3517367,lessthan 48000,28
2012-10-14 21:00,3524394,lessthan 32000,137
2012-10-14 21:00,3517636,lessthan 32768,43
2012-10-14 21:00,3517367,lessthan 48000,19
2012-10-14 22:00,3524394,lessthan 32000,221
2012-10-14 22:00,3517636,lessthan 32768,23
2012-10-14 22:00,3517367,lessthan 48000,33
2012-10-14 23:00,3524394,lessthan 32000,195
2012-10-14 23:00,3517636,lessthan 32768,24
2012-10-14 23:00,3517367,lessthan 48000,9
2012-10-15 00:00,3524394,lessthan 32000,233
2012-10-15 00:00,3517636,lessthan 32768,87
2012-10-15 00:00,3517367,lessthan 48000,2
2012-10-15 01:00,3524394,lessthan 32000,144
2012-10-15 01:00,3517636,lessthan 32768,50
2012-10-15 01:00,3517367,lessthan 48000,25
2012-10-15 02:00,3524394,lessthan 32000,97
2012-10-15 02:00,3517636,lessthan 32768,29
2012-10-15 02:00,3517367,lessthan 48000,30
2012-10-15 03:00,3524394,lessthan 32000,211
2012-10-15 03:00,3517636,lessthan 32768,2
2012-10-15 03:00,3517367,lessthan 48000,6
2012-10-15 04:00,3524394,lessthan 32000,266
2012-10-15 04:00,3517636,lessthan 32768,51
2012-10-15 04:00,3517367,lessthan 48000,30
2012-10-15 05:00,3524394,lessthan 32000,77
2012-10-15 05:00,3517636,lessthan 32768,57
2012-10-15 05:00,3517367,lessthan 48000,9
2012-10-15 06:00,3524394,lessthan 32000,81
2012-10-15 06:00,3517636,lessthan 32768,75
2012-10-15 06:00,3517367,lessthan 48000,18
2012-10-15 07:00,3524394,lessthan 32000,27
2012-10-15 07:00,3517636,lessthan 32768,42
2012-10-15 07:00,3517367,lessthan 48000,4
2012-10-15 08:00,3524394,lessthan 32000,82
2012-10-15 08:00,3517636,lessthan 32768,71
2012-10-15 08:00,3517367,lessthan 48000,16
2012-10-15 09:00,3524394,lessthan 32000,99
2012-10-15 09:00,3517636,lessthan 32768,50
2012-10-15 09:00,3517367,lessthan 48000,22
2012-10-15 10:00,3524394,lessthan 32000,191
2012-10-15 10:00,3517636,lessthan 32768,29
2012-10-15 10:00,3517367,lessthan 48000,14
2012-10-15 11:00,3524394,lessthan 32000,101
2012-10-15 11:00,3517636,lessthan 32768,5
2012-10-15 11:00,3517367,lessthan 48000,4
2012-10-15 12:00,3524394,lessthan 32000,66
2012-10-15 12:00,3517636,lessthan 32768,9
2012-10-15 12:00,3517367,lessthan 48000,4
2012-10-15 13:00,3524394,lessthan 32000,16
2012-10-15 13:00,3517636,lessthan 32768,11
2012-10-15 13:00,3517367,lessthan 48000,2
2012-10-15 14:00,3524394,lessthan 32000,86
2012-10-15 14:00,3517636,lessthan 32768,4
2012-10-15 14:00,3517367,lessthan 48000,11
2012-10-15 15:00,3524394,lessthan 32000,235
2012-10-15 15:00,3517636,lessthan 32768,0
2012-10-15 15:00,3517367,lessthan 48000,38
2012-10-15 16:00,3524394,lessthan 32000,521
2012-10-15 16:00,3517636,lessthan 32768,11
2012-10-15 16:00,3517367,lessthan 48000,5
2012-10-15 17:00,3524394,lessthan 32000,295
2012-10-15 17:00,3517636,lessthan 32768,31
2012-10-15 17:00,3517367,lessthan 48000,10
2012-10-15 18:00,3524394,lessthan 32000,300
2012-10-15 18:00,3517636,lessthan 32768,55
2012-10-15 18:00,3517367,lessthan 48000,92
2012-10-15 19:00,3524394,lessthan 32000,319
2012-10-15 19:00,3517636,lessthan 32768,142
2012-10-15 19:00,3517367,lessthan 48000,3
2012-10-15 20:00,3524394,lessthan 32000,198
2012-10-15 20:00,3517636,lessthan 32768,67
2012-10-15 20:00,3517367,lessthan 48000,3
2012-10-15 21:00,3524394,lessthan 32000,127
2012-10-15 21:00,3517636,lessthan 32768,46
2012-10-15 21:00,3517367,lessthan 48000,1
2012-10-15 22:00,3524394,lessthan 32000,106
2012-10-15 22:00,3517636,lessthan 32768,56
2012-10-15 22:00,3517367,lessthan 48000,3
2012-10-15 23:00,3524394,lessthan 32000,159
2012-10-15 23:00,3517636,lessthan 32768,75
2012-10-15 23:00,3517367,lessthan 48000,16
2012-10-16 00:00,3524394,lessthan 32000,17
2012-10-16 00:00,3517636,lessthan 32768,9
2012-10-16 00:00,3517367,lessthan 48000,1
2012-10-16 01:00,3524394,lessthan 32000,360
2012-10-16 01:00,3517636,lessthan 32768,82
2012-10-16 01:00,3517367,lessthan 48000,3
2012-10-16 02:00,3524394,lessthan 32000,118
2012-10-16 02:00,3517636,lessthan 32768,51
2012-10-16 02:00,3517367,lessthan 48000,9
2012-10-16 03:00,3524394,lessthan 32000,70
2012-10-16 03:00,3517636,lessthan 32768,72
2012-10-16 03:00,3517367,lessthan 48000,1
2012-10-16 04:00,3524394,lessthan 32000,114
2012-10-16 04:00,3517636,lessthan 32768,59
2012-10-16 04:00,3517367,lessthan 48000,3
2012-10-16 05:00,3524394,lessthan 32000,155
2012-10-16 05:00,3517636,lessthan 32768,110
2012-10-16 05:00,3517367,lessthan 48000,1
2012-10-16 06:00,3524394,lessthan 32000,150
2012-10-16 06:00,3517636,lessthan 32768,62
2012-10-16 06:00,3517367,lessthan 48000,0
2012-10-16 07:00,3524394,lessthan 32000,279
2012-10-16 07:00,3517636,lessthan 32768,65
2012-10-16 07:00,3517367,lessthan 48000,2
2012-10-16 08:00,3524394,lessthan 32000,335
2012-10-16 08:00,3517636,lessthan 32768,120
2012-10-16 08:00,3517367,lessthan 48000,16
2012-10-16 09:00,3524394,lessthan 32000,257
2012-10-16 09:00,3517636,lessthan 32768,59
2012-10-16 09:00,3517367,lessthan 48000,2
2012-10-16 10:00,3524394,lessthan 32000,436
2012-10-16 10:00,3517636,lessthan 32768,53
2012-10-16 10:00,3517367,lessthan 48000,15
2012-10-16 11:00,3524394,lessthan 32000,288
2012-10-16 11:00,3517636,lessthan 32768,63
2012-10-16 11:00,3517367,lessthan 48000,61
2012-10-16 12:00,3524394,lessthan 32000,186
2012-10-16 12:00,3517636,lessthan 32768,30
2012-10-16 12:00,3517367,lessthan 48000,62
2012-10-16 13:00,3524394,lessthan 32000,164
2012-10-16 13:00,3517636,lessthan 32768,0
2012-10-16 13:00,3517367,lessthan 48000,17
2012-10-16 14:00,3524394,lessthan 32000,212
2012-10-16 14:00,3517636,lessthan 32768,96
2012-10-16 14:00,3517367,lessthan 48000,40
2012-10-16 15:00,3524394,lessthan 32000,111
2012-10-16 15:00,3517636,lessthan 32768,143
2012-10-16 15:00,3517367,lessthan 48000,3
2012-10-16 16:00,3524394,lessthan 32000,162
2012-10-16 16:00,3517636,lessthan 32768,80
2012-10-16 16:00,3517367,lessthan 48000,2
2012-10-16 17:00,3524394,lessthan 32000,151
2012-10-16 17:00,3517636,lessthan 32768,38
2012-10-16 17:00,3517367,lessthan 48000,45
2012-10-16 18:00,3524394,lessthan 32000,152
2012-10-16 18:00,3517636,lessthan 32768,9
2012-10-16 18:00,3517367,lessthan 48000,147
2012-10-16 19:00,3524394,lessthan 32000,157
2012-10-16 19:00,3517636,lessthan 32768,47
2012-10-16 19:00,3517367,lessthan 48000,56
2012-10-16 20:00,3524394,lessthan 32000,215
2012-10-16 20:00,3517636,lessthan 32768,31
2012-10-16 20:00,3517367,lessthan 48000,34
2012-10-16 21:00,3524394,lessthan 32000,275
2012-10-16 21:00,3517636,lessthan 32768,56
2012-10-16 21:00,3517367,lessthan 48000,52
2012-10-16 22:00,3524394,lessthan 32000,87
2012-10-16 22:00,3517636,lessthan 32768,20
2012-10-16 22:00,3517367,lessthan 48000,4
2012-10-16 23:00,3524394,lessthan 32000,92
2012-10-16 23:00,3517636,lessthan 32768,97
2012-10-16 23:00,3517367,lessthan 48000,32
2012-10-17 00:00,3524394,lessthan 32000,102
2012-10-17 00:00,3517636,lessthan 32768,16
2012-10-17 00:00,3517367,lessthan 48000,25
2012-10-17 01:00,3524394,lessthan 32000,141
2012-10-17 01:00,3517636,lessthan 32768,55
2012-10-17 01:00,3517367,lessthan 48000,34
2012-10-17 02:00,3524394,lessthan 32000,25
2012-10-17 02:00,3517636,lessthan 32768,1
2012-10-17 02:00,3517367,lessthan 48000,2
2012-10-17 03:00,3524394,lessthan 32000,100
2012-10-17 03:00,3517636,lessthan 32768,42
2012-10-17 03:00,3517367,lessthan 48000,67
2012-10-17 04:00,3524394,lessthan 32000,78
2012-10-17 04:00,3517636,lessthan 32768,31
2012-10-17 04:00,3517367,lessthan 48000,26
2012-10-17 05:00,3524394,lessthan 32000,129
2012-10-17 05:00,3517636,lessthan 32768,157
2012-10-17 05:00,3517367,lessthan 48000,67
2012-10-17 06:00,3524394,lessthan 32000,218
2012-10-17 06:00,3517636,lessthan 32768,87
2012-10-17 06:00,3517367,lessthan 48000,60
2012-10-17 07:00,3524394,lessthan 32000,146
2012-10-17 07:00,3517636,lessthan 32768,58
2012-10-17 07:00,3517367,lessthan 48000,2
2012-10-17 08:00,3524394,lessthan 32000,145
2012-10-17 08:00,3517636,lessthan 32768,26
2012-10-17 08:00,3517367,lessthan 48000,3
2012-10-17 09:00,3524394,lessthan 32000,130
2012-10-17 09:00,3517636,lessthan 32768,22
2012-10-17 09:00,3517367,lessthan 48000,30
2012-10-17 10:00,3524394,lessthan 32000,70
2012-10-17 10:00,3517636,lessthan 32768,12
2012-10-17 10:00,3517367,lessthan 48000,0
2012-10-17 11:00,3524394,lessthan 32000,269
2012-10-17 11:00,3517636,lessthan 32768,66
2012-10-17 11:00,3517367,lessthan 48000,60
2012-10-17 12:00,3524394,lessthan 32000,9
2012-10-17 12:00,3517636,lessthan 32768,11
2012-10-17 12:00,3517367,lessthan 48000,4
2012-10-17 13:00,3524394,lessthan 32000,173
2012-10-17 13:00,3517636,lessthan 32768,37
2012-10-17 13:00,3517367,lessthan 48000,20
2012-10-17 14:00,3524394,lessthan 32000,193
2012-10-17 14:00,3517636,lessthan 32768,45
2012-10-17 14:00,3517367,lessthan 48000,94
2012-10-17 15:00,3524394,lessthan 32000,173
2012-10-17 15:00,3517636,lessthan 32768,96
2012-10-17 15:00,3517367,lessthan 48000,3
2012-10-17 16:00,3524394,lessthan 32000,52
2012-10-17 16:00,3517636,lessthan 32768,68
2012-10-17 16:00,3517367,lessthan 48000,0
2012-10-17 17:00,3524394,lessthan 32000,53
2012-10-17 17:00,3517636,lessthan 32768,118
2012-10-17 17:00,3517367,lessthan 48000,24
2012-10-17 18:00,3524394,lessthan 32000,125
2012-10-17 18:00,3517636,lessthan 32768,66
2012-10-17 18:00,3517367,lessthan 48000,31
2012-10-17 19:00,3524394,lessthan 32000,107
2012-10-17 19:00,3517636,lessthan 32768,59
2012-10-17 19:00,3517367,lessthan 48000,12
2012-10-17 20:00,3524394,lessthan 32000,144
2012-10-17 20:00,3517636,lessthan 32768,102
2012-10-17 20:00,3517367,lessthan 48000,20
2012-10-17 21:00,3524394,lessthan 32000,111
2012-10-17 21:00,3517636,lessthan 32768,49
2012-10-17 21:00,3517367,lessthan 48000,5
2012-10-17 22:00,3524394,lessthan 32000,25
2012-10-17 22:00,3517636,lessthan 32768,45
2012-10-17 22:00,3517367,lessthan 48000,5
2012-10-17 23:00,3524394,lessthan 32000,40
2012-10-17 23:00,3517636,lessthan 32768,49
2012-10-17 23:00,3517367,lessthan 48000,6
2012-10-18 00:00,3524394,lessthan 32000,23
2012-10-18 00:00,3517636,lessthan 32768,19
2012-10-18 00:00,3517367,lessthan 48000,5
2012-10-18 01:00,3524394,lessthan 32000,78
2012-10-18 01:00,3517636,lessthan 32768,75
2012-10-18 01:00,3517367,lessthan 48000,10
2012-10-18 02:00,3524394,lessthan 32000,82
2012-10-18 02:00,3517636,lessthan 32768,30
2012-10-18 02:00,3517367,lessthan 48000,10
2012-10-18 03:00,3524394,lessthan 32000,40
2012-10-18 03:00,3517636,lessthan 32768,20
2012-10-18 03:00,3517367,lessthan 48000,5
2012-10-18 04:00,3524394,lessthan 32000,96
2012-10-18 04:00,3517636,lessthan 32768,56
2012-10-18 04:00,3517367,lessthan 48000,27
2012-10-18 05:00,3524394,lessthan 32000,23
2012-10-18 05:00,3517636,lessthan 32768,19
2012-10-18 05:00,3517367,lessthan 48000,2
2012-10-18 06:00,3524394,lessthan 32000,86
2012-10-18 06:00,3517636,lessthan 32768,5
2012-10-18 06:00,3517367,lessthan 48000,5
2012-10-18 07:00,3524394,lessthan 32000,149
2012-10-18 07:00,3517636,lessthan 32768,39
2012-10-18 07:00,3517367,lessthan 48000,0
2012-10-18 08:00,3524394,lessthan 32000,50
2012-10-18 08:00,3517636,lessthan 32768,53
2012-10-18 08:00,3517367,lessthan 48000,9
2012-10-18 09:00,3524394,lessthan 32000,27
2012-10-18 09:00,3517636,lessthan 32768,62
2012-10-18 09:00,3517367,lessthan 48000,19
2012-10-18 10:00,3524394,lessthan 32000,25
2012-10-18 10:00,3517636,lessthan 32768,15
2012-10-18 10:00,3517367,lessthan 48000,11
2012-10-18 11:00,3524394,lessthan 32000,36
2012-10-18 11:00,3517636,lessthan 32768,10
2012-10-18 11:00,3517367,lessthan 48000,16
2012-10-18 12:00,3524394,lessthan 32000,45
2012-10-18 12:00,3517636,lessthan 32768,11
2012-10-18 12:00,3517367,lessthan 48000,9
2012-10-18 13:00,3524394,lessthan 32000,131
2012-10-18 13:00,3517636,lessthan 32768,78
2012-10-18 13:00,3517367,lessthan 48000,39
2012-10-18 14:00,3524394,lessthan 32000,39
2012-10-18 14:00,3517636,lessthan 32768,47
2012-10-18 14:00,3517367,lessthan 48000,20
2012-10-18 15:00,3524394,lessthan 32000,111
2012-10-18 15:00,3517636,lessthan 32768,55
2012-10-18 15:00,3517367,lessthan 48000,8
2012-10-18 16:00,3524394,lessthan 32000,64
2012-10-18 16:00,3517636,lessthan 32768,28
2012-10-18 16:00,3517367,lessthan 48000,1
2012-10-18 17:00,3524394,lessthan 32000,38
2012-10-18 17:00,3517636,lessthan 32768,22
2012-10-18 17:00,3517367,lessthan 48000,2
2012-10-18 18:00,3524394,lessthan 32000,125
2012-10-18 18:00,3517636,lessthan 32768,81
2012-10-18 18:00,3517367,lessthan 48000,9
2012-10-18 19:00,3524394,lessthan 32000,135
2012-10-18 19:00,3517636,lessthan 32768,169
2012-10-18 19:00,3517367,lessthan 48000,5
2012-10-18 20:00,3524394,lessthan 32000,249
2012-10-18 20:00,3517636,lessthan 32768,92
2012-10-18 20:00,3517367,lessthan 48000,2
2012-10-18 21:00,3524394,lessthan 32000,101
2012-10-18 21:00,3517636,lessthan 32768,27
2012-10-18 21:00,3517367,lessthan 48000,26
2012-10-18 22:00,3524394,lessthan 32000,37
2012-10-18 22:00,3517636,lessthan 32768,4
2012-10-18 22:00,3517367,lessthan 48000,8
2012-10-18 23:00,3524394,lessthan 32000,49
2012-10-18 23:00,3517636,lessthan 32768,2
2012-10-18 23:00,3517367,lessthan 48000,6
2012-10-19 00:00,3524394,lessthan 32000,12
2012-10-19 00:00,3517636,lessthan 32768,1
2012-10-19 00:00,3517367,lessthan 48000,3
2012-10-19 01:00,3524394,lessthan 32000,3
2012-10-19 01:00,3517636,lessthan 32768,3
2012-10-19 01:00,3517367,lessthan 48000,0
2012-10-19 02:00,3524394,lessthan 32000,11
2012-10-19 02:00,3517636,lessthan 32768,7
2012-10-19 02:00,3517367,lessthan 48000,0
2012-10-19 03:00,3524394,lessthan 32000,3
2012-10-19 03:00,3517636,lessthan 32768,1
2012-10-19 03:00,3517367,lessthan 48000,2
2012-10-19 04:00,3524394,lessthan 32000,26
2012-10-19 04:00,3517636,lessthan 32768,43
2012-10-19 04:00,3517367,lessthan 48000,12
2012-10-19 05:00,3524394,lessthan 32000,7
2012-10-19 05:00,3517636,lessthan 32768,7
2012-10-19 05:00,3517367,lessthan 48000,7
2012-10-19 06:00,3524394,lessthan 32000,5
2012-10-19 06:00,3517636,lessthan 32768,6
2012-10-19 06:00,3517367,lessthan 48000,4
2012-10-19 07:00,3524394,lessthan 32000,77
2012-10-19 07:00,3517636,lessthan 32768,77
2012-10-19 07:00,3517367,lessthan 48000,6
2012-10-19 08:00,3524394,lessthan 32000,174
2012-10-19 08:00,3517636,lessthan 32768,112
2012-10-19 08:00,3517367,lessthan 48000,12
2012-10-19 09:00,3524394,lessthan 32000,207
2012-10-19 09:00,3517636,lessthan 32768,35
2012-10-19 09:00,3517367,lessthan 48000,0
2012-10-19 10:00,3524394,lessthan 32000,226
2012-10-19 10:00,3517636,lessthan 32768,32
2012-10-19 10:00,3517367,lessthan 48000,2
2012-10-19 11:00,3524394,lessthan 32000,43
2012-10-19 11:00,3517636,lessthan 32768,23
2012-10-19 11:00,3517367,lessthan 48000,2
2012-10-19 12:00,3524394,lessthan 32000,122
2012-10-19 12:00,3517636,lessthan 32768,25
2012-10-19 12:00,3517367,lessthan 48000,26
2012-10-19 13:00,3524394,lessthan 32000,208
2012-10-19 13:00,3517636,lessthan 32768,86
2012-10-19 13:00,3517367,lessthan 48000,43
2012-10-19 14:00,3524394,lessthan 32000,73
2012-10-19 14:00,3517636,lessthan 32768,55
2012-10-19 14:00,3517367,lessthan 48000,0
2012-10-19 15:00,3524394,lessthan 32000,19
2012-10-19 15:00,3517636,lessthan 32768,36
2012-10-19 15:00,3517367,lessthan 48000,0
2012-10-19 16:00,3524394,lessthan 32000,181
2012-10-19 16:00,3517636,lessthan 32768,24
2012-10-19 16:00,3517367,lessthan 48000,7
2012-10-19 17:00,3524394,lessthan 32000,224
2012-10-19 17:00,3517636,lessthan 32768,53
2012-10-19 17:00,3517367,lessthan 48000,3
2012-10-19 18:00,3524394,lessthan 32000,143
2012-10-19 18:00,3517636,lessthan 32768,44
2012-10-19 18:00,3517367,lessthan 48000,30
2012-10-19 19:00,3524394,lessthan 32000,28
2012-10-19 19:00,3517636,lessthan 32768,28
2012-10-19 19:00,3517367,lessthan 48000,6
2012-10-19 20:00,3524394,lessthan 32000,56
2012-10-19 20:00,3517636,lessthan 32768,32
2012-10-19 20:00,3517367,lessthan 48000,6
2012-10-19 21:00,3524394,lessthan 32000,90
2012-10-19 21:00,3517636,lessthan 32768,39
2012-10-19 21:00,3517367,lessthan 48000,7
2012-10-19 22:00,3524394,lessthan 32000,16
2012-10-19 22:00,3517636,lessthan 32768,17
2012-10-19 22:00,3517367,lessthan 48000,8
2012-10-19 23:00,3524394,lessthan 32000,9
2012-10-19 23:00,3517636,lessthan 32768,7
2012-10-19 23:00,3517367,lessthan 48000,9
2012-10-20 00:00,3524394,lessthan 32000,61
2012-10-20 00:00,3517636,lessthan 32768,60
2012-10-20 00:00,3517367,lessthan 48000,13
2012-10-20 01:00,3524394,lessthan 32000,41
2012-10-20 01:00,3517636,lessthan 32768,18
2012-10-20 01:00,3517367,lessthan 48000,0
2012-10-20 02:00,3524394,lessthan 32000,120
2012-10-20 02:00,3517636,lessthan 32768,2
2012-10-20 02:00,3517367,lessthan 48000,6
2012-10-20 03:00,3524394,lessthan 32000,120
2012-10-20 03:00,3517636,lessthan 32768,13
2012-10-20 03:00,3517367,lessthan 48000,16
2012-10-20 04:00,3524394,lessthan 32000,96
2012-10-20 04:00,3517636,lessthan 32768,3
2012-10-20 04:00,3517367,lessthan 48000,4
2012-10-20 05:00,3524394,lessthan 32000,33
2012-10-20 05:00,3517636,lessthan 32768,8
2012-10-20 05:00,3517367,lessthan 48000,1
2012-10-20 06:00,3524394,lessthan 32000,82
2012-10-20 06:00,3517636,lessthan 32768,15
2012-10-20 06:00,3517367,lessthan 48000,8
2012-10-20 07:00,3524394,lessthan 32000,83
2012-10-20 07:00,3517636,lessthan 32768,26
2012-10-20 07:00,3517367,lessthan 48000,0
2012-10-20 08:00,3524394,lessthan 32000,111
2012-10-20 08:00,3517636,lessthan 32768,16
2012-10-20 08:00,3517367,lessthan 48000,13
2012-10-20 09:00,3524394,lessthan 32000,154
2012-10-20 09:00,3517636,lessthan 32768,4
2012-10-20 09:00,3517367,lessthan 48000,3
2012-10-20 10:00,3524394,lessthan 32000,45
2012-10-20 10:00,3517636,lessthan 32768,3
2012-10-20 10:00,3517367,lessthan 48000,11
2012-10-20 11:00,3524394,lessthan 32000,51
2012-10-20 11:00,3517636,lessthan 32768,15
2012-10-20 11:00,3517367,lessthan 48000,18
2012-10-20 12:00,3524394,lessthan 32000,134
2012-10-20 12:00,3517636,lessthan 32768,29
2012-10-20 12:00,3517367,lessthan 48000,26
2012-10-20 13:00,3524394,lessthan 32000,170
2012-10-20 13:00,3517636,lessthan 32768,4
2012-10-20 13:00,3517367,lessthan 48000,61
2012-10-20 14:00,3524394,lessthan 32000,49
2012-10-20 14:00,3517636,lessthan 32768,24
2012-10-20 14:00,3517367,lessthan 48000,4
2012-10-20 15:00,3524394,lessthan 32000,14
2012-10-20 15:00,3517636,lessthan 32768,9
2012-10-20 15:00,3517367,lessthan 48000,16
2012-10-20 16:00,3524394,lessthan 32000,251
2012-10-20 16:00,3517636,lessthan 32768,12
2012-10-20 16:00,3517367,lessthan 48000,6
2012-10-20 17:00,3524394,lessthan 32000,246
2012-10-20 17:00,3517636,lessthan 32768,3
2012-10-20 17:00,3517367,lessthan 48000,6
2012-10-20 18:00,3524394,lessthan 32000,310
2012-10-20 18:00,3517636,lessthan 32768,22
2012-10-20 18:00,3517367,lessthan 48000,13
2012-10-20 19:00,3524394,lessthan 32000,328
2012-10-20 19:00,3517636,lessthan 32768,18
2012-10-20 19:00,3517367,lessthan 48000,30
2012-10-20 20:00,3524394,lessthan 32000,283
2012-10-20 20:00,3517636,lessthan 32768,3
2012-10-20 20:00,3517367,lessthan 48000,35
2012-10-20 21:00,3524394,lessthan 32000,130
2012-10-20 21:00,3517636,lessthan 32768,10
2012-10-20 21:00,3517367,lessthan 48000,25
2012-10-20 22:00,3524394,lessthan 32000,471
2012-10-20 22:00,3517636,lessthan 32768,10
2012-10-20 22:00,3517367,lessthan 48000,24
2012-10-20 23:00,3524394,lessthan 32000,47
2012-10-20 23:00,3517636,lessthan 32768,10
2012-10-20 23:00,3517367,lessthan 48000,0
2012-10-21 00:00,3524394,lessthan 32000,397
2012-10-21 00:00,3517636,lessthan 32768,13
2012-10-21 00:00,3517367,lessthan 48000,16
2012-10-21 01:00,3524394,lessthan 32000,283
2012-10-21 01:00,3517636,lessthan 32768,7
2012-10-21 01:00,3517367,lessthan 48000,2
2012-10-21 02:00,3524394,lessthan 32000,226
2012-10-21 02:00,3517636,lessthan 32768,4
2012-10-21 02:00,3517367,lessthan 48000,4
2012-10-21 03:00,3524394,lessthan 32000,376
2012-10-21 03:00,3517636,lessthan 32768,2
2012-10-21 03:00,3517367,lessthan 48000,131
2012-10-21 04:00,3524394,lessthan 32000,76
2012-10-21 04:00,3517636,lessthan 32768,11
2012-10-21 04:00,3517367,lessthan 48000,46
2012-10-21 05:00,3524394,lessthan 32000,320
2012-10-21 05:00,3517636,lessthan 32768,13
2012-10-21 05:00,3517367,lessthan 48000,159
2012-10-21 06:00,3524394,lessthan 32000,390
2012-10-21 06:00,3517636,lessthan 32768,10
2012-10-21 06:00,3517367,lessthan 48000,45
2012-10-21 07:00,3524394,lessthan 32000,208
2012-10-21 07:00,3517636,lessthan 32768,11
2012-10-21 07:00,3517367,lessthan 48000,16
2012-10-21 08:00,3524394,lessthan 32000,180
2012-10-21 08:00,3517636,lessthan 32768,14
2012-10-21 08:00,3517367,lessthan 48000,6
2012-10-21 09:00,3524394,lessthan 32000,383
2012-10-21 09:00,3517636,lessthan 32768,34
2012-10-21 09:00,3517367,lessthan 48000,38
2012-10-21 10:00,3524394,lessthan 32000,358
2012-10-21 10:00,3517636,lessthan 32768,38
2012-10-21 10:00,3517367,lessthan 48000,27
2012-10-21 11:00,3524394,lessthan 32000,355
2012-10-21 11:00,3517636,lessthan 32768,12
2012-10-21 11:00,3517367,lessthan 48000,6
2012-10-21 12:00,3524394,lessthan 32000,185
2012-10-21 12:00,3517636,lessthan 32768,9
2012-10-21 12:00,3517367,lessthan 48000,18
2012-10-21 13:00,3524394,lessthan 32000,220
2012-10-21 13:00,3517636,lessthan 32768,18
2012-10-21 13:00,3517367,lessthan 48000,53
2012-10-21 14:00,3524394,lessthan 32000,285
2012-10-21 14:00,3517636,lessthan 32768,15
2012-10-21 14:00,3517367,lessthan 48000,9
2012-10-21 15:00,3524394,lessthan 32000,286
2012-10-21 15:00,3517636,lessthan 32768,9
2012-10-21 15:00,3517367,lessthan 48000,27
2012-10-21 16:00,3524394,lessthan 32000,341
2012-10-21 16:00,3517636,lessthan 32768,24
2012-10-21 16:00,3517367,lessthan 48000,35
2012-10-21 17:00,3524394,lessthan 32000,358
2012-10-21 17:00,3517636,lessthan 32768,11
2012-10-21 17:00,3517367,lessthan 48000,7
2012-10-21 18:00,3524394,lessthan 32000,323
2012-10-21 18:00,3517636,lessthan 32768,38
2012-10-21 18:00,3517367,lessthan 48000,30
2012-10-21 19:00,3524394,lessthan 32000,501
2012-10-21 19:00,3517636,lessthan 32768,20
2012-10-21 19:00,3517367,lessthan 48000,107
2012-10-21 20:00,3524394,lessthan 32000,152
2012-10-21 20:00,3517636,lessthan 32768,0
2012-10-21 20:00,3517367,lessthan 48000,55
2012-10-21 21:00,3524394,lessthan 32000,480
2012-10-21 21:00,3517636,lessthan 32768,17
2012-10-21 21:00,3517367,lessthan 48000,11
2012-10-21 22:00,3524394,lessthan 32000,311
2012-10-21 22:00,3517636,lessthan 32768,16
2012-10-21 22:00,3517367,lessthan 48000,2
2012-10-21 23:00,3524394,lessthan 32000,353
2012-10-21 23:00,3517636,lessthan 32768,4
2012-10-21 23:00,3517367,lessthan 48000,13
2012-10-22 00:00,3524394,lessthan 32000,316
2012-10-22 00:00,3517636,lessthan 32768,15
2012-10-22 00:00,3517367,lessthan 48000,56
2012-10-22 01:00,3524394,lessthan 32000,306
2012-10-22 01:00,3517636,lessthan 32768,4
2012-10-22 01:00,3517367,lessthan 48000,11
2012-10-22 02:00,3524394,lessthan 32000,214
2012-10-22 02:00,3517636,lessthan 32768,2
2012-10-22 02:00,3517367,lessthan 48000,75
2012-10-22 03:00,3524394,lessthan 32000,233
2012-10-22 03:00,3517636,lessthan 32768,6
2012-10-22 03:00,3517367,lessthan 48000,8
2012-10-22 04:00,3524394,lessthan 32000,236
2012-10-22 04:00,3517636,lessthan 32768,14
2012-10-22 04:00,3517367,lessthan 48000,5
2012-10-22 05:00,3524394,lessthan 32000,388
2012-10-22 05:00,3517636,lessthan 32768,7
2012-10-22 05:00,3517367,lessthan 48000,7
2012-10-22 06:00,3524394,lessthan 32000,251
2012-10-22 06:00,3517636,lessthan 32768,2
2012-10-22 06:00,3517367,lessthan 48000,44
2012-10-22 07:00,3524394,lessthan 32000,420
2012-10-22 07:00,3517636,lessthan 32768,9
2012-10-22 07:00,3517367,lessthan 48000,4
2012-10-22 08:00,3524394,lessthan 32000,190
2012-10-22 08:00,3517636,lessthan 32768,1
2012-10-22 08:00,3517367,lessthan 48000,13
2012-10-22 09:00,3524394,lessthan 32000,100
2012-10-22 09:00,3517636,lessthan 32768,0
2012-10-22 09:00,3517367,lessthan 48000,0
2012-10-22 10:00,3524394,lessthan 32000,369
2012-10-22 10:00,3517636,lessthan 32768,3
2012-10-22 10:00,3517367,lessthan 48000,179
2012-10-22 11:00,3524394,lessthan 32000,216
2012-10-22 11:00,3517636,lessthan 32768,3
2012-10-22 11:00,3517367,lessthan 48000,3
2012-10-22 12:00,3524394,lessthan 32000,333
2012-10-22 12:00,3517636,lessthan 32768,2
2012-10-22 12:00,3517367,lessthan 48000,3
2012-10-22 13:00,3524394,lessthan 32000,317
2012-10-22 13:00,3517636,lessthan 32768,19
2012-10-22 13:00,3517367,lessthan 48000,57
2012-10-22 14:00,3524394,lessthan 32000,181
2012-10-22 14:00,3517636,lessthan 32768,11
2012-10-22 14:00,3517367,lessthan 48000,94
2012-10-22 15:00,3524394,lessthan 32000,198
2012-10-22 15:00,3517636,lessthan 32768,10
2012-10-22 15:00,3517367,lessthan 48000,21
2012-10-22 16:00,3524394,lessthan 32000,278
2012-10-22 16:00,3517636,lessthan 32768,6
2012-10-22 16:00,3517367,lessthan 48000,165
2012-10-22 17:00,3524394,lessthan 32000,338
2012-10-22 17:00,3517636,lessthan 32768,6
2012-10-22 17:00,3517367,lessthan 48000,80
2012-10-22 18:00,3524394,lessthan 32000,829
2012-10-22 18:00,3517636,lessthan 32768,2
2012-10-22 18:00,3517367,lessthan 48000,14
2012-10-22 19:00,3524394,lessthan 32000,983
2012-10-22 19:00,3517636,lessthan 32768,34
2012-10-22 19:00,3517367,lessthan 48000,57
2012-10-22 20:00,3524394,lessthan 32000,863
2012-10-22 20:00,3517636,lessthan 32768,17
2012-10-22 20:00,3517367,lessthan 48000,101
2012-10-22 21:00,3524394,lessthan 32000,568
2012-10-22 21:00,3517636,lessthan 32768,20
2012-10-22 21:00,3517367,lessthan 48000,39
2012-10-22 22:00,3524394,lessthan 32000,1127
2012-10-22 22:00,3517636,lessthan 32768,82
2012-10-22 22:00,3517367,lessthan 48000,237
2012-10-22 23:00,3524394,lessthan 32000,666
2012-10-22 23:00,3517636,lessthan 32768,36
2012-10-22 23:00,3517367,lessthan 48000,77
2012-10-23 00:00,3524394,lessthan 32000,418
2012-10-23 00:00,3517636,lessthan 32768,18
2012-10-23 00:00,3517367,lessthan 48000,0
2012-10-23 01:00,3524394,lessthan 32000,371
2012-10-23 01:00,3517636,lessthan 32768,3
2012-10-23 01:00,3517367,lessthan 48000,20
2012-10-23 02:00,3524394,lessthan 32000,407
2012-10-23 02:00,3517636,lessthan 32768,16
2012-10-23 02:00,3517367,lessthan 48000,9
2012-10-23 03:00,3524394,lessthan 32000,314
2012-10-23 03:00,3517636,lessthan 32768,3
2012-10-23 03:00,3517367,lessthan 48000,1
2012-10-23 04:00,3524394,lessthan 32000,610
2012-10-23 04:00,3517636,lessthan 32768,7
2012-10-23 04:00,3517367,lessthan 48000,5
2012-10-23 05:00,3524394,lessthan 32000,328
2012-10-23 05:00,3517636,lessthan 32768,3
2012-10-23 05:00,3517367,lessthan 48000,4
2012-10-23 06:00,3524394,lessthan 32000,273
2012-10-23 06:00,3517636,lessthan 32768,1
2012-10-23 06:00,3517367,lessthan 48000,27
2012-10-23 07:00,3524394,lessthan 32000,303
2012-10-23 07:00,3517636,lessthan 32768,22
2012-10-23 07:00,3517367,lessthan 48000,10
2012-10-23 08:00,3524394,lessthan 32000,3
2012-10-23 08:00,3517636,lessthan 32768,9
2012-10-23 08:00,3517367,lessthan 48000,1
2012-10-23 09:00,3524394,lessthan 32000,284
2012-10-23 09:00,3517636,lessthan 32768,5
2012-10-23 09:00,3517367,lessthan 48000,42
2012-10-23 10:00,3524394,lessthan 32000,122
2012-10-23 10:00,3517636,lessthan 32768,2
2012-10-23 10:00,3517367,lessthan 48000,5
2012-10-23 11:00,3524394,lessthan 32000,102
2012-10-23 11:00,3517636,lessthan 32768,53
2012-10-23 11:00,3517367,lessthan 48000,12
2012-10-23 12:00,3524394,lessthan 32000,113
2012-10-23 12:00,3517636,lessthan 32768,0
2012-10-23 12:00,3517367,lessthan 48000,36
2012-10-23 13:00,3524394,lessthan 32000,161
2012-10-23 13:00,3517636,lessthan 32768,0
2012-10-23 13:00,3517367,lessthan 48000,59
2012-10-23 14:00,3524394,lessthan 32000,128
2012-10-23 14:00,3517636,lessthan 32768,2
2012-10-23 14:00,3517367,lessthan 48000,12
2012-10-23 15:00,3524394,lessthan 32000,64
2012-10-23 15:00,3517636,lessthan 32768,23
2012-10-23 15:00,3517367,lessthan 48000,71
2012-10-23 16:00,3524394,lessthan 32000,29
2012-10-23 16:00,3517636,lessthan 32768,14
2012-10-23 16:00,3517367,lessthan 48000,1
2012-10-23 17:00,3524394,lessthan 32000,153
2012-10-23 17:00,3517636,lessthan 32768,70
2012-10-23 17:00,3517367,lessthan 48000,150
2012-10-23 18:00,3524394,lessthan 32000,172
2012-10-23 18:00,3517636,lessthan 32768,65
2012-10-23 18:00,3517367,lessthan 48000,60
2012-10-23 19:00,3524394,lessthan 32000,132
2012-10-23 19:00,3517636,lessthan 32768,40
2012-10-23 19:00,3517367,lessthan 48000,51
2012-10-23 20:00,3524394,lessthan 32000,151
2012-10-23 20:00,3517636,lessthan 32768,23
2012-10-23 20:00,3517367,lessthan 48000,20
2012-10-23 21:00,3524394,lessthan 32000,128
2012-10-23 21:00,3517636,lessthan 32768,59
2012-10-23 21:00,3517367,lessthan 48000,22
2012-10-23 22:00,3524394,lessthan 32000,266
2012-10-23 22:00,3517636,lessthan 32768,38
2012-10-23 22:00,3517367,lessthan 48000,82
2012-10-23 23:00,3524394,lessthan 32000,87
2012-10-23 23:00,3517636,lessthan 32768,23
2012-10-23 23:00,3517367,lessthan 48000,50
2012-10-24 00:00,3524394,lessthan 32000,24
2012-10-24 00:00,3517636,lessthan 32768,20
2012-10-24 00:00,3517367,lessthan 48000,16
2012-10-24 01:00,3524394,lessthan 32000,80
2012-10-24 01:00,3517636,lessthan 32768,2
2012-10-24 01:00,3517367,lessthan 48000,40
2012-10-24 02:00,3524394,lessthan 32000,70
2012-10-24 02:00,3517636,lessthan 32768,10
2012-10-24 02:00,3517367,lessthan 48000,13
2012-10-24 03:00,3524394,lessthan 32000,120
2012-10-24 03:00,3517636,lessthan 32768,40
2012-10-24 03:00,3517367,lessthan 48000,38
2012-10-24 04:00,3524394,lessthan 32000,49
2012-10-24 04:00,3517636,lessthan 32768,41
2012-10-24 04:00,3517367,lessthan 48000,8
2012-10-24 05:00,3524394,lessthan 32000,39
2012-10-24 05:00,3517636,lessthan 32768,23
2012-10-24 05:00,3517367,lessthan 48000,18
2012-10-24 06:00,3524394,lessthan 32000,184
2012-10-24 06:00,3517636,lessthan 32768,8
2012-10-24 06:00,3517367,lessthan 48000,85
2012-10-24 07:00,3524394,lessthan 32000,63
2012-10-24 07:00,3517636,lessthan 32768,7
2012-10-24 07:00,3517367,lessthan 48000,22
2012-10-24 08:00,3524394,lessthan 32000,128
2012-10-24 08:00,3517636,lessthan 32768,6
2012-10-24 08:00,3517367,lessthan 48000,24
2012-10-24 09:00,3524394,lessthan 32000,97
2012-10-24 09:00,3517636,lessthan 32768,13
2012-10-24 09:00,3517367,lessthan 48000,41
2012-10-24 10:00,3524394,lessthan 32000,319
2012-10-24 10:00,3517636,lessthan 32768,15
2012-10-24 10:00,3517367,lessthan 48000,22
2012-10-24 11:00,3524394,lessthan 32000,224
2012-10-24 11:00,3517636,lessthan 32768,21
2012-10-24 11:00,3517367,lessthan 48000,31
2012-10-24 12:00,3524394,lessthan 32000,162
2012-10-24 12:00,3517636,lessthan 32768,11
2012-10-24 12:00,3517367,lessthan 48000,129
2012-10-24 13:00,3524394,lessthan 32000,99
2012-10-24 13:00,3517636,lessthan 32768,8
2012-10-24 13:00,3517367,lessthan 48000,18
2012-10-24 14:00,3524394,lessthan 32000,93
2012-10-24 14:00,3517636,lessthan 32768,11
2012-10-24 14:00,3517367,lessthan 48000,14
2012-10-24 15:00,3524394,lessthan 32000,315
2012-10-24 15:00,3517636,lessthan 32768,35
2012-10-24 15:00,3517367,lessthan 48000,47
2012-10-24 16:00,3524394,lessthan 32000,155
2012-10-24 16:00,3517636,lessthan 32768,30
2012-10-24 16:00,3517367,lessthan 48000,2
2012-10-24 17:00,3524394,lessthan 32000,266
2012-10-24 17:00,3517636,lessthan 32768,74
2012-10-24 17:00,3517367,lessthan 48000,59
2012-10-24 18:00,3524394,lessthan 32000,40
2012-10-24 18:00,3517636,lessthan 32768,42
2012-10-24 18:00,3517367,lessthan 48000,56
2012-10-24 19:00,3524394,lessthan 32000,100
2012-10-24 19:00,3517636,lessthan 32768,5
2012-10-24 19:00,3517367,lessthan 48000,24
2012-10-24 20:00,3524394,lessthan 32000,327
2012-10-24 20:00,3517636,lessthan 32768,7
2012-10-24 20:00,3517367,lessthan 48000,50
2012-10-24 21:00,3524394,lessthan 32000,69
2012-10-24 21:00,3517636,lessthan 32768,7
2012-10-24 21:00,3517367,lessthan 48000,3
2012-10-24 22:00,3524394,lessthan 32000,125
2012-10-24 22:00,3517636,lessthan 32768,31
2012-10-24 22:00,3517367,lessthan 48000,8
2012-10-24 23:00,3524394,lessthan 32000,59
2012-10-24 23:00,3517636,lessthan 32768,1
2012-10-24 23:00,3517367,lessthan 48000,27
2012-10-25 00:00,3524394,lessthan 32000,91
2012-10-25 00:00,3517636,lessthan 32768,1
2012-10-25 00:00,3517367,lessthan 48000,82
2012-10-25 01:00,3524394,lessthan 32000,14
2012-10-25 01:00,3517636,lessthan 32768,4
2012-10-25 01:00,3517367,lessthan 48000,4
2012-10-25 02:00,3524394,lessthan 32000,73
2012-10-25 02:00,3517636,lessthan 32768,1
2012-10-25 02:00,3517367,lessthan 48000,4
2012-10-25 03:00,3524394,lessthan 32000,237
2012-10-25 03:00,3517636,lessthan 32768,9
2012-10-25 03:00,3517367,lessthan 48000,76
2012-10-25 04:00,3524394,lessthan 32000,148
2012-10-25 04:00,3517636,lessthan 32768,6
2012-10-25 04:00,3517367,lessthan 48000,37
2012-10-25 05:00,3524394,lessthan 32000,58
2012-10-25 05:00,3517636,lessthan 32768,0
2012-10-25 05:00,3517367,lessthan 48000,29
2012-10-25 06:00,3524394,lessthan 32000,408
2012-10-25 06:00,3517636,lessthan 32768,3
2012-10-25 06:00,3517367,lessthan 48000,112
2012-10-25 07:00,3524394,lessthan 32000,99
2012-10-25 07:00,3517636,lessthan 32768,0
2012-10-25 07:00,3517367,lessthan 48000,4
2012-10-25 08:00,3524394,lessthan 32000,58
2012-10-25 08:00,3517636,lessthan 32768,4
2012-10-25 08:00,3517367,lessthan 48000,2
2012-10-25 09:00,3524394,lessthan 32000,59
2012-10-25 09:00,3517636,lessthan 32768,5
2012-10-25 09:00,3517367,lessthan 48000,7
2012-10-25 10:00,3524394,lessthan 32000,68
2012-10-25 10:00,3517636,lessthan 32768,11
2012-10-25 10:00,3517367,lessthan 48000,6
2012-10-25 11:00,3524394,lessthan 32000,218
2012-10-25 11:00,3517636,lessthan 32768,5
2012-10-25 11:00,3517367,lessthan 48000,13
2012-10-25 12:00,3524394,lessthan 32000,92
2012-10-25 12:00,3517636,lessthan 32768,27
2012-10-25 12:00,3517367,lessthan 48000,5
2012-10-25 13:00,3524394,lessthan 32000,53
2012-10-25 13:00,3517636,lessthan 32768,53
2012-10-25 13:00,3517367,lessthan 48000,6
2012-10-25 14:00,3524394,lessthan 32000,153
2012-10-25 14:00,3517636,lessthan 32768,32
2012-10-25 14:00,3517367,lessthan 48000,4
2012-10-25 15:00,3524394,lessthan 32000,4
2012-10-25 15:00,3517636,lessthan 32768,6
2012-10-25 15:00,3517367,lessthan 48000,6
2012-10-25 16:00,3524394,lessthan 32000,47
2012-10-25 16:00,3517636,lessthan 32768,3
2012-10-25 16:00,3517367,lessthan 48000,89
2012-10-25 17:00,3524394,lessthan 32000,69
2012-10-25 17:00,3517636,lessthan 32768,5
2012-10-25 17:00,3517367,lessthan 48000,55
2012-10-25 18:00,3524394,lessthan 32000,194
2012-10-25 18:00,3517636,lessthan 32768,13
2012-10-25 18:00,3517367,lessthan 48000,92
2012-10-25 19:00,3524394,lessthan 32000,100
2012-10-25 19:00,3517636,lessthan 32768,21
2012-10-25 19:00,3517367,lessthan 48000,37
2012-10-25 20:00,3524394,lessthan 32000,142
2012-10-25 20:00,3517636,lessthan 32768,11
2012-10-25 20:00,3517367,lessthan 48000,29
2012-10-25 21:00,3524394,lessthan 32000,52
2012-10-25 21:00,3517636,lessthan 32768,9
2012-10-25 21:00,3517367,lessthan 48000,55
2012-10-25 22:00,3524394,lessthan 32000,33
2012-10-25 22:00,3517636,lessthan 32768,14
2012-10-25 22:00,3517367,lessthan 48000,23
2012-10-25 23:00,3524394,lessthan 32000,6
2012-10-25 23:00,3517636,lessthan 32768,6
2012-10-25 23:00,3517367,lessthan 48000,18
2012-10-26 00:00,3524394,lessthan 32000,24
2012-10-26 00:00,3517636,lessthan 32768,19
2012-10-26 00:00,3517367,lessthan 48000,15
2012-10-26 01:00,3524394,lessthan 32000,10
2012-10-26 01:00,3517636,lessthan 32768,15
2012-10-26 01:00,3517367,lessthan 48000,5
2012-10-26 02:00,3524394,lessthan 32000,41
2012-10-26 02:00,3517636,lessthan 32768,14
2012-10-26 02:00,3517367,lessthan 48000,12
2012-10-26 03:00,3524394,lessthan 32000,29
2012-10-26 03:00,3517636,lessthan 32768,5
2012-10-26 03:00,3517367,lessthan 48000,3
2012-10-26 04:00,3524394,lessthan 32000,24
2012-10-26 04:00,3517636,lessthan 32768,6
2012-10-26 04:00,3517367,lessthan 48000,6
2012-10-26 05:00,3524394,lessthan 32000,35
2012-10-26 05:00,3517636,lessthan 32768,6
2012-10-26 05:00,3517367,lessthan 48000,8
2012-10-26 06:00,3524394,lessthan 32000,50
2012-10-26 06:00,3517636,lessthan 32768,2
2012-10-26 06:00,3517367,lessthan 48000,31
2012-10-26 07:00,3524394,lessthan 32000,210
2012-10-26 07:00,3517636,lessthan 32768,4
2012-10-26 07:00,3517367,lessthan 48000,12
2012-10-26 08:00,3524394,lessthan 32000,27
2012-10-26 08:00,3517636,lessthan 32768,2
2012-10-26 08:00,3517367,lessthan 48000,4
2012-10-26 09:00,3524394,lessthan 32000,42
2012-10-26 09:00,3517636,lessthan 32768,11
2012-10-26 09:00,3517367,lessthan 48000,14
2012-10-26 10:00,3524394,lessthan 32000,8
2012-10-26 10:00,3517636,lessthan 32768,11
2012-10-26 10:00,3517367,lessthan 48000,2
2012-10-26 11:00,3524394,lessthan 32000,19
2012-10-26 11:00,3517636,lessthan 32768,14
2012-10-26 11:00,3517367,lessthan 48000,10
2012-10-26 12:00,3524394,lessthan 32000,23
2012-10-26 12:00,3517636,lessthan 32768,27
2012-10-26 12:00,3517367,lessthan 48000,16
2012-10-26 13:00,3524394,lessthan 32000,89
2012-10-26 13:00,3517636,lessthan 32768,48
2012-10-26 13:00,3517367,lessthan 48000,22
2012-10-26 14:00,3524394,lessthan 32000,30
2012-10-26 14:00,3517636,lessthan 32768,11
2012-10-26 14:00,3517367,lessthan 48000,16
2012-10-26 15:00,3524394,lessthan 32000,6
2012-10-26 15:00,3517636,lessthan 32768,4
2012-10-26 15:00,3517367,lessthan 48000,5
2012-10-26 16:00,3524394,lessthan 32000,91
2012-10-26 16:00,3517636,lessthan 32768,17
2012-10-26 16:00,3517367,lessthan 48000,41
2012-10-26 17:00,3524394,lessthan 32000,84
2012-10-26 17:00,3517636,lessthan 32768,8
2012-10-26 17:00,3517367,lessthan 48000,69
2012-10-26 18:00,3524394,lessthan 32000,141
2012-10-26 18:00,3517636,lessthan 32768,7
2012-10-26 18:00,3517367,lessthan 48000,129
2012-10-26 19:00,3524394,lessthan 32000,35
2012-10-26 19:00,3517636,lessthan 32768,9
2012-10-26 19:00,3517367,lessthan 48000,41
2012-10-26 20:00,3524394,lessthan 32000,17
2012-10-26 20:00,3517636,lessthan 32768,14
2012-10-26 20:00,3517367,lessthan 48000,48
2012-10-26 21:00,3524394,lessthan 32000,48
2012-10-26 21:00,3517636,lessthan 32768,41
2012-10-26 21:00,3517367,lessthan 48000,42
2012-10-26 22:00,3524394,lessthan 32000,26
2012-10-26 22:00,3517636,lessthan 32768,12
2012-10-26 22:00,3517367,lessthan 48000,24
2012-10-26 23:00,3524394,lessthan 32000,17
2012-10-26 23:00,3517636,lessthan 32768,13
2012-10-26 23:00,3517367,lessthan 48000,22
2012-10-27 00:00,3524394,lessthan 32000,25
2012-10-27 00:00,3517636,lessthan 32768,49
2012-10-27 00:00,3517367,lessthan 48000,11
2012-10-27 01:00,3524394,lessthan 32000,15
2012-10-27 01:00,3517636,lessthan 32768,23
2012-10-27 01:00,3517367,lessthan 48000,5
2012-10-27 02:00,3524394,lessthan 32000,8
2012-10-27 02:00,3517636,lessthan 32768,2
2012-10-27 02:00,3517367,lessthan 48000,5
2012-10-27 03:00,3524394,lessthan 32000,10
2012-10-27 03:00,3517636,lessthan 32768,11
2012-10-27 03:00,3517367,lessthan 48000,5
2012-10-27 04:00,3524394,lessthan 32000,6
2012-10-27 04:00,3517636,lessthan 32768,31
2012-10-27 04:00,3517367,lessthan 48000,1
2012-10-27 05:00,3524394,lessthan 32000,6
2012-10-27 05:00,3517636,lessthan 32768,28
2012-10-27 05:00,3517367,lessthan 48000,5
2012-10-27 06:00,3524394,lessthan 32000,23
2012-10-27 06:00,3517636,lessthan 32768,19
2012-10-27 06:00,3517367,lessthan 48000,1
2012-10-27 07:00,3524394,lessthan 32000,36
2012-10-27 07:00,3517636,lessthan 32768,31
2012-10-27 07:00,3517367,lessthan 48000,6
2012-10-27 08:00,3524394,lessthan 32000,6
2012-10-27 08:00,3517636,lessthan 32768,29
2012-10-27 08:00,3517367,lessthan 48000,7
2012-10-27 09:00,3524394,lessthan 32000,44
2012-10-27 09:00,3517636,lessthan 32768,56
2012-10-27 09:00,3517367,lessthan 48000,5
2012-10-27 10:00,3524394,lessthan 32000,15
2012-10-27 10:00,3517636,lessthan 32768,19
2012-10-27 10:00,3517367,lessthan 48000,3
2012-10-27 11:00,3524394,lessthan 32000,13
2012-10-27 11:00,3517636,lessthan 32768,23
2012-10-27 11:00,3517367,lessthan 48000,8
2012-10-27 12:00,3524394,lessthan 32000,15
2012-10-27 12:00,3517636,lessthan 32768,36
2012-10-27 12:00,3517367,lessthan 48000,9
2012-10-27 13:00,3524394,lessthan 32000,4
2012-10-27 13:00,3517636,lessthan 32768,20
2012-10-27 13:00,3517367,lessthan 48000,4
2012-10-27 14:00,3524394,lessthan 32000,5
2012-10-27 14:00,3517636,lessthan 32768,56
2012-10-27 14:00,3517367,lessthan 48000,6
2012-10-27 15:00,3524394,lessthan 32000,4
2012-10-27 15:00,3517636,lessthan 32768,34
2012-10-27 15:00,3517367,lessthan 48000,5
2012-10-27 16:00,3524394,lessthan 32000,6
2012-10-27 16:00,3517636,lessthan 32768,28
2012-10-27 16:00,3517367,lessthan 48000,5
2012-10-27 17:00,3524394,lessthan 32000,26
2012-10-27 17:00,3517636,lessthan 32768,35
2012-10-27 17:00,3517367,lessthan 48000,19
2012-10-27 18:00,3524394,lessthan 32000,5
2012-10-27 18:00,3517636,lessthan 32768,17
2012-10-27 18:00,3517367,lessthan 48000,7
2012-10-27 19:00,3524394,lessthan 32000,12
2012-10-27 19:00,3517636,lessthan 32768,21
2012-10-27 19:00,3517367,lessthan 48000,7
2012-10-27 20:00,3524394,lessthan 32000,3
2012-10-27 20:00,3517636,lessthan 32768,27
2012-10-27 20:00,3517367,lessthan 48000,13
2012-10-27 21:00,3524394,lessthan 32000,8
2012-10-27 21:00,3517636,lessthan 32768,25
2012-10-27 21:00,3517367,lessthan 48000,17
2012-10-27 22:00,3524394,lessthan 32000,1
2012-10-27 22:00,3517636,lessthan 32768,46
2012-10-27 22:00,3517367,lessthan 48000,8
2012-10-27 23:00,3524394,lessthan 32000,2
2012-10-27 23:00,3517636,lessthan 32768,16
2012-10-27 23:00,3517367,lessthan 48000,3
2012-10-28 00:00,3524394,lessthan 32000,6
2012-10-28 00:00,3517636,lessthan 32768,28
2012-10-28 00:00,3517367,lessthan 48000,2
2012-10-28 01:00,3524394,lessthan 32000,19
2012-10-28 01:00,3517636,lessthan 32768,21
2012-10-28 01:00,3517367,lessthan 48000,11
2012-10-28 02:00,3524394,lessthan 32000,4
2012-10-28 02:00,3517636,lessthan 32768,48
2012-10-28 02:00,3517367,lessthan 48000,20
2012-10-28 03:00,3524394,lessthan 32000,5
2012-10-28 03:00,3517636,lessthan 32768,12
2012-10-28 03:00,3517367,lessthan 48000,7
2012-10-28 04:00,3524394,lessthan 32000,8
2012-10-28 04:00,3517636,lessthan 32768,12
2012-10-28 04:00,3517367,lessthan 48000,1
2012-10-28 05:00,3524394,lessthan 32000,29
2012-10-28 05:00,3517636,lessthan 32768,22
2012-10-28 05:00,3517367,lessthan 48000,4
2012-10-28 06:00,3524394,lessthan 32000,16
2012-10-28 06:00,3517636,lessthan 32768,15
2012-10-28 06:00,3517367,lessthan 48000,7
2012-10-28 07:00,3524394,lessthan 32000,4
2012-10-28 07:00,3517636,lessthan 32768,27
2012-10-28 07:00,3517367,lessthan 48000,1
2012-10-28 08:00,3524394,lessthan 32000,8
2012-10-28 08:00,3517636,lessthan 32768,30
2012-10-28 08:00,3517367,lessthan 48000,7
2012-10-28 09:00,3524394,lessthan 32000,52
2012-10-28 09:00,3517636,lessthan 32768,71
2012-10-28 09:00,3517367,lessthan 48000,17
2012-10-28 10:00,3524394,lessthan 32000,22
2012-10-28 10:00,3517636,lessthan 32768,44
2012-10-28 10:00,3517367,lessthan 48000,20
2012-10-28 11:00,3524394,lessthan 32000,46
2012-10-28 11:00,3517636,lessthan 32768,46
2012-10-28 11:00,3517367,lessthan 48000,17
2012-10-28 12:00,3524394,lessthan 32000,40
2012-10-28 12:00,3517636,lessthan 32768,106
2012-10-28 12:00,3517367,lessthan 48000,8
2012-10-28 13:00,3524394,lessthan 32000,41
2012-10-28 13:00,3517636,lessthan 32768,44
2012-10-28 13:00,3517367,lessthan 48000,10
2012-10-28 14:00,3524394,lessthan 32000,30
2012-10-28 14:00,3517636,lessthan 32768,8
2012-10-28 14:00,3517367,lessthan 48000,7
2012-10-28 15:00,3524394,lessthan 32000,25
2012-10-28 15:00,3517636,lessthan 32768,61
2012-10-28 15:00,3517367,lessthan 48000,10
2012-10-28 16:00,3524394,lessthan 32000,41
2012-10-28 16:00,3517636,lessthan 32768,47
2012-10-28 16:00,3517367,lessthan 48000,6
2012-10-28 17:00,3524394,lessthan 32000,22
2012-10-28 17:00,3517636,lessthan 32768,22
2012-10-28 17:00,3517367,lessthan 48000,10
2012-10-28 18:00,3524394,lessthan 32000,51
2012-10-28 18:00,3517636,lessthan 32768,34
2012-10-28 18:00,3517367,lessthan 48000,10
2012-10-28 19:00,3524394,lessthan 32000,15
2012-10-28 19:00,3517636,lessthan 32768,114
2012-10-28 19:00,3517367,lessthan 48000,39
2012-10-28 20:00,3524394,lessthan 32000,33
2012-10-28 20:00,3517636,lessthan 32768,26
2012-10-28 20:00,3517367,lessthan 48000,30
2012-10-28 21:00,3524394,lessthan 32000,17
2012-10-28 21:00,3517636,lessthan 32768,23
2012-10-28 21:00,3517367,lessthan 48000,22
2012-10-28 22:00,3524394,lessthan 32000,28
2012-10-28 22:00,3517636,lessthan 32768,75
2012-10-28 22:00,3517367,lessthan 48000,38
2012-10-28 23:00,3524394,lessthan 32000,2
2012-10-28 23:00,3517636,lessthan 32768,1
2012-10-28 23:00,3517367,lessthan 48000,6
2012-10-29 00:00,3524394,lessthan 32000,10
2012-10-29 00:00,3517636,lessthan 32768,50
2012-10-29 00:00,3517367,lessthan 48000,25
2012-10-29 01:00,3524394,lessthan 32000,7
2012-10-29 01:00,3517636,lessthan 32768,10
2012-10-29 01:00,3517367,lessthan 48000,13
2012-10-29 02:00,3524394,lessthan 32000,9
2012-10-29 02:00,3517636,lessthan 32768,15
2012-10-29 02:00,3517367,lessthan 48000,17
2012-10-29 03:00,3524394,lessthan 32000,20
2012-10-29 03:00,3517636,lessthan 32768,38
2012-10-29 03:00,3517367,lessthan 48000,23
2012-10-29 04:00,3524394,lessthan 32000,10
2012-10-29 04:00,3517636,lessthan 32768,15
2012-10-29 04:00,3517367,lessthan 48000,8
2012-10-29 05:00,3524394,lessthan 32000,1
2012-10-29 05:00,3517636,lessthan 32768,1
2012-10-29 05:00,3517367,lessthan 48000,0
2012-10-29 06:00,3524394,lessthan 32000,11
2012-10-29 06:00,3517636,lessthan 32768,24
2012-10-29 06:00,3517367,lessthan 48000,10
2012-10-29 07:00,3524394,lessthan 32000,14
2012-10-29 07:00,3517636,lessthan 32768,50
2012-10-29 07:00,3517367,lessthan 48000,11
2012-10-29 08:00,3524394,lessthan 32000,40
2012-10-29 08:00,3517636,lessthan 32768,37
2012-10-29 08:00,3517367,lessthan 48000,13
2012-10-29 09:00,3524394,lessthan 32000,7
2012-10-29 09:00,3517636,lessthan 32768,2
2012-10-29 09:00,3517367,lessthan 48000,3
2012-10-29 10:00,3524394,lessthan 32000,6
2012-10-29 10:00,3517636,lessthan 32768,17
2012-10-29 10:00,3517367,lessthan 48000,8
2012-10-29 11:00,3524394,lessthan 32000,0
2012-10-29 11:00,3517636,lessthan 32768,33
2012-10-29 11:00,3517367,lessthan 48000,5
2012-10-29 12:00,3524394,lessthan 32000,21
2012-10-29 12:00,3517636,lessthan 32768,139
2012-10-29 12:00,3517367,lessthan 48000,7
2012-10-29 13:00,3524394,lessthan 32000,6
2012-10-29 13:00,3517636,lessthan 32768,15
2012-10-29 13:00,3517367,lessthan 48000,6
2012-10-29 14:00,3524394,lessthan 32000,48
2012-10-29 14:00,3517636,lessthan 32768,66
2012-10-29 14:00,3517367,lessthan 48000,35
2012-10-29 15:00,3524394,lessthan 32000,63
2012-10-29 15:00,3517636,lessthan 32768,207
2012-10-29 15:00,3517367,lessthan 48000,22
2012-10-29 16:00,3524394,lessthan 32000,24
2012-10-29 16:00,3517636,lessthan 32768,142
2012-10-29 16:00,3517367,lessthan 48000,14
2012-10-29 17:00,3524394,lessthan 32000,19
2012-10-29 17:00,3517636,lessthan 32768,142
2012-10-29 17:00,3517367,lessthan 48000,5
2012-10-29 18:00,3524394,lessthan 32000,20
2012-10-29 18:00,3517636,lessthan 32768,299
2012-10-29 18:00,3517367,lessthan 48000,61
2012-10-29 19:00,3524394,lessthan 32000,41
2012-10-29 19:00,3517636,lessthan 32768,219
2012-10-29 19:00,3517367,lessthan 48000,53
2012-10-29 20:00,3524394,lessthan 32000,105
2012-10-29 20:00,3517636,lessthan 32768,159
2012-10-29 20:00,3517367,lessthan 48000,74
2012-10-29 21:00,3524394,lessthan 32000,52
2012-10-29 21:00,3517636,lessthan 32768,181
2012-10-29 21:00,3517367,lessthan 48000,30
2012-10-29 22:00,3524394,lessthan 32000,24
2012-10-29 22:00,3517636,lessthan 32768,121
2012-10-29 22:00,3517367,lessthan 48000,21
2012-10-29 23:00,3524394,lessthan 32000,0
2012-10-29 23:00,3517636,lessthan 32768,6
2012-10-29 23:00,3517367,lessthan 48000,36
2012-10-30 00:00,3524394,lessthan 32000,5
2012-10-30 00:00,3517636,lessthan 32768,185
2012-10-30 00:00,3517367,lessthan 48000,19
2012-10-30 01:00,3524394,lessthan 32000,39
2012-10-30 01:00,3517636,lessthan 32768,173
2012-10-30 01:00,3517367,lessthan 48000,93
2012-10-30 02:00,3524394,lessthan 32000,24
2012-10-30 02:00,3517636,lessthan 32768,36
2012-10-30 02:00,3517367,lessthan 48000,39
2012-10-30 03:00,3524394,lessthan 32000,26
2012-10-30 03:00,3517636,lessthan 32768,173
2012-10-30 03:00,3517367,lessthan 48000,31
2012-10-30 04:00,3524394,lessthan 32000,32
2012-10-30 04:00,3517636,lessthan 32768,73
2012-10-30 04:00,3517367,lessthan 48000,124
2012-10-30 05:00,3524394,lessthan 32000,19
2012-10-30 05:00,3517636,lessthan 32768,115
2012-10-30 05:00,3517367,lessthan 48000,18
2012-10-30 06:00,3524394,lessthan 32000,11
2012-10-30 06:00,3517636,lessthan 32768,91
2012-10-30 06:00,3517367,lessthan 48000,34
2012-10-30 07:00,3524394,lessthan 32000,5
2012-10-30 07:00,3517636,lessthan 32768,3
2012-10-30 07:00,3517367,lessthan 48000,6
2012-10-30 08:00,3524394,lessthan 32000,73
2012-10-30 08:00,3517636,lessthan 32768,189
2012-10-30 08:00,3517367,lessthan 48000,197
2012-10-30 09:00,3524394,lessthan 32000,9
2012-10-30 09:00,3517636,lessthan 32768,19
2012-10-30 09:00,3517367,lessthan 48000,3
2012-10-30 10:00,3524394,lessthan 32000,2
2012-10-30 10:00,3517636,lessthan 32768,29
2012-10-30 10:00,3517367,lessthan 48000,18
2012-10-30 11:00,3524394,lessthan 32000,57
2012-10-30 11:00,3517636,lessthan 32768,56
2012-10-30 11:00,3517367,lessthan 48000,108
2012-10-30 12:00,3524394,lessthan 32000,23
2012-10-30 12:00,3517636,lessthan 32768,308
2012-10-30 12:00,3517367,lessthan 48000,15
2012-10-30 13:00,3524394,lessthan 32000,4
2012-10-30 13:00,3517636,lessthan 32768,86
2012-10-30 13:00,3517367,lessthan 48000,0
2012-10-30 14:00,3524394,lessthan 32000,43
2012-10-30 14:00,3517636,lessthan 32768,506
2012-10-30 14:00,3517367,lessthan 48000,24
2012-10-30 15:00,3524394,lessthan 32000,10
2012-10-30 15:00,3517636,lessthan 32768,272
2012-10-30 15:00,3517367,lessthan 48000,4
2012-10-30 16:00,3524394,lessthan 32000,38
2012-10-30 16:00,3517636,lessthan 32768,341
2012-10-30 16:00,3517367,lessthan 48000,29
2012-10-30 17:00,3524394,lessthan 32000,25
2012-10-30 17:00,3517636,lessthan 32768,225
2012-10-30 17:00,3517367,lessthan 48000,43
2012-10-30 18:00,3524394,lessthan 32000,30
2012-10-30 18:00,3517636,lessthan 32768,94
2012-10-30 18:00,3517367,lessthan 48000,7
2012-10-30 19:00,3524394,lessthan 32000,29
2012-10-30 19:00,3517636,lessthan 32768,303
2012-10-30 19:00,3517367,lessthan 48000,13
2012-10-30 20:00,3524394,lessthan 32000,13
2012-10-30 20:00,3517636,lessthan 32768,225
2012-10-30 20:00,3517367,lessthan 48000,19
2012-10-30 21:00,3524394,lessthan 32000,12
2012-10-30 21:00,3517636,lessthan 32768,377
2012-10-30 21:00,3517367,lessthan 48000,29
2012-10-30 22:00,3524394,lessthan 32000,7
2012-10-30 22:00,3517636,lessthan 32768,151
2012-10-30 22:00,3517367,lessthan 48000,12
2012-10-30 23:00,3524394,lessthan 32000,9
2012-10-30 23:00,3517636,lessthan 32768,222
2012-10-30 23:00,3517367,lessthan 48000,18
2012-10-31 00:00,3524394,lessthan 32000,3
2012-10-31 00:00,3517636,lessthan 32768,38
2012-10-31 00:00,3517367,lessthan 48000,2
2012-10-31 01:00,3524394,lessthan 32000,106
2012-10-31 01:00,3517636,lessthan 32768,298
2012-10-31 01:00,3517367,lessthan 48000,41
2012-10-31 02:00,3524394,lessthan 32000,18
2012-10-31 02:00,3517636,lessthan 32768,173
2012-10-31 02:00,3517367,lessthan 48000,53
2012-10-31 03:00,3524394,lessthan 32000,20
2012-10-31 03:00,3517636,lessthan 32768,249
2012-10-31 03:00,3517367,lessthan 48000,12
2012-10-31 04:00,3524394,lessthan 32000,32
2012-10-31 04:00,3517636,lessthan 32768,17
2012-10-31 04:00,3517367,lessthan 48000,8
2012-10-31 05:00,3524394,lessthan 32000,24
2012-10-31 05:00,3517636,lessthan 32768,32
2012-10-31 05:00,3517367,lessthan 48000,7
2012-10-31 06:00,3524394,lessthan 32000,14
2012-10-31 06:00,3517636,lessthan 32768,25
2012-10-31 06:00,3517367,lessthan 48000,11
2012-10-31 07:00,3524394,lessthan 32000,12
2012-10-31 07:00,3517636,lessthan 32768,47
2012-10-31 07:00,3517367,lessthan 48000,9
2012-10-31 08:00,3524394,lessthan 32000,1
2012-10-31 08:00,3517636,lessthan 32768,21
2012-10-31 08:00,3517367,lessthan 48000,3
2012-10-31 09:00,3524394,lessthan 32000,31
2012-10-31 09:00,3517636,lessthan 32768,126
2012-10-31 09:00,3517367,lessthan 48000,15
2012-10-31 10:00,3524394,lessthan 32000,10
2012-10-31 10:00,3517636,lessthan 32768,21
2012-10-31 10:00,3517367,lessthan 48000,14
2012-10-31 11:00,3524394,lessthan 32000,16
2012-10-31 11:00,3517636,lessthan 32768,76
2012-10-31 11:00,3517367,lessthan 48000,4
2012-10-31 12:00,3524394,lessthan 32000,8
2012-10-31 12:00,3517636,lessthan 32768,62
2012-10-31 12:00,3517367,lessthan 48000,9
2012-10-31 13:00,3524394,lessthan 32000,91
2012-10-31 13:00,3517636,lessthan 32768,222
2012-10-31 13:00,3517367,lessthan 48000,19
2012-10-31 14:00,3524394,lessthan 32000,62
2012-10-31 14:00,3517636,lessthan 32768,123
2012-10-31 14:00,3517367,lessthan 48000,46
2012-10-31 15:00,3524394,lessthan 32000,70
2012-10-31 15:00,3517636,lessthan 32768,74
2012-10-31 15:00,3517367,lessthan 48000,14
2012-10-31 16:00,3524394,lessthan 32000,99
2012-10-31 16:00,3517636,lessthan 32768,123
2012-10-31 16:00,3517367,lessthan 48000,13
2012-10-31 17:00,3524394,lessthan 32000,56
2012-10-31 17:00,3517636,lessthan 32768,86
2012-10-31 17:00,3517367,lessthan 48000,5
2012-10-31 18:00,3524394,lessthan 32000,106
2012-10-31 18:00,3517636,lessthan 32768,138
2012-10-31 18:00,3517367,lessthan 48000,35
2012-10-31 19:00,3524394,lessthan 32000,26
2012-10-31 19:00,3517636,lessthan 32768,13
2012-10-31 19:00,3517367,lessthan 48000,7
2012-10-31 20:00,3524394,lessthan 32000,73
2012-10-31 20:00,3517636,lessthan 32768,217
2012-10-31 20:00,3517367,lessthan 48000,16
2012-10-31 21:00,3524394,lessthan 32000,12
2012-10-31 21:00,3517636,lessthan 32768,68
2012-10-31 21:00,3517367,lessthan 48000,12
2012-10-31 22:00,3524394,lessthan 32000,10
2012-10-31 22:00,3517636,lessthan 32768,47
2012-10-31 22:00,3517367,lessthan 48000,23
2012-10-31 23:00,3524394,lessthan 32000,20
2012-10-31 23:00,3517636,lessthan 32768,59
2012-10-31 23:00,3517367,lessthan 48000,15
2012-11-01 00:00,3524394,lessthan 32000,12
2012-11-01 00:00,3517636,lessthan 32768,28
2012-11-01 00:00,3517367,lessthan 48000,9
2012-11-01 01:00,3524394,lessthan 32000,10
2012-11-01 01:00,3517636,lessthan 32768,31
2012-11-01 01:00,3517367,lessthan 48000,7
2012-11-01 02:00,3524394,lessthan 32000,6
2012-11-01 02:00,3517636,lessthan 32768,187
2012-11-01 02:00,3517367,lessthan 48000,2
2012-11-01 03:00,3524394,lessthan 32000,13
2012-11-01 03:00,3517636,lessthan 32768,136
2012-11-01 03:00,3517367,lessthan 48000,9
2012-11-01 04:00,3524394,lessthan 32000,13
2012-11-01 04:00,3517636,lessthan 32768,4
2012-11-01 04:00,3517367,lessthan 48000,3
2012-11-01 05:00,3524394,lessthan 32000,55
2012-11-01 05:00,3517636,lessthan 32768,173
2012-11-01 05:00,3517367,lessthan 48000,9
2012-11-01 06:00,3524394,lessthan 32000,42
2012-11-01 06:00,3517636,lessthan 32768,172
2012-11-01 06:00,3517367,lessthan 48000,3
2012-11-01 07:00,3524394,lessthan 32000,26
2012-11-01 07:00,3517636,lessthan 32768,142
2012-11-01 07:00,3517367,lessthan 48000,7
2012-11-01 08:00,3524394,lessthan 32000,75
2012-11-01 08:00,3517636,lessthan 32768,74
2012-11-01 08:00,3517367,lessthan 48000,14
2012-11-01 09:00,3524394,lessthan 32000,27
2012-11-01 09:00,3517636,lessthan 32768,25
2012-11-01 09:00,3517367,lessthan 48000,2
2012-11-01 10:00,3524394,lessthan 32000,4
2012-11-01 10:00,3517636,lessthan 32768,19
2012-11-01 10:00,3517367,lessthan 48000,1
2012-11-01 11:00,3524394,lessthan 32000,46
2012-11-01 11:00,3517636,lessthan 32768,336
2012-11-01 11:00,3517367,lessthan 48000,8
2012-11-01 12:00,3524394,lessthan 32000,5
2012-11-01 12:00,3517636,lessthan 32768,10
2012-11-01 12:00,3517367,lessthan 48000,0
2012-11-01 13:00,3524394,lessthan 32000,44
2012-11-01 13:00,3517636,lessthan 32768,70
2012-11-01 13:00,3517367,lessthan 48000,12
2012-11-01 14:00,3524394,lessthan 32000,6
2012-11-01 14:00,3517636,lessthan 32768,153
2012-11-01 14:00,3517367,lessthan 48000,45
2012-11-01 15:00,3524394,lessthan 32000,6
2012-11-01 15:00,3517636,lessthan 32768,152
2012-11-01 15:00,3517367,lessthan 48000,29
2012-11-01 16:00,3524394,lessthan 32000,29
2012-11-01 16:00,3517636,lessthan 32768,65
2012-11-01 16:00,3517367,lessthan 48000,41
2012-11-01 17:00,3524394,lessthan 32000,12
2012-11-01 17:00,3517636,lessthan 32768,350
2012-11-01 17:00,3517367,lessthan 48000,58
2012-11-01 18:00,3524394,lessthan 32000,8
2012-11-01 18:00,3517636,lessthan 32768,248
2012-11-01 18:00,3517367,lessthan 48000,11
2012-11-01 19:00,3524394,lessthan 32000,8
2012-11-01 19:00,3517636,lessthan 32768,2
2012-11-01 19:00,3517367,lessthan 48000,2
2012-11-01 20:00,3524394,lessthan 32000,24
2012-11-01 20:00,3517636,lessthan 32768,81
2012-11-01 20:00,3517367,lessthan 48000,39
2012-11-01 21:00,3524394,lessthan 32000,11
2012-11-01 21:00,3517636,lessthan 32768,7
2012-11-01 21:00,3517367,lessthan 48000,24
2012-11-01 22:00,3524394,lessthan 32000,18
2012-11-01 22:00,3517636,lessthan 32768,32
2012-11-01 22:00,3517367,lessthan 48000,39
2012-11-01 23:00,3524394,lessthan 32000,21
2012-11-01 23:00,3517636,lessthan 32768,39
2012-11-01 23:00,3517367,lessthan 48000,53
2012-11-02 00:00,3524394,lessthan 32000,3
2012-11-02 00:00,3517636,lessthan 32768,0
2012-11-02 00:00,3517367,lessthan 48000,1
2012-11-02 01:00,3524394,lessthan 32000,28
2012-11-02 01:00,3517636,lessthan 32768,149
2012-11-02 01:00,3517367,lessthan 48000,39
2012-11-02 02:00,3524394,lessthan 32000,0
2012-11-02 02:00,3517636,lessthan 32768,346
2012-11-02 02:00,3517367,lessthan 48000,105
2012-11-02 03:00,3524394,lessthan 32000,7
2012-11-02 03:00,3517636,lessthan 32768,227
2012-11-02 03:00,3517367,lessthan 48000,90
2012-11-02 04:00,3524394,lessthan 32000,0
2012-11-02 04:00,3517636,lessthan 32768,228
2012-11-02 04:00,3517367,lessthan 48000,122
2012-11-02 05:00,3524394,lessthan 32000,5
2012-11-02 05:00,3517636,lessthan 32768,245
2012-11-02 05:00,3517367,lessthan 48000,16
2012-11-02 06:00,3524394,lessthan 32000,9
2012-11-02 06:00,3517636,lessthan 32768,54
2012-11-02 06:00,3517367,lessthan 48000,0
2012-11-02 07:00,3524394,lessthan 32000,22
2012-11-02 07:00,3517636,lessthan 32768,133
2012-11-02 07:00,3517367,lessthan 48000,11
2012-11-02 08:00,3524394,lessthan 32000,18
2012-11-02 08:00,3517636,lessthan 32768,15
2012-11-02 08:00,3517367,lessthan 48000,1
2012-11-02 09:00,3524394,lessthan 32000,5
2012-11-02 09:00,3517636,lessthan 32768,45
2012-11-02 09:00,3517367,lessthan 48000,11
2012-11-02 10:00,3524394,lessthan 32000,24
2012-11-02 10:00,3517636,lessthan 32768,41
2012-11-02 10:00,3517367,lessthan 48000,5
2012-11-02 11:00,3524394,lessthan 32000,18
2012-11-02 11:00,3517636,lessthan 32768,419
2012-11-02 11:00,3517367,lessthan 48000,33
2012-11-02 12:00,3524394,lessthan 32000,10
2012-11-02 12:00,3517636,lessthan 32768,82
2012-11-02 12:00,3517367,lessthan 48000,8
2012-11-02 13:00,3524394,lessthan 32000,5
2012-11-02 13:00,3517636,lessthan 32768,63
2012-11-02 13:00,3517367,lessthan 48000,2
2012-11-02 14:00,3524394,lessthan 32000,8
2012-11-02 14:00,3517636,lessthan 32768,129
2012-11-02 14:00,3517367,lessthan 48000,7
2012-11-02 15:00,3524394,lessthan 32000,119
2012-11-02 15:00,3517636,lessthan 32768,333
2012-11-02 15:00,3517367,lessthan 48000,19
2012-11-02 16:00,3524394,lessthan 32000,134
2012-11-02 16:00,3517636,lessthan 32768,22
2012-11-02 16:00,3517367,lessthan 48000,7
2012-11-02 17:00,3524394,lessthan 32000,62
2012-11-02 17:00,3517636,lessthan 32768,320
2012-11-02 17:00,3517367,lessthan 48000,8
2012-11-02 18:00,3524394,lessthan 32000,15
2012-11-02 18:00,3517636,lessthan 32768,79
2012-11-02 18:00,3517367,lessthan 48000,47
2012-11-02 19:00,3524394,lessthan 32000,8
2012-11-02 19:00,3517636,lessthan 32768,74
2012-11-02 19:00,3517367,lessthan 48000,34
2012-11-02 20:00,3524394,lessthan 32000,119
2012-11-02 20:00,3517636,lessthan 32768,238
2012-11-02 20:00,3517367,lessthan 48000,62
2012-11-02 21:00,3524394,lessthan 32000,134
2012-11-02 21:00,3517636,lessthan 32768,29
2012-11-02 21:00,3517367,lessthan 48000,10
2012-11-02 22:00,3524394,lessthan 32000,24
2012-11-02 22:00,3517636,lessthan 32768,18
2012-11-02 22:00,3517367,lessthan 48000,33
2012-11-02 23:00,3524394,lessthan 32000,13
2012-11-02 23:00,3517636,lessthan 32768,47
2012-11-02 23:00,3517367,lessthan 48000,64
2012-11-03 00:00,3524394,lessthan 32000,39
2012-11-03 00:00,3517636,lessthan 32768,27
2012-11-03 00:00,3517367,lessthan 48000,26
2012-11-03 01:00,3524394,lessthan 32000,18
2012-11-03 01:00,3517636,lessthan 32768,83
2012-11-03 01:00,3517367,lessthan 48000,65
2012-11-03 02:00,3524394,lessthan 32000,24
2012-11-03 02:00,3517636,lessthan 32768,13
2012-11-03 02:00,3517367,lessthan 48000,4
2012-11-03 03:00,3524394,lessthan 32000,30
2012-11-03 03:00,3517636,lessthan 32768,25
2012-11-03 03:00,3517367,lessthan 48000,31
2012-11-03 04:00,3524394,lessthan 32000,9
2012-11-03 04:00,3517636,lessthan 32768,429
2012-11-03 04:00,3517367,lessthan 48000,94
2012-11-03 05:00,3524394,lessthan 32000,9
2012-11-03 05:00,3517636,lessthan 32768,131
2012-11-03 05:00,3517367,lessthan 48000,62
2012-11-03 06:00,3524394,lessthan 32000,4
2012-11-03 06:00,3517636,lessthan 32768,263
2012-11-03 06:00,3517367,lessthan 48000,12
2012-11-03 07:00,3524394,lessthan 32000,23
2012-11-03 07:00,3517636,lessthan 32768,20
2012-11-03 07:00,3517367,lessthan 48000,8
2012-11-03 08:00,3524394,lessthan 32000,5
2012-11-03 08:00,3517636,lessthan 32768,76
2012-11-03 08:00,3517367,lessthan 48000,15
2012-11-03 09:00,3524394,lessthan 32000,20
2012-11-03 09:00,3517636,lessthan 32768,49
2012-11-03 09:00,3517367,lessthan 48000,7
2012-11-03 10:00,3524394,lessthan 32000,50
2012-11-03 10:00,3517636,lessthan 32768,41
2012-11-03 10:00,3517367,lessthan 48000,9
2012-11-03 11:00,3524394,lessthan 32000,16
2012-11-03 11:00,3517636,lessthan 32768,2
2012-11-03 11:00,3517367,lessthan 48000,8
2012-11-03 12:00,3524394,lessthan 32000,24
2012-11-03 12:00,3517636,lessthan 32768,147
2012-11-03 12:00,3517367,lessthan 48000,33
2012-11-03 13:00,3524394,lessthan 32000,21
2012-11-03 13:00,3517636,lessthan 32768,37
2012-11-03 13:00,3517367,lessthan 48000,16
2012-11-03 14:00,3524394,lessthan 32000,30
2012-11-03 14:00,3517636,lessthan 32768,154
2012-11-03 14:00,3517367,lessthan 48000,54
2012-11-03 15:00,3524394,lessthan 32000,16
2012-11-03 15:00,3517636,lessthan 32768,58
2012-11-03 15:00,3517367,lessthan 48000,32
2012-11-03 16:00,3524394,lessthan 32000,36
2012-11-03 16:00,3517636,lessthan 32768,34
2012-11-03 16:00,3517367,lessthan 48000,21
2012-11-03 17:00,3524394,lessthan 32000,106
2012-11-03 17:00,3517636,lessthan 32768,35
2012-11-03 17:00,3517367,lessthan 48000,59
2012-11-03 18:00,3524394,lessthan 32000,16
2012-11-03 18:00,3517636,lessthan 32768,78
2012-11-03 18:00,3517367,lessthan 48000,11
2012-11-03 19:00,3524394,lessthan 32000,39
2012-11-03 19:00,3517636,lessthan 32768,79
2012-11-03 19:00,3517367,lessthan 48000,15
2012-11-03 20:00,3524394,lessthan 32000,35
2012-11-03 20:00,3517636,lessthan 32768,41
2012-11-03 20:00,3517367,lessthan 48000,47
2012-11-03 21:00,3524394,lessthan 32000,14
2012-11-03 21:00,3517636,lessthan 32768,37
2012-11-03 21:00,3517367,lessthan 48000,15
2012-11-03 22:00,3524394,lessthan 32000,31
2012-11-03 22:00,3517636,lessthan 32768,31
2012-11-03 22:00,3517367,lessthan 48000,15
2012-11-03 23:00,3524394,lessthan 32000,14
2012-11-03 23:00,3517636,lessthan 32768,77
2012-11-03 23:00,3517367,lessthan 48000,12
2012-11-04 00:00,3524394,lessthan 32000,24
2012-11-04 00:00,3517636,lessthan 32768,29
2012-11-04 00:00,3517367,lessthan 48000,23
2012-11-04 01:00,3524394,lessthan 32000,13
2012-11-04 01:00,3517636,lessthan 32768,14
2012-11-04 01:00,3517367,lessthan 48000,31
2012-11-04 02:00,3524394,lessthan 32000,18
2012-11-04 02:00,3517636,lessthan 32768,38
2012-11-04 02:00,3517367,lessthan 48000,101
2012-11-04 03:00,3524394,lessthan 32000,21
2012-11-04 03:00,3517636,lessthan 32768,5
2012-11-04 03:00,3517367,lessthan 48000,23
2012-11-04 04:00,3524394,lessthan 32000,5
2012-11-04 04:00,3517636,lessthan 32768,6
2012-11-04 04:00,3517367,lessthan 48000,38
2012-11-04 05:00,3524394,lessthan 32000,9
2012-11-04 05:00,3517636,lessthan 32768,35
2012-11-04 05:00,3517367,lessthan 48000,13
2012-11-04 06:00,3524394,lessthan 32000,5
2012-11-04 06:00,3517636,lessthan 32768,56
2012-11-04 06:00,3517367,lessthan 48000,27
2012-11-04 07:00,3524394,lessthan 32000,2
2012-11-04 07:00,3517636,lessthan 32768,27
2012-11-04 07:00,3517367,lessthan 48000,10
2012-11-04 08:00,3524394,lessthan 32000,7
2012-11-04 08:00,3517636,lessthan 32768,68
2012-11-04 08:00,3517367,lessthan 48000,49
2012-11-04 09:00,3524394,lessthan 32000,4
2012-11-04 09:00,3517636,lessthan 32768,40
2012-11-04 09:00,3517367,lessthan 48000,12
2012-11-04 10:00,3524394,lessthan 32000,2
2012-11-04 10:00,3517636,lessthan 32768,38
2012-11-04 10:00,3517367,lessthan 48000,17
2012-11-04 11:00,3524394,lessthan 32000,91
2012-11-04 11:00,3517636,lessthan 32768,220
2012-11-04 11:00,3517367,lessthan 48000,77
2012-11-04 12:00,3524394,lessthan 32000,56
2012-11-04 12:00,3517636,lessthan 32768,21
2012-11-04 12:00,3517367,lessthan 48000,28
2012-11-04 13:00,3524394,lessthan 32000,43
2012-11-04 13:00,3517636,lessthan 32768,30
2012-11-04 13:00,3517367,lessthan 48000,15
2012-11-04 14:00,3524394,lessthan 32000,79
2012-11-04 14:00,3517636,lessthan 32768,44
2012-11-04 14:00,3517367,lessthan 48000,76
2012-11-04 15:00,3524394,lessthan 32000,8
2012-11-04 15:00,3517636,lessthan 32768,93
2012-11-04 15:00,3517367,lessthan 48000,74
2012-11-04 16:00,3524394,lessthan 32000,99
2012-11-04 16:00,3517636,lessthan 32768,89
2012-11-04 16:00,3517367,lessthan 48000,41
2012-11-04 17:00,3524394,lessthan 32000,5
2012-11-04 17:00,3517636,lessthan 32768,62
2012-11-04 17:00,3517367,lessthan 48000,46
2012-11-04 18:00,3524394,lessthan 32000,14
2012-11-04 18:00,3517636,lessthan 32768,81
2012-11-04 18:00,3517367,lessthan 48000,14
2012-11-04 19:00,3524394,lessthan 32000,29
2012-11-04 19:00,3517636,lessthan 32768,102
2012-11-04 19:00,3517367,lessthan 48000,6
2012-11-04 20:00,3524394,lessthan 32000,37
2012-11-04 20:00,3517636,lessthan 32768,28
2012-11-04 20:00,3517367,lessthan 48000,6
2012-11-04 21:00,3524394,lessthan 32000,12
2012-11-04 21:00,3517636,lessthan 32768,143
2012-11-04 21:00,3517367,lessthan 48000,23
2012-11-04 22:00,3524394,lessthan 32000,25
2012-11-04 22:00,3517636,lessthan 32768,324
2012-11-04 22:00,3517367,lessthan 48000,28
2012-11-04 23:00,3524394,lessthan 32000,11
2012-11-04 23:00,3517636,lessthan 32768,96
2012-11-04 23:00,3517367,lessthan 48000,45
2012-11-05 00:00,3524394,lessthan 32000,4
2012-11-05 00:00,3517636,lessthan 32768,81
2012-11-05 00:00,3517367,lessthan 48000,17
2012-11-05 01:00,3524394,lessthan 32000,0
2012-11-05 01:00,3517636,lessthan 32768,52
2012-11-05 01:00,3517367,lessthan 48000,2
2012-11-05 02:00,3524394,lessthan 32000,55
2012-11-05 02:00,3517636,lessthan 32768,37
2012-11-05 02:00,3517367,lessthan 48000,36
2012-11-05 03:00,3524394,lessthan 32000,52
2012-11-05 03:00,3517636,lessthan 32768,42
2012-11-05 03:00,3517367,lessthan 48000,17
2012-11-05 04:00,3524394,lessthan 32000,82
2012-11-05 04:00,3517636,lessthan 32768,104
2012-11-05 04:00,3517367,lessthan 48000,54
2012-11-05 05:00,3524394,lessthan 32000,177
2012-11-05 05:00,3517636,lessthan 32768,27
2012-11-05 05:00,3517367,lessthan 48000,56
2012-11-05 06:00,3524394,lessthan 32000,72
2012-11-05 06:00,3517636,lessthan 32768,12
2012-11-05 06:00,3517367,lessthan 48000,16
2012-11-05 07:00,3524394,lessthan 32000,214
2012-11-05 07:00,3517636,lessthan 32768,116
2012-11-05 07:00,3517367,lessthan 48000,49
2012-11-05 08:00,3524394,lessthan 32000,135
2012-11-05 08:00,3517636,lessthan 32768,146
2012-11-05 08:00,3517367,lessthan 48000,31
2012-11-05 09:00,3524394,lessthan 32000,52
2012-11-05 09:00,3517636,lessthan 32768,143
2012-11-05 09:00,3517367,lessthan 48000,65
2012-11-05 10:00,3524394,lessthan 32000,17
2012-11-05 10:00,3517636,lessthan 32768,76
2012-11-05 10:00,3517367,lessthan 48000,15
2012-11-05 11:00,3524394,lessthan 32000,248
2012-11-05 11:00,3517636,lessthan 32768,198
2012-11-05 11:00,3517367,lessthan 48000,38
2012-11-05 12:00,3524394,lessthan 32000,141
2012-11-05 12:00,3517636,lessthan 32768,160
2012-11-05 12:00,3517367,lessthan 48000,33
2012-11-05 13:00,3524394,lessthan 32000,141
2012-11-05 13:00,3517636,lessthan 32768,55
2012-11-05 13:00,3517367,lessthan 48000,24
2012-11-05 14:00,3524394,lessthan 32000,128
2012-11-05 14:00,3517636,lessthan 32768,173
2012-11-05 14:00,3517367,lessthan 48000,23
2012-11-05 15:00,3524394,lessthan 32000,119
2012-11-05 15:00,3517636,lessthan 32768,34
2012-11-05 15:00,3517367,lessthan 48000,50
2012-11-05 16:00,3524394,lessthan 32000,25
2012-11-05 16:00,3517636,lessthan 32768,126
2012-11-05 16:00,3517367,lessthan 48000,96
2012-11-05 17:00,3524394,lessthan 32000,59
2012-11-05 17:00,3517636,lessthan 32768,131
2012-11-05 17:00,3517367,lessthan 48000,43
2012-11-05 18:00,3524394,lessthan 32000,106
2012-11-05 18:00,3517636,lessthan 32768,38
2012-11-05 18:00,3517367,lessthan 48000,15
2012-11-05 19:00,3524394,lessthan 32000,134
2012-11-05 19:00,3517636,lessthan 32768,50
2012-11-05 19:00,3517367,lessthan 48000,24
2012-11-05 20:00,3524394,lessthan 32000,34
2012-11-05 20:00,3517636,lessthan 32768,23
2012-11-05 20:00,3517367,lessthan 48000,22
2012-11-05 21:00,3524394,lessthan 32000,84
2012-11-05 21:00,3517636,lessthan 32768,112
2012-11-05 21:00,3517367,lessthan 48000,62
2012-11-05 22:00,3524394,lessthan 32000,63
2012-11-05 22:00,3517636,lessthan 32768,80
2012-11-05 22:00,3517367,lessthan 48000,118
2012-11-05 23:00,3524394,lessthan 32000,6
2012-11-05 23:00,3517636,lessthan 32768,11
2012-11-05 23:00,3517367,lessthan 48000,64
2012-11-06 00:00,3524394,lessthan 32000,10
2012-11-06 00:00,3517636,lessthan 32768,293
2012-11-06 00:00,3517367,lessthan 48000,41
2012-11-06 01:00,3524394,lessthan 32000,45
2012-11-06 01:00,3517636,lessthan 32768,100
2012-11-06 01:00,3517367,lessthan 48000,30
2012-11-06 02:00,3524394,lessthan 32000,26
2012-11-06 02:00,3517636,lessthan 32768,9
2012-11-06 02:00,3517367,lessthan 48000,10
2012-11-06 03:00,3524394,lessthan 32000,57
2012-11-06 03:00,3517636,lessthan 32768,31
2012-11-06 03:00,3517367,lessthan 48000,57
2012-11-06 04:00,3524394,lessthan 32000,20
2012-11-06 04:00,3517636,lessthan 32768,3
2012-11-06 04:00,3517367,lessthan 48000,3
2012-11-06 05:00,3524394,lessthan 32000,109
2012-11-06 05:00,3517636,lessthan 32768,203
2012-11-06 05:00,3517367,lessthan 48000,219
2012-11-06 06:00,3524394,lessthan 32000,65
2012-11-06 06:00,3517636,lessthan 32768,38
2012-11-06 06:00,3517367,lessthan 48000,16
2012-11-06 07:00,3524394,lessthan 32000,70
2012-11-06 07:00,3517636,lessthan 32768,159
2012-11-06 07:00,3517367,lessthan 48000,139
2012-11-06 08:00,3524394,lessthan 32000,142
2012-11-06 08:00,3517636,lessthan 32768,94
2012-11-06 08:00,3517367,lessthan 48000,35
2012-11-06 09:00,3524394,lessthan 32000,18
2012-11-06 09:00,3517636,lessthan 32768,37
2012-11-06 09:00,3517367,lessthan 48000,58
2012-11-06 10:00,3524394,lessthan 32000,52
2012-11-06 10:00,3517636,lessthan 32768,109
2012-11-06 10:00,3517367,lessthan 48000,54
2012-11-06 11:00,3524394,lessthan 32000,0
2012-11-06 11:00,3517636,lessthan 32768,0
2012-11-06 11:00,3517367,lessthan 48000,0
2012-11-06 12:00,3524394,lessthan 32000,104
2012-11-06 12:00,3517636,lessthan 32768,29
2012-11-06 12:00,3517367,lessthan 48000,32
2012-11-06 13:00,3524394,lessthan 32000,142
2012-11-06 13:00,3517636,lessthan 32768,163
2012-11-06 13:00,3517367,lessthan 48000,16
2012-11-06 14:00,3524394,lessthan 32000,30
2012-11-06 14:00,3517636,lessthan 32768,29
2012-11-06 14:00,3517367,lessthan 48000,25
2012-11-06 15:00,3524394,lessthan 32000,48
2012-11-06 15:00,3517636,lessthan 32768,86
2012-11-06 15:00,3517367,lessthan 48000,66
2012-11-06 16:00,3524394,lessthan 32000,22
2012-11-06 16:00,3517636,lessthan 32768,41
2012-11-06 16:00,3517367,lessthan 48000,50
2012-11-06 17:00,3524394,lessthan 32000,84
2012-11-06 17:00,3517636,lessthan 32768,140
2012-11-06 17:00,3517367,lessthan 48000,61
2012-11-06 18:00,3524394,lessthan 32000,84
2012-11-06 18:00,3517636,lessthan 32768,143
2012-11-06 18:00,3517367,lessthan 48000,167
2012-11-06 19:00,3524394,lessthan 32000,55
2012-11-06 19:00,3517636,lessthan 32768,101
2012-11-06 19:00,3517367,lessthan 48000,71
2012-11-06 20:00,3524394,lessthan 32000,111
2012-11-06 20:00,3517636,lessthan 32768,22
2012-11-06 20:00,3517367,lessthan 48000,89
2012-11-06 21:00,3524394,lessthan 32000,119
2012-11-06 21:00,3517636,lessthan 32768,38
2012-11-06 21:00,3517367,lessthan 48000,144
2012-11-06 22:00,3524394,lessthan 32000,84
2012-11-06 22:00,3517636,lessthan 32768,38
2012-11-06 22:00,3517367,lessthan 48000,74
2012-11-06 23:00,3524394,lessthan 32000,236
2012-11-06 23:00,3517636,lessthan 32768,40
2012-11-06 23:00,3517367,lessthan 48000,92
2012-11-07 00:00,3524394,lessthan 32000,49
2012-11-07 00:00,3517636,lessthan 32768,19
2012-11-07 00:00,3517367,lessthan 48000,108
2012-11-07 01:00,3524394,lessthan 32000,26
2012-11-07 01:00,3517636,lessthan 32768,3
2012-11-07 01:00,3517367,lessthan 48000,80
2012-11-07 02:00,3524394,lessthan 32000,84
2012-11-07 02:00,3517636,lessthan 32768,27
2012-11-07 02:00,3517367,lessthan 48000,220
2012-11-07 03:00,3524394,lessthan 32000,56
2012-11-07 03:00,3517636,lessthan 32768,24
2012-11-07 03:00,3517367,lessthan 48000,133
2012-11-07 04:00,3524394,lessthan 32000,216
2012-11-07 04:00,3517636,lessthan 32768,30
2012-11-07 04:00,3517367,lessthan 48000,47
2012-11-07 05:00,3524394,lessthan 32000,97
2012-11-07 05:00,3517636,lessthan 32768,30
2012-11-07 05:00,3517367,lessthan 48000,41
2012-11-07 06:00,3524394,lessthan 32000,65
2012-11-07 06:00,3517636,lessthan 32768,4
2012-11-07 06:00,3517367,lessthan 48000,11
2012-11-07 07:00,3524394,lessthan 32000,77
2012-11-07 07:00,3517636,lessthan 32768,31
2012-11-07 07:00,3517367,lessthan 48000,32
2012-11-07 08:00,3524394,lessthan 32000,92
2012-11-07 08:00,3517636,lessthan 32768,48
2012-11-07 08:00,3517367,lessthan 48000,35
2012-11-07 09:00,3524394,lessthan 32000,44
2012-11-07 09:00,3517636,lessthan 32768,38
2012-11-07 09:00,3517367,lessthan 48000,71
2012-11-07 10:00,3524394,lessthan 32000,13
2012-11-07 10:00,3517636,lessthan 32768,90
2012-11-07 10:00,3517367,lessthan 48000,119
2012-11-07 11:00,3524394,lessthan 32000,5
2012-11-07 11:00,3517636,lessthan 32768,21
2012-11-07 11:00,3517367,lessthan 48000,33
2012-11-07 12:00,3524394,lessthan 32000,79
2012-11-07 12:00,3517636,lessthan 32768,30
2012-11-07 12:00,3517367,lessthan 48000,174
2012-11-07 13:00,3524394,lessthan 32000,25
2012-11-07 13:00,3517636,lessthan 32768,78
2012-11-07 13:00,3517367,lessthan 48000,17
2012-11-07 14:00,3524394,lessthan 32000,27
2012-11-07 14:00,3517636,lessthan 32768,70
2012-11-07 14:00,3517367,lessthan 48000,69
2012-11-07 15:00,3524394,lessthan 32000,49
2012-11-07 15:00,3517636,lessthan 32768,160
2012-11-07 15:00,3517367,lessthan 48000,97
2012-11-07 16:00,3524394,lessthan 32000,82
2012-11-07 16:00,3517636,lessthan 32768,85
2012-11-07 16:00,3517367,lessthan 48000,93
2012-11-07 17:00,3524394,lessthan 32000,111
2012-11-07 17:00,3517636,lessthan 32768,20
2012-11-07 17:00,3517367,lessthan 48000,62
2012-11-07 18:00,3524394,lessthan 32000,97
2012-11-07 18:00,3517636,lessthan 32768,2
2012-11-07 18:00,3517367,lessthan 48000,48
2012-11-07 19:00,3524394,lessthan 32000,67
2012-11-07 19:00,3517636,lessthan 32768,38
2012-11-07 19:00,3517367,lessthan 48000,104
2012-11-07 20:00,3524394,lessthan 32000,29
2012-11-07 20:00,3517636,lessthan 32768,91
2012-11-07 20:00,3517367,lessthan 48000,65
2012-11-07 21:00,3524394,lessthan 32000,51
2012-11-07 21:00,3517636,lessthan 32768,42
2012-11-07 21:00,3517367,lessthan 48000,67
2012-11-07 22:00,3524394,lessthan 32000,328
2012-11-07 22:00,3517636,lessthan 32768,48
2012-11-07 22:00,3517367,lessthan 48000,257
2012-11-07 23:00,3524394,lessthan 32000,210
2012-11-07 23:00,3517636,lessthan 32768,88
2012-11-07 23:00,3517367,lessthan 48000,131
2012-11-08 00:00,3524394,lessthan 32000,43
2012-11-08 00:00,3517636,lessthan 32768,62
2012-11-08 00:00,3517367,lessthan 48000,50
2012-11-08 01:00,3524394,lessthan 32000,1
2012-11-08 01:00,3517636,lessthan 32768,0
2012-11-08 01:00,3517367,lessthan 48000,0
2012-11-08 02:00,3524394,lessthan 32000,58
2012-11-08 02:00,3517636,lessthan 32768,24
2012-11-08 02:00,3517367,lessthan 48000,142
2012-11-08 03:00,3524394,lessthan 32000,65
2012-11-08 03:00,3517636,lessthan 32768,39
2012-11-08 03:00,3517367,lessthan 48000,39
2012-11-08 04:00,3524394,lessthan 32000,18
2012-11-08 04:00,3517636,lessthan 32768,12
2012-11-08 04:00,3517367,lessthan 48000,88
2012-11-08 05:00,3524394,lessthan 32000,37
2012-11-08 05:00,3517636,lessthan 32768,58
2012-11-08 05:00,3517367,lessthan 48000,130
2012-11-08 06:00,3524394,lessthan 32000,26
2012-11-08 06:00,3517636,lessthan 32768,36
2012-11-08 06:00,3517367,lessthan 48000,80
2012-11-08 07:00,3524394,lessthan 32000,18
2012-11-08 07:00,3517636,lessthan 32768,22
2012-11-08 07:00,3517367,lessthan 48000,121
2012-11-08 08:00,3524394,lessthan 32000,33
2012-11-08 08:00,3517636,lessthan 32768,23
2012-11-08 08:00,3517367,lessthan 48000,100
2012-11-08 09:00,3524394,lessthan 32000,36
2012-11-08 09:00,3517636,lessthan 32768,119
2012-11-08 09:00,3517367,lessthan 48000,123
2012-11-08 10:00,3524394,lessthan 32000,52
2012-11-08 10:00,3517636,lessthan 32768,83
2012-11-08 10:00,3517367,lessthan 48000,144
2012-11-08 11:00,3524394,lessthan 32000,2
2012-11-08 11:00,3517636,lessthan 32768,12
2012-11-08 11:00,3517367,lessthan 48000,8
2012-11-08 12:00,3524394,lessthan 32000,13
2012-11-08 12:00,3517636,lessthan 32768,54
2012-11-08 12:00,3517367,lessthan 48000,71
2012-11-08 13:00,3524394,lessthan 32000,14
2012-11-08 13:00,3517636,lessthan 32768,106
2012-11-08 13:00,3517367,lessthan 48000,77
2012-11-08 14:00,3524394,lessthan 32000,29
2012-11-08 14:00,3517636,lessthan 32768,105
2012-11-08 14:00,3517367,lessthan 48000,129
2012-11-08 15:00,3524394,lessthan 32000,304
2012-11-08 15:00,3517636,lessthan 32768,106
2012-11-08 15:00,3517367,lessthan 48000,172
2012-11-08 16:00,3524394,lessthan 32000,83
2012-11-08 16:00,3517636,lessthan 32768,62
2012-11-08 16:00,3517367,lessthan 48000,44
2012-11-08 17:00,3524394,lessthan 32000,277
2012-11-08 17:00,3517636,lessthan 32768,87
2012-11-08 17:00,3517367,lessthan 48000,52
2012-11-08 18:00,3524394,lessthan 32000,125
2012-11-08 18:00,3517636,lessthan 32768,64
2012-11-08 18:00,3517367,lessthan 48000,21
2012-11-08 19:00,3524394,lessthan 32000,32
2012-11-08 19:00,3517636,lessthan 32768,106
2012-11-08 19:00,3517367,lessthan 48000,18
2012-11-08 20:00,3524394,lessthan 32000,19
2012-11-08 20:00,3517636,lessthan 32768,34
2012-11-08 20:00,3517367,lessthan 48000,10
2012-11-08 21:00,3524394,lessthan 32000,93
2012-11-08 21:00,3517636,lessthan 32768,111
2012-11-08 21:00,3517367,lessthan 48000,12
2012-11-08 22:00,3524394,lessthan 32000,94
2012-11-08 22:00,3517636,lessthan 32768,138
2012-11-08 22:00,3517367,lessthan 48000,8
2012-11-08 23:00,3524394,lessthan 32000,8
2012-11-08 23:00,3517636,lessthan 32768,35
2012-11-08 23:00,3517367,lessthan 48000,32
2012-11-09 00:00,3524394,lessthan 32000,43
2012-11-09 00:00,3517636,lessthan 32768,44
2012-11-09 00:00,3517367,lessthan 48000,16
2012-11-09 01:00,3524394,lessthan 32000,52
2012-11-09 01:00,3517636,lessthan 32768,42
2012-11-09 01:00,3517367,lessthan 48000,38
2012-11-09 02:00,3524394,lessthan 32000,4
2012-11-09 02:00,3517636,lessthan 32768,88
2012-11-09 02:00,3517367,lessthan 48000,17
2012-11-09 03:00,3524394,lessthan 32000,20
2012-11-09 03:00,3517636,lessthan 32768,29
2012-11-09 03:00,3517367,lessthan 48000,44
2012-11-09 04:00,3524394,lessthan 32000,28
2012-11-09 04:00,3517636,lessthan 32768,22
2012-11-09 04:00,3517367,lessthan 48000,70
2012-11-09 05:00,3524394,lessthan 32000,25
2012-11-09 05:00,3517636,lessthan 32768,61
2012-11-09 05:00,3517367,lessthan 48000,41
2012-11-09 06:00,3524394,lessthan 32000,40
2012-11-09 06:00,3517636,lessthan 32768,155
2012-11-09 06:00,3517367,lessthan 48000,54
2012-11-09 07:00,3524394,lessthan 32000,65
2012-11-09 07:00,3517636,lessthan 32768,51
2012-11-09 07:00,3517367,lessthan 48000,12
2012-11-09 08:00,3524394,lessthan 32000,0
2012-11-09 08:00,3517636,lessthan 32768,53
2012-11-09 08:00,3517367,lessthan 48000,67
2012-11-09 09:00,3524394,lessthan 32000,55
2012-11-09 09:00,3517636,lessthan 32768,46
2012-11-09 09:00,3517367,lessthan 48000,10
2012-11-09 10:00,3524394,lessthan 32000,60
2012-11-09 10:00,3517636,lessthan 32768,106
2012-11-09 10:00,3517367,lessthan 48000,23
2012-11-09 11:00,3524394,lessthan 32000,20
2012-11-09 11:00,3517636,lessthan 32768,91
2012-11-09 11:00,3517367,lessthan 48000,114
2012-11-09 12:00,3524394,lessthan 32000,113
2012-11-09 12:00,3517636,lessthan 32768,69
2012-11-09 12:00,3517367,lessthan 48000,14
2012-11-09 13:00,3524394,lessthan 32000,19
2012-11-09 13:00,3517636,lessthan 32768,6
2012-11-09 13:00,3517367,lessthan 48000,3
2012-11-09 14:00,3524394,lessthan 32000,58
2012-11-09 14:00,3517636,lessthan 32768,8
2012-11-09 14:00,3517367,lessthan 48000,4
2012-11-09 15:00,3524394,lessthan 32000,59
2012-11-09 15:00,3517636,lessthan 32768,47
2012-11-09 15:00,3517367,lessthan 48000,9
2012-11-09 16:00,3524394,lessthan 32000,39
2012-11-09 16:00,3517636,lessthan 32768,31
2012-11-09 16:00,3517367,lessthan 48000,1
2012-11-09 17:00,3524394,lessthan 32000,77
2012-11-09 17:00,3517636,lessthan 32768,28
2012-11-09 17:00,3517367,lessthan 48000,29
2012-11-09 18:00,3524394,lessthan 32000,51
2012-11-09 18:00,3517636,lessthan 32768,49
2012-11-09 18:00,3517367,lessthan 48000,11
2012-11-09 19:00,3524394,lessthan 32000,22
2012-11-09 19:00,3517636,lessthan 32768,35
2012-11-09 19:00,3517367,lessthan 48000,14
2012-11-09 20:00,3524394,lessthan 32000,6
2012-11-09 20:00,3517636,lessthan 32768,34
2012-11-09 20:00,3517367,lessthan 48000,26
2012-11-09 21:00,3524394,lessthan 32000,92
2012-11-09 21:00,3517636,lessthan 32768,49
2012-11-09 21:00,3517367,lessthan 48000,19
2012-11-09 22:00,3524394,lessthan 32000,14
2012-11-09 22:00,3517636,lessthan 32768,78
2012-11-09 22:00,3517367,lessthan 48000,8
2012-11-09 23:00,3524394,lessthan 32000,6
2012-11-09 23:00,3517636,lessthan 32768,36
2012-11-09 23:00,3517367,lessthan 48000,70
2012-11-10 00:00,3524394,lessthan 32000,20
2012-11-10 00:00,3517636,lessthan 32768,25
2012-11-10 00:00,3517367,lessthan 48000,22
2012-11-10 01:00,3524394,lessthan 32000,5
2012-11-10 01:00,3517636,lessthan 32768,155
2012-11-10 01:00,3517367,lessthan 48000,17
2012-11-10 02:00,3524394,lessthan 32000,14
2012-11-10 02:00,3517636,lessthan 32768,49
2012-11-10 02:00,3517367,lessthan 48000,27
2012-11-10 03:00,3524394,lessthan 32000,19
2012-11-10 03:00,3517636,lessthan 32768,8
2012-11-10 03:00,3517367,lessthan 48000,7
2012-11-10 04:00,3524394,lessthan 32000,38
2012-11-10 04:00,3517636,lessthan 32768,231
2012-11-10 04:00,3517367,lessthan 48000,55
2012-11-10 05:00,3524394,lessthan 32000,32
2012-11-10 05:00,3517636,lessthan 32768,79
2012-11-10 05:00,3517367,lessthan 48000,86
2012-11-10 06:00,3524394,lessthan 32000,45
2012-11-10 06:00,3517636,lessthan 32768,193
2012-11-10 06:00,3517367,lessthan 48000,105
2012-11-10 07:00,3524394,lessthan 32000,46
2012-11-10 07:00,3517636,lessthan 32768,105
2012-11-10 07:00,3517367,lessthan 48000,75
2012-11-10 08:00,3524394,lessthan 32000,24
2012-11-10 08:00,3517636,lessthan 32768,38
2012-11-10 08:00,3517367,lessthan 48000,40
2012-11-10 09:00,3524394,lessthan 32000,9
2012-11-10 09:00,3517636,lessthan 32768,100
2012-11-10 09:00,3517367,lessthan 48000,49
2012-11-10 10:00,3524394,lessthan 32000,18
2012-11-10 10:00,3517636,lessthan 32768,9
2012-11-10 10:00,3517367,lessthan 48000,20
2012-11-10 11:00,3524394,lessthan 32000,90
2012-11-10 11:00,3517636,lessthan 32768,146
2012-11-10 11:00,3517367,lessthan 48000,76
2012-11-10 12:00,3524394,lessthan 32000,10
2012-11-10 12:00,3517636,lessthan 32768,80
2012-11-10 12:00,3517367,lessthan 48000,3
2012-11-10 13:00,3524394,lessthan 32000,48
2012-11-10 13:00,3517636,lessthan 32768,36
2012-11-10 13:00,3517367,lessthan 48000,6
2012-11-10 14:00,3524394,lessthan 32000,59
2012-11-10 14:00,3517636,lessthan 32768,64
2012-11-10 14:00,3517367,lessthan 48000,10
2012-11-10 15:00,3524394,lessthan 32000,20
2012-11-10 15:00,3517636,lessthan 32768,94
2012-11-10 15:00,3517367,lessthan 48000,24
2012-11-10 16:00,3524394,lessthan 32000,147
2012-11-10 16:00,3517636,lessthan 32768,24
2012-11-10 16:00,3517367,lessthan 48000,17
2012-11-10 17:00,3524394,lessthan 32000,66
2012-11-10 17:00,3517636,lessthan 32768,14
2012-11-10 17:00,3517367,lessthan 48000,0
2012-11-10 18:00,3524394,lessthan 32000,98
2012-11-10 18:00,3517636,lessthan 32768,22
2012-11-10 18:00,3517367,lessthan 48000,4
2012-11-10 19:00,3524394,lessthan 32000,65
2012-11-10 19:00,3517636,lessthan 32768,14
2012-11-10 19:00,3517367,lessthan 48000,5
2012-11-10 20:00,3524394,lessthan 32000,88
2012-11-10 20:00,3517636,lessthan 32768,78
2012-11-10 20:00,3517367,lessthan 48000,30
2012-11-10 21:00,3524394,lessthan 32000,65
2012-11-10 21:00,3517636,lessthan 32768,8
2012-11-10 21:00,3517367,lessthan 48000,14
2012-11-10 22:00,3524394,lessthan 32000,27
2012-11-10 22:00,3517636,lessthan 32768,11
2012-11-10 22:00,3517367,lessthan 48000,3
2012-11-10 23:00,3524394,lessthan 32000,19
2012-11-10 23:00,3517636,lessthan 32768,153
2012-11-10 23:00,3517367,lessthan 48000,92
2012-11-11 00:00,3524394,lessthan 32000,7
2012-11-11 00:00,3517636,lessthan 32768,49
2012-11-11 00:00,3517367,lessthan 48000,11
2012-11-11 01:00,3524394,lessthan 32000,8
2012-11-11 01:00,3517636,lessthan 32768,16
2012-11-11 01:00,3517367,lessthan 48000,8
2012-11-11 02:00,3524394,lessthan 32000,54
2012-11-11 02:00,3517636,lessthan 32768,6
2012-11-11 02:00,3517367,lessthan 48000,2
2012-11-11 03:00,3524394,lessthan 32000,49
2012-11-11 03:00,3517636,lessthan 32768,86
2012-11-11 03:00,3517367,lessthan 48000,11
2012-11-11 04:00,3524394,lessthan 32000,2
2012-11-11 04:00,3517636,lessthan 32768,136
2012-11-11 04:00,3517367,lessthan 48000,21
2012-11-11 05:00,3524394,lessthan 32000,42
2012-11-11 05:00,3517636,lessthan 32768,67
2012-11-11 05:00,3517367,lessthan 48000,22
2012-11-11 06:00,3524394,lessthan 32000,5
2012-11-11 06:00,3517636,lessthan 32768,53
2012-11-11 06:00,3517367,lessthan 48000,22
2012-11-11 07:00,3524394,lessthan 32000,1
2012-11-11 07:00,3517636,lessthan 32768,74
2012-11-11 07:00,3517367,lessthan 48000,23
2012-11-11 08:00,3524394,lessthan 32000,125
2012-11-11 08:00,3517636,lessthan 32768,35
2012-11-11 08:00,3517367,lessthan 48000,25
2012-11-11 09:00,3524394,lessthan 32000,105
2012-11-11 09:00,3517636,lessthan 32768,48
2012-11-11 09:00,3517367,lessthan 48000,9
2012-11-11 10:00,3524394,lessthan 32000,220
2012-11-11 10:00,3517636,lessthan 32768,47
2012-11-11 10:00,3517367,lessthan 48000,18
2012-11-11 11:00,3524394,lessthan 32000,72
2012-11-11 11:00,3517636,lessthan 32768,9
2012-11-11 11:00,3517367,lessthan 48000,10
2012-11-11 12:00,3524394,lessthan 32000,57
2012-11-11 12:00,3517636,lessthan 32768,15
2012-11-11 12:00,3517367,lessthan 48000,14
2012-11-11 13:00,3524394,lessthan 32000,205
2012-11-11 13:00,3517636,lessthan 32768,34
2012-11-11 13:00,3517367,lessthan 48000,24
2012-11-11 14:00,3524394,lessthan 32000,64
2012-11-11 14:00,3517636,lessthan 32768,22
2012-11-11 14:00,3517367,lessthan 48000,14
2012-11-11 15:00,3524394,lessthan 32000,9
2012-11-11 15:00,3517636,lessthan 32768,11
2012-11-11 15:00,3517367,lessthan 48000,4
2012-11-11 16:00,3524394,lessthan 32000,48
2012-11-11 16:00,3517636,lessthan 32768,22
2012-11-11 16:00,3517367,lessthan 48000,13
2012-11-11 17:00,3524394,lessthan 32000,173
2012-11-11 17:00,3517636,lessthan 32768,55
2012-11-11 17:00,3517367,lessthan 48000,39
2012-11-11 18:00,3524394,lessthan 32000,148
2012-11-11 18:00,3517636,lessthan 32768,41
2012-11-11 18:00,3517367,lessthan 48000,14
2012-11-11 19:00,3524394,lessthan 32000,44
2012-11-11 19:00,3517636,lessthan 32768,11
2012-11-11 19:00,3517367,lessthan 48000,17
2012-11-11 20:00,3524394,lessthan 32000,43
2012-11-11 20:00,3517636,lessthan 32768,133
2012-11-11 20:00,3517367,lessthan 48000,40
2012-11-11 21:00,3524394,lessthan 32000,7
2012-11-11 21:00,3517636,lessthan 32768,80
2012-11-11 21:00,3517367,lessthan 48000,10
2012-11-11 22:00,3524394,lessthan 32000,39
2012-11-11 22:00,3517636,lessthan 32768,62
2012-11-11 22:00,3517367,lessthan 48000,19
2012-11-11 23:00,3524394,lessthan 32000,35
2012-11-11 23:00,3517636,lessthan 32768,239
2012-11-11 23:00,3517367,lessthan 48000,124
2012-11-12 00:00,3524394,lessthan 32000,7
2012-11-12 00:00,3517636,lessthan 32768,37
2012-11-12 00:00,3517367,lessthan 48000,20
2012-11-12 01:00,3524394,lessthan 32000,37
2012-11-12 01:00,3517636,lessthan 32768,28
2012-11-12 01:00,3517367,lessthan 48000,28
2012-11-12 02:00,3524394,lessthan 32000,54
2012-11-12 02:00,3517636,lessthan 32768,80
2012-11-12 02:00,3517367,lessthan 48000,26
2012-11-12 03:00,3524394,lessthan 32000,27
2012-11-12 03:00,3517636,lessthan 32768,92
2012-11-12 03:00,3517367,lessthan 48000,16
2012-11-12 04:00,3524394,lessthan 32000,116
2012-11-12 04:00,3517636,lessthan 32768,44
2012-11-12 04:00,3517367,lessthan 48000,27
2012-11-12 05:00,3524394,lessthan 32000,76
2012-11-12 05:00,3517636,lessthan 32768,29
2012-11-12 05:00,3517367,lessthan 48000,5
2012-11-12 06:00,3524394,lessthan 32000,31
2012-11-12 06:00,3517636,lessthan 32768,18
2012-11-12 06:00,3517367,lessthan 48000,30
2012-11-12 07:00,3524394,lessthan 32000,139
2012-11-12 07:00,3517636,lessthan 32768,28
2012-11-12 07:00,3517367,lessthan 48000,22
2012-11-12 08:00,3524394,lessthan 32000,102
2012-11-12 08:00,3517636,lessthan 32768,11
2012-11-12 08:00,3517367,lessthan 48000,25
2012-11-12 09:00,3524394,lessthan 32000,60
2012-11-12 09:00,3517636,lessthan 32768,18
2012-11-12 09:00,3517367,lessthan 48000,18
2012-11-12 10:00,3524394,lessthan 32000,105
2012-11-12 10:00,3517636,lessthan 32768,35
2012-11-12 10:00,3517367,lessthan 48000,3
2012-11-12 11:00,3524394,lessthan 32000,116
2012-11-12 11:00,3517636,lessthan 32768,66
2012-11-12 11:00,3517367,lessthan 48000,7
2012-11-12 12:00,3524394,lessthan 32000,39
2012-11-12 12:00,3517636,lessthan 32768,16
2012-11-12 12:00,3517367,lessthan 48000,2
2012-11-12 13:00,3524394,lessthan 32000,92
2012-11-12 13:00,3517636,lessthan 32768,27
2012-11-12 13:00,3517367,lessthan 48000,2
2012-11-12 14:00,3524394,lessthan 32000,88
2012-11-12 14:00,3517636,lessthan 32768,146
2012-11-12 14:00,3517367,lessthan 48000,13
2012-11-12 15:00,3524394,lessthan 32000,64
2012-11-12 15:00,3517636,lessthan 32768,42
2012-11-12 15:00,3517367,lessthan 48000,12
2012-11-12 16:00,3524394,lessthan 32000,65
2012-11-12 16:00,3517636,lessthan 32768,43
2012-11-12 16:00,3517367,lessthan 48000,28
2012-11-12 17:00,3524394,lessthan 32000,118
2012-11-12 17:00,3517636,lessthan 32768,58
2012-11-12 17:00,3517367,lessthan 48000,7
2012-11-12 18:00,3524394,lessthan 32000,63
2012-11-12 18:00,3517636,lessthan 32768,136
2012-11-12 18:00,3517367,lessthan 48000,28
2012-11-12 19:00,3524394,lessthan 32000,35
2012-11-12 19:00,3517636,lessthan 32768,38
2012-11-12 19:00,3517367,lessthan 48000,9
2012-11-12 20:00,3524394,lessthan 32000,71
2012-11-12 20:00,3517636,lessthan 32768,88
2012-11-12 20:00,3517367,lessthan 48000,63
2012-11-12 21:00,3524394,lessthan 32000,3
2012-11-12 21:00,3517636,lessthan 32768,47
2012-11-12 21:00,3517367,lessthan 48000,4
2012-11-12 22:00,3524394,lessthan 32000,23
2012-11-12 22:00,3517636,lessthan 32768,64
2012-11-12 22:00,3517367,lessthan 48000,49
2012-11-12 23:00,3524394,lessthan 32000,32
2012-11-12 23:00,3517636,lessthan 32768,78
2012-11-12 23:00,3517367,lessthan 48000,68
2012-11-13 00:00,3524394,lessthan 32000,11
2012-11-13 00:00,3517636,lessthan 32768,14
2012-11-13 00:00,3517367,lessthan 48000,5
2012-11-13 01:00,3524394,lessthan 32000,20
2012-11-13 01:00,3517636,lessthan 32768,40
2012-11-13 01:00,3517367,lessthan 48000,9
2012-11-13 02:00,3524394,lessthan 32000,3
2012-11-13 02:00,3517636,lessthan 32768,17
2012-11-13 02:00,3517367,lessthan 48000,12
2012-11-13 03:00,3524394,lessthan 32000,26
2012-11-13 03:00,3517636,lessthan 32768,25
2012-11-13 03:00,3517367,lessthan 48000,13
2012-11-13 04:00,3524394,lessthan 32000,124
2012-11-13 04:00,3517636,lessthan 32768,67
2012-11-13 04:00,3517367,lessthan 48000,34
2012-11-13 05:00,3524394,lessthan 32000,89
2012-11-13 05:00,3517636,lessthan 32768,18
2012-11-13 05:00,3517367,lessthan 48000,17
2012-11-13 06:00,3524394,lessthan 32000,100
2012-11-13 06:00,3517636,lessthan 32768,73
2012-11-13 06:00,3517367,lessthan 48000,42
2012-11-13 07:00,3524394,lessthan 32000,135
2012-11-13 07:00,3517636,lessthan 32768,116
2012-11-13 07:00,3517367,lessthan 48000,12
2012-11-13 08:00,3524394,lessthan 32000,108
2012-11-13 08:00,3517636,lessthan 32768,41
2012-11-13 08:00,3517367,lessthan 48000,10
2012-11-13 09:00,3524394,lessthan 32000,105
2012-11-13 09:00,3517636,lessthan 32768,22
2012-11-13 09:00,3517367,lessthan 48000,20
2012-11-13 10:00,3524394,lessthan 32000,47
2012-11-13 10:00,3517636,lessthan 32768,30
2012-11-13 10:00,3517367,lessthan 48000,6
2012-11-13 11:00,3524394,lessthan 32000,150
2012-11-13 11:00,3517636,lessthan 32768,57
2012-11-13 11:00,3517367,lessthan 48000,11
2012-11-13 12:00,3524394,lessthan 32000,145
2012-11-13 12:00,3517636,lessthan 32768,54
2012-11-13 12:00,3517367,lessthan 48000,21
2012-11-13 13:00,3524394,lessthan 32000,112
2012-11-13 13:00,3517636,lessthan 32768,163
2012-11-13 13:00,3517367,lessthan 48000,15
2012-11-13 14:00,3524394,lessthan 32000,122
2012-11-13 14:00,3517636,lessthan 32768,57
2012-11-13 14:00,3517367,lessthan 48000,13
2012-11-13 15:00,3524394,lessthan 32000,72
2012-11-13 15:00,3517636,lessthan 32768,92
2012-11-13 15:00,3517367,lessthan 48000,92
2012-11-13 16:00,3524394,lessthan 32000,62
2012-11-13 16:00,3517636,lessthan 32768,94
2012-11-13 16:00,3517367,lessthan 48000,24
2012-11-13 17:00,3524394,lessthan 32000,66
2012-11-13 17:00,3517636,lessthan 32768,61
2012-11-13 17:00,3517367,lessthan 48000,20
2012-11-13 18:00,3524394,lessthan 32000,103
2012-11-13 18:00,3517636,lessthan 32768,118
2012-11-13 18:00,3517367,lessthan 48000,58
2012-11-13 19:00,3524394,lessthan 32000,69
2012-11-13 19:00,3517636,lessthan 32768,169
2012-11-13 19:00,3517367,lessthan 48000,98
2012-11-13 20:00,3524394,lessthan 32000,43
2012-11-13 20:00,3517636,lessthan 32768,105
2012-11-13 20:00,3517367,lessthan 48000,50
2012-11-13 21:00,3524394,lessthan 32000,32
2012-11-13 21:00,3517636,lessthan 32768,102
2012-11-13 21:00,3517367,lessthan 48000,35
2012-11-13 22:00,3524394,lessthan 32000,45
2012-11-13 22:00,3517636,lessthan 32768,179
2012-11-13 22:00,3517367,lessthan 48000,118
2012-11-13 23:00,3524394,lessthan 32000,2
2012-11-13 23:00,3517636,lessthan 32768,35
2012-11-13 23:00,3517367,lessthan 48000,21
2012-11-14 00:00,3524394,lessthan 32000,26
2012-11-14 00:00,3517636,lessthan 32768,5
2012-11-14 00:00,3517367,lessthan 48000,9
2012-11-14 01:00,3524394,lessthan 32000,49
2012-11-14 01:00,3517636,lessthan 32768,30
2012-11-14 01:00,3517367,lessthan 48000,40
2012-11-14 02:00,3524394,lessthan 32000,211
2012-11-14 02:00,3517636,lessthan 32768,215
2012-11-14 02:00,3517367,lessthan 48000,120
2012-11-14 03:00,3524394,lessthan 32000,176
2012-11-14 03:00,3517636,lessthan 32768,62
2012-11-14 03:00,3517367,lessthan 48000,14
2012-11-14 04:00,3524394,lessthan 32000,165
2012-11-14 04:00,3517636,lessthan 32768,111
2012-11-14 04:00,3517367,lessthan 48000,71
2012-11-14 05:00,3524394,lessthan 32000,216
2012-11-14 05:00,3517636,lessthan 32768,65
2012-11-14 05:00,3517367,lessthan 48000,23
2012-11-14 06:00,3524394,lessthan 32000,248
2012-11-14 06:00,3517636,lessthan 32768,96
2012-11-14 06:00,3517367,lessthan 48000,57
2012-11-14 07:00,3524394,lessthan 32000,235
2012-11-14 07:00,3517636,lessthan 32768,43
2012-11-14 07:00,3517367,lessthan 48000,4
2012-11-14 08:00,3524394,lessthan 32000,287
2012-11-14 08:00,3517636,lessthan 32768,14
2012-11-14 08:00,3517367,lessthan 48000,2
2012-11-14 09:00,3524394,lessthan 32000,165
2012-11-14 09:00,3517636,lessthan 32768,6
2012-11-14 09:00,3517367,lessthan 48000,2
2012-11-14 10:00,3524394,lessthan 32000,54
2012-11-14 10:00,3517636,lessthan 32768,27
2012-11-14 10:00,3517367,lessthan 48000,6
2012-11-14 11:00,3524394,lessthan 32000,171
2012-11-14 11:00,3517636,lessthan 32768,32
2012-11-14 11:00,3517367,lessthan 48000,27
2012-11-14 12:00,3524394,lessthan 32000,123
2012-11-14 12:00,3517636,lessthan 32768,25
2012-11-14 12:00,3517367,lessthan 48000,22
2012-11-14 13:00,3524394,lessthan 32000,53
2012-11-14 13:00,3517636,lessthan 32768,37
2012-11-14 13:00,3517367,lessthan 48000,29
2012-11-14 14:00,3524394,lessthan 32000,95
2012-11-14 14:00,3517636,lessthan 32768,3
2012-11-14 14:00,3517367,lessthan 48000,49
2012-11-14 15:00,3524394,lessthan 32000,67
2012-11-14 15:00,3517636,lessthan 32768,17
2012-11-14 15:00,3517367,lessthan 48000,7
2012-11-14 16:00,3524394,lessthan 32000,365
2012-11-14 16:00,3517636,lessthan 32768,55
2012-11-14 16:00,3517367,lessthan 48000,55
2012-11-14 17:00,3524394,lessthan 32000,181
2012-11-14 17:00,3517636,lessthan 32768,110
2012-11-14 17:00,3517367,lessthan 48000,10
2012-11-14 18:00,3524394,lessthan 32000,232
2012-11-14 18:00,3517636,lessthan 32768,197
2012-11-14 18:00,3517367,lessthan 48000,21
2012-11-14 19:00,3524394,lessthan 32000,217
2012-11-14 19:00,3517636,lessthan 32768,106
2012-11-14 19:00,3517367,lessthan 48000,5
2012-11-14 20:00,3524394,lessthan 32000,0
2012-11-14 20:00,3517636,lessthan 32768,0
2012-11-14 20:00,3517367,lessthan 48000,0
2012-11-14 21:00,3524394,lessthan 32000,216
2012-11-14 21:00,3517636,lessthan 32768,119
2012-11-14 21:00,3517367,lessthan 48000,14
2012-11-14 22:00,3524394,lessthan 32000,211
2012-11-14 22:00,3517636,lessthan 32768,173
2012-11-14 22:00,3517367,lessthan 48000,108
2012-11-14 23:00,3524394,lessthan 32000,155
2012-11-14 23:00,3517636,lessthan 32768,43
2012-11-14 23:00,3517367,lessthan 48000,40
2012-11-15 00:00,3524394,lessthan 32000,199
2012-11-15 00:00,3517636,lessthan 32768,67
2012-11-15 00:00,3517367,lessthan 48000,17
2012-11-15 01:00,3524394,lessthan 32000,145
2012-11-15 01:00,3517636,lessthan 32768,194
2012-11-15 01:00,3517367,lessthan 48000,48
2012-11-15 02:00,3524394,lessthan 32000,238
2012-11-15 02:00,3517636,lessthan 32768,91
2012-11-15 02:00,3517367,lessthan 48000,7
2012-11-15 03:00,3524394,lessthan 32000,280
2012-11-15 03:00,3517636,lessthan 32768,126
2012-11-15 03:00,3517367,lessthan 48000,11
2012-11-15 04:00,3524394,lessthan 32000,422
2012-11-15 04:00,3517636,lessthan 32768,214
2012-11-15 04:00,3517367,lessthan 48000,32
2012-11-15 05:00,3524394,lessthan 32000,117
2012-11-15 05:00,3517636,lessthan 32768,24
2012-11-15 05:00,3517367,lessthan 48000,8
2012-11-15 06:00,3524394,lessthan 32000,267
2012-11-15 06:00,3517636,lessthan 32768,36
2012-11-15 06:00,3517367,lessthan 48000,30
2012-11-15 07:00,3524394,lessthan 32000,349
2012-11-15 07:00,3517636,lessthan 32768,144
2012-11-15 07:00,3517367,lessthan 48000,70
2012-11-15 08:00,3524394,lessthan 32000,173
2012-11-15 08:00,3517636,lessthan 32768,60
2012-11-15 08:00,3517367,lessthan 48000,7
2012-11-15 09:00,3524394,lessthan 32000,320
2012-11-15 09:00,3517636,lessthan 32768,22
2012-11-15 09:00,3517367,lessthan 48000,9
2012-11-15 10:00,3524394,lessthan 32000,404
2012-11-15 10:00,3517636,lessthan 32768,18
2012-11-15 10:00,3517367,lessthan 48000,15
2012-11-15 11:00,3524394,lessthan 32000,249
2012-11-15 11:00,3517636,lessthan 32768,20
2012-11-15 11:00,3517367,lessthan 48000,13
2012-11-15 12:00,3524394,lessthan 32000,411
2012-11-15 12:00,3517636,lessthan 32768,38
2012-11-15 12:00,3517367,lessthan 48000,6
2012-11-15 13:00,3524394,lessthan 32000,406
2012-11-15 13:00,3517636,lessthan 32768,93
2012-11-15 13:00,3517367,lessthan 48000,35
2012-11-15 14:00,3524394,lessthan 32000,13
2012-11-15 14:00,3517636,lessthan 32768,4
2012-11-15 14:00,3517367,lessthan 48000,1
2012-11-15 15:00,3524394,lessthan 32000,252
2012-11-15 15:00,3517636,lessthan 32768,143
2012-11-15 15:00,3517367,lessthan 48000,92
2012-11-15 16:00,3524394,lessthan 32000,22
2012-11-15 16:00,3517636,lessthan 32768,96
2012-11-15 16:00,3517367,lessthan 48000,31
2012-11-15 17:00,3524394,lessthan 32000,138
2012-11-15 17:00,3517636,lessthan 32768,62
2012-11-15 17:00,3517367,lessthan 48000,18
2012-11-15 18:00,3524394,lessthan 32000,77
2012-11-15 18:00,3517636,lessthan 32768,171
2012-11-15 18:00,3517367,lessthan 48000,13
2012-11-15 19:00,3524394,lessthan 32000,21
2012-11-15 19:00,3517636,lessthan 32768,6
2012-11-15 19:00,3517367,lessthan 48000,11
2012-11-15 20:00,3524394,lessthan 32000,228
2012-11-15 20:00,3517636,lessthan 32768,149
2012-11-15 20:00,3517367,lessthan 48000,36
2012-11-15 21:00,3524394,lessthan 32000,145
2012-11-15 21:00,3517636,lessthan 32768,63
2012-11-15 21:00,3517367,lessthan 48000,1
2012-11-15 22:00,3524394,lessthan 32000,23
2012-11-15 22:00,3517636,lessthan 32768,254
2012-11-15 22:00,3517367,lessthan 48000,26
2012-11-15 23:00,3524394,lessthan 32000,120
2012-11-15 23:00,3517636,lessthan 32768,88
2012-11-15 23:00,3517367,lessthan 48000,1
2012-11-16 00:00,3524394,lessthan 32000,111
2012-11-16 00:00,3517636,lessthan 32768,34
2012-11-16 00:00,3517367,lessthan 48000,7
2012-11-16 01:00,3524394,lessthan 32000,188
2012-11-16 01:00,3517636,lessthan 32768,106
2012-11-16 01:00,3517367,lessthan 48000,13
2012-11-16 02:00,3524394,lessthan 32000,178
2012-11-16 02:00,3517636,lessthan 32768,24
2012-11-16 02:00,3517367,lessthan 48000,6
2012-11-16 03:00,3524394,lessthan 32000,178
2012-11-16 03:00,3517636,lessthan 32768,35
2012-11-16 03:00,3517367,lessthan 48000,94
2012-11-16 04:00,3524394,lessthan 32000,185
2012-11-16 04:00,3517636,lessthan 32768,123
2012-11-16 04:00,3517367,lessthan 48000,109
2012-11-16 05:00,3524394,lessthan 32000,79
2012-11-16 05:00,3517636,lessthan 32768,61
2012-11-16 05:00,3517367,lessthan 48000,27
2012-11-16 06:00,3524394,lessthan 32000,290
2012-11-16 06:00,3517636,lessthan 32768,26
2012-11-16 06:00,3517367,lessthan 48000,14
2012-11-16 07:00,3524394,lessthan 32000,164
2012-11-16 07:00,3517636,lessthan 32768,186
2012-11-16 07:00,3517367,lessthan 48000,45
2012-11-16 08:00,3524394,lessthan 32000,69
2012-11-16 08:00,3517636,lessthan 32768,91
2012-11-16 08:00,3517367,lessthan 48000,22
2012-11-16 09:00,3524394,lessthan 32000,180
2012-11-16 09:00,3517636,lessthan 32768,108
2012-11-16 09:00,3517367,lessthan 48000,27
2012-11-16 10:00,3524394,lessthan 32000,149
2012-11-16 10:00,3517636,lessthan 32768,18
2012-11-16 10:00,3517367,lessthan 48000,1
2012-11-16 11:00,3524394,lessthan 32000,158
2012-11-16 11:00,3517636,lessthan 32768,22
2012-11-16 11:00,3517367,lessthan 48000,2
2012-11-16 12:00,3524394,lessthan 32000,207
2012-11-16 12:00,3517636,lessthan 32768,50
2012-11-16 12:00,3517367,lessthan 48000,25
2012-11-16 13:00,3524394,lessthan 32000,173
2012-11-16 13:00,3517636,lessthan 32768,18
2012-11-16 13:00,3517367,lessthan 48000,12
2012-11-16 14:00,3524394,lessthan 32000,178
2012-11-16 14:00,3517636,lessthan 32768,78
2012-11-16 14:00,3517367,lessthan 48000,22
2012-11-16 15:00,3524394,lessthan 32000,161
2012-11-16 15:00,3517636,lessthan 32768,78
2012-11-16 15:00,3517367,lessthan 48000,38
2012-11-16 16:00,3524394,lessthan 32000,78
2012-11-16 16:00,3517636,lessthan 32768,20
2012-11-16 16:00,3517367,lessthan 48000,10
2012-11-16 17:00,3524394,lessthan 32000,271
2012-11-16 17:00,3517636,lessthan 32768,162
2012-11-16 17:00,3517367,lessthan 48000,25
2012-11-16 18:00,3524394,lessthan 32000,236
2012-11-16 18:00,3517636,lessthan 32768,300
2012-11-16 18:00,3517367,lessthan 48000,117
2012-11-16 19:00,3524394,lessthan 32000,112
2012-11-16 19:00,3517636,lessthan 32768,169
2012-11-16 19:00,3517367,lessthan 48000,8
2012-11-16 20:00,3524394,lessthan 32000,209
2012-11-16 20:00,3517636,lessthan 32768,111
2012-11-16 20:00,3517367,lessthan 48000,15
2012-11-16 21:00,3524394,lessthan 32000,286
2012-11-16 21:00,3517636,lessthan 32768,278
2012-11-16 21:00,3517367,lessthan 48000,80
2012-11-16 22:00,3524394,lessthan 32000,143
2012-11-16 22:00,3517636,lessthan 32768,115
2012-11-16 22:00,3517367,lessthan 48000,37
2012-11-16 23:00,3524394,lessthan 32000,259
2012-11-16 23:00,3517636,lessthan 32768,96
2012-11-16 23:00,3517367,lessthan 48000,21
2012-11-17 00:00,3524394,lessthan 32000,32
2012-11-17 00:00,3517636,lessthan 32768,1
2012-11-17 00:00,3517367,lessthan 48000,0
2012-11-17 01:00,3524394,lessthan 32000,356
2012-11-17 01:00,3517636,lessthan 32768,233
2012-11-17 01:00,3517367,lessthan 48000,61
2012-11-17 02:00,3524394,lessthan 32000,164
2012-11-17 02:00,3517636,lessthan 32768,159
2012-11-17 02:00,3517367,lessthan 48000,53
2012-11-17 03:00,3524394,lessthan 32000,70
2012-11-17 03:00,3517636,lessthan 32768,138
2012-11-17 03:00,3517367,lessthan 48000,22
2012-11-17 04:00,3524394,lessthan 32000,163
2012-11-17 04:00,3517636,lessthan 32768,55
2012-11-17 04:00,3517367,lessthan 48000,24
2012-11-17 05:00,3524394,lessthan 32000,20
2012-11-17 05:00,3517636,lessthan 32768,43
2012-11-17 05:00,3517367,lessthan 48000,83
2012-11-17 06:00,3524394,lessthan 32000,6
2012-11-17 06:00,3517636,lessthan 32768,20
2012-11-17 06:00,3517367,lessthan 48000,7
2012-11-17 07:00,3524394,lessthan 32000,32
2012-11-17 07:00,3517636,lessthan 32768,165
2012-11-17 07:00,3517367,lessthan 48000,16
2012-11-17 08:00,3524394,lessthan 32000,31
2012-11-17 08:00,3517636,lessthan 32768,92
2012-11-17 08:00,3517367,lessthan 48000,9
2012-11-17 09:00,3524394,lessthan 32000,47
2012-11-17 09:00,3517636,lessthan 32768,121
2012-11-17 09:00,3517367,lessthan 48000,13
2012-11-17 10:00,3524394,lessthan 32000,113
2012-11-17 10:00,3517636,lessthan 32768,157
2012-11-17 10:00,3517367,lessthan 48000,32
2012-11-17 11:00,3524394,lessthan 32000,16
2012-11-17 11:00,3517636,lessthan 32768,84
2012-11-17 11:00,3517367,lessthan 48000,30
2012-11-17 12:00,3524394,lessthan 32000,189
2012-11-17 12:00,3517636,lessthan 32768,198
2012-11-17 12:00,3517367,lessthan 48000,98
2012-11-17 13:00,3524394,lessthan 32000,27
2012-11-17 13:00,3517636,lessthan 32768,187
2012-11-17 13:00,3517367,lessthan 48000,47
2012-11-17 14:00,3524394,lessthan 32000,111
2012-11-17 14:00,3517636,lessthan 32768,52
2012-11-17 14:00,3517367,lessthan 48000,72
2012-11-17 15:00,3524394,lessthan 32000,185
2012-11-17 15:00,3517636,lessthan 32768,63
2012-11-17 15:00,3517367,lessthan 48000,78
2012-11-17 16:00,3524394,lessthan 32000,202
2012-11-17 16:00,3517636,lessthan 32768,61
2012-11-17 16:00,3517367,lessthan 48000,34
2012-11-17 17:00,3524394,lessthan 32000,109
2012-11-17 17:00,3517636,lessthan 32768,71
2012-11-17 17:00,3517367,lessthan 48000,27
2012-11-17 18:00,3524394,lessthan 32000,167
2012-11-17 18:00,3517636,lessthan 32768,51
2012-11-17 18:00,3517367,lessthan 48000,25
2012-11-17 19:00,3524394,lessthan 32000,154
2012-11-17 19:00,3517636,lessthan 32768,189
2012-11-17 19:00,3517367,lessthan 48000,118
2012-11-17 20:00,3524394,lessthan 32000,98
2012-11-17 20:00,3517636,lessthan 32768,58
2012-11-17 20:00,3517367,lessthan 48000,8
2012-11-17 21:00,3524394,lessthan 32000,163
2012-11-17 21:00,3517636,lessthan 32768,84
2012-11-17 21:00,3517367,lessthan 48000,6
2012-11-17 22:00,3524394,lessthan 32000,186
2012-11-17 22:00,3517636,lessthan 32768,61
2012-11-17 22:00,3517367,lessthan 48000,7
2012-11-17 23:00,3524394,lessthan 32000,135
2012-11-17 23:00,3517636,lessthan 32768,48
2012-11-17 23:00,3517367,lessthan 48000,53
2012-11-18 00:00,3524394,lessthan 32000,141
2012-11-18 00:00,3517636,lessthan 32768,89
2012-11-18 00:00,3517367,lessthan 48000,59
2012-11-18 01:00,3524394,lessthan 32000,35
2012-11-18 01:00,3517636,lessthan 32768,12
2012-11-18 01:00,3517367,lessthan 48000,50
2012-11-18 02:00,3524394,lessthan 32000,175
2012-11-18 02:00,3517636,lessthan 32768,16
2012-11-18 02:00,3517367,lessthan 48000,35
2012-11-18 03:00,3524394,lessthan 32000,255
2012-11-18 03:00,3517636,lessthan 32768,26
2012-11-18 03:00,3517367,lessthan 48000,82
2012-11-18 04:00,3524394,lessthan 32000,209
2012-11-18 04:00,3517636,lessthan 32768,37
2012-11-18 04:00,3517367,lessthan 48000,38
2012-11-18 05:00,3524394,lessthan 32000,174
2012-11-18 05:00,3517636,lessthan 32768,23
2012-11-18 05:00,3517367,lessthan 48000,11
2012-11-18 06:00,3524394,lessthan 32000,149
2012-11-18 06:00,3517636,lessthan 32768,53
2012-11-18 06:00,3517367,lessthan 48000,17
2012-11-18 07:00,3524394,lessthan 32000,209
2012-11-18 07:00,3517636,lessthan 32768,26
2012-11-18 07:00,3517367,lessthan 48000,46
2012-11-18 08:00,3524394,lessthan 32000,161
2012-11-18 08:00,3517636,lessthan 32768,10
2012-11-18 08:00,3517367,lessthan 48000,13
2012-11-18 09:00,3524394,lessthan 32000,127
2012-11-18 09:00,3517636,lessthan 32768,72
2012-11-18 09:00,3517367,lessthan 48000,38
2012-11-18 10:00,3524394,lessthan 32000,64
2012-11-18 10:00,3517636,lessthan 32768,17
2012-11-18 10:00,3517367,lessthan 48000,15
2012-11-18 11:00,3524394,lessthan 32000,127
2012-11-18 11:00,3517636,lessthan 32768,106
2012-11-18 11:00,3517367,lessthan 48000,2
2012-11-18 12:00,3524394,lessthan 32000,96
2012-11-18 12:00,3517636,lessthan 32768,45
2012-11-18 12:00,3517367,lessthan 48000,31
2012-11-18 13:00,3524394,lessthan 32000,105
2012-11-18 13:00,3517636,lessthan 32768,185
2012-11-18 13:00,3517367,lessthan 48000,15
2012-11-18 14:00,3524394,lessthan 32000,172
2012-11-18 14:00,3517636,lessthan 32768,80
2012-11-18 14:00,3517367,lessthan 48000,37
2012-11-18 15:00,3524394,lessthan 32000,122
2012-11-18 15:00,3517636,lessthan 32768,154
2012-11-18 15:00,3517367,lessthan 48000,18
2012-11-18 16:00,3524394,lessthan 32000,124
2012-11-18 16:00,3517636,lessthan 32768,173
2012-11-18 16:00,3517367,lessthan 48000,21
2012-11-18 17:00,3524394,lessthan 32000,109
2012-11-18 17:00,3517636,lessthan 32768,80
2012-11-18 17:00,3517367,lessthan 48000,4
2012-11-18 18:00,3524394,lessthan 32000,150
2012-11-18 18:00,3517636,lessthan 32768,110
2012-11-18 18:00,3517367,lessthan 48000,2
2012-11-18 19:00,3524394,lessthan 32000,73
2012-11-18 19:00,3517636,lessthan 32768,24
2012-11-18 19:00,3517367,lessthan 48000,5
2012-11-18 20:00,3524394,lessthan 32000,390
2012-11-18 20:00,3517636,lessthan 32768,255
2012-11-18 20:00,3517367,lessthan 48000,34
2012-11-18 21:00,3524394,lessthan 32000,139
2012-11-18 21:00,3517636,lessthan 32768,95
2012-11-18 21:00,3517367,lessthan 48000,52
2012-11-18 22:00,3524394,lessthan 32000,217
2012-11-18 22:00,3517636,lessthan 32768,137
2012-11-18 22:00,3517367,lessthan 48000,53
2012-11-18 23:00,3524394,lessthan 32000,111
2012-11-18 23:00,3517636,lessthan 32768,71
2012-11-18 23:00,3517367,lessthan 48000,18
2012-11-19 00:00,3524394,lessthan 32000,76
2012-11-19 00:00,3517636,lessthan 32768,119
2012-11-19 00:00,3517367,lessthan 48000,10
2012-11-19 01:00,3524394,lessthan 32000,7
2012-11-19 01:00,3517636,lessthan 32768,21
2012-11-19 01:00,3517367,lessthan 48000,10
2012-11-19 02:00,3524394,lessthan 32000,294
2012-11-19 02:00,3517636,lessthan 32768,43
2012-11-19 02:00,3517367,lessthan 48000,27
2012-11-19 03:00,3524394,lessthan 32000,179
2012-11-19 03:00,3517636,lessthan 32768,191
2012-11-19 03:00,3517367,lessthan 48000,67
2012-11-19 04:00,3524394,lessthan 32000,132
2012-11-19 04:00,3517636,lessthan 32768,27
2012-11-19 04:00,3517367,lessthan 48000,46
2012-11-19 05:00,3524394,lessthan 32000,92
2012-11-19 05:00,3517636,lessthan 32768,30
2012-11-19 05:00,3517367,lessthan 48000,12
2012-11-19 06:00,3524394,lessthan 32000,19
2012-11-19 06:00,3517636,lessthan 32768,64
2012-11-19 06:00,3517367,lessthan 48000,57
2012-11-19 07:00,3524394,lessthan 32000,52
2012-11-19 07:00,3517636,lessthan 32768,4
2012-11-19 07:00,3517367,lessthan 48000,89
2012-11-19 08:00,3524394,lessthan 32000,240
2012-11-19 08:00,3517636,lessthan 32768,32
2012-11-19 08:00,3517367,lessthan 48000,43
2012-11-19 09:00,3524394,lessthan 32000,13
2012-11-19 09:00,3517636,lessthan 32768,29
2012-11-19 09:00,3517367,lessthan 48000,37
2012-11-19 10:00,3524394,lessthan 32000,227
2012-11-19 10:00,3517636,lessthan 32768,76
2012-11-19 10:00,3517367,lessthan 48000,10
2012-11-19 11:00,3524394,lessthan 32000,308
2012-11-19 11:00,3517636,lessthan 32768,10
2012-11-19 11:00,3517367,lessthan 48000,15
2012-11-19 12:00,3524394,lessthan 32000,326
2012-11-19 12:00,3517636,lessthan 32768,24
2012-11-19 12:00,3517367,lessthan 48000,14
2012-11-19 13:00,3524394,lessthan 32000,358
2012-11-19 13:00,3517636,lessthan 32768,111
2012-11-19 13:00,3517367,lessthan 48000,50
2012-11-19 14:00,3524394,lessthan 32000,149
2012-11-19 14:00,3517636,lessthan 32768,201
2012-11-19 14:00,3517367,lessthan 48000,59
2012-11-19 15:00,3524394,lessthan 32000,185
2012-11-19 15:00,3517636,lessthan 32768,131
2012-11-19 15:00,3517367,lessthan 48000,21
2012-11-19 16:00,3524394,lessthan 32000,337
2012-11-19 16:00,3517636,lessthan 32768,100
2012-11-19 16:00,3517367,lessthan 48000,5
2012-11-19 17:00,3524394,lessthan 32000,386
2012-11-19 17:00,3517636,lessthan 32768,69
2012-11-19 17:00,3517367,lessthan 48000,53
2012-11-19 18:00,3524394,lessthan 32000,293
2012-11-19 18:00,3517636,lessthan 32768,43
2012-11-19 18:00,3517367,lessthan 48000,163
2012-11-19 19:00,3524394,lessthan 32000,355
2012-11-19 19:00,3517636,lessthan 32768,71
2012-11-19 19:00,3517367,lessthan 48000,59
2012-11-19 20:00,3524394,lessthan 32000,527
2012-11-19 20:00,3517636,lessthan 32768,59
2012-11-19 20:00,3517367,lessthan 48000,56
2012-11-19 21:00,3524394,lessthan 32000,410
2012-11-19 21:00,3517636,lessthan 32768,46
2012-11-19 21:00,3517367,lessthan 48000,28
2012-11-19 22:00,3524394,lessthan 32000,389
2012-11-19 22:00,3517636,lessthan 32768,51
2012-11-19 22:00,3517367,lessthan 48000,69
2012-11-19 23:00,3524394,lessthan 32000,208
2012-11-19 23:00,3517636,lessthan 32768,19
2012-11-19 23:00,3517367,lessthan 48000,6
2012-11-20 00:00,3524394,lessthan 32000,243
2012-11-20 00:00,3517636,lessthan 32768,36
2012-11-20 00:00,3517367,lessthan 48000,17
2012-11-20 01:00,3524394,lessthan 32000,162
2012-11-20 01:00,3517636,lessthan 32768,26
2012-11-20 01:00,3517367,lessthan 48000,132
2012-11-20 02:00,3524394,lessthan 32000,320
2012-11-20 02:00,3517636,lessthan 32768,49
2012-11-20 02:00,3517367,lessthan 48000,57
2012-11-20 03:00,3524394,lessthan 32000,194
2012-11-20 03:00,3517636,lessthan 32768,40
2012-11-20 03:00,3517367,lessthan 48000,17
2012-11-20 04:00,3524394,lessthan 32000,257
2012-11-20 04:00,3517636,lessthan 32768,69
2012-11-20 04:00,3517367,lessthan 48000,16
2012-11-20 05:00,3524394,lessthan 32000,158
2012-11-20 05:00,3517636,lessthan 32768,39
2012-11-20 05:00,3517367,lessthan 48000,20
2012-11-20 06:00,3524394,lessthan 32000,209
2012-11-20 06:00,3517636,lessthan 32768,22
2012-11-20 06:00,3517367,lessthan 48000,7
2012-11-20 07:00,3524394,lessthan 32000,161
2012-11-20 07:00,3517636,lessthan 32768,54
2012-11-20 07:00,3517367,lessthan 48000,30
2012-11-20 08:00,3524394,lessthan 32000,102
2012-11-20 08:00,3517636,lessthan 32768,61
2012-11-20 08:00,3517367,lessthan 48000,8
2012-11-20 09:00,3524394,lessthan 32000,176
2012-11-20 09:00,3517636,lessthan 32768,66
2012-11-20 09:00,3517367,lessthan 48000,32
2012-11-20 10:00,3524394,lessthan 32000,162
2012-11-20 10:00,3517636,lessthan 32768,42
2012-11-20 10:00,3517367,lessthan 48000,30
2012-11-20 11:00,3524394,lessthan 32000,109
2012-11-20 11:00,3517636,lessthan 32768,53
2012-11-20 11:00,3517367,lessthan 48000,13
2012-11-20 12:00,3524394,lessthan 32000,299
2012-11-20 12:00,3517636,lessthan 32768,82
2012-11-20 12:00,3517367,lessthan 48000,48
2012-11-20 13:00,3524394,lessthan 32000,70
2012-11-20 13:00,3517636,lessthan 32768,61
2012-11-20 13:00,3517367,lessthan 48000,12
2012-11-20 14:00,3524394,lessthan 32000,110
2012-11-20 14:00,3517636,lessthan 32768,38
2012-11-20 14:00,3517367,lessthan 48000,3
2012-11-20 15:00,3524394,lessthan 32000,234
2012-11-20 15:00,3517636,lessthan 32768,123
2012-11-20 15:00,3517367,lessthan 48000,2
2012-11-20 16:00,3524394,lessthan 32000,287
2012-11-20 16:00,3517636,lessthan 32768,117
2012-11-20 16:00,3517367,lessthan 48000,17
2012-11-20 17:00,3524394,lessthan 32000,484
2012-11-20 17:00,3517636,lessthan 32768,132
2012-11-20 17:00,3517367,lessthan 48000,2
2012-11-20 18:00,3524394,lessthan 32000,315
2012-11-20 18:00,3517636,lessthan 32768,28
2012-11-20 18:00,3517367,lessthan 48000,9
2012-11-20 19:00,3524394,lessthan 32000,307
2012-11-20 19:00,3517636,lessthan 32768,50
2012-11-20 19:00,3517367,lessthan 48000,27
2012-11-20 20:00,3524394,lessthan 32000,141
2012-11-20 20:00,3517636,lessthan 32768,10
2012-11-20 20:00,3517367,lessthan 48000,14
2012-11-20 21:00,3524394,lessthan 32000,374
2012-11-20 21:00,3517636,lessthan 32768,38
2012-11-20 21:00,3517367,lessthan 48000,21
2012-11-20 22:00,3524394,lessthan 32000,285
2012-11-20 22:00,3517636,lessthan 32768,48
2012-11-20 22:00,3517367,lessthan 48000,14
2012-11-20 23:00,3524394,lessthan 32000,333
2012-11-20 23:00,3517636,lessthan 32768,130
2012-11-20 23:00,3517367,lessthan 48000,149
2012-11-21 00:00,3524394,lessthan 32000,545
2012-11-21 00:00,3517636,lessthan 32768,44
2012-11-21 00:00,3517367,lessthan 48000,27
2012-11-21 01:00,3524394,lessthan 32000,361
2012-11-21 01:00,3517636,lessthan 32768,31
2012-11-21 01:00,3517367,lessthan 48000,15
2012-11-21 02:00,3524394,lessthan 32000,366
2012-11-21 02:00,3517636,lessthan 32768,83
2012-11-21 02:00,3517367,lessthan 48000,79
2012-11-21 03:00,3524394,lessthan 32000,384
2012-11-21 03:00,3517636,lessthan 32768,51
2012-11-21 03:00,3517367,lessthan 48000,21
2012-11-21 04:00,3524394,lessthan 32000,304
2012-11-21 04:00,3517636,lessthan 32768,58
2012-11-21 04:00,3517367,lessthan 48000,3
2012-11-21 05:00,3524394,lessthan 32000,497
2012-11-21 05:00,3517636,lessthan 32768,83
2012-11-21 05:00,3517367,lessthan 48000,63
2012-11-21 06:00,3524394,lessthan 32000,410
2012-11-21 06:00,3517636,lessthan 32768,64
2012-11-21 06:00,3517367,lessthan 48000,53
2012-11-21 07:00,3524394,lessthan 32000,109
2012-11-21 07:00,3517636,lessthan 32768,3
2012-11-21 07:00,3517367,lessthan 48000,2
2012-11-21 08:00,3524394,lessthan 32000,273
2012-11-21 08:00,3517636,lessthan 32768,54
2012-11-21 08:00,3517367,lessthan 48000,44
2012-11-21 09:00,3524394,lessthan 32000,23
2012-11-21 09:00,3517636,lessthan 32768,54
2012-11-21 09:00,3517367,lessthan 48000,15
2012-11-21 10:00,3524394,lessthan 32000,140
2012-11-21 10:00,3517636,lessthan 32768,196
2012-11-21 10:00,3517367,lessthan 48000,10
2012-11-21 11:00,3524394,lessthan 32000,211
2012-11-21 11:00,3517636,lessthan 32768,86
2012-11-21 11:00,3517367,lessthan 48000,39
2012-11-21 12:00,3524394,lessthan 32000,192
2012-11-21 12:00,3517636,lessthan 32768,119
2012-11-21 12:00,3517367,lessthan 48000,123
2012-11-21 13:00,3524394,lessthan 32000,39
2012-11-21 13:00,3517636,lessthan 32768,46
2012-11-21 13:00,3517367,lessthan 48000,43
2012-11-21 14:00,3524394,lessthan 32000,204
2012-11-21 14:00,3517636,lessthan 32768,52
2012-11-21 14:00,3517367,lessthan 48000,49
2012-11-21 15:00,3524394,lessthan 32000,119
2012-11-21 15:00,3517636,lessthan 32768,52
2012-11-21 15:00,3517367,lessthan 48000,65
2012-11-21 16:00,3524394,lessthan 32000,392
2012-11-21 16:00,3517636,lessthan 32768,111
2012-11-21 16:00,3517367,lessthan 48000,62
2012-11-21 17:00,3524394,lessthan 32000,290
2012-11-21 17:00,3517636,lessthan 32768,35
2012-11-21 17:00,3517367,lessthan 48000,21
2012-11-21 18:00,3524394,lessthan 32000,148
2012-11-21 18:00,3517636,lessthan 32768,77
2012-11-21 18:00,3517367,lessthan 48000,37
2012-11-21 19:00,3524394,lessthan 32000,36
2012-11-21 19:00,3517636,lessthan 32768,86
2012-11-21 19:00,3517367,lessthan 48000,19
2012-11-21 20:00,3524394,lessthan 32000,173
2012-11-21 20:00,3517636,lessthan 32768,39
2012-11-21 20:00,3517367,lessthan 48000,14
2012-11-21 21:00,3524394,lessthan 32000,104
2012-11-21 21:00,3517636,lessthan 32768,60
2012-11-21 21:00,3517367,lessthan 48000,13
2012-11-21 22:00,3524394,lessthan 32000,90
2012-11-21 22:00,3517636,lessthan 32768,151
2012-11-21 22:00,3517367,lessthan 48000,43
2012-11-21 23:00,3524394,lessthan 32000,28
2012-11-21 23:00,3517636,lessthan 32768,104
2012-11-21 23:00,3517367,lessthan 48000,21
2012-11-22 00:00,3524394,lessthan 32000,48
2012-11-22 00:00,3517636,lessthan 32768,82
2012-11-22 00:00,3517367,lessthan 48000,33
2012-11-22 01:00,3524394,lessthan 32000,4
2012-11-22 01:00,3517636,lessthan 32768,2
2012-11-22 01:00,3517367,lessthan 48000,2
2012-11-22 02:00,3524394,lessthan 32000,59
2012-11-22 02:00,3517636,lessthan 32768,57
2012-11-22 02:00,3517367,lessthan 48000,38
2012-11-22 03:00,3524394,lessthan 32000,124
2012-11-22 03:00,3517636,lessthan 32768,25
2012-11-22 03:00,3517367,lessthan 48000,40
2012-11-22 04:00,3524394,lessthan 32000,147
2012-11-22 04:00,3517636,lessthan 32768,77
2012-11-22 04:00,3517367,lessthan 48000,41
2012-11-22 05:00,3524394,lessthan 32000,77
2012-11-22 05:00,3517636,lessthan 32768,32
2012-11-22 05:00,3517367,lessthan 48000,20
2012-11-22 06:00,3524394,lessthan 32000,107
2012-11-22 06:00,3517636,lessthan 32768,30
2012-11-22 06:00,3517367,lessthan 48000,121
2012-11-22 07:00,3524394,lessthan 32000,47
2012-11-22 07:00,3517636,lessthan 32768,25
2012-11-22 07:00,3517367,lessthan 48000,7
2012-11-22 08:00,3524394,lessthan 32000,23
2012-11-22 08:00,3517636,lessthan 32768,112
2012-11-22 08:00,3517367,lessthan 48000,22
2012-11-22 09:00,3524394,lessthan 32000,8
2012-11-22 09:00,3517636,lessthan 32768,39
2012-11-22 09:00,3517367,lessthan 48000,1
2012-11-22 10:00,3524394,lessthan 32000,90
2012-11-22 10:00,3517636,lessthan 32768,8
2012-11-22 10:00,3517367,lessthan 48000,12
2012-11-22 11:00,3524394,lessthan 32000,52
2012-11-22 11:00,3517636,lessthan 32768,77
2012-11-22 11:00,3517367,lessthan 48000,30
2012-11-22 12:00,3524394,lessthan 32000,61
2012-11-22 12:00,3517636,lessthan 32768,48
2012-11-22 12:00,3517367,lessthan 48000,34
2012-11-22 13:00,3524394,lessthan 32000,61
2012-11-22 13:00,3517636,lessthan 32768,65
2012-11-22 13:00,3517367,lessthan 48000,12
2012-11-22 14:00,3524394,lessthan 32000,65
2012-11-22 14:00,3517636,lessthan 32768,29
2012-11-22 14:00,3517367,lessthan 48000,9
2012-11-22 15:00,3524394,lessthan 32000,39
2012-11-22 15:00,3517636,lessthan 32768,50
2012-11-22 15:00,3517367,lessthan 48000,18
2012-11-22 16:00,3524394,lessthan 32000,72
2012-11-22 16:00,3517636,lessthan 32768,33
2012-11-22 16:00,3517367,lessthan 48000,18
2012-11-22 17:00,3524394,lessthan 32000,126
2012-11-22 17:00,3517636,lessthan 32768,61
2012-11-22 17:00,3517367,lessthan 48000,47
2012-11-22 18:00,3524394,lessthan 32000,10
2012-11-22 18:00,3517636,lessthan 32768,21
2012-11-22 18:00,3517367,lessthan 48000,4
2012-11-22 19:00,3524394,lessthan 32000,10
2012-11-22 19:00,3517636,lessthan 32768,9
2012-11-22 19:00,3517367,lessthan 48000,6
2012-11-22 20:00,3524394,lessthan 32000,16
2012-11-22 20:00,3517636,lessthan 32768,43
2012-11-22 20:00,3517367,lessthan 48000,17
2012-11-22 21:00,3524394,lessthan 32000,23
2012-11-22 21:00,3517636,lessthan 32768,23
2012-11-22 21:00,3517367,lessthan 48000,6
2012-11-22 22:00,3524394,lessthan 32000,9
2012-11-22 22:00,3517636,lessthan 32768,28
2012-11-22 22:00,3517367,lessthan 48000,7
2012-11-22 23:00,3524394,lessthan 32000,41
2012-11-22 23:00,3517636,lessthan 32768,20
2012-11-22 23:00,3517367,lessthan 48000,10
2012-11-23 00:00,3524394,lessthan 32000,45
2012-11-23 00:00,3517636,lessthan 32768,30
2012-11-23 00:00,3517367,lessthan 48000,22
2012-11-23 01:00,3524394,lessthan 32000,106
2012-11-23 01:00,3517636,lessthan 32768,32
2012-11-23 01:00,3517367,lessthan 48000,9
2012-11-23 02:00,3524394,lessthan 32000,20
2012-11-23 02:00,3517636,lessthan 32768,25
2012-11-23 02:00,3517367,lessthan 48000,4
2012-11-23 03:00,3524394,lessthan 32000,20
2012-11-23 03:00,3517636,lessthan 32768,36
2012-11-23 03:00,3517367,lessthan 48000,15
2012-11-23 04:00,3524394,lessthan 32000,144
2012-11-23 04:00,3517636,lessthan 32768,61
2012-11-23 04:00,3517367,lessthan 48000,46
2012-11-23 05:00,3524394,lessthan 32000,165
2012-11-23 05:00,3517636,lessthan 32768,14
2012-11-23 05:00,3517367,lessthan 48000,13
2012-11-23 06:00,3524394,lessthan 32000,47
2012-11-23 06:00,3517636,lessthan 32768,16
2012-11-23 06:00,3517367,lessthan 48000,50
2012-11-23 07:00,3524394,lessthan 32000,149
2012-11-23 07:00,3517636,lessthan 32768,143
2012-11-23 07:00,3517367,lessthan 48000,106
2012-11-23 08:00,3524394,lessthan 32000,52
2012-11-23 08:00,3517636,lessthan 32768,37
2012-11-23 08:00,3517367,lessthan 48000,12
2012-11-23 09:00,3524394,lessthan 32000,48
2012-11-23 09:00,3517636,lessthan 32768,51
2012-11-23 09:00,3517367,lessthan 48000,28
2012-11-23 10:00,3524394,lessthan 32000,211
2012-11-23 10:00,3517636,lessthan 32768,85
2012-11-23 10:00,3517367,lessthan 48000,14
2012-11-23 11:00,3524394,lessthan 32000,28
2012-11-23 11:00,3517636,lessthan 32768,47
2012-11-23 11:00,3517367,lessthan 48000,23
2012-11-23 12:00,3524394,lessthan 32000,174
2012-11-23 12:00,3517636,lessthan 32768,86
2012-11-23 12:00,3517367,lessthan 48000,4
2012-11-23 13:00,3524394,lessthan 32000,161
2012-11-23 13:00,3517636,lessthan 32768,129
2012-11-23 13:00,3517367,lessthan 48000,77
2012-11-23 14:00,3524394,lessthan 32000,96
2012-11-23 14:00,3517636,lessthan 32768,90
2012-11-23 14:00,3517367,lessthan 48000,82
2012-11-23 15:00,3524394,lessthan 32000,17
2012-11-23 15:00,3517636,lessthan 32768,11
2012-11-23 15:00,3517367,lessthan 48000,2
2012-11-23 16:00,3524394,lessthan 32000,30
2012-11-23 16:00,3517636,lessthan 32768,26
2012-11-23 16:00,3517367,lessthan 48000,11
2012-11-23 17:00,3524394,lessthan 32000,25
2012-11-23 17:00,3517636,lessthan 32768,64
2012-11-23 17:00,3517367,lessthan 48000,3
2012-11-23 18:00,3524394,lessthan 32000,103
2012-11-23 18:00,3517636,lessthan 32768,56
2012-11-23 18:00,3517367,lessthan 48000,20
2012-11-23 19:00,3524394,lessthan 32000,142
2012-11-23 19:00,3517636,lessthan 32768,115
2012-11-23 19:00,3517367,lessthan 48000,95
2012-11-23 20:00,3524394,lessthan 32000,58
2012-11-23 20:00,3517636,lessthan 32768,68
2012-11-23 20:00,3517367,lessthan 48000,19
2012-11-23 21:00,3524394,lessthan 32000,41
2012-11-23 21:00,3517636,lessthan 32768,24
2012-11-23 21:00,3517367,lessthan 48000,14
2012-11-23 22:00,3524394,lessthan 32000,66
2012-11-23 22:00,3517636,lessthan 32768,76
2012-11-23 22:00,3517367,lessthan 48000,17
2012-11-23 23:00,3524394,lessthan 32000,29
2012-11-23 23:00,3517636,lessthan 32768,80
2012-11-23 23:00,3517367,lessthan 48000,10
2012-11-24 00:00,3524394,lessthan 32000,23
2012-11-24 00:00,3517636,lessthan 32768,10
2012-11-24 00:00,3517367,lessthan 48000,7
2012-11-24 01:00,3524394,lessthan 32000,82
2012-11-24 01:00,3517636,lessthan 32768,14
2012-11-24 01:00,3517367,lessthan 48000,5
2012-11-24 02:00,3524394,lessthan 32000,91
2012-11-24 02:00,3517636,lessthan 32768,44
2012-11-24 02:00,3517367,lessthan 48000,8
2012-11-24 03:00,3524394,lessthan 32000,10
2012-11-24 03:00,3517636,lessthan 32768,23
2012-11-24 03:00,3517367,lessthan 48000,0
2012-11-24 04:00,3524394,lessthan 32000,56
2012-11-24 04:00,3517636,lessthan 32768,39
2012-11-24 04:00,3517367,lessthan 48000,13
2012-11-24 05:00,3524394,lessthan 32000,149
2012-11-24 05:00,3517636,lessthan 32768,73
2012-11-24 05:00,3517367,lessthan 48000,12
2012-11-24 06:00,3524394,lessthan 32000,92
2012-11-24 06:00,3517636,lessthan 32768,27
2012-11-24 06:00,3517367,lessthan 48000,2
2012-11-24 07:00,3524394,lessthan 32000,138
2012-11-24 07:00,3517636,lessthan 32768,21
2012-11-24 07:00,3517367,lessthan 48000,4
2012-11-24 08:00,3524394,lessthan 32000,328
2012-11-24 08:00,3517636,lessthan 32768,30
2012-11-24 08:00,3517367,lessthan 48000,8
2012-11-24 09:00,3524394,lessthan 32000,57
2012-11-24 09:00,3517636,lessthan 32768,111
2012-11-24 09:00,3517367,lessthan 48000,35
2012-11-24 10:00,3524394,lessthan 32000,69
2012-11-24 10:00,3517636,lessthan 32768,107
2012-11-24 10:00,3517367,lessthan 48000,43
2012-11-24 11:00,3524394,lessthan 32000,113
2012-11-24 11:00,3517636,lessthan 32768,46
2012-11-24 11:00,3517367,lessthan 48000,11
2012-11-24 12:00,3524394,lessthan 32000,55
2012-11-24 12:00,3517636,lessthan 32768,6
2012-11-24 12:00,3517367,lessthan 48000,5
2012-11-24 13:00,3524394,lessthan 32000,243
2012-11-24 13:00,3517636,lessthan 32768,24
2012-11-24 13:00,3517367,lessthan 48000,21
2012-11-24 14:00,3524394,lessthan 32000,328
2012-11-24 14:00,3517636,lessthan 32768,26
2012-11-24 14:00,3517367,lessthan 48000,20
2012-11-24 15:00,3524394,lessthan 32000,0
2012-11-24 15:00,3517636,lessthan 32768,0
2012-11-24 15:00,3517367,lessthan 48000,0
2012-11-24 16:00,3524394,lessthan 32000,141
2012-11-24 16:00,3517636,lessthan 32768,49
2012-11-24 16:00,3517367,lessthan 48000,23
2012-11-24 17:00,3524394,lessthan 32000,139
2012-11-24 17:00,3517636,lessthan 32768,181
2012-11-24 17:00,3517367,lessthan 48000,136
2012-11-24 18:00,3524394,lessthan 32000,95
2012-11-24 18:00,3517636,lessthan 32768,110
2012-11-24 18:00,3517367,lessthan 48000,61
2012-11-24 19:00,3524394,lessthan 32000,114
2012-11-24 19:00,3517636,lessthan 32768,33
2012-11-24 19:00,3517367,lessthan 48000,5
2012-11-24 20:00,3524394,lessthan 32000,0
2012-11-24 20:00,3517636,lessthan 32768,0
2012-11-24 20:00,3517367,lessthan 48000,0
2012-11-24 21:00,3524394,lessthan 32000,117
2012-11-24 21:00,3517636,lessthan 32768,197
2012-11-24 21:00,3517367,lessthan 48000,55
2012-11-24 22:00,3524394,lessthan 32000,135
2012-11-24 22:00,3517636,lessthan 32768,126
2012-11-24 22:00,3517367,lessthan 48000,83
2012-11-24 23:00,3524394,lessthan 32000,78
2012-11-24 23:00,3517636,lessthan 32768,71
2012-11-24 23:00,3517367,lessthan 48000,27
2012-11-25 00:00,3524394,lessthan 32000,174
2012-11-25 00:00,3517636,lessthan 32768,52
2012-11-25 00:00,3517367,lessthan 48000,14
2012-11-25 01:00,3524394,lessthan 32000,197
2012-11-25 01:00,3517636,lessthan 32768,114
2012-11-25 01:00,3517367,lessthan 48000,52
2012-11-25 02:00,3524394,lessthan 32000,0
2012-11-25 02:00,3517636,lessthan 32768,0
2012-11-25 02:00,3517367,lessthan 48000,0
2012-11-25 03:00,3524394,lessthan 32000,125
2012-11-25 03:00,3517636,lessthan 32768,82
2012-11-25 03:00,3517367,lessthan 48000,55
2012-11-25 04:00,3524394,lessthan 32000,42
2012-11-25 04:00,3517636,lessthan 32768,44
2012-11-25 04:00,3517367,lessthan 48000,3
2012-11-25 05:00,3524394,lessthan 32000,42
2012-11-25 05:00,3517636,lessthan 32768,53
2012-11-25 05:00,3517367,lessthan 48000,3
2012-11-25 06:00,3524394,lessthan 32000,160
2012-11-25 06:00,3517636,lessthan 32768,60
2012-11-25 06:00,3517367,lessthan 48000,76
2012-11-25 07:00,3524394,lessthan 32000,141
2012-11-25 07:00,3517636,lessthan 32768,46
2012-11-25 07:00,3517367,lessthan 48000,33
2012-11-25 08:00,3524394,lessthan 32000,68
2012-11-25 08:00,3517636,lessthan 32768,54
2012-11-25 08:00,3517367,lessthan 48000,10
2012-11-25 09:00,3524394,lessthan 32000,74
2012-11-25 09:00,3517636,lessthan 32768,250
2012-11-25 09:00,3517367,lessthan 48000,43
2012-11-25 10:00,3524394,lessthan 32000,84
2012-11-25 10:00,3517636,lessthan 32768,122
2012-11-25 10:00,3517367,lessthan 48000,43
2012-11-25 11:00,3524394,lessthan 32000,168
2012-11-25 11:00,3517636,lessthan 32768,52
2012-11-25 11:00,3517367,lessthan 48000,35
2012-11-25 12:00,3524394,lessthan 32000,175
2012-11-25 12:00,3517636,lessthan 32768,37
2012-11-25 12:00,3517367,lessthan 48000,14
2012-11-25 13:00,3524394,lessthan 32000,313
2012-11-25 13:00,3517636,lessthan 32768,21
2012-11-25 13:00,3517367,lessthan 48000,13
2012-11-25 14:00,3524394,lessthan 32000,119
2012-11-25 14:00,3517636,lessthan 32768,69
2012-11-25 14:00,3517367,lessthan 48000,5
2012-11-25 15:00,3524394,lessthan 32000,184
2012-11-25 15:00,3517636,lessthan 32768,65
2012-11-25 15:00,3517367,lessthan 48000,4
2012-11-25 16:00,3524394,lessthan 32000,54
2012-11-25 16:00,3517636,lessthan 32768,80
2012-11-25 16:00,3517367,lessthan 48000,13
2012-11-25 17:00,3524394,lessthan 32000,104
2012-11-25 17:00,3517636,lessthan 32768,256
2012-11-25 17:00,3517367,lessthan 48000,70
2012-11-25 18:00,3524394,lessthan 32000,87
2012-11-25 18:00,3517636,lessthan 32768,228
2012-11-25 18:00,3517367,lessthan 48000,45
2012-11-25 19:00,3524394,lessthan 32000,17
2012-11-25 19:00,3517636,lessthan 32768,213
2012-11-25 19:00,3517367,lessthan 48000,18
2012-11-25 20:00,3524394,lessthan 32000,18
2012-11-25 20:00,3517636,lessthan 32768,479
2012-11-25 20:00,3517367,lessthan 48000,7
2012-11-25 21:00,3524394,lessthan 32000,13
2012-11-25 21:00,3517636,lessthan 32768,239
2012-11-25 21:00,3517367,lessthan 48000,4
2012-11-25 22:00,3524394,lessthan 32000,80
2012-11-25 22:00,3517636,lessthan 32768,251
2012-11-25 22:00,3517367,lessthan 48000,25
2012-11-25 23:00,3524394,lessthan 32000,29
2012-11-25 23:00,3517636,lessthan 32768,162
2012-11-25 23:00,3517367,lessthan 48000,14
2012-11-26 00:00,3524394,lessthan 32000,28
2012-11-26 00:00,3517636,lessthan 32768,48
2012-11-26 00:00,3517367,lessthan 48000,22
2012-11-26 01:00,3524394,lessthan 32000,99
2012-11-26 01:00,3517636,lessthan 32768,211
2012-11-26 01:00,3517367,lessthan 48000,26
2012-11-26 02:00,3524394,lessthan 32000,19
2012-11-26 02:00,3517636,lessthan 32768,12
2012-11-26 02:00,3517367,lessthan 48000,42
2012-11-26 03:00,3524394,lessthan 32000,163
2012-11-26 03:00,3517636,lessthan 32768,100
2012-11-26 03:00,3517367,lessthan 48000,48
2012-11-26 04:00,3524394,lessthan 32000,22
2012-11-26 04:00,3517636,lessthan 32768,16
2012-11-26 04:00,3517367,lessthan 48000,8
2012-11-26 05:00,3524394,lessthan 32000,143
2012-11-26 05:00,3517636,lessthan 32768,51
2012-11-26 05:00,3517367,lessthan 48000,45
2012-11-26 06:00,3524394,lessthan 32000,54
2012-11-26 06:00,3517636,lessthan 32768,29
2012-11-26 06:00,3517367,lessthan 48000,10
2012-11-26 07:00,3524394,lessthan 32000,26
2012-11-26 07:00,3517636,lessthan 32768,45
2012-11-26 07:00,3517367,lessthan 48000,64
2012-11-26 08:00,3524394,lessthan 32000,16
2012-11-26 08:00,3517636,lessthan 32768,97
2012-11-26 08:00,3517367,lessthan 48000,23
2012-11-26 09:00,3524394,lessthan 32000,82
2012-11-26 09:00,3517636,lessthan 32768,60
2012-11-26 09:00,3517367,lessthan 48000,127
2012-11-26 10:00,3524394,lessthan 32000,23
2012-11-26 10:00,3517636,lessthan 32768,24
2012-11-26 10:00,3517367,lessthan 48000,92
2012-11-26 11:00,3524394,lessthan 32000,36
2012-11-26 11:00,3517636,lessthan 32768,223
2012-11-26 11:00,3517367,lessthan 48000,121
2012-11-26 12:00,3524394,lessthan 32000,7
2012-11-26 12:00,3517636,lessthan 32768,33
2012-11-26 12:00,3517367,lessthan 48000,64
2012-11-26 13:00,3524394,lessthan 32000,59
2012-11-26 13:00,3517636,lessthan 32768,163
2012-11-26 13:00,3517367,lessthan 48000,93
2012-11-26 14:00,3524394,lessthan 32000,2
2012-11-26 14:00,3517636,lessthan 32768,142
2012-11-26 14:00,3517367,lessthan 48000,5
2012-11-26 15:00,3524394,lessthan 32000,7
2012-11-26 15:00,3517636,lessthan 32768,25
2012-11-26 15:00,3517367,lessthan 48000,6
2012-11-26 16:00,3524394,lessthan 32000,167
2012-11-26 16:00,3517636,lessthan 32768,42
2012-11-26 16:00,3517367,lessthan 48000,23
2012-11-26 17:00,3524394,lessthan 32000,186
2012-11-26 17:00,3517636,lessthan 32768,171
2012-11-26 17:00,3517367,lessthan 48000,29
2012-11-26 18:00,3524394,lessthan 32000,27
2012-11-26 18:00,3517636,lessthan 32768,59
2012-11-26 18:00,3517367,lessthan 48000,2
2012-11-26 19:00,3524394,lessthan 32000,103
2012-11-26 19:00,3517636,lessthan 32768,111
2012-11-26 19:00,3517367,lessthan 48000,29
2012-11-26 20:00,3524394,lessthan 32000,43
2012-11-26 20:00,3517636,lessthan 32768,78
2012-11-26 20:00,3517367,lessthan 48000,25
2012-11-26 21:00,3524394,lessthan 32000,176
2012-11-26 21:00,3517636,lessthan 32768,106
2012-11-26 21:00,3517367,lessthan 48000,7
2012-11-26 22:00,3524394,lessthan 32000,148
2012-11-26 22:00,3517636,lessthan 32768,37
2012-11-26 22:00,3517367,lessthan 48000,27
2012-11-26 23:00,3524394,lessthan 32000,55
2012-11-26 23:00,3517636,lessthan 32768,36
2012-11-26 23:00,3517367,lessthan 48000,6
2012-11-27 00:00,3524394,lessthan 32000,7
2012-11-27 00:00,3517636,lessthan 32768,63
2012-11-27 00:00,3517367,lessthan 48000,156
2012-11-27 01:00,3524394,lessthan 32000,11
2012-11-27 01:00,3517636,lessthan 32768,28
2012-11-27 01:00,3517367,lessthan 48000,18
2012-11-27 02:00,3524394,lessthan 32000,6
2012-11-27 02:00,3517636,lessthan 32768,7
2012-11-27 02:00,3517367,lessthan 48000,2
2012-11-27 03:00,3524394,lessthan 32000,87
2012-11-27 03:00,3517636,lessthan 32768,31
2012-11-27 03:00,3517367,lessthan 48000,5
2012-11-27 04:00,3524394,lessthan 32000,163
2012-11-27 04:00,3517636,lessthan 32768,58
2012-11-27 04:00,3517367,lessthan 48000,132
2012-11-27 05:00,3524394,lessthan 32000,17
2012-11-27 05:00,3517636,lessthan 32768,10
2012-11-27 05:00,3517367,lessthan 48000,79
2012-11-27 06:00,3524394,lessthan 32000,26
2012-11-27 06:00,3517636,lessthan 32768,33
2012-11-27 06:00,3517367,lessthan 48000,57
2012-11-27 07:00,3524394,lessthan 32000,21
2012-11-27 07:00,3517636,lessthan 32768,55
2012-11-27 07:00,3517367,lessthan 48000,41
2012-11-27 08:00,3524394,lessthan 32000,7
2012-11-27 08:00,3517636,lessthan 32768,9
2012-11-27 08:00,3517367,lessthan 48000,1
2012-11-27 09:00,3524394,lessthan 32000,25
2012-11-27 09:00,3517636,lessthan 32768,27
2012-11-27 09:00,3517367,lessthan 48000,22
2012-11-27 10:00,3524394,lessthan 32000,5
2012-11-27 10:00,3517636,lessthan 32768,6
2012-11-27 10:00,3517367,lessthan 48000,1
2012-11-27 11:00,3524394,lessthan 32000,11
2012-11-27 11:00,3517636,lessthan 32768,11
2012-11-27 11:00,3517367,lessthan 48000,7
2012-11-27 12:00,3524394,lessthan 32000,24
2012-11-27 12:00,3517636,lessthan 32768,13
2012-11-27 12:00,3517367,lessthan 48000,13
2012-11-27 13:00,3524394,lessthan 32000,12
2012-11-27 13:00,3517636,lessthan 32768,4
2012-11-27 13:00,3517367,lessthan 48000,3
2012-11-27 14:00,3524394,lessthan 32000,7
2012-11-27 14:00,3517636,lessthan 32768,9
2012-11-27 14:00,3517367,lessthan 48000,3
2012-11-27 15:00,3524394,lessthan 32000,31
2012-11-27 15:00,3517636,lessthan 32768,30
2012-11-27 15:00,3517367,lessthan 48000,37
2012-11-27 16:00,3524394,lessthan 32000,62
2012-11-27 16:00,3517636,lessthan 32768,57
2012-11-27 16:00,3517367,lessthan 48000,107
2012-11-27 17:00,3524394,lessthan 32000,75
2012-11-27 17:00,3517636,lessthan 32768,104
2012-11-27 17:00,3517367,lessthan 48000,132
2012-11-27 18:00,3524394,lessthan 32000,132
2012-11-27 18:00,3517636,lessthan 32768,50
2012-11-27 18:00,3517367,lessthan 48000,104
2012-11-27 19:00,3524394,lessthan 32000,170
2012-11-27 19:00,3517636,lessthan 32768,73
2012-11-27 19:00,3517367,lessthan 48000,220
2012-11-27 20:00,3524394,lessthan 32000,102
2012-11-27 20:00,3517636,lessthan 32768,105
2012-11-27 20:00,3517367,lessthan 48000,179
2012-11-27 21:00,3524394,lessthan 32000,81
2012-11-27 21:00,3517636,lessthan 32768,84
2012-11-27 21:00,3517367,lessthan 48000,34
2012-11-27 22:00,3524394,lessthan 32000,64
2012-11-27 22:00,3517636,lessthan 32768,189
2012-11-27 22:00,3517367,lessthan 48000,7
2012-11-27 23:00,3524394,lessthan 32000,64
2012-11-27 23:00,3517636,lessthan 32768,18
2012-11-27 23:00,3517367,lessthan 48000,14
2012-11-28 00:00,3524394,lessthan 32000,56
2012-11-28 00:00,3517636,lessthan 32768,164
2012-11-28 00:00,3517367,lessthan 48000,18
2012-11-28 01:00,3524394,lessthan 32000,38
2012-11-28 01:00,3517636,lessthan 32768,36
2012-11-28 01:00,3517367,lessthan 48000,16
2012-11-28 02:00,3524394,lessthan 32000,38
2012-11-28 02:00,3517636,lessthan 32768,47
2012-11-28 02:00,3517367,lessthan 48000,17
2012-11-28 03:00,3524394,lessthan 32000,93
2012-11-28 03:00,3517636,lessthan 32768,39
2012-11-28 03:00,3517367,lessthan 48000,5
2012-11-28 04:00,3524394,lessthan 32000,109
2012-11-28 04:00,3517636,lessthan 32768,21
2012-11-28 04:00,3517367,lessthan 48000,18
2012-11-28 05:00,3524394,lessthan 32000,280
2012-11-28 05:00,3517636,lessthan 32768,24
2012-11-28 05:00,3517367,lessthan 48000,3
2012-11-28 06:00,3524394,lessthan 32000,62
2012-11-28 06:00,3517636,lessthan 32768,18
2012-11-28 06:00,3517367,lessthan 48000,28
2012-11-28 07:00,3524394,lessthan 32000,186
2012-11-28 07:00,3517636,lessthan 32768,51
2012-11-28 07:00,3517367,lessthan 48000,93
2012-11-28 08:00,3524394,lessthan 32000,20
2012-11-28 08:00,3517636,lessthan 32768,102
2012-11-28 08:00,3517367,lessthan 48000,165
2012-11-28 09:00,3524394,lessthan 32000,130
2012-11-28 09:00,3517636,lessthan 32768,167
2012-11-28 09:00,3517367,lessthan 48000,156
2012-11-28 10:00,3524394,lessthan 32000,117
2012-11-28 10:00,3517636,lessthan 32768,95
2012-11-28 10:00,3517367,lessthan 48000,74
2012-11-28 11:00,3524394,lessthan 32000,40
2012-11-28 11:00,3517636,lessthan 32768,109
2012-11-28 11:00,3517367,lessthan 48000,247
2012-11-28 12:00,3524394,lessthan 32000,8
2012-11-28 12:00,3517636,lessthan 32768,56
2012-11-28 12:00,3517367,lessthan 48000,157
2012-11-28 13:00,3524394,lessthan 32000,15
2012-11-28 13:00,3517636,lessthan 32768,48
2012-11-28 13:00,3517367,lessthan 48000,140
2012-11-28 14:00,3524394,lessthan 32000,57
2012-11-28 14:00,3517636,lessthan 32768,80
2012-11-28 14:00,3517367,lessthan 48000,142
2012-11-28 15:00,3524394,lessthan 32000,153
2012-11-28 15:00,3517636,lessthan 32768,179
2012-11-28 15:00,3517367,lessthan 48000,199
2012-11-28 16:00,3524394,lessthan 32000,138
2012-11-28 16:00,3517636,lessthan 32768,166
2012-11-28 16:00,3517367,lessthan 48000,145
2012-11-28 17:00,3524394,lessthan 32000,110
2012-11-28 17:00,3517636,lessthan 32768,65
2012-11-28 17:00,3517367,lessthan 48000,102
2012-11-28 18:00,3524394,lessthan 32000,38
2012-11-28 18:00,3517636,lessthan 32768,109
2012-11-28 18:00,3517367,lessthan 48000,11
2012-11-28 19:00,3524394,lessthan 32000,154
2012-11-28 19:00,3517636,lessthan 32768,248
2012-11-28 19:00,3517367,lessthan 48000,107
2012-11-28 20:00,3524394,lessthan 32000,68
2012-11-28 20:00,3517636,lessthan 32768,54
2012-11-28 20:00,3517367,lessthan 48000,2
2012-11-28 21:00,3524394,lessthan 32000,117
2012-11-28 21:00,3517636,lessthan 32768,56
2012-11-28 21:00,3517367,lessthan 48000,21
2012-11-28 22:00,3524394,lessthan 32000,111
2012-11-28 22:00,3517636,lessthan 32768,47
2012-11-28 22:00,3517367,lessthan 48000,32
2012-11-28 23:00,3524394,lessthan 32000,213
2012-11-28 23:00,3517636,lessthan 32768,53
2012-11-28 23:00,3517367,lessthan 48000,28
2012-11-29 00:00,3524394,lessthan 32000,153
2012-11-29 00:00,3517636,lessthan 32768,35
2012-11-29 00:00,3517367,lessthan 48000,181
2012-11-29 01:00,3524394,lessthan 32000,126
2012-11-29 01:00,3517636,lessthan 32768,101
2012-11-29 01:00,3517367,lessthan 48000,96
2012-11-29 02:00,3524394,lessthan 32000,156
2012-11-29 02:00,3517636,lessthan 32768,179
2012-11-29 02:00,3517367,lessthan 48000,205
2012-11-29 03:00,3524394,lessthan 32000,111
2012-11-29 03:00,3517636,lessthan 32768,92
2012-11-29 03:00,3517367,lessthan 48000,29
2012-11-29 04:00,3524394,lessthan 32000,82
2012-11-29 04:00,3517636,lessthan 32768,46
2012-11-29 04:00,3517367,lessthan 48000,52
2012-11-29 05:00,3524394,lessthan 32000,167
2012-11-29 05:00,3517636,lessthan 32768,23
2012-11-29 05:00,3517367,lessthan 48000,33
2012-11-29 06:00,3524394,lessthan 32000,168
2012-11-29 06:00,3517636,lessthan 32768,20
2012-11-29 06:00,3517367,lessthan 48000,7
2012-11-29 07:00,3524394,lessthan 32000,186
2012-11-29 07:00,3517636,lessthan 32768,33
2012-11-29 07:00,3517367,lessthan 48000,42
2012-11-29 08:00,3524394,lessthan 32000,335
2012-11-29 08:00,3517636,lessthan 32768,206
2012-11-29 08:00,3517367,lessthan 48000,113
2012-11-29 09:00,3524394,lessthan 32000,44
2012-11-29 09:00,3517636,lessthan 32768,131
2012-11-29 09:00,3517367,lessthan 48000,4
2012-11-29 10:00,3524394,lessthan 32000,157
2012-11-29 10:00,3517636,lessthan 32768,146
2012-11-29 10:00,3517367,lessthan 48000,27
2012-11-29 11:00,3524394,lessthan 32000,126
2012-11-29 11:00,3517636,lessthan 32768,81
2012-11-29 11:00,3517367,lessthan 48000,21
2012-11-29 12:00,3524394,lessthan 32000,109
2012-11-29 12:00,3517636,lessthan 32768,171
2012-11-29 12:00,3517367,lessthan 48000,17
2012-11-29 13:00,3524394,lessthan 32000,162
2012-11-29 13:00,3517636,lessthan 32768,68
2012-11-29 13:00,3517367,lessthan 48000,15
2012-11-29 14:00,3524394,lessthan 32000,21
2012-11-29 14:00,3517636,lessthan 32768,8
2012-11-29 14:00,3517367,lessthan 48000,0
2012-11-29 15:00,3524394,lessthan 32000,208
2012-11-29 15:00,3517636,lessthan 32768,58
2012-11-29 15:00,3517367,lessthan 48000,84
2012-11-29 16:00,3524394,lessthan 32000,150
2012-11-29 16:00,3517636,lessthan 32768,62
2012-11-29 16:00,3517367,lessthan 48000,46
2012-11-29 17:00,3524394,lessthan 32000,137
2012-11-29 17:00,3517636,lessthan 32768,115
2012-11-29 17:00,3517367,lessthan 48000,76
2012-11-29 18:00,3524394,lessthan 32000,51
2012-11-29 18:00,3517636,lessthan 32768,111
2012-11-29 18:00,3517367,lessthan 48000,24
2012-11-29 19:00,3524394,lessthan 32000,55
2012-11-29 19:00,3517636,lessthan 32768,234
2012-11-29 19:00,3517367,lessthan 48000,21
2012-11-29 20:00,3524394,lessthan 32000,39
2012-11-29 20:00,3517636,lessthan 32768,217
2012-11-29 20:00,3517367,lessthan 48000,3
2012-11-29 21:00,3524394,lessthan 32000,173
2012-11-29 21:00,3517636,lessthan 32768,124
2012-11-29 21:00,3517367,lessthan 48000,15
2012-11-29 22:00,3524394,lessthan 32000,41
2012-11-29 22:00,3517636,lessthan 32768,201
2012-11-29 22:00,3517367,lessthan 48000,39
2012-11-29 23:00,3524394,lessthan 32000,81
2012-11-29 23:00,3517636,lessthan 32768,142
2012-11-29 23:00,3517367,lessthan 48000,6
2012-11-30 00:00,3524394,lessthan 32000,103
2012-11-30 00:00,3517636,lessthan 32768,401
2012-11-30 00:00,3517367,lessthan 48000,37
2012-11-30 01:00,3524394,lessthan 32000,55
2012-11-30 01:00,3517636,lessthan 32768,124
2012-11-30 01:00,3517367,lessthan 48000,33
2012-11-30 02:00,3524394,lessthan 32000,7
2012-11-30 02:00,3517636,lessthan 32768,39
2012-11-30 02:00,3517367,lessthan 48000,4
2012-11-30 03:00,3524394,lessthan 32000,53
2012-11-30 03:00,3517636,lessthan 32768,83
2012-11-30 03:00,3517367,lessthan 48000,46
2012-11-30 04:00,3524394,lessthan 32000,32
2012-11-30 04:00,3517636,lessthan 32768,57
2012-11-30 04:00,3517367,lessthan 48000,32
2012-11-30 05:00,3524394,lessthan 32000,147
2012-11-30 05:00,3517636,lessthan 32768,28
2012-11-30 05:00,3517367,lessthan 48000,60
2012-11-30 06:00,3524394,lessthan 32000,58
2012-11-30 06:00,3517636,lessthan 32768,7
2012-11-30 06:00,3517367,lessthan 48000,18
2012-11-30 07:00,3524394,lessthan 32000,0
2012-11-30 07:00,3517636,lessthan 32768,0
2012-11-30 07:00,3517367,lessthan 48000,0
2012-11-30 08:00,3524394,lessthan 32000,71
2012-11-30 08:00,3517636,lessthan 32768,17
2012-11-30 08:00,3517367,lessthan 48000,19
2012-11-30 09:00,3524394,lessthan 32000,119
2012-11-30 09:00,3517636,lessthan 32768,41
2012-11-30 09:00,3517367,lessthan 48000,14
2012-11-30 10:00,3524394,lessthan 32000,211
2012-11-30 10:00,3517636,lessthan 32768,85
2012-11-30 10:00,3517367,lessthan 48000,27
2012-11-30 11:00,3524394,lessthan 32000,0
2012-11-30 11:00,3517636,lessthan 32768,0
2012-11-30 11:00,3517367,lessthan 48000,0
2012-11-30 12:00,3524394,lessthan 32000,142
2012-11-30 12:00,3517636,lessthan 32768,49
2012-11-30 12:00,3517367,lessthan 48000,16
2012-11-30 13:00,3524394,lessthan 32000,144
2012-11-30 13:00,3517636,lessthan 32768,235
2012-11-30 13:00,3517367,lessthan 48000,19
2012-11-30 14:00,3524394,lessthan 32000,67
2012-11-30 14:00,3517636,lessthan 32768,86
2012-11-30 14:00,3517367,lessthan 48000,14
2012-11-30 15:00,3524394,lessthan 32000,41
2012-11-30 15:00,3517636,lessthan 32768,88
2012-11-30 15:00,3517367,lessthan 48000,15
2012-11-30 16:00,3524394,lessthan 32000,69
2012-11-30 16:00,3517636,lessthan 32768,208
2012-11-30 16:00,3517367,lessthan 48000,53
2012-11-30 17:00,3524394,lessthan 32000,126
2012-11-30 17:00,3517636,lessthan 32768,132
2012-11-30 17:00,3517367,lessthan 48000,46
2012-11-30 18:00,3524394,lessthan 32000,58
2012-11-30 18:00,3517636,lessthan 32768,124
2012-11-30 18:00,3517367,lessthan 48000,31
2012-11-30 19:00,3524394,lessthan 32000,128
2012-11-30 19:00,3517636,lessthan 32768,199
2012-11-30 19:00,3517367,lessthan 48000,67
2012-11-30 20:00,3524394,lessthan 32000,100
2012-11-30 20:00,3517636,lessthan 32768,288
2012-11-30 20:00,3517367,lessthan 48000,57
2012-11-30 21:00,3524394,lessthan 32000,120
2012-11-30 21:00,3517636,lessthan 32768,205
2012-11-30 21:00,3517367,lessthan 48000,25
2012-11-30 22:00,3524394,lessthan 32000,96
2012-11-30 22:00,3517636,lessthan 32768,169
2012-11-30 22:00,3517367,lessthan 48000,48
2012-11-30 23:00,3524394,lessthan 32000,68
2012-11-30 23:00,3517636,lessthan 32768,127
2012-11-30 23:00,3517367,lessthan 48000,11
2012-12-01 00:00,3524394,lessthan 32000,52
2012-12-01 00:00,3517636,lessthan 32768,163
2012-12-01 00:00,3517367,lessthan 48000,45
2012-12-01 01:00,3524394,lessthan 32000,82
2012-12-01 01:00,3517636,lessthan 32768,167
2012-12-01 01:00,3517367,lessthan 48000,170
2012-12-01 02:00,3524394,lessthan 32000,60
2012-12-01 02:00,3517636,lessthan 32768,56
2012-12-01 02:00,3517367,lessthan 48000,97
2012-12-01 03:00,3524394,lessthan 32000,53
2012-12-01 03:00,3517636,lessthan 32768,106
2012-12-01 03:00,3517367,lessthan 48000,72
2012-12-01 04:00,3524394,lessthan 32000,41
2012-12-01 04:00,3517636,lessthan 32768,78
2012-12-01 04:00,3517367,lessthan 48000,50
2012-12-01 05:00,3524394,lessthan 32000,50
2012-12-01 05:00,3517636,lessthan 32768,31
2012-12-01 05:00,3517367,lessthan 48000,44
2012-12-01 06:00,3524394,lessthan 32000,256
2012-12-01 06:00,3517636,lessthan 32768,269
2012-12-01 06:00,3517367,lessthan 48000,48
2012-12-01 07:00,3524394,lessthan 32000,207
2012-12-01 07:00,3517636,lessthan 32768,60
2012-12-01 07:00,3517367,lessthan 48000,23
2012-12-01 08:00,3524394,lessthan 32000,169
2012-12-01 08:00,3517636,lessthan 32768,33
2012-12-01 08:00,3517367,lessthan 48000,15
2012-12-01 09:00,3524394,lessthan 32000,204
2012-12-01 09:00,3517636,lessthan 32768,29
2012-12-01 09:00,3517367,lessthan 48000,47
2012-12-01 10:00,3524394,lessthan 32000,57
2012-12-01 10:00,3517636,lessthan 32768,48
2012-12-01 10:00,3517367,lessthan 48000,9
2012-12-01 11:00,3524394,lessthan 32000,161
2012-12-01 11:00,3517636,lessthan 32768,63
2012-12-01 11:00,3517367,lessthan 48000,32
2012-12-01 12:00,3524394,lessthan 32000,42
2012-12-01 12:00,3517636,lessthan 32768,28
2012-12-01 12:00,3517367,lessthan 48000,12
2012-12-01 13:00,3524394,lessthan 32000,60
2012-12-01 13:00,3517636,lessthan 32768,69
2012-12-01 13:00,3517367,lessthan 48000,19
2012-12-01 14:00,3524394,lessthan 32000,22
2012-12-01 14:00,3517636,lessthan 32768,34
2012-12-01 14:00,3517367,lessthan 48000,32
2012-12-01 15:00,3524394,lessthan 32000,66
2012-12-01 15:00,3517636,lessthan 32768,11
2012-12-01 15:00,3517367,lessthan 48000,7
2012-12-01 16:00,3524394,lessthan 32000,112
2012-12-01 16:00,3517636,lessthan 32768,40
2012-12-01 16:00,3517367,lessthan 48000,7
2012-12-01 17:00,3524394,lessthan 32000,164
2012-12-01 17:00,3517636,lessthan 32768,91
2012-12-01 17:00,3517367,lessthan 48000,27
2012-12-01 18:00,3524394,lessthan 32000,99
2012-12-01 18:00,3517636,lessthan 32768,27
2012-12-01 18:00,3517367,lessthan 48000,43
2012-12-01 19:00,3524394,lessthan 32000,45
2012-12-01 19:00,3517636,lessthan 32768,38
2012-12-01 19:00,3517367,lessthan 48000,76
2012-12-01 20:00,3524394,lessthan 32000,16
2012-12-01 20:00,3517636,lessthan 32768,24
2012-12-01 20:00,3517367,lessthan 48000,46
2012-12-01 21:00,3524394,lessthan 32000,7
2012-12-01 21:00,3517636,lessthan 32768,34
2012-12-01 21:00,3517367,lessthan 48000,40
2012-12-01 22:00,3524394,lessthan 32000,2
2012-12-01 22:00,3517636,lessthan 32768,6
2012-12-01 22:00,3517367,lessthan 48000,31
2012-12-01 23:00,3524394,lessthan 32000,56
2012-12-01 23:00,3517636,lessthan 32768,34
2012-12-01 23:00,3517367,lessthan 48000,8
2012-12-02 00:00,3524394,lessthan 32000,181
2012-12-02 00:00,3517636,lessthan 32768,65
2012-12-02 00:00,3517367,lessthan 48000,10
2012-12-02 01:00,3524394,lessthan 32000,51
2012-12-02 01:00,3517636,lessthan 32768,4
2012-12-02 01:00,3517367,lessthan 48000,7
2012-12-02 02:00,3524394,lessthan 32000,2
2012-12-02 02:00,3517636,lessthan 32768,3
2012-12-02 02:00,3517367,lessthan 48000,4
2012-12-02 03:00,3524394,lessthan 32000,23
2012-12-02 03:00,3517636,lessthan 32768,21
2012-12-02 03:00,3517367,lessthan 48000,10
2012-12-02 04:00,3524394,lessthan 32000,0
2012-12-02 04:00,3517636,lessthan 32768,3
2012-12-02 04:00,3517367,lessthan 48000,0
2012-12-02 05:00,3524394,lessthan 32000,7
2012-12-02 05:00,3517636,lessthan 32768,8
2012-12-02 05:00,3517367,lessthan 48000,7
2012-12-02 06:00,3524394,lessthan 32000,2
2012-12-02 06:00,3517636,lessthan 32768,1
2012-12-02 06:00,3517367,lessthan 48000,4
2012-12-02 07:00,3524394,lessthan 32000,31
2012-12-02 07:00,3517636,lessthan 32768,18
2012-12-02 07:00,3517367,lessthan 48000,10
2012-12-02 08:00,3524394,lessthan 32000,36
2012-12-02 08:00,3517636,lessthan 32768,8
2012-12-02 08:00,3517367,lessthan 48000,11
2012-12-02 09:00,3524394,lessthan 32000,96
2012-12-02 09:00,3517636,lessthan 32768,73
2012-12-02 09:00,3517367,lessthan 48000,29
2012-12-02 10:00,3524394,lessthan 32000,54
2012-12-02 10:00,3517636,lessthan 32768,21
2012-12-02 10:00,3517367,lessthan 48000,13
2012-12-02 11:00,3524394,lessthan 32000,46
2012-12-02 11:00,3517636,lessthan 32768,31
2012-12-02 11:00,3517367,lessthan 48000,43
2012-12-02 12:00,3524394,lessthan 32000,13
2012-12-02 12:00,3517636,lessthan 32768,17
2012-12-02 12:00,3517367,lessthan 48000,40
2012-12-02 13:00,3524394,lessthan 32000,16
2012-12-02 13:00,3517636,lessthan 32768,7
2012-12-02 13:00,3517367,lessthan 48000,11
2012-12-02 14:00,3524394,lessthan 32000,141
2012-12-02 14:00,3517636,lessthan 32768,14
2012-12-02 14:00,3517367,lessthan 48000,5
2012-12-02 15:00,3524394,lessthan 32000,67
2012-12-02 15:00,3517636,lessthan 32768,32
2012-12-02 15:00,3517367,lessthan 48000,7
2012-12-02 16:00,3524394,lessthan 32000,142
2012-12-02 16:00,3517636,lessthan 32768,40
2012-12-02 16:00,3517367,lessthan 48000,27
2012-12-02 17:00,3524394,lessthan 32000,59
2012-12-02 17:00,3517636,lessthan 32768,20
2012-12-02 17:00,3517367,lessthan 48000,13
2012-12-02 18:00,3524394,lessthan 32000,25
2012-12-02 18:00,3517636,lessthan 32768,5
2012-12-02 18:00,3517367,lessthan 48000,1
2012-12-02 19:00,3524394,lessthan 32000,41
2012-12-02 19:00,3517636,lessthan 32768,25
2012-12-02 19:00,3517367,lessthan 48000,14
2012-12-02 20:00,3524394,lessthan 32000,2
2012-12-02 20:00,3517636,lessthan 32768,7
2012-12-02 20:00,3517367,lessthan 48000,4
2012-12-02 21:00,3524394,lessthan 32000,16
2012-12-02 21:00,3517636,lessthan 32768,51
2012-12-02 21:00,3517367,lessthan 48000,35
2012-12-02 22:00,3524394,lessthan 32000,28
2012-12-02 22:00,3517636,lessthan 32768,30
2012-12-02 22:00,3517367,lessthan 48000,27
2012-12-02 23:00,3524394,lessthan 32000,23
2012-12-02 23:00,3517636,lessthan 32768,63
2012-12-02 23:00,3517367,lessthan 48000,42
2012-12-03 00:00,3524394,lessthan 32000,19
2012-12-03 00:00,3517636,lessthan 32768,16
2012-12-03 00:00,3517367,lessthan 48000,14
2012-12-03 01:00,3524394,lessthan 32000,40
2012-12-03 01:00,3517636,lessthan 32768,6
2012-12-03 01:00,3517367,lessthan 48000,22
2012-12-03 02:00,3524394,lessthan 32000,88
2012-12-03 02:00,3517636,lessthan 32768,24
2012-12-03 02:00,3517367,lessthan 48000,11
2012-12-03 03:00,3524394,lessthan 32000,130
2012-12-03 03:00,3517636,lessthan 32768,66
2012-12-03 03:00,3517367,lessthan 48000,33
2012-12-03 04:00,3524394,lessthan 32000,30
2012-12-03 04:00,3517636,lessthan 32768,24
2012-12-03 04:00,3517367,lessthan 48000,3
2012-12-03 05:00,3524394,lessthan 32000,36
2012-12-03 05:00,3517636,lessthan 32768,111
2012-12-03 05:00,3517367,lessthan 48000,20
2012-12-03 06:00,3524394,lessthan 32000,58
2012-12-03 06:00,3517636,lessthan 32768,26
2012-12-03 06:00,3517367,lessthan 48000,4
2012-12-03 07:00,3524394,lessthan 32000,88
2012-12-03 07:00,3517636,lessthan 32768,43
2012-12-03 07:00,3517367,lessthan 48000,15
2012-12-03 08:00,3524394,lessthan 32000,17
2012-12-03 08:00,3517636,lessthan 32768,23
2012-12-03 08:00,3517367,lessthan 48000,8
2012-12-03 09:00,3524394,lessthan 32000,13
2012-12-03 09:00,3517636,lessthan 32768,30
2012-12-03 09:00,3517367,lessthan 48000,8
2012-12-03 10:00,3524394,lessthan 32000,84
2012-12-03 10:00,3517636,lessthan 32768,10
2012-12-03 10:00,3517367,lessthan 48000,40
2012-12-03 11:00,3524394,lessthan 32000,49
2012-12-03 11:00,3517636,lessthan 32768,7
2012-12-03 11:00,3517367,lessthan 48000,18
2012-12-03 12:00,3524394,lessthan 32000,70
2012-12-03 12:00,3517636,lessthan 32768,45
2012-12-03 12:00,3517367,lessthan 48000,8
2012-12-03 13:00,3524394,lessthan 32000,78
2012-12-03 13:00,3517636,lessthan 32768,22
2012-12-03 13:00,3517367,lessthan 48000,4
2012-12-03 14:00,3524394,lessthan 32000,72
2012-12-03 14:00,3517636,lessthan 32768,40
2012-12-03 14:00,3517367,lessthan 48000,25
2012-12-03 15:00,3524394,lessthan 32000,35
2012-12-03 15:00,3517636,lessthan 32768,39
2012-12-03 15:00,3517367,lessthan 48000,5
2012-12-03 16:00,3524394,lessthan 32000,0
2012-12-03 16:00,3517636,lessthan 32768,0
2012-12-03 16:00,3517367,lessthan 48000,0
2012-12-03 17:00,3524394,lessthan 32000,53
2012-12-03 17:00,3517636,lessthan 32768,29
2012-12-03 17:00,3517367,lessthan 48000,12
2012-12-03 18:00,3524394,lessthan 32000,3
2012-12-03 18:00,3517636,lessthan 32768,16
2012-12-03 18:00,3517367,lessthan 48000,6
2012-12-03 19:00,3524394,lessthan 32000,14
2012-12-03 19:00,3517636,lessthan 32768,29
2012-12-03 19:00,3517367,lessthan 48000,29
2012-12-03 20:00,3524394,lessthan 32000,54
2012-12-03 20:00,3517636,lessthan 32768,70
2012-12-03 20:00,3517367,lessthan 48000,37
2012-12-03 21:00,3524394,lessthan 32000,37
2012-12-03 21:00,3517636,lessthan 32768,8
2012-12-03 21:00,3517367,lessthan 48000,15
2012-12-03 22:00,3524394,lessthan 32000,35
2012-12-03 22:00,3517636,lessthan 32768,13
2012-12-03 22:00,3517367,lessthan 48000,8
2012-12-03 23:00,3524394,lessthan 32000,9
2012-12-03 23:00,3517636,lessthan 32768,27
2012-12-03 23:00,3517367,lessthan 48000,13
2012-12-04 00:00,3524394,lessthan 32000,32
2012-12-04 00:00,3517636,lessthan 32768,38
2012-12-04 00:00,3517367,lessthan 48000,34
2012-12-04 01:00,3524394,lessthan 32000,91
2012-12-04 01:00,3517636,lessthan 32768,31
2012-12-04 01:00,3517367,lessthan 48000,45
2012-12-04 02:00,3524394,lessthan 32000,70
2012-12-04 02:00,3517636,lessthan 32768,24
2012-12-04 02:00,3517367,lessthan 48000,35
2012-12-04 03:00,3524394,lessthan 32000,73
2012-12-04 03:00,3517636,lessthan 32768,4
2012-12-04 03:00,3517367,lessthan 48000,137
2012-12-04 04:00,3524394,lessthan 32000,123
2012-12-04 04:00,3517636,lessthan 32768,102
2012-12-04 04:00,3517367,lessthan 48000,122
2012-12-04 05:00,3524394,lessthan 32000,76
2012-12-04 05:00,3517636,lessthan 32768,43
2012-12-04 05:00,3517367,lessthan 48000,34
2012-12-04 06:00,3524394,lessthan 32000,4
2012-12-04 06:00,3517636,lessthan 32768,2
2012-12-04 06:00,3517367,lessthan 48000,2
2012-12-04 07:00,3524394,lessthan 32000,156
2012-12-04 07:00,3517636,lessthan 32768,26
2012-12-04 07:00,3517367,lessthan 48000,57
2012-12-04 08:00,3524394,lessthan 32000,246
2012-12-04 08:00,3517636,lessthan 32768,23
2012-12-04 08:00,3517367,lessthan 48000,2
2012-12-04 09:00,3524394,lessthan 32000,109
2012-12-04 09:00,3517636,lessthan 32768,54
2012-12-04 09:00,3517367,lessthan 48000,24
2012-12-04 10:00,3524394,lessthan 32000,87
2012-12-04 10:00,3517636,lessthan 32768,21
2012-12-04 10:00,3517367,lessthan 48000,3
2012-12-04 11:00,3524394,lessthan 32000,110
2012-12-04 11:00,3517636,lessthan 32768,109
2012-12-04 11:00,3517367,lessthan 48000,56
2012-12-04 12:00,3524394,lessthan 32000,94
2012-12-04 12:00,3517636,lessthan 32768,146
2012-12-04 12:00,3517367,lessthan 48000,27
2012-12-04 13:00,3524394,lessthan 32000,130
2012-12-04 13:00,3517636,lessthan 32768,113
2012-12-04 13:00,3517367,lessthan 48000,27
2012-12-04 14:00,3524394,lessthan 32000,32
2012-12-04 14:00,3517636,lessthan 32768,0
2012-12-04 14:00,3517367,lessthan 48000,0
2012-12-04 15:00,3524394,lessthan 32000,79
2012-12-04 15:00,3517636,lessthan 32768,33
2012-12-04 15:00,3517367,lessthan 48000,27
2012-12-04 16:00,3524394,lessthan 32000,96
2012-12-04 16:00,3517636,lessthan 32768,25
2012-12-04 16:00,3517367,lessthan 48000,14
2012-12-04 17:00,3524394,lessthan 32000,43
2012-12-04 17:00,3517636,lessthan 32768,135
2012-12-04 17:00,3517367,lessthan 48000,36
2012-12-04 18:00,3524394,lessthan 32000,45
2012-12-04 18:00,3517636,lessthan 32768,285
2012-12-04 18:00,3517367,lessthan 48000,88
2012-12-04 19:00,3524394,lessthan 32000,4
2012-12-04 19:00,3517636,lessthan 32768,6
2012-12-04 19:00,3517367,lessthan 48000,1
2012-12-04 20:00,3524394,lessthan 32000,160
2012-12-04 20:00,3517636,lessthan 32768,359
2012-12-04 20:00,3517367,lessthan 48000,174
2012-12-04 21:00,3524394,lessthan 32000,128
2012-12-04 21:00,3517636,lessthan 32768,126
2012-12-04 21:00,3517367,lessthan 48000,149
2012-12-04 22:00,3524394,lessthan 32000,13
2012-12-04 22:00,3517636,lessthan 32768,31
2012-12-04 22:00,3517367,lessthan 48000,15
2012-12-04 23:00,3524394,lessthan 32000,45
2012-12-04 23:00,3517636,lessthan 32768,41
2012-12-04 23:00,3517367,lessthan 48000,9
2012-12-05 00:00,3524394,lessthan 32000,126
2012-12-05 00:00,3517636,lessthan 32768,192
2012-12-05 00:00,3517367,lessthan 48000,129
2012-12-05 01:00,3524394,lessthan 32000,11
2012-12-05 01:00,3517636,lessthan 32768,76
2012-12-05 01:00,3517367,lessthan 48000,23
2012-12-05 02:00,3524394,lessthan 32000,17
2012-12-05 02:00,3517636,lessthan 32768,130
2012-12-05 02:00,3517367,lessthan 48000,10
2012-12-05 03:00,3524394,lessthan 32000,0
2012-12-05 03:00,3517636,lessthan 32768,0
2012-12-05 03:00,3517367,lessthan 48000,0
2012-12-05 04:00,3524394,lessthan 32000,47
2012-12-05 04:00,3517636,lessthan 32768,184
2012-12-05 04:00,3517367,lessthan 48000,72
2012-12-05 05:00,3524394,lessthan 32000,172
2012-12-05 05:00,3517636,lessthan 32768,140
2012-12-05 05:00,3517367,lessthan 48000,89
2012-12-05 06:00,3524394,lessthan 32000,181
2012-12-05 06:00,3517636,lessthan 32768,64
2012-12-05 06:00,3517367,lessthan 48000,62
2012-12-05 07:00,3524394,lessthan 32000,198
2012-12-05 07:00,3517636,lessthan 32768,31
2012-12-05 07:00,3517367,lessthan 48000,13
2012-12-05 08:00,3524394,lessthan 32000,165
2012-12-05 08:00,3517636,lessthan 32768,42
2012-12-05 08:00,3517367,lessthan 48000,23
2012-12-05 09:00,3524394,lessthan 32000,73
2012-12-05 09:00,3517636,lessthan 32768,54
2012-12-05 09:00,3517367,lessthan 48000,17
2012-12-05 10:00,3524394,lessthan 32000,386
2012-12-05 10:00,3517636,lessthan 32768,24
2012-12-05 10:00,3517367,lessthan 48000,32
2012-12-05 11:00,3524394,lessthan 32000,112
2012-12-05 11:00,3517636,lessthan 32768,24
2012-12-05 11:00,3517367,lessthan 48000,18
2012-12-05 12:00,3524394,lessthan 32000,31
2012-12-05 12:00,3517636,lessthan 32768,75
2012-12-05 12:00,3517367,lessthan 48000,11
2012-12-05 13:00,3524394,lessthan 32000,141
2012-12-05 13:00,3517636,lessthan 32768,76
2012-12-05 13:00,3517367,lessthan 48000,7
2012-12-05 14:00,3524394,lessthan 32000,39
2012-12-05 14:00,3517636,lessthan 32768,62
2012-12-05 14:00,3517367,lessthan 48000,34
2012-12-05 15:00,3524394,lessthan 32000,14
2012-12-05 15:00,3517636,lessthan 32768,27
2012-12-05 15:00,3517367,lessthan 48000,12
2012-12-05 16:00,3524394,lessthan 32000,48
2012-12-05 16:00,3517636,lessthan 32768,62
2012-12-05 16:00,3517367,lessthan 48000,18
2012-12-05 17:00,3524394,lessthan 32000,170
2012-12-05 17:00,3517636,lessthan 32768,51
2012-12-05 17:00,3517367,lessthan 48000,27
2012-12-05 18:00,3524394,lessthan 32000,246
2012-12-05 18:00,3517636,lessthan 32768,164
2012-12-05 18:00,3517367,lessthan 48000,135
2012-12-05 19:00,3524394,lessthan 32000,163
2012-12-05 19:00,3517636,lessthan 32768,79
2012-12-05 19:00,3517367,lessthan 48000,23
2012-12-05 20:00,3524394,lessthan 32000,330
2012-12-05 20:00,3517636,lessthan 32768,256
2012-12-05 20:00,3517367,lessthan 48000,146
2012-12-05 21:00,3524394,lessthan 32000,234
2012-12-05 21:00,3517636,lessthan 32768,246
2012-12-05 21:00,3517367,lessthan 48000,149
2012-12-05 22:00,3524394,lessthan 32000,36
2012-12-05 22:00,3517636,lessthan 32768,92
2012-12-05 22:00,3517367,lessthan 48000,12
2012-12-05 23:00,3524394,lessthan 32000,25
2012-12-05 23:00,3517636,lessthan 32768,77
2012-12-05 23:00,3517367,lessthan 48000,10
2012-12-06 00:00,3524394,lessthan 32000,133
2012-12-06 00:00,3517636,lessthan 32768,167
2012-12-06 00:00,3517367,lessthan 48000,97
2012-12-06 01:00,3524394,lessthan 32000,25
2012-12-06 01:00,3517636,lessthan 32768,25
2012-12-06 01:00,3517367,lessthan 48000,14
2012-12-06 02:00,3524394,lessthan 32000,72
2012-12-06 02:00,3517636,lessthan 32768,151
2012-12-06 02:00,3517367,lessthan 48000,8
2012-12-06 03:00,3524394,lessthan 32000,11
2012-12-06 03:00,3517636,lessthan 32768,18
2012-12-06 03:00,3517367,lessthan 48000,8
2012-12-06 04:00,3524394,lessthan 32000,99
2012-12-06 04:00,3517636,lessthan 32768,168
2012-12-06 04:00,3517367,lessthan 48000,8
2012-12-06 05:00,3524394,lessthan 32000,19
2012-12-06 05:00,3517636,lessthan 32768,7
2012-12-06 05:00,3517367,lessthan 48000,8
2012-12-06 06:00,3524394,lessthan 32000,22
2012-12-06 06:00,3517636,lessthan 32768,29
2012-12-06 06:00,3517367,lessthan 48000,32
2012-12-06 07:00,3524394,lessthan 32000,115
2012-12-06 07:00,3517636,lessthan 32768,77
2012-12-06 07:00,3517367,lessthan 48000,107
2012-12-06 08:00,3524394,lessthan 32000,175
2012-12-06 08:00,3517636,lessthan 32768,159
2012-12-06 08:00,3517367,lessthan 48000,76
2012-12-06 09:00,3524394,lessthan 32000,248
2012-12-06 09:00,3517636,lessthan 32768,163
2012-12-06 09:00,3517367,lessthan 48000,94
2012-12-06 10:00,3524394,lessthan 32000,142
2012-12-06 10:00,3517636,lessthan 32768,49
2012-12-06 10:00,3517367,lessthan 48000,65
2012-12-06 11:00,3524394,lessthan 32000,128
2012-12-06 11:00,3517636,lessthan 32768,13
2012-12-06 11:00,3517367,lessthan 48000,44
2012-12-06 12:00,3524394,lessthan 32000,134
2012-12-06 12:00,3517636,lessthan 32768,61
2012-12-06 12:00,3517367,lessthan 48000,104
2012-12-06 13:00,3524394,lessthan 32000,241
2012-12-06 13:00,3517636,lessthan 32768,63
2012-12-06 13:00,3517367,lessthan 48000,131
2012-12-06 14:00,3524394,lessthan 32000,154
2012-12-06 14:00,3517636,lessthan 32768,8
2012-12-06 14:00,3517367,lessthan 48000,20
2012-12-06 15:00,3524394,lessthan 32000,344
2012-12-06 15:00,3517636,lessthan 32768,27
2012-12-06 15:00,3517367,lessthan 48000,22
2012-12-06 16:00,3524394,lessthan 32000,140
2012-12-06 16:00,3517636,lessthan 32768,61
2012-12-06 16:00,3517367,lessthan 48000,48
2012-12-06 17:00,3524394,lessthan 32000,294
2012-12-06 17:00,3517636,lessthan 32768,168
2012-12-06 17:00,3517367,lessthan 48000,141
2012-12-06 18:00,3524394,lessthan 32000,51
2012-12-06 18:00,3517636,lessthan 32768,85
2012-12-06 18:00,3517367,lessthan 48000,56
2012-12-06 19:00,3524394,lessthan 32000,203
2012-12-06 19:00,3517636,lessthan 32768,204
2012-12-06 19:00,3517367,lessthan 48000,124
2012-12-06 20:00,3524394,lessthan 32000,73
2012-12-06 20:00,3517636,lessthan 32768,59
2012-12-06 20:00,3517367,lessthan 48000,57
2012-12-06 21:00,3524394,lessthan 32000,38
2012-12-06 21:00,3517636,lessthan 32768,26
2012-12-06 21:00,3517367,lessthan 48000,18
2012-12-06 22:00,3524394,lessthan 32000,60
2012-12-06 22:00,3517636,lessthan 32768,43
2012-12-06 22:00,3517367,lessthan 48000,18
2012-12-06 23:00,3524394,lessthan 32000,122
2012-12-06 23:00,3517636,lessthan 32768,194
2012-12-06 23:00,3517367,lessthan 48000,68
2012-12-07 00:00,3524394,lessthan 32000,18
2012-12-07 00:00,3517636,lessthan 32768,73
2012-12-07 00:00,3517367,lessthan 48000,28
2012-12-07 01:00,3524394,lessthan 32000,57
2012-12-07 01:00,3517636,lessthan 32768,35
2012-12-07 01:00,3517367,lessthan 48000,16
2012-12-07 02:00,3524394,lessthan 32000,26
2012-12-07 02:00,3517636,lessthan 32768,63
2012-12-07 02:00,3517367,lessthan 48000,3
2012-12-07 03:00,3524394,lessthan 32000,78
2012-12-07 03:00,3517636,lessthan 32768,31
2012-12-07 03:00,3517367,lessthan 48000,7
2012-12-07 04:00,3524394,lessthan 32000,15
2012-12-07 04:00,3517636,lessthan 32768,1
2012-12-07 04:00,3517367,lessthan 48000,4
2012-12-07 05:00,3524394,lessthan 32000,8
2012-12-07 05:00,3517636,lessthan 32768,5
2012-12-07 05:00,3517367,lessthan 48000,12
2012-12-07 06:00,3524394,lessthan 32000,64
2012-12-07 06:00,3517636,lessthan 32768,97
2012-12-07 06:00,3517367,lessthan 48000,55
2012-12-07 07:00,3524394,lessthan 32000,31
2012-12-07 07:00,3517636,lessthan 32768,4
2012-12-07 07:00,3517367,lessthan 48000,5
2012-12-07 08:00,3524394,lessthan 32000,369
2012-12-07 08:00,3517636,lessthan 32768,42
2012-12-07 08:00,3517367,lessthan 48000,13
2012-12-07 09:00,3524394,lessthan 32000,219
2012-12-07 09:00,3517636,lessthan 32768,24
2012-12-07 09:00,3517367,lessthan 48000,15
2012-12-07 10:00,3524394,lessthan 32000,8
2012-12-07 10:00,3517636,lessthan 32768,13
2012-12-07 10:00,3517367,lessthan 48000,10
2012-12-07 11:00,3524394,lessthan 32000,223
2012-12-07 11:00,3517636,lessthan 32768,3
2012-12-07 11:00,3517367,lessthan 48000,8
2012-12-07 12:00,3524394,lessthan 32000,163
2012-12-07 12:00,3517636,lessthan 32768,57
2012-12-07 12:00,3517367,lessthan 48000,17
2012-12-07 13:00,3524394,lessthan 32000,98
2012-12-07 13:00,3517636,lessthan 32768,10
2012-12-07 13:00,3517367,lessthan 48000,9
2012-12-07 14:00,3524394,lessthan 32000,129
2012-12-07 14:00,3517636,lessthan 32768,104
2012-12-07 14:00,3517367,lessthan 48000,49
2012-12-07 15:00,3524394,lessthan 32000,271
2012-12-07 15:00,3517636,lessthan 32768,49
2012-12-07 15:00,3517367,lessthan 48000,29
2012-12-07 16:00,3524394,lessthan 32000,361
2012-12-07 16:00,3517636,lessthan 32768,34
2012-12-07 16:00,3517367,lessthan 48000,28
2012-12-07 17:00,3524394,lessthan 32000,66
2012-12-07 17:00,3517636,lessthan 32768,41
2012-12-07 17:00,3517367,lessthan 48000,28
2012-12-07 18:00,3524394,lessthan 32000,207
2012-12-07 18:00,3517636,lessthan 32768,52
2012-12-07 18:00,3517367,lessthan 48000,13
2012-12-07 19:00,3524394,lessthan 32000,286
2012-12-07 19:00,3517636,lessthan 32768,125
2012-12-07 19:00,3517367,lessthan 48000,40
2012-12-07 20:00,3524394,lessthan 32000,0
2012-12-07 20:00,3517636,lessthan 32768,0
2012-12-07 20:00,3517367,lessthan 48000,0
2012-12-07 21:00,3524394,lessthan 32000,178
2012-12-07 21:00,3517636,lessthan 32768,74
2012-12-07 21:00,3517367,lessthan 48000,44
2012-12-07 22:00,3524394,lessthan 32000,86
2012-12-07 22:00,3517636,lessthan 32768,1
2012-12-07 22:00,3517367,lessthan 48000,2
2012-12-07 23:00,3524394,lessthan 32000,260
2012-12-07 23:00,3517636,lessthan 32768,38
2012-12-07 23:00,3517367,lessthan 48000,21
2012-12-08 00:00,3524394,lessthan 32000,230
2012-12-08 00:00,3517636,lessthan 32768,38
2012-12-08 00:00,3517367,lessthan 48000,39
2012-12-08 01:00,3524394,lessthan 32000,95
2012-12-08 01:00,3517636,lessthan 32768,18
2012-12-08 01:00,3517367,lessthan 48000,37
2012-12-08 02:00,3524394,lessthan 32000,63
2012-12-08 02:00,3517636,lessthan 32768,18
2012-12-08 02:00,3517367,lessthan 48000,32
2012-12-08 03:00,3524394,lessthan 32000,100
2012-12-08 03:00,3517636,lessthan 32768,24
2012-12-08 03:00,3517367,lessthan 48000,31
2012-12-08 04:00,3524394,lessthan 32000,55
2012-12-08 04:00,3517636,lessthan 32768,55
2012-12-08 04:00,3517367,lessthan 48000,16
2012-12-08 05:00,3524394,lessthan 32000,107
2012-12-08 05:00,3517636,lessthan 32768,10
2012-12-08 05:00,3517367,lessthan 48000,51
2012-12-08 06:00,3524394,lessthan 32000,51
2012-12-08 06:00,3517636,lessthan 32768,34
2012-12-08 06:00,3517367,lessthan 48000,87
2012-12-08 07:00,3524394,lessthan 32000,24
2012-12-08 07:00,3517636,lessthan 32768,12
2012-12-08 07:00,3517367,lessthan 48000,39
2012-12-08 08:00,3524394,lessthan 32000,6
2012-12-08 08:00,3517636,lessthan 32768,25
2012-12-08 08:00,3517367,lessthan 48000,64
2012-12-08 09:00,3524394,lessthan 32000,38
2012-12-08 09:00,3517636,lessthan 32768,78
2012-12-08 09:00,3517367,lessthan 48000,5
2012-12-08 10:00,3524394,lessthan 32000,102
2012-12-08 10:00,3517636,lessthan 32768,125
2012-12-08 10:00,3517367,lessthan 48000,5
2012-12-08 11:00,3524394,lessthan 32000,66
2012-12-08 11:00,3517636,lessthan 32768,28
2012-12-08 11:00,3517367,lessthan 48000,2
2012-12-08 12:00,3524394,lessthan 32000,118
2012-12-08 12:00,3517636,lessthan 32768,34
2012-12-08 12:00,3517367,lessthan 48000,1
2012-12-08 13:00,3524394,lessthan 32000,62
2012-12-08 13:00,3517636,lessthan 32768,56
2012-12-08 13:00,3517367,lessthan 48000,25
2012-12-08 14:00,3524394,lessthan 32000,76
2012-12-08 14:00,3517636,lessthan 32768,43
2012-12-08 14:00,3517367,lessthan 48000,6
2012-12-08 15:00,3524394,lessthan 32000,123
2012-12-08 15:00,3517636,lessthan 32768,74
2012-12-08 15:00,3517367,lessthan 48000,54
2012-12-08 16:00,3524394,lessthan 32000,111
2012-12-08 16:00,3517636,lessthan 32768,13
2012-12-08 16:00,3517367,lessthan 48000,48
2012-12-08 17:00,3524394,lessthan 32000,266
2012-12-08 17:00,3517636,lessthan 32768,132
2012-12-08 17:00,3517367,lessthan 48000,32
2012-12-08 18:00,3524394,lessthan 32000,74
2012-12-08 18:00,3517636,lessthan 32768,20
2012-12-08 18:00,3517367,lessthan 48000,16
2012-12-08 19:00,3524394,lessthan 32000,47
2012-12-08 19:00,3517636,lessthan 32768,24
2012-12-08 19:00,3517367,lessthan 48000,7
2012-12-08 20:00,3524394,lessthan 32000,191
2012-12-08 20:00,3517636,lessthan 32768,12
2012-12-08 20:00,3517367,lessthan 48000,49
2012-12-08 21:00,3524394,lessthan 32000,452
2012-12-08 21:00,3517636,lessthan 32768,50
2012-12-08 21:00,3517367,lessthan 48000,52
2012-12-08 22:00,3524394,lessthan 32000,297
2012-12-08 22:00,3517636,lessthan 32768,66
2012-12-08 22:00,3517367,lessthan 48000,21
2012-12-08 23:00,3524394,lessthan 32000,178
2012-12-08 23:00,3517636,lessthan 32768,92
2012-12-08 23:00,3517367,lessthan 48000,61
2012-12-09 00:00,3524394,lessthan 32000,63
2012-12-09 00:00,3517636,lessthan 32768,11
2012-12-09 00:00,3517367,lessthan 48000,5
2012-12-09 01:00,3524394,lessthan 32000,149
2012-12-09 01:00,3517636,lessthan 32768,125
2012-12-09 01:00,3517367,lessthan 48000,32
2012-12-09 02:00,3524394,lessthan 32000,25
2012-12-09 02:00,3517636,lessthan 32768,18
2012-12-09 02:00,3517367,lessthan 48000,2
2012-12-09 03:00,3524394,lessthan 32000,111
2012-12-09 03:00,3517636,lessthan 32768,178
2012-12-09 03:00,3517367,lessthan 48000,37
2012-12-09 04:00,3524394,lessthan 32000,58
2012-12-09 04:00,3517636,lessthan 32768,176
2012-12-09 04:00,3517367,lessthan 48000,8
2012-12-09 05:00,3524394,lessthan 32000,36
2012-12-09 05:00,3517636,lessthan 32768,177
2012-12-09 05:00,3517367,lessthan 48000,9
2012-12-09 06:00,3524394,lessthan 32000,20
2012-12-09 06:00,3517636,lessthan 32768,157
2012-12-09 06:00,3517367,lessthan 48000,6
2012-12-09 07:00,3524394,lessthan 32000,28
2012-12-09 07:00,3517636,lessthan 32768,84
2012-12-09 07:00,3517367,lessthan 48000,8
2012-12-09 08:00,3524394,lessthan 32000,41
2012-12-09 08:00,3517636,lessthan 32768,87
2012-12-09 08:00,3517367,lessthan 48000,80
2012-12-09 09:00,3524394,lessthan 32000,50
2012-12-09 09:00,3517636,lessthan 32768,22
2012-12-09 09:00,3517367,lessthan 48000,9
2012-12-09 10:00,3524394,lessthan 32000,13
2012-12-09 10:00,3517636,lessthan 32768,9
2012-12-09 10:00,3517367,lessthan 48000,48
2012-12-09 11:00,3524394,lessthan 32000,25
2012-12-09 11:00,3517636,lessthan 32768,21
2012-12-09 11:00,3517367,lessthan 48000,77
2012-12-09 12:00,3524394,lessthan 32000,61
2012-12-09 12:00,3517636,lessthan 32768,150
2012-12-09 12:00,3517367,lessthan 48000,24
2012-12-09 13:00,3524394,lessthan 32000,49
2012-12-09 13:00,3517636,lessthan 32768,56
2012-12-09 13:00,3517367,lessthan 48000,24
2012-12-09 14:00,3524394,lessthan 32000,220
2012-12-09 14:00,3517636,lessthan 32768,79
2012-12-09 14:00,3517367,lessthan 48000,62
2012-12-09 15:00,3524394,lessthan 32000,253
2012-12-09 15:00,3517636,lessthan 32768,31
2012-12-09 15:00,3517367,lessthan 48000,40
2012-12-09 16:00,3524394,lessthan 32000,202
2012-12-09 16:00,3517636,lessthan 32768,28
2012-12-09 16:00,3517367,lessthan 48000,29
2012-12-09 17:00,3524394,lessthan 32000,190
2012-12-09 17:00,3517636,lessthan 32768,36
2012-12-09 17:00,3517367,lessthan 48000,33
2012-12-09 18:00,3524394,lessthan 32000,288
2012-12-09 18:00,3517636,lessthan 32768,25
2012-12-09 18:00,3517367,lessthan 48000,32
2012-12-09 19:00,3524394,lessthan 32000,349
2012-12-09 19:00,3517636,lessthan 32768,91
2012-12-09 19:00,3517367,lessthan 48000,47
2012-12-09 20:00,3524394,lessthan 32000,93
2012-12-09 20:00,3517636,lessthan 32768,214
2012-12-09 20:00,3517367,lessthan 48000,35
2012-12-09 21:00,3524394,lessthan 32000,33
2012-12-09 21:00,3517636,lessthan 32768,92
2012-12-09 21:00,3517367,lessthan 48000,7
2012-12-09 22:00,3524394,lessthan 32000,36
2012-12-09 22:00,3517636,lessthan 32768,40
2012-12-09 22:00,3517367,lessthan 48000,10
2012-12-09 23:00,3524394,lessthan 32000,297
2012-12-09 23:00,3517636,lessthan 32768,337
2012-12-09 23:00,3517367,lessthan 48000,66
2012-12-10 00:00,3524394,lessthan 32000,421
2012-12-10 00:00,3517636,lessthan 32768,354
2012-12-10 00:00,3517367,lessthan 48000,325
2012-12-10 01:00,3524394,lessthan 32000,64
2012-12-10 01:00,3517636,lessthan 32768,7
2012-12-10 01:00,3517367,lessthan 48000,2
2012-12-10 02:00,3524394,lessthan 32000,8
2012-12-10 02:00,3517636,lessthan 32768,21
2012-12-10 02:00,3517367,lessthan 48000,4
2012-12-10 03:00,3524394,lessthan 32000,96
2012-12-10 03:00,3517636,lessthan 32768,41
2012-12-10 03:00,3517367,lessthan 48000,47
2012-12-10 04:00,3524394,lessthan 32000,23
2012-12-10 04:00,3517636,lessthan 32768,23
2012-12-10 04:00,3517367,lessthan 48000,22
2012-12-10 05:00,3524394,lessthan 32000,9
2012-12-10 05:00,3517636,lessthan 32768,13
2012-12-10 05:00,3517367,lessthan 48000,6
2012-12-10 06:00,3524394,lessthan 32000,10
2012-12-10 06:00,3517636,lessthan 32768,1
2012-12-10 06:00,3517367,lessthan 48000,2
2012-12-10 07:00,3524394,lessthan 32000,141
2012-12-10 07:00,3517636,lessthan 32768,56
2012-12-10 07:00,3517367,lessthan 48000,61
2012-12-10 08:00,3524394,lessthan 32000,179
2012-12-10 08:00,3517636,lessthan 32768,103
2012-12-10 08:00,3517367,lessthan 48000,18
2012-12-10 09:00,3524394,lessthan 32000,30
2012-12-10 09:00,3517636,lessthan 32768,77
2012-12-10 09:00,3517367,lessthan 48000,13
2012-12-10 10:00,3524394,lessthan 32000,86
2012-12-10 10:00,3517636,lessthan 32768,45
2012-12-10 10:00,3517367,lessthan 48000,40
2012-12-10 11:00,3524394,lessthan 32000,57
2012-12-10 11:00,3517636,lessthan 32768,34
2012-12-10 11:00,3517367,lessthan 48000,54
2012-12-10 12:00,3524394,lessthan 32000,79
2012-12-10 12:00,3517636,lessthan 32768,49
2012-12-10 12:00,3517367,lessthan 48000,32
2012-12-10 13:00,3524394,lessthan 32000,147
2012-12-10 13:00,3517636,lessthan 32768,111
2012-12-10 13:00,3517367,lessthan 48000,40
2012-12-10 14:00,3524394,lessthan 32000,51
2012-12-10 14:00,3517636,lessthan 32768,61
2012-12-10 14:00,3517367,lessthan 48000,40
2012-12-10 15:00,3524394,lessthan 32000,85
2012-12-10 15:00,3517636,lessthan 32768,145
2012-12-10 15:00,3517367,lessthan 48000,14
2012-12-10 16:00,3524394,lessthan 32000,12
2012-12-10 16:00,3517636,lessthan 32768,72
2012-12-10 16:00,3517367,lessthan 48000,68
2012-12-10 17:00,3524394,lessthan 32000,100
2012-12-10 17:00,3517636,lessthan 32768,60
2012-12-10 17:00,3517367,lessthan 48000,25
2012-12-10 18:00,3524394,lessthan 32000,15
2012-12-10 18:00,3517636,lessthan 32768,27
2012-12-10 18:00,3517367,lessthan 48000,16
2012-12-10 19:00,3524394,lessthan 32000,13
2012-12-10 19:00,3517636,lessthan 32768,25
2012-12-10 19:00,3517367,lessthan 48000,28
2012-12-10 20:00,3524394,lessthan 32000,48
2012-12-10 20:00,3517636,lessthan 32768,50
2012-12-10 20:00,3517367,lessthan 48000,18
2012-12-10 21:00,3524394,lessthan 32000,164
2012-12-10 21:00,3517636,lessthan 32768,60
2012-12-10 21:00,3517367,lessthan 48000,75
2012-12-10 22:00,3524394,lessthan 32000,7
2012-12-10 22:00,3517636,lessthan 32768,41
2012-12-10 22:00,3517367,lessthan 48000,73
2012-12-10 23:00,3524394,lessthan 32000,51
2012-12-10 23:00,3517636,lessthan 32768,69
2012-12-10 23:00,3517367,lessthan 48000,23
2012-12-11 00:00,3524394,lessthan 32000,1
2012-12-11 00:00,3517636,lessthan 32768,60
2012-12-11 00:00,3517367,lessthan 48000,5
2012-12-11 01:00,3524394,lessthan 32000,15
2012-12-11 01:00,3517636,lessthan 32768,137
2012-12-11 01:00,3517367,lessthan 48000,58
2012-12-11 02:00,3524394,lessthan 32000,8
2012-12-11 02:00,3517636,lessthan 32768,27
2012-12-11 02:00,3517367,lessthan 48000,37
2012-12-11 03:00,3524394,lessthan 32000,43
2012-12-11 03:00,3517636,lessthan 32768,249
2012-12-11 03:00,3517367,lessthan 48000,98
2012-12-11 04:00,3524394,lessthan 32000,185
2012-12-11 04:00,3517636,lessthan 32768,238
2012-12-11 04:00,3517367,lessthan 48000,273
2012-12-11 05:00,3524394,lessthan 32000,172
2012-12-11 05:00,3517636,lessthan 32768,185
2012-12-11 05:00,3517367,lessthan 48000,191
2012-12-11 06:00,3524394,lessthan 32000,95
2012-12-11 06:00,3517636,lessthan 32768,218
2012-12-11 06:00,3517367,lessthan 48000,237
2012-12-11 07:00,3524394,lessthan 32000,62
2012-12-11 07:00,3517636,lessthan 32768,146
2012-12-11 07:00,3517367,lessthan 48000,81
2012-12-11 08:00,3524394,lessthan 32000,217
2012-12-11 08:00,3517636,lessthan 32768,238
2012-12-11 08:00,3517367,lessthan 48000,60
2012-12-11 09:00,3524394,lessthan 32000,111
2012-12-11 09:00,3517636,lessthan 32768,88
2012-12-11 09:00,3517367,lessthan 48000,25
2012-12-11 10:00,3524394,lessthan 32000,38
2012-12-11 10:00,3517636,lessthan 32768,26
2012-12-11 10:00,3517367,lessthan 48000,10
2012-12-11 11:00,3524394,lessthan 32000,175
2012-12-11 11:00,3517636,lessthan 32768,51
2012-12-11 11:00,3517367,lessthan 48000,12
2012-12-11 12:00,3524394,lessthan 32000,60
2012-12-11 12:00,3517636,lessthan 32768,42
2012-12-11 12:00,3517367,lessthan 48000,8
2012-12-11 13:00,3524394,lessthan 32000,73
2012-12-11 13:00,3517636,lessthan 32768,79
2012-12-11 13:00,3517367,lessthan 48000,17
2012-12-11 14:00,3524394,lessthan 32000,136
2012-12-11 14:00,3517636,lessthan 32768,107
2012-12-11 14:00,3517367,lessthan 48000,8
2012-12-11 15:00,3524394,lessthan 32000,69
2012-12-11 15:00,3517636,lessthan 32768,32
2012-12-11 15:00,3517367,lessthan 48000,11
2012-12-11 16:00,3524394,lessthan 32000,32
2012-12-11 16:00,3517636,lessthan 32768,19
2012-12-11 16:00,3517367,lessthan 48000,2
2012-12-11 17:00,3524394,lessthan 32000,237
2012-12-11 17:00,3517636,lessthan 32768,142
2012-12-11 17:00,3517367,lessthan 48000,15
2012-12-11 18:00,3524394,lessthan 32000,107
2012-12-11 18:00,3517636,lessthan 32768,81
2012-12-11 18:00,3517367,lessthan 48000,24
2012-12-11 19:00,3524394,lessthan 32000,284
2012-12-11 19:00,3517636,lessthan 32768,138
2012-12-11 19:00,3517367,lessthan 48000,81
2012-12-11 20:00,3524394,lessthan 32000,51
2012-12-11 20:00,3517636,lessthan 32768,131
2012-12-11 20:00,3517367,lessthan 48000,9
2012-12-11 21:00,3524394,lessthan 32000,45
2012-12-11 21:00,3517636,lessthan 32768,195
2012-12-11 21:00,3517367,lessthan 48000,41
2012-12-11 22:00,3524394,lessthan 32000,86
2012-12-11 22:00,3517636,lessthan 32768,49
2012-12-11 22:00,3517367,lessthan 48000,16
2012-12-11 23:00,3524394,lessthan 32000,9
2012-12-11 23:00,3517636,lessthan 32768,10
2012-12-11 23:00,3517367,lessthan 48000,14
2012-12-12 00:00,3524394,lessthan 32000,25
2012-12-12 00:00,3517636,lessthan 32768,49
2012-12-12 00:00,3517367,lessthan 48000,18
2012-12-12 01:00,3524394,lessthan 32000,165
2012-12-12 01:00,3517636,lessthan 32768,215
2012-12-12 01:00,3517367,lessthan 48000,59
2012-12-12 02:00,3524394,lessthan 32000,123
2012-12-12 02:00,3517636,lessthan 32768,85
2012-12-12 02:00,3517367,lessthan 48000,18
2012-12-12 03:00,3524394,lessthan 32000,91
2012-12-12 03:00,3517636,lessthan 32768,140
2012-12-12 03:00,3517367,lessthan 48000,50
2012-12-12 04:00,3524394,lessthan 32000,50
2012-12-12 04:00,3517636,lessthan 32768,135
2012-12-12 04:00,3517367,lessthan 48000,17
2012-12-12 05:00,3524394,lessthan 32000,87
2012-12-12 05:00,3517636,lessthan 32768,216
2012-12-12 05:00,3517367,lessthan 48000,12
2012-12-12 06:00,3524394,lessthan 32000,45
2012-12-12 06:00,3517636,lessthan 32768,37
2012-12-12 06:00,3517367,lessthan 48000,46
2012-12-12 07:00,3524394,lessthan 32000,50
2012-12-12 07:00,3517636,lessthan 32768,27
2012-12-12 07:00,3517367,lessthan 48000,72
2012-12-12 08:00,3524394,lessthan 32000,78
2012-12-12 08:00,3517636,lessthan 32768,92
2012-12-12 08:00,3517367,lessthan 48000,72
2012-12-12 09:00,3524394,lessthan 32000,78
2012-12-12 09:00,3517636,lessthan 32768,54
2012-12-12 09:00,3517367,lessthan 48000,14
2012-12-12 10:00,3524394,lessthan 32000,136
2012-12-12 10:00,3517636,lessthan 32768,55
2012-12-12 10:00,3517367,lessthan 48000,86
2012-12-12 11:00,3524394,lessthan 32000,64
2012-12-12 11:00,3517636,lessthan 32768,20
2012-12-12 11:00,3517367,lessthan 48000,23
2012-12-12 12:00,3524394,lessthan 32000,14
2012-12-12 12:00,3517636,lessthan 32768,22
2012-12-12 12:00,3517367,lessthan 48000,19
2012-12-12 13:00,3524394,lessthan 32000,60
2012-12-12 13:00,3517636,lessthan 32768,63
2012-12-12 13:00,3517367,lessthan 48000,23
2012-12-12 14:00,3524394,lessthan 32000,105
2012-12-12 14:00,3517636,lessthan 32768,94
2012-12-12 14:00,3517367,lessthan 48000,14
2012-12-12 15:00,3524394,lessthan 32000,71
2012-12-12 15:00,3517636,lessthan 32768,87
2012-12-12 15:00,3517367,lessthan 48000,9
2012-12-12 16:00,3524394,lessthan 32000,46
2012-12-12 16:00,3517636,lessthan 32768,70
2012-12-12 16:00,3517367,lessthan 48000,5
2012-12-12 17:00,3524394,lessthan 32000,32
2012-12-12 17:00,3517636,lessthan 32768,112
2012-12-12 17:00,3517367,lessthan 48000,20
2012-12-12 18:00,3524394,lessthan 32000,56
2012-12-12 18:00,3517636,lessthan 32768,149
2012-12-12 18:00,3517367,lessthan 48000,47
2012-12-12 19:00,3524394,lessthan 32000,26
2012-12-12 19:00,3517636,lessthan 32768,74
2012-12-12 19:00,3517367,lessthan 48000,31
2012-12-12 20:00,3524394,lessthan 32000,75
2012-12-12 20:00,3517636,lessthan 32768,83
2012-12-12 20:00,3517367,lessthan 48000,51
2012-12-12 21:00,3524394,lessthan 32000,43
2012-12-12 21:00,3517636,lessthan 32768,98
2012-12-12 21:00,3517367,lessthan 48000,11
2012-12-12 22:00,3524394,lessthan 32000,34
2012-12-12 22:00,3517636,lessthan 32768,105
2012-12-12 22:00,3517367,lessthan 48000,40
2012-12-12 23:00,3524394,lessthan 32000,22
2012-12-12 23:00,3517636,lessthan 32768,18
2012-12-12 23:00,3517367,lessthan 48000,0
2012-12-13 00:00,3524394,lessthan 32000,72
2012-12-13 00:00,3517636,lessthan 32768,124
2012-12-13 00:00,3517367,lessthan 48000,22
2012-12-13 01:00,3524394,lessthan 32000,6
2012-12-13 01:00,3517636,lessthan 32768,88
2012-12-13 01:00,3517367,lessthan 48000,17
2012-12-13 02:00,3524394,lessthan 32000,35
2012-12-13 02:00,3517636,lessthan 32768,208
2012-12-13 02:00,3517367,lessthan 48000,30
2012-12-13 03:00,3524394,lessthan 32000,26
2012-12-13 03:00,3517636,lessthan 32768,79
2012-12-13 03:00,3517367,lessthan 48000,58
2012-12-13 04:00,3524394,lessthan 32000,21
2012-12-13 04:00,3517636,lessthan 32768,289
2012-12-13 04:00,3517367,lessthan 48000,74
2012-12-13 05:00,3524394,lessthan 32000,11
2012-12-13 05:00,3517636,lessthan 32768,95
2012-12-13 05:00,3517367,lessthan 48000,4
2012-12-13 06:00,3524394,lessthan 32000,33
2012-12-13 06:00,3517636,lessthan 32768,223
2012-12-13 06:00,3517367,lessthan 48000,323
2012-12-13 07:00,3524394,lessthan 32000,192
2012-12-13 07:00,3517636,lessthan 32768,126
2012-12-13 07:00,3517367,lessthan 48000,172
2012-12-13 08:00,3524394,lessthan 32000,172
2012-12-13 08:00,3517636,lessthan 32768,175
2012-12-13 08:00,3517367,lessthan 48000,51
2012-12-13 09:00,3524394,lessthan 32000,69
2012-12-13 09:00,3517636,lessthan 32768,84
2012-12-13 09:00,3517367,lessthan 48000,49
2012-12-13 10:00,3524394,lessthan 32000,125
2012-12-13 10:00,3517636,lessthan 32768,114
2012-12-13 10:00,3517367,lessthan 48000,93
2012-12-13 11:00,3524394,lessthan 32000,58
2012-12-13 11:00,3517636,lessthan 32768,51
2012-12-13 11:00,3517367,lessthan 48000,4
2012-12-13 12:00,3524394,lessthan 32000,66
2012-12-13 12:00,3517636,lessthan 32768,104
2012-12-13 12:00,3517367,lessthan 48000,22
2012-12-13 13:00,3524394,lessthan 32000,13
2012-12-13 13:00,3517636,lessthan 32768,97
2012-12-13 13:00,3517367,lessthan 48000,13
2012-12-13 14:00,3524394,lessthan 32000,7
2012-12-13 14:00,3517636,lessthan 32768,36
2012-12-13 14:00,3517367,lessthan 48000,1
2012-12-13 15:00,3524394,lessthan 32000,49
2012-12-13 15:00,3517636,lessthan 32768,85
2012-12-13 15:00,3517367,lessthan 48000,34
2012-12-13 16:00,3524394,lessthan 32000,51
2012-12-13 16:00,3517636,lessthan 32768,50
2012-12-13 16:00,3517367,lessthan 48000,54
2012-12-13 17:00,3524394,lessthan 32000,23
2012-12-13 17:00,3517636,lessthan 32768,113
2012-12-13 17:00,3517367,lessthan 48000,34
2012-12-13 18:00,3524394,lessthan 32000,14
2012-12-13 18:00,3517636,lessthan 32768,154
2012-12-13 18:00,3517367,lessthan 48000,5
2012-12-13 19:00,3524394,lessthan 32000,133
2012-12-13 19:00,3517636,lessthan 32768,142
2012-12-13 19:00,3517367,lessthan 48000,29
2012-12-13 20:00,3524394,lessthan 32000,156
2012-12-13 20:00,3517636,lessthan 32768,128
2012-12-13 20:00,3517367,lessthan 48000,25
2012-12-13 21:00,3524394,lessthan 32000,345
2012-12-13 21:00,3517636,lessthan 32768,116
2012-12-13 21:00,3517367,lessthan 48000,1
2012-12-13 22:00,3524394,lessthan 32000,232
2012-12-13 22:00,3517636,lessthan 32768,165
2012-12-13 22:00,3517367,lessthan 48000,70
2012-12-13 23:00,3524394,lessthan 32000,137
2012-12-13 23:00,3517636,lessthan 32768,85
2012-12-13 23:00,3517367,lessthan 48000,20
2012-12-14 00:00,3524394,lessthan 32000,28
2012-12-14 00:00,3517636,lessthan 32768,53
2012-12-14 00:00,3517367,lessthan 48000,6
2012-12-14 01:00,3524394,lessthan 32000,14
2012-12-14 01:00,3517636,lessthan 32768,99
2012-12-14 01:00,3517367,lessthan 48000,31
2012-12-14 02:00,3524394,lessthan 32000,45
2012-12-14 02:00,3517636,lessthan 32768,88
2012-12-14 02:00,3517367,lessthan 48000,24
2012-12-14 03:00,3524394,lessthan 32000,184
2012-12-14 03:00,3517636,lessthan 32768,90
2012-12-14 03:00,3517367,lessthan 48000,102
2012-12-14 04:00,3524394,lessthan 32000,81
2012-12-14 04:00,3517636,lessthan 32768,93
2012-12-14 04:00,3517367,lessthan 48000,17
2012-12-14 05:00,3524394,lessthan 32000,82
2012-12-14 05:00,3517636,lessthan 32768,247
2012-12-14 05:00,3517367,lessthan 48000,83
2012-12-14 06:00,3524394,lessthan 32000,62
2012-12-14 06:00,3517636,lessthan 32768,123
2012-12-14 06:00,3517367,lessthan 48000,27
2012-12-14 07:00,3524394,lessthan 32000,137
2012-12-14 07:00,3517636,lessthan 32768,249
2012-12-14 07:00,3517367,lessthan 48000,40
2012-12-14 08:00,3524394,lessthan 32000,65
2012-12-14 08:00,3517636,lessthan 32768,209
2012-12-14 08:00,3517367,lessthan 48000,7
2012-12-14 09:00,3524394,lessthan 32000,428
2012-12-14 09:00,3517636,lessthan 32768,180
2012-12-14 09:00,3517367,lessthan 48000,163
2012-12-14 10:00,3524394,lessthan 32000,52
2012-12-14 10:00,3517636,lessthan 32768,6
2012-12-14 10:00,3517367,lessthan 48000,4
2012-12-14 11:00,3524394,lessthan 32000,244
2012-12-14 11:00,3517636,lessthan 32768,145
2012-12-14 11:00,3517367,lessthan 48000,31
2012-12-14 12:00,3524394,lessthan 32000,191
2012-12-14 12:00,3517636,lessthan 32768,175
2012-12-14 12:00,3517367,lessthan 48000,65
2012-12-14 13:00,3524394,lessthan 32000,90
2012-12-14 13:00,3517636,lessthan 32768,48
2012-12-14 13:00,3517367,lessthan 48000,63
2012-12-14 14:00,3524394,lessthan 32000,221
2012-12-14 14:00,3517636,lessthan 32768,53
2012-12-14 14:00,3517367,lessthan 48000,0
2012-12-14 15:00,3524394,lessthan 32000,108
2012-12-14 15:00,3517636,lessthan 32768,69
2012-12-14 15:00,3517367,lessthan 48000,1
2012-12-14 16:00,3524394,lessthan 32000,61
2012-12-14 16:00,3517636,lessthan 32768,33
2012-12-14 16:00,3517367,lessthan 48000,3
2012-12-14 17:00,3524394,lessthan 32000,229
2012-12-14 17:00,3517636,lessthan 32768,190
2012-12-14 17:00,3517367,lessthan 48000,36
2012-12-14 18:00,3524394,lessthan 32000,315
2012-12-14 18:00,3517636,lessthan 32768,310
2012-12-14 18:00,3517367,lessthan 48000,177
2012-12-14 19:00,3524394,lessthan 32000,63
2012-12-14 19:00,3517636,lessthan 32768,47
2012-12-14 19:00,3517367,lessthan 48000,7
2012-12-14 20:00,3524394,lessthan 32000,107
2012-12-14 20:00,3517636,lessthan 32768,114
2012-12-14 20:00,3517367,lessthan 48000,30
2012-12-14 21:00,3524394,lessthan 32000,16
2012-12-14 21:00,3517636,lessthan 32768,24
2012-12-14 21:00,3517367,lessthan 48000,33
2012-12-14 22:00,3524394,lessthan 32000,2
2012-12-14 22:00,3517636,lessthan 32768,3
2012-12-14 22:00,3517367,lessthan 48000,3
2012-12-14 23:00,3524394,lessthan 32000,7
2012-12-14 23:00,3517636,lessthan 32768,21
2012-12-14 23:00,3517367,lessthan 48000,9
2012-12-15 00:00,3524394,lessthan 32000,11
2012-12-15 00:00,3517636,lessthan 32768,41
2012-12-15 00:00,3517367,lessthan 48000,6
2012-12-15 01:00,3524394,lessthan 32000,35
2012-12-15 01:00,3517636,lessthan 32768,39
2012-12-15 01:00,3517367,lessthan 48000,29
2012-12-15 02:00,3524394,lessthan 32000,127
2012-12-15 02:00,3517636,lessthan 32768,12
2012-12-15 02:00,3517367,lessthan 48000,25
2012-12-15 03:00,3524394,lessthan 32000,3
2012-12-15 03:00,3517636,lessthan 32768,9
2012-12-15 03:00,3517367,lessthan 48000,19
2012-12-15 04:00,3524394,lessthan 32000,7
2012-12-15 04:00,3517636,lessthan 32768,178
2012-12-15 04:00,3517367,lessthan 48000,28
2012-12-15 05:00,3524394,lessthan 32000,1
2012-12-15 05:00,3517636,lessthan 32768,25
2012-12-15 05:00,3517367,lessthan 48000,0
2012-12-15 06:00,3524394,lessthan 32000,24
2012-12-15 06:00,3517636,lessthan 32768,31
2012-12-15 06:00,3517367,lessthan 48000,11
2012-12-15 07:00,3524394,lessthan 32000,156
2012-12-15 07:00,3517636,lessthan 32768,94
2012-12-15 07:00,3517367,lessthan 48000,13
2012-12-15 08:00,3524394,lessthan 32000,105
2012-12-15 08:00,3517636,lessthan 32768,34
2012-12-15 08:00,3517367,lessthan 48000,59
2012-12-15 09:00,3524394,lessthan 32000,280
2012-12-15 09:00,3517636,lessthan 32768,42
2012-12-15 09:00,3517367,lessthan 48000,63
2012-12-15 10:00,3524394,lessthan 32000,208
2012-12-15 10:00,3517636,lessthan 32768,29
2012-12-15 10:00,3517367,lessthan 48000,21
2012-12-15 11:00,3524394,lessthan 32000,152
2012-12-15 11:00,3517636,lessthan 32768,49
2012-12-15 11:00,3517367,lessthan 48000,16
2012-12-15 12:00,3524394,lessthan 32000,76
2012-12-15 12:00,3517636,lessthan 32768,36
2012-12-15 12:00,3517367,lessthan 48000,7
2012-12-15 13:00,3524394,lessthan 32000,81
2012-12-15 13:00,3517636,lessthan 32768,22
2012-12-15 13:00,3517367,lessthan 48000,16
2012-12-15 14:00,3524394,lessthan 32000,308
2012-12-15 14:00,3517636,lessthan 32768,15
2012-12-15 14:00,3517367,lessthan 48000,12
2012-12-15 15:00,3524394,lessthan 32000,338
2012-12-15 15:00,3517636,lessthan 32768,50
2012-12-15 15:00,3517367,lessthan 48000,50
2012-12-15 16:00,3524394,lessthan 32000,112
2012-12-15 16:00,3517636,lessthan 32768,34
2012-12-15 16:00,3517367,lessthan 48000,22
2012-12-15 17:00,3524394,lessthan 32000,47
2012-12-15 17:00,3517636,lessthan 32768,29
2012-12-15 17:00,3517367,lessthan 48000,91
2012-12-15 18:00,3524394,lessthan 32000,73
2012-12-15 18:00,3517636,lessthan 32768,128
2012-12-15 18:00,3517367,lessthan 48000,16
2012-12-15 19:00,3524394,lessthan 32000,18
2012-12-15 19:00,3517636,lessthan 32768,101
2012-12-15 19:00,3517367,lessthan 48000,4
2012-12-15 20:00,3524394,lessthan 32000,86
2012-12-15 20:00,3517636,lessthan 32768,34
2012-12-15 20:00,3517367,lessthan 48000,29
2012-12-15 21:00,3524394,lessthan 32000,69
2012-12-15 21:00,3517636,lessthan 32768,26
2012-12-15 21:00,3517367,lessthan 48000,11
2012-12-15 22:00,3524394,lessthan 32000,135
2012-12-15 22:00,3517636,lessthan 32768,34
2012-12-15 22:00,3517367,lessthan 48000,81
2012-12-15 23:00,3524394,lessthan 32000,123
2012-12-15 23:00,3517636,lessthan 32768,63
2012-12-15 23:00,3517367,lessthan 48000,20
2012-12-16 00:00,3524394,lessthan 32000,29
2012-12-16 00:00,3517636,lessthan 32768,33
2012-12-16 00:00,3517367,lessthan 48000,6
2012-12-16 01:00,3524394,lessthan 32000,18
2012-12-16 01:00,3517636,lessthan 32768,11
2012-12-16 01:00,3517367,lessthan 48000,0
2012-12-16 02:00,3524394,lessthan 32000,89
2012-12-16 02:00,3517636,lessthan 32768,18
2012-12-16 02:00,3517367,lessthan 48000,18
2012-12-16 03:00,3524394,lessthan 32000,37
2012-12-16 03:00,3517636,lessthan 32768,6
2012-12-16 03:00,3517367,lessthan 48000,6
2012-12-16 04:00,3524394,lessthan 32000,67
2012-12-16 04:00,3517636,lessthan 32768,19
2012-12-16 04:00,3517367,lessthan 48000,11
2012-12-16 05:00,3524394,lessthan 32000,143
2012-12-16 05:00,3517636,lessthan 32768,16
2012-12-16 05:00,3517367,lessthan 48000,2
2012-12-16 06:00,3524394,lessthan 32000,121
2012-12-16 06:00,3517636,lessthan 32768,12
2012-12-16 06:00,3517367,lessthan 48000,6
2012-12-16 07:00,3524394,lessthan 32000,306
2012-12-16 07:00,3517636,lessthan 32768,27
2012-12-16 07:00,3517367,lessthan 48000,12
2012-12-16 08:00,3524394,lessthan 32000,205
2012-12-16 08:00,3517636,lessthan 32768,45
2012-12-16 08:00,3517367,lessthan 48000,14
2012-12-16 09:00,3524394,lessthan 32000,191
2012-12-16 09:00,3517636,lessthan 32768,77
2012-12-16 09:00,3517367,lessthan 48000,18
2012-12-16 10:00,3524394,lessthan 32000,136
2012-12-16 10:00,3517636,lessthan 32768,36
2012-12-16 10:00,3517367,lessthan 48000,13
2012-12-16 11:00,3524394,lessthan 32000,278
2012-12-16 11:00,3517636,lessthan 32768,61
2012-12-16 11:00,3517367,lessthan 48000,26
2012-12-16 12:00,3524394,lessthan 32000,282
2012-12-16 12:00,3517636,lessthan 32768,33
2012-12-16 12:00,3517367,lessthan 48000,223
2012-12-16 13:00,3524394,lessthan 32000,171
2012-12-16 13:00,3517636,lessthan 32768,68
2012-12-16 13:00,3517367,lessthan 48000,93
2012-12-16 14:00,3524394,lessthan 32000,250
2012-12-16 14:00,3517636,lessthan 32768,23
2012-12-16 14:00,3517367,lessthan 48000,30
2012-12-16 15:00,3524394,lessthan 32000,125
2012-12-16 15:00,3517636,lessthan 32768,12
2012-12-16 15:00,3517367,lessthan 48000,6
2012-12-16 16:00,3524394,lessthan 32000,333
2012-12-16 16:00,3517636,lessthan 32768,5
2012-12-16 16:00,3517367,lessthan 48000,7
2012-12-16 17:00,3524394,lessthan 32000,106
2012-12-16 17:00,3517636,lessthan 32768,3
2012-12-16 17:00,3517367,lessthan 48000,2
2012-12-16 18:00,3524394,lessthan 32000,133
2012-12-16 18:00,3517636,lessthan 32768,18
2012-12-16 18:00,3517367,lessthan 48000,1
2012-12-16 19:00,3524394,lessthan 32000,246
2012-12-16 19:00,3517636,lessthan 32768,104
2012-12-16 19:00,3517367,lessthan 48000,23
2012-12-16 20:00,3524394,lessthan 32000,111
2012-12-16 20:00,3517636,lessthan 32768,101
2012-12-16 20:00,3517367,lessthan 48000,31
2012-12-16 21:00,3524394,lessthan 32000,93
2012-12-16 21:00,3517636,lessthan 32768,48
2012-12-16 21:00,3517367,lessthan 48000,3
2012-12-16 22:00,3524394,lessthan 32000,62
2012-12-16 22:00,3517636,lessthan 32768,42
2012-12-16 22:00,3517367,lessthan 48000,5
2012-12-16 23:00,3524394,lessthan 32000,191
2012-12-16 23:00,3517636,lessthan 32768,96
2012-12-16 23:00,3517367,lessthan 48000,11
2012-12-17 00:00,3524394,lessthan 32000,155
2012-12-17 00:00,3517636,lessthan 32768,16
2012-12-17 00:00,3517367,lessthan 48000,7
2012-12-17 01:00,3524394,lessthan 32000,228
2012-12-17 01:00,3517636,lessthan 32768,56
2012-12-17 01:00,3517367,lessthan 48000,28
2012-12-17 02:00,3524394,lessthan 32000,183
2012-12-17 02:00,3517636,lessthan 32768,43
2012-12-17 02:00,3517367,lessthan 48000,51
2012-12-17 03:00,3524394,lessthan 32000,150
2012-12-17 03:00,3517636,lessthan 32768,93
2012-12-17 03:00,3517367,lessthan 48000,84
2012-12-17 04:00,3524394,lessthan 32000,141
2012-12-17 04:00,3517636,lessthan 32768,13
2012-12-17 04:00,3517367,lessthan 48000,67
2012-12-17 05:00,3524394,lessthan 32000,117
2012-12-17 05:00,3517636,lessthan 32768,12
2012-12-17 05:00,3517367,lessthan 48000,10
2012-12-17 06:00,3524394,lessthan 32000,154
2012-12-17 06:00,3517636,lessthan 32768,74
2012-12-17 06:00,3517367,lessthan 48000,28
2012-12-17 07:00,3524394,lessthan 32000,233
2012-12-17 07:00,3517636,lessthan 32768,46
2012-12-17 07:00,3517367,lessthan 48000,41
2012-12-17 08:00,3524394,lessthan 32000,181
2012-12-17 08:00,3517636,lessthan 32768,108
2012-12-17 08:00,3517367,lessthan 48000,51
2012-12-17 09:00,3524394,lessthan 32000,0
2012-12-17 09:00,3517636,lessthan 32768,0
2012-12-17 09:00,3517367,lessthan 48000,0
2012-12-17 10:00,3524394,lessthan 32000,323
2012-12-17 10:00,3517636,lessthan 32768,41
2012-12-17 10:00,3517367,lessthan 48000,40
2012-12-17 11:00,3524394,lessthan 32000,205
2012-12-17 11:00,3517636,lessthan 32768,17
2012-12-17 11:00,3517367,lessthan 48000,3
2012-12-17 12:00,3524394,lessthan 32000,277
2012-12-17 12:00,3517636,lessthan 32768,10
2012-12-17 12:00,3517367,lessthan 48000,2
2012-12-17 13:00,3524394,lessthan 32000,530
2012-12-17 13:00,3517636,lessthan 32768,63
2012-12-17 13:00,3517367,lessthan 48000,22
2012-12-17 14:00,3524394,lessthan 32000,331
2012-12-17 14:00,3517636,lessthan 32768,104
2012-12-17 14:00,3517367,lessthan 48000,10
2012-12-17 15:00,3524394,lessthan 32000,301
2012-12-17 15:00,3517636,lessthan 32768,195
2012-12-17 15:00,3517367,lessthan 48000,15
2012-12-17 16:00,3524394,lessthan 32000,295
2012-12-17 16:00,3517636,lessthan 32768,14
2012-12-17 16:00,3517367,lessthan 48000,11
2012-12-17 17:00,3524394,lessthan 32000,289
2012-12-17 17:00,3517636,lessthan 32768,19
2012-12-17 17:00,3517367,lessthan 48000,6
2012-12-17 18:00,3524394,lessthan 32000,167
2012-12-17 18:00,3517636,lessthan 32768,25
2012-12-17 18:00,3517367,lessthan 48000,2
2012-12-17 19:00,3524394,lessthan 32000,293
2012-12-17 19:00,3517636,lessthan 32768,86
2012-12-17 19:00,3517367,lessthan 48000,51
2012-12-17 20:00,3524394,lessthan 32000,225
2012-12-17 20:00,3517636,lessthan 32768,38
2012-12-17 20:00,3517367,lessthan 48000,48
2012-12-17 21:00,3524394,lessthan 32000,111
2012-12-17 21:00,3517636,lessthan 32768,11
2012-12-17 21:00,3517367,lessthan 48000,16
2012-12-17 22:00,3524394,lessthan 32000,51
2012-12-17 22:00,3517636,lessthan 32768,15
2012-12-17 22:00,3517367,lessthan 48000,17
2012-12-17 23:00,3524394,lessthan 32000,380
2012-12-17 23:00,3517636,lessthan 32768,188
2012-12-17 23:00,3517367,lessthan 48000,151
2012-12-18 00:00,3524394,lessthan 32000,257
2012-12-18 00:00,3517636,lessthan 32768,71
2012-12-18 00:00,3517367,lessthan 48000,27
2012-12-18 01:00,3524394,lessthan 32000,378
2012-12-18 01:00,3517636,lessthan 32768,72
2012-12-18 01:00,3517367,lessthan 48000,37
2012-12-18 02:00,3524394,lessthan 32000,195
2012-12-18 02:00,3517636,lessthan 32768,22
2012-12-18 02:00,3517367,lessthan 48000,8
2012-12-18 03:00,3524394,lessthan 32000,389
2012-12-18 03:00,3517636,lessthan 32768,259
2012-12-18 03:00,3517367,lessthan 48000,35
2012-12-18 04:00,3524394,lessthan 32000,166
2012-12-18 04:00,3517636,lessthan 32768,85
2012-12-18 04:00,3517367,lessthan 48000,24
2012-12-18 05:00,3524394,lessthan 32000,104
2012-12-18 05:00,3517636,lessthan 32768,24
2012-12-18 05:00,3517367,lessthan 48000,11
2012-12-18 06:00,3524394,lessthan 32000,237
2012-12-18 06:00,3517636,lessthan 32768,66
2012-12-18 06:00,3517367,lessthan 48000,43
2012-12-18 07:00,3524394,lessthan 32000,177
2012-12-18 07:00,3517636,lessthan 32768,19
2012-12-18 07:00,3517367,lessthan 48000,13
2012-12-18 08:00,3524394,lessthan 32000,358
2012-12-18 08:00,3517636,lessthan 32768,81
2012-12-18 08:00,3517367,lessthan 48000,64
2012-12-18 09:00,3524394,lessthan 32000,259
2012-12-18 09:00,3517636,lessthan 32768,30
2012-12-18 09:00,3517367,lessthan 48000,22
2012-12-18 10:00,3524394,lessthan 32000,408
2012-12-18 10:00,3517636,lessthan 32768,114
2012-12-18 10:00,3517367,lessthan 48000,104
2012-12-18 11:00,3524394,lessthan 32000,230
2012-12-18 11:00,3517636,lessthan 32768,63
2012-12-18 11:00,3517367,lessthan 48000,40
2012-12-18 12:00,3524394,lessthan 32000,463
2012-12-18 12:00,3517636,lessthan 32768,159
2012-12-18 12:00,3517367,lessthan 48000,49
2012-12-18 13:00,3524394,lessthan 32000,443
2012-12-18 13:00,3517636,lessthan 32768,116
2012-12-18 13:00,3517367,lessthan 48000,34
2012-12-18 14:00,3524394,lessthan 32000,324
2012-12-18 14:00,3517636,lessthan 32768,65
2012-12-18 14:00,3517367,lessthan 48000,42
2012-12-18 15:00,3524394,lessthan 32000,130
2012-12-18 15:00,3517636,lessthan 32768,15
2012-12-18 15:00,3517367,lessthan 48000,26
2012-12-18 16:00,3524394,lessthan 32000,578
2012-12-18 16:00,3517636,lessthan 32768,130
2012-12-18 16:00,3517367,lessthan 48000,28
2012-12-18 17:00,3524394,lessthan 32000,530
2012-12-18 17:00,3517636,lessthan 32768,61
2012-12-18 17:00,3517367,lessthan 48000,61
2012-12-18 18:00,3524394,lessthan 32000,202
2012-12-18 18:00,3517636,lessthan 32768,54
2012-12-18 18:00,3517367,lessthan 48000,17
2012-12-18 19:00,3524394,lessthan 32000,249
2012-12-18 19:00,3517636,lessthan 32768,128
2012-12-18 19:00,3517367,lessthan 48000,81
2012-12-18 20:00,3524394,lessthan 32000,225
2012-12-18 20:00,3517636,lessthan 32768,77
2012-12-18 20:00,3517367,lessthan 48000,67
2012-12-18 21:00,3524394,lessthan 32000,293
2012-12-18 21:00,3517636,lessthan 32768,113
2012-12-18 21:00,3517367,lessthan 48000,79
2012-12-18 22:00,3524394,lessthan 32000,308
2012-12-18 22:00,3517636,lessthan 32768,44
2012-12-18 22:00,3517367,lessthan 48000,26
2012-12-18 23:00,3524394,lessthan 32000,137
2012-12-18 23:00,3517636,lessthan 32768,13
2012-12-18 23:00,3517367,lessthan 48000,9
2012-12-19 00:00,3524394,lessthan 32000,372
2012-12-19 00:00,3517636,lessthan 32768,164
2012-12-19 00:00,3517367,lessthan 48000,12
2012-12-19 01:00,3524394,lessthan 32000,477
2012-12-19 01:00,3517636,lessthan 32768,138
2012-12-19 01:00,3517367,lessthan 48000,21
2012-12-19 02:00,3524394,lessthan 32000,295
2012-12-19 02:00,3517636,lessthan 32768,61
2012-12-19 02:00,3517367,lessthan 48000,28
2012-12-19 03:00,3524394,lessthan 32000,249
2012-12-19 03:00,3517636,lessthan 32768,127
2012-12-19 03:00,3517367,lessthan 48000,20
2012-12-19 04:00,3524394,lessthan 32000,265
2012-12-19 04:00,3517636,lessthan 32768,134
2012-12-19 04:00,3517367,lessthan 48000,33
2012-12-19 05:00,3524394,lessthan 32000,281
2012-12-19 05:00,3517636,lessthan 32768,196
2012-12-19 05:00,3517367,lessthan 48000,37
2012-12-19 06:00,3524394,lessthan 32000,222
2012-12-19 06:00,3517636,lessthan 32768,40
2012-12-19 06:00,3517367,lessthan 48000,26
2012-12-19 07:00,3524394,lessthan 32000,218
2012-12-19 07:00,3517636,lessthan 32768,93
2012-12-19 07:00,3517367,lessthan 48000,79
2012-12-19 08:00,3524394,lessthan 32000,249
2012-12-19 08:00,3517636,lessthan 32768,22
2012-12-19 08:00,3517367,lessthan 48000,245
2012-12-19 09:00,3524394,lessthan 32000,292
2012-12-19 09:00,3517636,lessthan 32768,54
2012-12-19 09:00,3517367,lessthan 48000,432
2012-12-19 10:00,3524394,lessthan 32000,161
2012-12-19 10:00,3517636,lessthan 32768,180
2012-12-19 10:00,3517367,lessthan 48000,289
2012-12-19 11:00,3524394,lessthan 32000,284
2012-12-19 11:00,3517636,lessthan 32768,367
2012-12-19 11:00,3517367,lessthan 48000,176
2012-12-19 12:00,3524394,lessthan 32000,157
2012-12-19 12:00,3517636,lessthan 32768,236
2012-12-19 12:00,3517367,lessthan 48000,24
2012-12-19 13:00,3524394,lessthan 32000,317
2012-12-19 13:00,3517636,lessthan 32768,198
2012-12-19 13:00,3517367,lessthan 48000,174
2012-12-19 14:00,3524394,lessthan 32000,110
2012-12-19 14:00,3517636,lessthan 32768,133
2012-12-19 14:00,3517367,lessthan 48000,42
2012-12-19 15:00,3524394,lessthan 32000,47
2012-12-19 15:00,3517636,lessthan 32768,81
2012-12-19 15:00,3517367,lessthan 48000,99
2012-12-19 16:00,3524394,lessthan 32000,145
2012-12-19 16:00,3517636,lessthan 32768,106
2012-12-19 16:00,3517367,lessthan 48000,26
2012-12-19 17:00,3524394,lessthan 32000,197
2012-12-19 17:00,3517636,lessthan 32768,33
2012-12-19 17:00,3517367,lessthan 48000,8
2012-12-19 18:00,3524394,lessthan 32000,159
2012-12-19 18:00,3517636,lessthan 32768,45
2012-12-19 18:00,3517367,lessthan 48000,23
2012-12-19 19:00,3524394,lessthan 32000,215
2012-12-19 19:00,3517636,lessthan 32768,95
2012-12-19 19:00,3517367,lessthan 48000,86
2012-12-19 20:00,3524394,lessthan 32000,220
2012-12-19 20:00,3517636,lessthan 32768,49
2012-12-19 20:00,3517367,lessthan 48000,41
2012-12-19 21:00,3524394,lessthan 32000,94
2012-12-19 21:00,3517636,lessthan 32768,51
2012-12-19 21:00,3517367,lessthan 48000,36
2012-12-19 22:00,3524394,lessthan 32000,108
2012-12-19 22:00,3517636,lessthan 32768,16
2012-12-19 22:00,3517367,lessthan 48000,19
2012-12-19 23:00,3524394,lessthan 32000,162
2012-12-19 23:00,3517636,lessthan 32768,5
2012-12-19 23:00,3517367,lessthan 48000,5
2012-12-20 00:00,3524394,lessthan 32000,60
2012-12-20 00:00,3517636,lessthan 32768,11
2012-12-20 00:00,3517367,lessthan 48000,7
2012-12-20 01:00,3524394,lessthan 32000,220
2012-12-20 01:00,3517636,lessthan 32768,27
2012-12-20 01:00,3517367,lessthan 48000,2
2012-12-20 02:00,3524394,lessthan 32000,101
2012-12-20 02:00,3517636,lessthan 32768,22
2012-12-20 02:00,3517367,lessthan 48000,21
2012-12-20 03:00,3524394,lessthan 32000,0
2012-12-20 03:00,3517636,lessthan 32768,0
2012-12-20 03:00,3517367,lessthan 48000,0
2012-12-20 04:00,3524394,lessthan 32000,84
2012-12-20 04:00,3517636,lessthan 32768,44
2012-12-20 04:00,3517367,lessthan 48000,10
2012-12-20 05:00,3524394,lessthan 32000,124
2012-12-20 05:00,3517636,lessthan 32768,146
2012-12-20 05:00,3517367,lessthan 48000,143
2012-12-20 06:00,3524394,lessthan 32000,60
2012-12-20 06:00,3517636,lessthan 32768,44
2012-12-20 06:00,3517367,lessthan 48000,47
2012-12-20 07:00,3524394,lessthan 32000,43
2012-12-20 07:00,3517636,lessthan 32768,37
2012-12-20 07:00,3517367,lessthan 48000,10
2012-12-20 08:00,3524394,lessthan 32000,100
2012-12-20 08:00,3517636,lessthan 32768,141
2012-12-20 08:00,3517367,lessthan 48000,15
2012-12-20 09:00,3524394,lessthan 32000,159
2012-12-20 09:00,3517636,lessthan 32768,58
2012-12-20 09:00,3517367,lessthan 48000,6
2012-12-20 10:00,3524394,lessthan 32000,204
2012-12-20 10:00,3517636,lessthan 32768,87
2012-12-20 10:00,3517367,lessthan 48000,56
2012-12-20 11:00,3524394,lessthan 32000,98
2012-12-20 11:00,3517636,lessthan 32768,93
2012-12-20 11:00,3517367,lessthan 48000,25
2012-12-20 12:00,3524394,lessthan 32000,206
2012-12-20 12:00,3517636,lessthan 32768,101
2012-12-20 12:00,3517367,lessthan 48000,29
2012-12-20 13:00,3524394,lessthan 32000,193
2012-12-20 13:00,3517636,lessthan 32768,89
2012-12-20 13:00,3517367,lessthan 48000,68
2012-12-20 14:00,3524394,lessthan 32000,363
2012-12-20 14:00,3517636,lessthan 32768,71
2012-12-20 14:00,3517367,lessthan 48000,5
2012-12-20 15:00,3524394,lessthan 32000,206
2012-12-20 15:00,3517636,lessthan 32768,157
2012-12-20 15:00,3517367,lessthan 48000,73
2012-12-20 16:00,3524394,lessthan 32000,2
2012-12-20 16:00,3517636,lessthan 32768,4
2012-12-20 16:00,3517367,lessthan 48000,0
2012-12-20 17:00,3524394,lessthan 32000,230
2012-12-20 17:00,3517636,lessthan 32768,342
2012-12-20 17:00,3517367,lessthan 48000,106
2012-12-20 18:00,3524394,lessthan 32000,102
2012-12-20 18:00,3517636,lessthan 32768,47
2012-12-20 18:00,3517367,lessthan 48000,20
2012-12-20 19:00,3524394,lessthan 32000,274
2012-12-20 19:00,3517636,lessthan 32768,131
2012-12-20 19:00,3517367,lessthan 48000,62
2012-12-20 20:00,3524394,lessthan 32000,187
2012-12-20 20:00,3517636,lessthan 32768,69
2012-12-20 20:00,3517367,lessthan 48000,65
2012-12-20 21:00,3524394,lessthan 32000,155
2012-12-20 21:00,3517636,lessthan 32768,204
2012-12-20 21:00,3517367,lessthan 48000,53
2012-12-20 22:00,3524394,lessthan 32000,36
2012-12-20 22:00,3517636,lessthan 32768,32
2012-12-20 22:00,3517367,lessthan 48000,2
2012-12-20 23:00,3524394,lessthan 32000,48
2012-12-20 23:00,3517636,lessthan 32768,48
2012-12-20 23:00,3517367,lessthan 48000,25
2012-12-21 00:00,3524394,lessthan 32000,169
2012-12-21 00:00,3517636,lessthan 32768,40
2012-12-21 00:00,3517367,lessthan 48000,17
2012-12-21 01:00,3524394,lessthan 32000,32
2012-12-21 01:00,3517636,lessthan 32768,47
2012-12-21 01:00,3517367,lessthan 48000,8
2012-12-21 02:00,3524394,lessthan 32000,299
2012-12-21 02:00,3517636,lessthan 32768,29
2012-12-21 02:00,3517367,lessthan 48000,37
2012-12-21 03:00,3524394,lessthan 32000,332
2012-12-21 03:00,3517636,lessthan 32768,24
2012-12-21 03:00,3517367,lessthan 48000,44
2012-12-21 04:00,3524394,lessthan 32000,245
2012-12-21 04:00,3517636,lessthan 32768,7
2012-12-21 04:00,3517367,lessthan 48000,18
2012-12-21 05:00,3524394,lessthan 32000,596
2012-12-21 05:00,3517636,lessthan 32768,31
2012-12-21 05:00,3517367,lessthan 48000,25
2012-12-21 06:00,3524394,lessthan 32000,328
2012-12-21 06:00,3517636,lessthan 32768,6
2012-12-21 06:00,3517367,lessthan 48000,14
2012-12-21 07:00,3524394,lessthan 32000,268
2012-12-21 07:00,3517636,lessthan 32768,25
2012-12-21 07:00,3517367,lessthan 48000,27
2012-12-21 08:00,3524394,lessthan 32000,411
2012-12-21 08:00,3517636,lessthan 32768,66
2012-12-21 08:00,3517367,lessthan 48000,66
2012-12-21 09:00,3524394,lessthan 32000,152
2012-12-21 09:00,3517636,lessthan 32768,6
2012-12-21 09:00,3517367,lessthan 48000,12
2012-12-21 10:00,3524394,lessthan 32000,470
2012-12-21 10:00,3517636,lessthan 32768,51
2012-12-21 10:00,3517367,lessthan 48000,54
2012-12-21 11:00,3524394,lessthan 32000,285
2012-12-21 11:00,3517636,lessthan 32768,62
2012-12-21 11:00,3517367,lessthan 48000,27
2012-12-21 12:00,3524394,lessthan 32000,210
2012-12-21 12:00,3517636,lessthan 32768,75
2012-12-21 12:00,3517367,lessthan 48000,20
2012-12-21 13:00,3524394,lessthan 32000,414
2012-12-21 13:00,3517636,lessthan 32768,259
2012-12-21 13:00,3517367,lessthan 48000,65
2012-12-21 14:00,3524394,lessthan 32000,172
2012-12-21 14:00,3517636,lessthan 32768,147
2012-12-21 14:00,3517367,lessthan 48000,74
2012-12-21 15:00,3524394,lessthan 32000,295
2012-12-21 15:00,3517636,lessthan 32768,133
2012-12-21 15:00,3517367,lessthan 48000,42
2012-12-21 16:00,3524394,lessthan 32000,136
2012-12-21 16:00,3517636,lessthan 32768,102
2012-12-21 16:00,3517367,lessthan 48000,23
2012-12-21 17:00,3524394,lessthan 32000,216
2012-12-21 17:00,3517636,lessthan 32768,58
2012-12-21 17:00,3517367,lessthan 48000,27
2012-12-21 18:00,3524394,lessthan 32000,258
2012-12-21 18:00,3517636,lessthan 32768,142
2012-12-21 18:00,3517367,lessthan 48000,40
2012-12-21 19:00,3524394,lessthan 32000,209
2012-12-21 19:00,3517636,lessthan 32768,67
2012-12-21 19:00,3517367,lessthan 48000,46
2012-12-21 20:00,3524394,lessthan 32000,172
2012-12-21 20:00,3517636,lessthan 32768,54
2012-12-21 20:00,3517367,lessthan 48000,3
2012-12-21 21:00,3524394,lessthan 32000,88
2012-12-21 21:00,3517636,lessthan 32768,45
2012-12-21 21:00,3517367,lessthan 48000,10
2012-12-21 22:00,3524394,lessthan 32000,122
2012-12-21 22:00,3517636,lessthan 32768,135
2012-12-21 22:00,3517367,lessthan 48000,41
2012-12-21 23:00,3524394,lessthan 32000,113
2012-12-21 23:00,3517636,lessthan 32768,73
2012-12-21 23:00,3517367,lessthan 48000,49
2012-12-22 00:00,3524394,lessthan 32000,98
2012-12-22 00:00,3517636,lessthan 32768,59
2012-12-22 00:00,3517367,lessthan 48000,202
2012-12-22 01:00,3524394,lessthan 32000,117
2012-12-22 01:00,3517636,lessthan 32768,131
2012-12-22 01:00,3517367,lessthan 48000,286
2012-12-22 02:00,3524394,lessthan 32000,86
2012-12-22 02:00,3517636,lessthan 32768,55
2012-12-22 02:00,3517367,lessthan 48000,114
2012-12-22 03:00,3524394,lessthan 32000,250
2012-12-22 03:00,3517636,lessthan 32768,36
2012-12-22 03:00,3517367,lessthan 48000,203
2012-12-22 04:00,3524394,lessthan 32000,75
2012-12-22 04:00,3517636,lessthan 32768,14
2012-12-22 04:00,3517367,lessthan 48000,104
2012-12-22 05:00,3524394,lessthan 32000,117
2012-12-22 05:00,3517636,lessthan 32768,57
2012-12-22 05:00,3517367,lessthan 48000,219
2012-12-22 06:00,3524394,lessthan 32000,256
2012-12-22 06:00,3517636,lessthan 32768,117
2012-12-22 06:00,3517367,lessthan 48000,205
2012-12-22 07:00,3524394,lessthan 32000,316
2012-12-22 07:00,3517636,lessthan 32768,31
2012-12-22 07:00,3517367,lessthan 48000,207
2012-12-22 08:00,3524394,lessthan 32000,150
2012-12-22 08:00,3517636,lessthan 32768,98
2012-12-22 08:00,3517367,lessthan 48000,112
2012-12-22 09:00,3524394,lessthan 32000,397
2012-12-22 09:00,3517636,lessthan 32768,220
2012-12-22 09:00,3517367,lessthan 48000,452
2012-12-22 10:00,3524394,lessthan 32000,328
2012-12-22 10:00,3517636,lessthan 32768,155
2012-12-22 10:00,3517367,lessthan 48000,304
2012-12-22 11:00,3524394,lessthan 32000,259
2012-12-22 11:00,3517636,lessthan 32768,104
2012-12-22 11:00,3517367,lessthan 48000,430
2012-12-22 12:00,3524394,lessthan 32000,267
2012-12-22 12:00,3517636,lessthan 32768,69
2012-12-22 12:00,3517367,lessthan 48000,241
2012-12-22 13:00,3524394,lessthan 32000,302
2012-12-22 13:00,3517636,lessthan 32768,55
2012-12-22 13:00,3517367,lessthan 48000,32
2012-12-22 14:00,3524394,lessthan 32000,169
2012-12-22 14:00,3517636,lessthan 32768,59
2012-12-22 14:00,3517367,lessthan 48000,90
2012-12-22 15:00,3524394,lessthan 32000,96
2012-12-22 15:00,3517636,lessthan 32768,65
2012-12-22 15:00,3517367,lessthan 48000,211
2012-12-22 16:00,3524394,lessthan 32000,121
2012-12-22 16:00,3517636,lessthan 32768,61
2012-12-22 16:00,3517367,lessthan 48000,261
2012-12-22 17:00,3524394,lessthan 32000,152
2012-12-22 17:00,3517636,lessthan 32768,124
2012-12-22 17:00,3517367,lessthan 48000,34
2012-12-22 18:00,3524394,lessthan 32000,86
2012-12-22 18:00,3517636,lessthan 32768,113
2012-12-22 18:00,3517367,lessthan 48000,188
2012-12-22 19:00,3524394,lessthan 32000,129
2012-12-22 19:00,3517636,lessthan 32768,116
2012-12-22 19:00,3517367,lessthan 48000,27
2012-12-22 20:00,3524394,lessthan 32000,103
2012-12-22 20:00,3517636,lessthan 32768,138
2012-12-22 20:00,3517367,lessthan 48000,130
2012-12-22 21:00,3524394,lessthan 32000,12
2012-12-22 21:00,3517636,lessthan 32768,84
2012-12-22 21:00,3517367,lessthan 48000,19
2012-12-22 22:00,3524394,lessthan 32000,87
2012-12-22 22:00,3517636,lessthan 32768,62
2012-12-22 22:00,3517367,lessthan 48000,49
2012-12-22 23:00,3524394,lessthan 32000,391
2012-12-22 23:00,3517636,lessthan 32768,109
2012-12-22 23:00,3517367,lessthan 48000,64
2012-12-23 00:00,3524394,lessthan 32000,85
2012-12-23 00:00,3517636,lessthan 32768,140
2012-12-23 00:00,3517367,lessthan 48000,30
2012-12-23 01:00,3524394,lessthan 32000,236
2012-12-23 01:00,3517636,lessthan 32768,208
2012-12-23 01:00,3517367,lessthan 48000,130
2012-12-23 02:00,3524394,lessthan 32000,192
2012-12-23 02:00,3517636,lessthan 32768,167
2012-12-23 02:00,3517367,lessthan 48000,40
2012-12-23 03:00,3524394,lessthan 32000,287
2012-12-23 03:00,3517636,lessthan 32768,183
2012-12-23 03:00,3517367,lessthan 48000,43
2012-12-23 04:00,3524394,lessthan 32000,222
2012-12-23 04:00,3517636,lessthan 32768,99
2012-12-23 04:00,3517367,lessthan 48000,35
2012-12-23 05:00,3524394,lessthan 32000,163
2012-12-23 05:00,3517636,lessthan 32768,97
2012-12-23 05:00,3517367,lessthan 48000,51
2012-12-23 06:00,3524394,lessthan 32000,162
2012-12-23 06:00,3517636,lessthan 32768,179
2012-12-23 06:00,3517367,lessthan 48000,67
2012-12-23 07:00,3524394,lessthan 32000,184
2012-12-23 07:00,3517636,lessthan 32768,66
2012-12-23 07:00,3517367,lessthan 48000,36
2012-12-23 08:00,3524394,lessthan 32000,124
2012-12-23 08:00,3517636,lessthan 32768,58
2012-12-23 08:00,3517367,lessthan 48000,56
2012-12-23 09:00,3524394,lessthan 32000,157
2012-12-23 09:00,3517636,lessthan 32768,135
2012-12-23 09:00,3517367,lessthan 48000,88
2012-12-23 10:00,3524394,lessthan 32000,54
2012-12-23 10:00,3517636,lessthan 32768,57
2012-12-23 10:00,3517367,lessthan 48000,31
2012-12-23 11:00,3524394,lessthan 32000,75
2012-12-23 11:00,3517636,lessthan 32768,36
2012-12-23 11:00,3517367,lessthan 48000,10
2012-12-23 12:00,3524394,lessthan 32000,286
2012-12-23 12:00,3517636,lessthan 32768,211
2012-12-23 12:00,3517367,lessthan 48000,16
2012-12-23 13:00,3524394,lessthan 32000,241
2012-12-23 13:00,3517636,lessthan 32768,72
2012-12-23 13:00,3517367,lessthan 48000,15
2012-12-23 14:00,3524394,lessthan 32000,32
2012-12-23 14:00,3517636,lessthan 32768,41
2012-12-23 14:00,3517367,lessthan 48000,1
2012-12-23 15:00,3524394,lessthan 32000,114
2012-12-23 15:00,3517636,lessthan 32768,82
2012-12-23 15:00,3517367,lessthan 48000,23
2012-12-23 16:00,3524394,lessthan 32000,278
2012-12-23 16:00,3517636,lessthan 32768,99
2012-12-23 16:00,3517367,lessthan 48000,92
2012-12-23 17:00,3524394,lessthan 32000,151
2012-12-23 17:00,3517636,lessthan 32768,88
2012-12-23 17:00,3517367,lessthan 48000,56
2012-12-23 18:00,3524394,lessthan 32000,323
2012-12-23 18:00,3517636,lessthan 32768,110
2012-12-23 18:00,3517367,lessthan 48000,139
2012-12-23 19:00,3524394,lessthan 32000,33
2012-12-23 19:00,3517636,lessthan 32768,12
2012-12-23 19:00,3517367,lessthan 48000,36
2012-12-23 20:00,3524394,lessthan 32000,33
2012-12-23 20:00,3517636,lessthan 32768,220
2012-12-23 20:00,3517367,lessthan 48000,94
2012-12-23 21:00,3524394,lessthan 32000,11
2012-12-23 21:00,3517636,lessthan 32768,122
2012-12-23 21:00,3517367,lessthan 48000,9
2012-12-23 22:00,3524394,lessthan 32000,33
2012-12-23 22:00,3517636,lessthan 32768,40
2012-12-23 22:00,3517367,lessthan 48000,6
2012-12-23 23:00,3524394,lessthan 32000,111
2012-12-23 23:00,3517636,lessthan 32768,62
2012-12-23 23:00,3517367,lessthan 48000,5
2012-12-24 00:00,3524394,lessthan 32000,51
2012-12-24 00:00,3517636,lessthan 32768,87
2012-12-24 00:00,3517367,lessthan 48000,8
2012-12-24 01:00,3524394,lessthan 32000,43
2012-12-24 01:00,3517636,lessthan 32768,155
2012-12-24 01:00,3517367,lessthan 48000,7
2012-12-24 02:00,3524394,lessthan 32000,74
2012-12-24 02:00,3517636,lessthan 32768,304
2012-12-24 02:00,3517367,lessthan 48000,172
2012-12-24 03:00,3524394,lessthan 32000,34
2012-12-24 03:00,3517636,lessthan 32768,68
2012-12-24 03:00,3517367,lessthan 48000,181
2012-12-24 04:00,3524394,lessthan 32000,72
2012-12-24 04:00,3517636,lessthan 32768,58
2012-12-24 04:00,3517367,lessthan 48000,37
2012-12-24 05:00,3524394,lessthan 32000,39
2012-12-24 05:00,3517636,lessthan 32768,83
2012-12-24 05:00,3517367,lessthan 48000,1
2012-12-24 06:00,3524394,lessthan 32000,101
2012-12-24 06:00,3517636,lessthan 32768,63
2012-12-24 06:00,3517367,lessthan 48000,10
2012-12-24 07:00,3524394,lessthan 32000,152
2012-12-24 07:00,3517636,lessthan 32768,111
2012-12-24 07:00,3517367,lessthan 48000,140
2012-12-24 08:00,3524394,lessthan 32000,50
2012-12-24 08:00,3517636,lessthan 32768,9
2012-12-24 08:00,3517367,lessthan 48000,2
2012-12-24 09:00,3524394,lessthan 32000,76
2012-12-24 09:00,3517636,lessthan 32768,45
2012-12-24 09:00,3517367,lessthan 48000,26
2012-12-24 10:00,3524394,lessthan 32000,88
2012-12-24 10:00,3517636,lessthan 32768,91
2012-12-24 10:00,3517367,lessthan 48000,62
2012-12-24 11:00,3524394,lessthan 32000,34
2012-12-24 11:00,3517636,lessthan 32768,77
2012-12-24 11:00,3517367,lessthan 48000,133
2012-12-24 12:00,3524394,lessthan 32000,165
2012-12-24 12:00,3517636,lessthan 32768,190
2012-12-24 12:00,3517367,lessthan 48000,108
2012-12-24 13:00,3524394,lessthan 32000,238
2012-12-24 13:00,3517636,lessthan 32768,86
2012-12-24 13:00,3517367,lessthan 48000,125
2012-12-24 14:00,3524394,lessthan 32000,255
2012-12-24 14:00,3517636,lessthan 32768,128
2012-12-24 14:00,3517367,lessthan 48000,213
2012-12-24 15:00,3524394,lessthan 32000,248
2012-12-24 15:00,3517636,lessthan 32768,90
2012-12-24 15:00,3517367,lessthan 48000,74
2012-12-24 16:00,3524394,lessthan 32000,173
2012-12-24 16:00,3517636,lessthan 32768,48
2012-12-24 16:00,3517367,lessthan 48000,198
2012-12-24 17:00,3524394,lessthan 32000,64
2012-12-24 17:00,3517636,lessthan 32768,98
2012-12-24 17:00,3517367,lessthan 48000,70
2012-12-24 18:00,3524394,lessthan 32000,41
2012-12-24 18:00,3517636,lessthan 32768,64
2012-12-24 18:00,3517367,lessthan 48000,52
2012-12-24 19:00,3524394,lessthan 32000,15
2012-12-24 19:00,3517636,lessthan 32768,103
2012-12-24 19:00,3517367,lessthan 48000,36
2012-12-24 20:00,3524394,lessthan 32000,10
2012-12-24 20:00,3517636,lessthan 32768,29
2012-12-24 20:00,3517367,lessthan 48000,18
2012-12-24 21:00,3524394,lessthan 32000,25
2012-12-24 21:00,3517636,lessthan 32768,99
2012-12-24 21:00,3517367,lessthan 48000,77
2012-12-24 22:00,3524394,lessthan 32000,62
2012-12-24 22:00,3517636,lessthan 32768,101
2012-12-24 22:00,3517367,lessthan 48000,54
2012-12-24 23:00,3524394,lessthan 32000,112
2012-12-24 23:00,3517636,lessthan 32768,118
2012-12-24 23:00,3517367,lessthan 48000,66
2012-12-25 00:00,3524394,lessthan 32000,82
2012-12-25 00:00,3517636,lessthan 32768,70
2012-12-25 00:00,3517367,lessthan 48000,48
2012-12-25 01:00,3524394,lessthan 32000,79
2012-12-25 01:00,3517636,lessthan 32768,37
2012-12-25 01:00,3517367,lessthan 48000,8
2012-12-25 02:00,3524394,lessthan 32000,47
2012-12-25 02:00,3517636,lessthan 32768,32
2012-12-25 02:00,3517367,lessthan 48000,21
2012-12-25 03:00,3524394,lessthan 32000,2
2012-12-25 03:00,3517636,lessthan 32768,5
2012-12-25 03:00,3517367,lessthan 48000,3
2012-12-25 04:00,3524394,lessthan 32000,14
2012-12-25 04:00,3517636,lessthan 32768,27
2012-12-25 04:00,3517367,lessthan 48000,45
2012-12-25 05:00,3524394,lessthan 32000,35
2012-12-25 05:00,3517636,lessthan 32768,25
2012-12-25 05:00,3517367,lessthan 48000,14
2012-12-25 06:00,3524394,lessthan 32000,80
2012-12-25 06:00,3517636,lessthan 32768,33
2012-12-25 06:00,3517367,lessthan 48000,13
2012-12-25 07:00,3524394,lessthan 32000,113
2012-12-25 07:00,3517636,lessthan 32768,60
2012-12-25 07:00,3517367,lessthan 48000,61
2012-12-25 08:00,3524394,lessthan 32000,143
2012-12-25 08:00,3517636,lessthan 32768,47
2012-12-25 08:00,3517367,lessthan 48000,93
2012-12-25 09:00,3524394,lessthan 32000,239
2012-12-25 09:00,3517636,lessthan 32768,26
2012-12-25 09:00,3517367,lessthan 48000,69
2012-12-25 10:00,3524394,lessthan 32000,41
2012-12-25 10:00,3517636,lessthan 32768,19
2012-12-25 10:00,3517367,lessthan 48000,30
2012-12-25 11:00,3524394,lessthan 32000,165
2012-12-25 11:00,3517636,lessthan 32768,47
2012-12-25 11:00,3517367,lessthan 48000,193
2012-12-25 12:00,3524394,lessthan 32000,306
2012-12-25 12:00,3517636,lessthan 32768,47
2012-12-25 12:00,3517367,lessthan 48000,9
2012-12-25 13:00,3524394,lessthan 32000,156
2012-12-25 13:00,3517636,lessthan 32768,38
2012-12-25 13:00,3517367,lessthan 48000,35
2012-12-25 14:00,3524394,lessthan 32000,155
2012-12-25 14:00,3517636,lessthan 32768,16
2012-12-25 14:00,3517367,lessthan 48000,18
2012-12-25 15:00,3524394,lessthan 32000,277
2012-12-25 15:00,3517636,lessthan 32768,38
2012-12-25 15:00,3517367,lessthan 48000,82
2012-12-25 16:00,3524394,lessthan 32000,92
2012-12-25 16:00,3517636,lessthan 32768,22
2012-12-25 16:00,3517367,lessthan 48000,64
2012-12-25 17:00,3524394,lessthan 32000,223
2012-12-25 17:00,3517636,lessthan 32768,259
2012-12-25 17:00,3517367,lessthan 48000,122
2012-12-25 18:00,3524394,lessthan 32000,39
2012-12-25 18:00,3517636,lessthan 32768,58
2012-12-25 18:00,3517367,lessthan 48000,15
2012-12-25 19:00,3524394,lessthan 32000,56
2012-12-25 19:00,3517636,lessthan 32768,108
2012-12-25 19:00,3517367,lessthan 48000,222
2012-12-25 20:00,3524394,lessthan 32000,56
2012-12-25 20:00,3517636,lessthan 32768,111
2012-12-25 20:00,3517367,lessthan 48000,184
2012-12-25 21:00,3524394,lessthan 32000,32
2012-12-25 21:00,3517636,lessthan 32768,69
2012-12-25 21:00,3517367,lessthan 48000,145
2012-12-25 22:00,3524394,lessthan 32000,21
2012-12-25 22:00,3517636,lessthan 32768,33
2012-12-25 22:00,3517367,lessthan 48000,53
2012-12-25 23:00,3524394,lessthan 32000,81
2012-12-25 23:00,3517636,lessthan 32768,64
2012-12-25 23:00,3517367,lessthan 48000,177
2012-12-26 00:00,3524394,lessthan 32000,185
2012-12-26 00:00,3517636,lessthan 32768,80
2012-12-26 00:00,3517367,lessthan 48000,176
2012-12-26 01:00,3524394,lessthan 32000,49
2012-12-26 01:00,3517636,lessthan 32768,49
2012-12-26 01:00,3517367,lessthan 48000,1
2012-12-26 02:00,3524394,lessthan 32000,138
2012-12-26 02:00,3517636,lessthan 32768,57
2012-12-26 02:00,3517367,lessthan 48000,168
2012-12-26 03:00,3524394,lessthan 32000,119
2012-12-26 03:00,3517636,lessthan 32768,196
2012-12-26 03:00,3517367,lessthan 48000,137
2012-12-26 04:00,3524394,lessthan 32000,36
2012-12-26 04:00,3517636,lessthan 32768,30
2012-12-26 04:00,3517367,lessthan 48000,65
2012-12-26 05:00,3524394,lessthan 32000,87
2012-12-26 05:00,3517636,lessthan 32768,25
2012-12-26 05:00,3517367,lessthan 48000,143
2012-12-26 06:00,3524394,lessthan 32000,152
2012-12-26 06:00,3517636,lessthan 32768,32
2012-12-26 06:00,3517367,lessthan 48000,42
2012-12-26 07:00,3524394,lessthan 32000,117
2012-12-26 07:00,3517636,lessthan 32768,22
2012-12-26 07:00,3517367,lessthan 48000,77
2012-12-26 08:00,3524394,lessthan 32000,155
2012-12-26 08:00,3517636,lessthan 32768,37
2012-12-26 08:00,3517367,lessthan 48000,198
2012-12-26 09:00,3524394,lessthan 32000,105
2012-12-26 09:00,3517636,lessthan 32768,24
2012-12-26 09:00,3517367,lessthan 48000,166
2012-12-26 10:00,3524394,lessthan 32000,182
2012-12-26 10:00,3517636,lessthan 32768,88
2012-12-26 10:00,3517367,lessthan 48000,44
2012-12-26 11:00,3524394,lessthan 32000,130
2012-12-26 11:00,3517636,lessthan 32768,113
2012-12-26 11:00,3517367,lessthan 48000,24
2012-12-26 12:00,3524394,lessthan 32000,78
2012-12-26 12:00,3517636,lessthan 32768,60
2012-12-26 12:00,3517367,lessthan 48000,106
2012-12-26 13:00,3524394,lessthan 32000,171
2012-12-26 13:00,3517636,lessthan 32768,149
2012-12-26 13:00,3517367,lessthan 48000,360
2012-12-26 14:00,3524394,lessthan 32000,43
2012-12-26 14:00,3517636,lessthan 32768,77
2012-12-26 14:00,3517367,lessthan 48000,108
2012-12-26 15:00,3524394,lessthan 32000,56
2012-12-26 15:00,3517636,lessthan 32768,30
2012-12-26 15:00,3517367,lessthan 48000,99
2012-12-26 16:00,3524394,lessthan 32000,59
2012-12-26 16:00,3517636,lessthan 32768,48
2012-12-26 16:00,3517367,lessthan 48000,37
2012-12-26 17:00,3524394,lessthan 32000,7
2012-12-26 17:00,3517636,lessthan 32768,82
2012-12-26 17:00,3517367,lessthan 48000,55
2012-12-26 18:00,3524394,lessthan 32000,30
2012-12-26 18:00,3517636,lessthan 32768,55
2012-12-26 18:00,3517367,lessthan 48000,123
2012-12-26 19:00,3524394,lessthan 32000,29
2012-12-26 19:00,3517636,lessthan 32768,39
2012-12-26 19:00,3517367,lessthan 48000,92
2012-12-26 20:00,3524394,lessthan 32000,97
2012-12-26 20:00,3517636,lessthan 32768,176
2012-12-26 20:00,3517367,lessthan 48000,193
2012-12-26 21:00,3524394,lessthan 32000,38
2012-12-26 21:00,3517636,lessthan 32768,235
2012-12-26 21:00,3517367,lessthan 48000,114
2012-12-26 22:00,3524394,lessthan 32000,53
2012-12-26 22:00,3517636,lessthan 32768,65
2012-12-26 22:00,3517367,lessthan 48000,89
2012-12-26 23:00,3524394,lessthan 32000,70
2012-12-26 23:00,3517636,lessthan 32768,59
2012-12-26 23:00,3517367,lessthan 48000,91
2012-12-27 00:00,3524394,lessthan 32000,98
2012-12-27 00:00,3517636,lessthan 32768,56
2012-12-27 00:00,3517367,lessthan 48000,66
2012-12-27 01:00,3524394,lessthan 32000,34
2012-12-27 01:00,3517636,lessthan 32768,70
2012-12-27 01:00,3517367,lessthan 48000,23
2012-12-27 02:00,3524394,lessthan 32000,64
2012-12-27 02:00,3517636,lessthan 32768,27
2012-12-27 02:00,3517367,lessthan 48000,14
2012-12-27 03:00,3524394,lessthan 32000,179
2012-12-27 03:00,3517636,lessthan 32768,114
2012-12-27 03:00,3517367,lessthan 48000,91
2012-12-27 04:00,3524394,lessthan 32000,276
2012-12-27 04:00,3517636,lessthan 32768,118
2012-12-27 04:00,3517367,lessthan 48000,136
2012-12-27 05:00,3524394,lessthan 32000,56
2012-12-27 05:00,3517636,lessthan 32768,21
2012-12-27 05:00,3517367,lessthan 48000,29
2012-12-27 06:00,3524394,lessthan 32000,152
2012-12-27 06:00,3517636,lessthan 32768,43
2012-12-27 06:00,3517367,lessthan 48000,148
2012-12-27 07:00,3524394,lessthan 32000,232
2012-12-27 07:00,3517636,lessthan 32768,74
2012-12-27 07:00,3517367,lessthan 48000,108
2012-12-27 08:00,3524394,lessthan 32000,297
2012-12-27 08:00,3517636,lessthan 32768,44
2012-12-27 08:00,3517367,lessthan 48000,34
2012-12-27 09:00,3524394,lessthan 32000,140
2012-12-27 09:00,3517636,lessthan 32768,38
2012-12-27 09:00,3517367,lessthan 48000,118
2012-12-27 10:00,3524394,lessthan 32000,144
2012-12-27 10:00,3517636,lessthan 32768,29
2012-12-27 10:00,3517367,lessthan 48000,48
2012-12-27 11:00,3524394,lessthan 32000,198
2012-12-27 11:00,3517636,lessthan 32768,218
2012-12-27 11:00,3517367,lessthan 48000,12
2012-12-27 12:00,3524394,lessthan 32000,287
2012-12-27 12:00,3517636,lessthan 32768,279
2012-12-27 12:00,3517367,lessthan 48000,3
2012-12-27 13:00,3524394,lessthan 32000,217
2012-12-27 13:00,3517636,lessthan 32768,63
2012-12-27 13:00,3517367,lessthan 48000,24
2012-12-27 14:00,3524394,lessthan 32000,5
2012-12-27 14:00,3517636,lessthan 32768,13
2012-12-27 14:00,3517367,lessthan 48000,0
2012-12-27 15:00,3524394,lessthan 32000,213
2012-12-27 15:00,3517636,lessthan 32768,191
2012-12-27 15:00,3517367,lessthan 48000,40
2012-12-27 16:00,3524394,lessthan 32000,201
2012-12-27 16:00,3517636,lessthan 32768,483
2012-12-27 16:00,3517367,lessthan 48000,90
2012-12-27 17:00,3524394,lessthan 32000,87
2012-12-27 17:00,3517636,lessthan 32768,312
2012-12-27 17:00,3517367,lessthan 48000,109
2012-12-27 18:00,3524394,lessthan 32000,110
2012-12-27 18:00,3517636,lessthan 32768,185
2012-12-27 18:00,3517367,lessthan 48000,92
2012-12-27 19:00,3524394,lessthan 32000,92
2012-12-27 19:00,3517636,lessthan 32768,91
2012-12-27 19:00,3517367,lessthan 48000,38
2012-12-27 20:00,3524394,lessthan 32000,171
2012-12-27 20:00,3517636,lessthan 32768,287
2012-12-27 20:00,3517367,lessthan 48000,60
2012-12-27 21:00,3524394,lessthan 32000,67
2012-12-27 21:00,3517636,lessthan 32768,244
2012-12-27 21:00,3517367,lessthan 48000,25
2012-12-27 22:00,3524394,lessthan 32000,96
2012-12-27 22:00,3517636,lessthan 32768,159
2012-12-27 22:00,3517367,lessthan 48000,116
2012-12-27 23:00,3524394,lessthan 32000,4
2012-12-27 23:00,3517636,lessthan 32768,18
2012-12-27 23:00,3517367,lessthan 48000,33
2012-12-28 00:00,3524394,lessthan 32000,111
2012-12-28 00:00,3517636,lessthan 32768,102
2012-12-28 00:00,3517367,lessthan 48000,72
2012-12-28 01:00,3524394,lessthan 32000,98
2012-12-28 01:00,3517636,lessthan 32768,20
2012-12-28 01:00,3517367,lessthan 48000,7
2012-12-28 02:00,3524394,lessthan 32000,156
2012-12-28 02:00,3517636,lessthan 32768,38
2012-12-28 02:00,3517367,lessthan 48000,22
2012-12-28 03:00,3524394,lessthan 32000,209
2012-12-28 03:00,3517636,lessthan 32768,90
2012-12-28 03:00,3517367,lessthan 48000,68
2012-12-28 04:00,3524394,lessthan 32000,95
2012-12-28 04:00,3517636,lessthan 32768,69
2012-12-28 04:00,3517367,lessthan 48000,36
2012-12-28 05:00,3524394,lessthan 32000,164
2012-12-28 05:00,3517636,lessthan 32768,100
2012-12-28 05:00,3517367,lessthan 48000,56
2012-12-28 06:00,3524394,lessthan 32000,176
2012-12-28 06:00,3517636,lessthan 32768,58
2012-12-28 06:00,3517367,lessthan 48000,95
2012-12-28 07:00,3524394,lessthan 32000,66
2012-12-28 07:00,3517636,lessthan 32768,94
2012-12-28 07:00,3517367,lessthan 48000,36
2012-12-28 08:00,3524394,lessthan 32000,121
2012-12-28 08:00,3517636,lessthan 32768,34
2012-12-28 08:00,3517367,lessthan 48000,118
2012-12-28 09:00,3524394,lessthan 32000,50
2012-12-28 09:00,3517636,lessthan 32768,52
2012-12-28 09:00,3517367,lessthan 48000,52
2012-12-28 10:00,3524394,lessthan 32000,91
2012-12-28 10:00,3517636,lessthan 32768,52
2012-12-28 10:00,3517367,lessthan 48000,24
2012-12-28 11:00,3524394,lessthan 32000,227
2012-12-28 11:00,3517636,lessthan 32768,149
2012-12-28 11:00,3517367,lessthan 48000,143
2012-12-28 12:00,3524394,lessthan 32000,139
2012-12-28 12:00,3517636,lessthan 32768,56
2012-12-28 12:00,3517367,lessthan 48000,70
2012-12-28 13:00,3524394,lessthan 32000,385
2012-12-28 13:00,3517636,lessthan 32768,54
2012-12-28 13:00,3517367,lessthan 48000,25
2012-12-28 14:00,3524394,lessthan 32000,480
2012-12-28 14:00,3517636,lessthan 32768,45
2012-12-28 14:00,3517367,lessthan 48000,110
2012-12-28 15:00,3524394,lessthan 32000,427
2012-12-28 15:00,3517636,lessthan 32768,94
2012-12-28 15:00,3517367,lessthan 48000,110
2012-12-28 16:00,3524394,lessthan 32000,257
2012-12-28 16:00,3517636,lessthan 32768,26
2012-12-28 16:00,3517367,lessthan 48000,47
2012-12-28 17:00,3524394,lessthan 32000,151
2012-12-28 17:00,3517636,lessthan 32768,93
2012-12-28 17:00,3517367,lessthan 48000,102
2012-12-28 18:00,3524394,lessthan 32000,144
2012-12-28 18:00,3517636,lessthan 32768,75
2012-12-28 18:00,3517367,lessthan 48000,66
2012-12-28 19:00,3524394,lessthan 32000,228
2012-12-28 19:00,3517636,lessthan 32768,87
2012-12-28 19:00,3517367,lessthan 48000,105
2012-12-28 20:00,3524394,lessthan 32000,132
2012-12-28 20:00,3517636,lessthan 32768,54
2012-12-28 20:00,3517367,lessthan 48000,24
2012-12-28 21:00,3524394,lessthan 32000,42
2012-12-28 21:00,3517636,lessthan 32768,65
2012-12-28 21:00,3517367,lessthan 48000,45
2012-12-28 22:00,3524394,lessthan 32000,53
2012-12-28 22:00,3517636,lessthan 32768,49
2012-12-28 22:00,3517367,lessthan 48000,103
2012-12-28 23:00,3524394,lessthan 32000,33
2012-12-28 23:00,3517636,lessthan 32768,26
2012-12-28 23:00,3517367,lessthan 48000,52
2012-12-29 00:00,3524394,lessthan 32000,94
2012-12-29 00:00,3517636,lessthan 32768,94
2012-12-29 00:00,3517367,lessthan 48000,247
2012-12-29 01:00,3524394,lessthan 32000,38
2012-12-29 01:00,3517636,lessthan 32768,74
2012-12-29 01:00,3517367,lessthan 48000,20
2012-12-29 02:00,3524394,lessthan 32000,80
2012-12-29 02:00,3517636,lessthan 32768,70
2012-12-29 02:00,3517367,lessthan 48000,117
2012-12-29 03:00,3524394,lessthan 32000,124
2012-12-29 03:00,3517636,lessthan 32768,34
2012-12-29 03:00,3517367,lessthan 48000,19
2012-12-29 04:00,3524394,lessthan 32000,275
2012-12-29 04:00,3517636,lessthan 32768,106
2012-12-29 04:00,3517367,lessthan 48000,63
2012-12-29 05:00,3524394,lessthan 32000,155
2012-12-29 05:00,3517636,lessthan 32768,51
2012-12-29 05:00,3517367,lessthan 48000,36
2012-12-29 06:00,3524394,lessthan 32000,62
2012-12-29 06:00,3517636,lessthan 32768,88
2012-12-29 06:00,3517367,lessthan 48000,82
2012-12-29 07:00,3524394,lessthan 32000,53
2012-12-29 07:00,3517636,lessthan 32768,103
2012-12-29 07:00,3517367,lessthan 48000,112
2012-12-29 08:00,3524394,lessthan 32000,190
2012-12-29 08:00,3517636,lessthan 32768,26
2012-12-29 08:00,3517367,lessthan 48000,48
2012-12-29 09:00,3524394,lessthan 32000,108
2012-12-29 09:00,3517636,lessthan 32768,43
2012-12-29 09:00,3517367,lessthan 48000,65
2012-12-29 10:00,3524394,lessthan 32000,134
2012-12-29 10:00,3517636,lessthan 32768,57
2012-12-29 10:00,3517367,lessthan 48000,78
2012-12-29 11:00,3524394,lessthan 32000,125
2012-12-29 11:00,3517636,lessthan 32768,63
2012-12-29 11:00,3517367,lessthan 48000,0
2012-12-29 12:00,3524394,lessthan 32000,21
2012-12-29 12:00,3517636,lessthan 32768,62
2012-12-29 12:00,3517367,lessthan 48000,28
2012-12-29 13:00,3524394,lessthan 32000,103
2012-12-29 13:00,3517636,lessthan 32768,44
2012-12-29 13:00,3517367,lessthan 48000,207
2012-12-29 14:00,3524394,lessthan 32000,209
2012-12-29 14:00,3517636,lessthan 32768,113
2012-12-29 14:00,3517367,lessthan 48000,352
2012-12-29 15:00,3524394,lessthan 32000,22
2012-12-29 15:00,3517636,lessthan 32768,11
2012-12-29 15:00,3517367,lessthan 48000,22
2012-12-29 16:00,3524394,lessthan 32000,45
2012-12-29 16:00,3517636,lessthan 32768,79
2012-12-29 16:00,3517367,lessthan 48000,93
2012-12-29 17:00,3524394,lessthan 32000,23
2012-12-29 17:00,3517636,lessthan 32768,35
2012-12-29 17:00,3517367,lessthan 48000,19
2012-12-29 18:00,3524394,lessthan 32000,39
2012-12-29 18:00,3517636,lessthan 32768,31
2012-12-29 18:00,3517367,lessthan 48000,104
2012-12-29 19:00,3524394,lessthan 32000,82
2012-12-29 19:00,3517636,lessthan 32768,102
2012-12-29 19:00,3517367,lessthan 48000,54
2012-12-29 20:00,3524394,lessthan 32000,81
2012-12-29 20:00,3517636,lessthan 32768,83
2012-12-29 20:00,3517367,lessthan 48000,3
2012-12-29 21:00,3524394,lessthan 32000,203
2012-12-29 21:00,3517636,lessthan 32768,133
2012-12-29 21:00,3517367,lessthan 48000,38
2012-12-29 22:00,3524394,lessthan 32000,9
2012-12-29 22:00,3517636,lessthan 32768,6
2012-12-29 22:00,3517367,lessthan 48000,0
2012-12-29 23:00,3524394,lessthan 32000,84
2012-12-29 23:00,3517636,lessthan 32768,92
2012-12-29 23:00,3517367,lessthan 48000,114
2012-12-30 00:00,3524394,lessthan 32000,28
2012-12-30 00:00,3517636,lessthan 32768,23
2012-12-30 00:00,3517367,lessthan 48000,93
2012-12-30 01:00,3524394,lessthan 32000,79
2012-12-30 01:00,3517636,lessthan 32768,41
2012-12-30 01:00,3517367,lessthan 48000,52
2012-12-30 02:00,3524394,lessthan 32000,72
2012-12-30 02:00,3517636,lessthan 32768,33
2012-12-30 02:00,3517367,lessthan 48000,34
2012-12-30 03:00,3524394,lessthan 32000,96
2012-12-30 03:00,3517636,lessthan 32768,56
2012-12-30 03:00,3517367,lessthan 48000,49
2012-12-30 04:00,3524394,lessthan 32000,27
2012-12-30 04:00,3517636,lessthan 32768,37
2012-12-30 04:00,3517367,lessthan 48000,58
2012-12-30 05:00,3524394,lessthan 32000,54
2012-12-30 05:00,3517636,lessthan 32768,80
2012-12-30 05:00,3517367,lessthan 48000,56
2012-12-30 06:00,3524394,lessthan 32000,39
2012-12-30 06:00,3517636,lessthan 32768,45
2012-12-30 06:00,3517367,lessthan 48000,88
2012-12-30 07:00,3524394,lessthan 32000,119
2012-12-30 07:00,3517636,lessthan 32768,224
2012-12-30 07:00,3517367,lessthan 48000,104
2012-12-30 08:00,3524394,lessthan 32000,164
2012-12-30 08:00,3517636,lessthan 32768,40
2012-12-30 08:00,3517367,lessthan 48000,69
2012-12-30 09:00,3524394,lessthan 32000,103
2012-12-30 09:00,3517636,lessthan 32768,63
2012-12-30 09:00,3517367,lessthan 48000,51
2012-12-30 10:00,3524394,lessthan 32000,116
2012-12-30 10:00,3517636,lessthan 32768,53
2012-12-30 10:00,3517367,lessthan 48000,90
2012-12-30 11:00,3524394,lessthan 32000,202
2012-12-30 11:00,3517636,lessthan 32768,41
2012-12-30 11:00,3517367,lessthan 48000,39
2012-12-30 12:00,3524394,lessthan 32000,223
2012-12-30 12:00,3517636,lessthan 32768,49
2012-12-30 12:00,3517367,lessthan 48000,32
2012-12-30 13:00,3524394,lessthan 32000,90
2012-12-30 13:00,3517636,lessthan 32768,10
2012-12-30 13:00,3517367,lessthan 48000,20
2012-12-30 14:00,3524394,lessthan 32000,152
2012-12-30 14:00,3517636,lessthan 32768,49
2012-12-30 14:00,3517367,lessthan 48000,25
2012-12-30 15:00,3524394,lessthan 32000,106
2012-12-30 15:00,3517636,lessthan 32768,28
2012-12-30 15:00,3517367,lessthan 48000,16
2012-12-30 16:00,3524394,lessthan 32000,42
2012-12-30 16:00,3517636,lessthan 32768,14
2012-12-30 16:00,3517367,lessthan 48000,13
2012-12-30 17:00,3524394,lessthan 32000,259
2012-12-30 17:00,3517636,lessthan 32768,196
2012-12-30 17:00,3517367,lessthan 48000,49
2012-12-30 18:00,3524394,lessthan 32000,38
2012-12-30 18:00,3517636,lessthan 32768,234
2012-12-30 18:00,3517367,lessthan 48000,34
2012-12-30 19:00,3524394,lessthan 32000,87
2012-12-30 19:00,3517636,lessthan 32768,393
2012-12-30 19:00,3517367,lessthan 48000,28
2012-12-30 20:00,3524394,lessthan 32000,118
2012-12-30 20:00,3517636,lessthan 32768,212
2012-12-30 20:00,3517367,lessthan 48000,19
2012-12-30 21:00,3524394,lessthan 32000,57
2012-12-30 21:00,3517636,lessthan 32768,4
2012-12-30 21:00,3517367,lessthan 48000,19
2012-12-30 22:00,3524394,lessthan 32000,166
2012-12-30 22:00,3517636,lessthan 32768,158
2012-12-30 22:00,3517367,lessthan 48000,69
2012-12-30 23:00,3524394,lessthan 32000,56
2012-12-30 23:00,3517636,lessthan 32768,41
2012-12-30 23:00,3517367,lessthan 48000,38
2012-12-31 00:00,3524394,lessthan 32000,6
2012-12-31 00:00,3517636,lessthan 32768,33
2012-12-31 00:00,3517367,lessthan 48000,8
2012-12-31 01:00,3524394,lessthan 32000,109
2012-12-31 01:00,3517636,lessthan 32768,119
2012-12-31 01:00,3517367,lessthan 48000,72
2012-12-31 02:00,3524394,lessthan 32000,147
2012-12-31 02:00,3517636,lessthan 32768,80
2012-12-31 02:00,3517367,lessthan 48000,38
2012-12-31 03:00,3524394,lessthan 32000,165
2012-12-31 03:00,3517636,lessthan 32768,69
2012-12-31 03:00,3517367,lessthan 48000,42
2012-12-31 04:00,3524394,lessthan 32000,123
2012-12-31 04:00,3517636,lessthan 32768,78
2012-12-31 04:00,3517367,lessthan 48000,22
2012-12-31 05:00,3524394,lessthan 32000,90
2012-12-31 05:00,3517636,lessthan 32768,179
2012-12-31 05:00,3517367,lessthan 48000,179
2012-12-31 06:00,3524394,lessthan 32000,257
2012-12-31 06:00,3517636,lessthan 32768,83
2012-12-31 06:00,3517367,lessthan 48000,262
2012-12-31 07:00,3524394,lessthan 32000,197
2012-12-31 07:00,3517636,lessthan 32768,94
2012-12-31 07:00,3517367,lessthan 48000,41
2012-12-31 08:00,3524394,lessthan 32000,98
2012-12-31 08:00,3517636,lessthan 32768,27
2012-12-31 08:00,3517367,lessthan 48000,4
2012-12-31 09:00,3524394,lessthan 32000,121
2012-12-31 09:00,3517636,lessthan 32768,76
2012-12-31 09:00,3517367,lessthan 48000,19
2012-12-31 10:00,3524394,lessthan 32000,115
2012-12-31 10:00,3517636,lessthan 32768,59
2012-12-31 10:00,3517367,lessthan 48000,28
2012-12-31 11:00,3524394,lessthan 32000,98
2012-12-31 11:00,3517636,lessthan 32768,45
2012-12-31 11:00,3517367,lessthan 48000,57
2012-12-31 12:00,3524394,lessthan 32000,63
2012-12-31 12:00,3517636,lessthan 32768,31
2012-12-31 12:00,3517367,lessthan 48000,21
2012-12-31 13:00,3524394,lessthan 32000,111
2012-12-31 13:00,3517636,lessthan 32768,74
2012-12-31 13:00,3517367,lessthan 48000,16
2012-12-31 14:00,3524394,lessthan 32000,148
2012-12-31 14:00,3517636,lessthan 32768,37
2012-12-31 14:00,3517367,lessthan 48000,14
2012-12-31 15:00,3524394,lessthan 32000,130
2012-12-31 15:00,3517636,lessthan 32768,72
2012-12-31 15:00,3517367,lessthan 48000,36
2012-12-31 16:00,3524394,lessthan 32000,94
2012-12-31 16:00,3517636,lessthan 32768,25
2012-12-31 16:00,3517367,lessthan 48000,28
2012-12-31 17:00,3524394,lessthan 32000,38
2012-12-31 17:00,3517636,lessthan 32768,40
2012-12-31 17:00,3517367,lessthan 48000,7
2012-12-31 18:00,3524394,lessthan 32000,29
2012-12-31 18:00,3517636,lessthan 32768,73
2012-12-31 18:00,3517367,lessthan 48000,8
2012-12-31 19:00,3524394,lessthan 32000,31
2012-12-31 19:00,3517636,lessthan 32768,56
2012-12-31 19:00,3517367,lessthan 48000,13
2012-12-31 20:00,3524394,lessthan 32000,48
2012-12-31 20:00,3517636,lessthan 32768,182
2012-12-31 20:00,3517367,lessthan 48000,11
2012-12-31 21:00,3524394,lessthan 32000,37
2012-12-31 21:00,3517636,lessthan 32768,88
2012-12-31 21:00,3517367,lessthan 48000,17
2012-12-31 22:00,3524394,lessthan 32000,45
2012-12-31 22:00,3517636,lessthan 32768,83
2012-12-31 22:00,3517367,lessthan 48000,20
2012-12-31 23:00,3524394,lessthan 32000,39
2012-12-31 23:00,3517636,lessthan 32768,94
2012-12-31 23:00,3517367,lessthan 48000,21
