chainRank,chainId,chainLength,addressId,firstPositionInChain,addressRole,address
1,29215,717,4119276,1,input,1PuzJ7JcunksePoVTf8zLo5mRZGhLxmSM9
1,29215,717,4169549,1,"change,input",1AYd3MXC4ghHPneNnpzdqvyMD88Do33ZEr
1,29215,717,4169844,2,"change,input",1HAcCC3fPXMpdikQ1GeZCMMuwMhGgommAV
1,29215,717,4170293,3,"change,input",16tMPV6H6PPKxWzLmjEm7S8X2yKBvUrjHd
1,29215,717,4170387,4,"change,input",1Gs3V9CjrtsUguJVbTXsHdX2iAc4bBciRS
1,29215,717,4170480,5,"change,input",1F9tNrYiMbDurog4nHyjbvL9NMScyKvEvU
1,29215,717,4170498,6,"change,input",1K21gWaTdBCX6bDMRdMeSJs3eMSvWn6PQP
1,29215,717,4170510,7,"change,input",1M9vPkvwNs2Jun4yju8c3LirN7fKw4KU5x
1,29215,717,4170521,8,"change,input",1CE7HAN99L8Hkf1K8Metazv1Mep8xA3eJS
1,29215,717,4170529,9,"change,input",1FktUSYkcHpMMc3wxh2g8hheEZKNNHwwAA
1,29215,717,4170536,10,"change,input",1KnqCCzf7pcVtqSGP7YqoyHR82PXQtfhJe
1,29215,717,4170543,11,"change,input",1gG3ZxbvTLacHrXkMTvXsfSTgrtuiVrPQ
1,29215,717,4170550,12,"change,input",1AMfxjSgiaBh2rzX5S2rCb86BLkwebAVMo
1,29215,717,4170556,13,"change,input",1a1RmtVwZkhvSGJck54GKPyMtfy2u3VPe
1,29215,717,4170563,14,"change,input",1NfsnvrykvvtRQKTJdokQN23wgpPUkrWfC
1,29215,717,4170568,15,"change,input",14MdTzb1Uqacqtwjmowu4KemxH8aZNZYG3
1,29215,717,4170573,16,"change,input",1MXANmes24GGei8AYQj8sRayeN3f1iifc6
1,29215,717,4170578,17,"change,input",1DRmrQj9Hv2AW3uBYp3E26qDAyhH9wRJwC
1,29215,717,4170583,18,"change,input",1BPUpc8Uhi2FF7JnstDDj99aRtXqknVcKe
1,29215,717,4170588,19,"change,input",1JWfMXkBANun7v1LdregenCe6ebdW79TXB
1,29215,717,4170592,20,"change,input",1ApALF8Ms7zyu9JNKPg7fN1p5PCW9VRqW5
1,29215,717,4170596,21,"change,input",1giKgDswZgJFc2ECTxC9vENezaZcCsdTD
1,29215,717,4170599,22,"change,input",12tGXbBH3RY5JzqiHPrwsnGsuV5WoB6PrT
1,29215,717,4170602,23,"change,input",1BZw93pmUEHriEZkvVkbhd8WQwSJS89RUY
1,29215,717,4170605,24,"change,input",1L6p9v7TLV2ZABFfM8QZNFAEYz2Z9D2jX
1,29215,717,4170608,25,"change,input",16AQr3Ca4aKQBWjzLSQKDLGWegAJXmrqvE
1,29215,717,4170611,26,"change,input",1HFwMKFrDPijwLhcS4DD2fUUrQbYMEr8X7
1,29215,717,4170614,27,"change,input",14xRPYEX6821A2Apos3PfWo7xH5GdbBq5v
1,29215,717,4170616,28,"change,input",1AKgS3D2zfN7JCgZEq5TxXGF9AZLMDA4SD
1,29215,717,4170618,29,"change,input",1KZjcdBu3W62ZHqhBSCECBwdAbhFbqpufd
1,29215,717,4170620,30,"change,input",15kpJcA7oR2in155K9frgSSDf2g5mbk8oh
1,29215,717,4170622,31,"change,input",176ZhxA6hCQXia6Ppv98rFhmVQj4f8obGg
1,29215,717,4170624,32,"change,input",1LMa7ESZwE5et71fWtXrdm3VKJBh1b6Mbv
1,29215,717,4170626,33,"change,input",1BAEjd9vB1FDS2fXoXKDfZkCsZQvEtzt15
1,29215,717,4170628,34,"change,input",1JAHnGi3kt7PQYsF7A19AWi4SEZANbFG9g
1,29215,717,4170630,35,"change,input",1KvbYekvDmx659RTY6JEYKuGYDUDwxWFJx
1,29215,717,4170632,36,"change,input",13WQ8DH1ScLy7d4UGyB3hNcnJKpvZawPeq
1,29215,717,4170634,37,"change,input",1ETx3QCp979evRpMn7anfzHTaunjd8SDSL
1,29215,717,4170636,38,"change,input",1PoyN3SHTR4R9b48C9TERDtX3rroFCrGaX
1,29215,717,4170638,39,"change,input",1GNnmXwUTkNRoqiLojcaXj6hcmgj1ZhBVr
1,29215,717,4170640,40,"change,input",1Hpcm1RWLBDoCRVhwHU5nW9KyomTZ1WS24
1,29215,717,4170642,41,"change,input",1GKBR6xWWQFTdt5B9f6ZRcSxuCoBEygKLR
1,29215,717,4170644,42,"change,input",1LnBhsWF7nZQa5hcGTAWqFKJoRdpXmLHaQ
1,29215,717,4170646,43,"change,input",1K45KZHtQi8Nk7Zto2NPdY2saFJ1vJdTtq
1,29215,717,4170648,44,"change,input",1Cv3rAqtGPqnmBf4uFj3CnHaXFZ9kMhrbB
1,29215,717,4170650,45,"change,input",1FCNhsgbSiXuUKCwb7YiF2EkVcpAiZcwHv
1,29215,717,4170652,46,"change,input",1AU6KQKiJAfPqCxs8DGWeREkd9P9tsj5cy
1,29215,717,4170654,47,"change,input",15z93dVYzUsWrwKzghxN9a2QJq7PBZ3CrQ
1,29215,717,4170656,48,"change,input",1LsDNNhJAYoHSSFDnNW4mf4Z1QTGcEX7cw
1,29215,717,4170658,49,"change,input",1J8ejkds5W2AbszZRXHqubQ6aApfbXDdyi
1,29215,717,4170660,50,"change,input",1L27gau5VXtn2wyzWcdq9qcDDGFjtRxhpY
1,29215,717,4170662,51,"change,input",1LwZBVoQ14ADnFA6XwKi7QVLQG5fwEoNFV
1,29215,717,4170664,52,"change,input",13xPoyyQmJ7JBCAPFJ87pAC4pmhVH3Tvtk
1,29215,717,4170666,53,"change,input",1RJoGrd1yPhkbzWPkN42L6UCK8PKtp7nG
1,29215,717,4170668,54,"change,input",12ZgpfXhrHADDNcnyPAAYyDvN1mKWyjgsJ
1,29215,717,4170670,55,"change,input",1MmS72NxGwnob5k96WEhH2oaTzYsnjdeyQ
1,29215,717,4170672,56,"change,input",1BR9tY7Ei7Ey4Z9pCoB3C1jzmLoStA9pPE
1,29215,717,4170674,57,"change,input",1P588HFmjyBh7scZt8HAxYrm4JjZr8DUvR
1,29215,717,4170675,58,"change,input",1BndrgjBmsFbCunjF5arc1dpCuKG4DpJjx
1,29215,717,4170676,59,"change,input",1KKq9a7B9fop4kFQkknmkdBtVaUAHkYrQQ
1,29215,717,4170677,60,"change,input",17aLaoFXykx5isUqwKE5uaGL8Z5iDjvByh
1,29215,717,4170726,61,"change,input",15FqFmyBC7tS8yUdrYQRX2CZCp86AsycTH
1,29215,717,4170762,62,"change,input",19KghcejFdeSfNzgLaKwzsMMRhurhzMJyT
1,29215,717,4170763,63,"change,input",13dT7Xthf484NMV6r6PvjsSsL83kehpXfE
1,29215,717,4170764,64,"change,input",1Q2TVUm3GFNJKafxZ2vw9RKYXd592iZaAX
1,29215,717,4170765,65,"change,input",15fdekvUE32p9mf6cmShjqLGJMXt4X9E2k
1,29215,717,4170766,66,"change,input",1DtbXxiebrdvr67KNtAebCXdcCb2LtKkhx
1,29215,717,4170767,67,"change,input",1LSKXKGJJnS21TgXwinnDCVbqJrAt4TwQu
1,29215,717,4170768,68,"change,input",18iX3b8MnAMtDBCgkg8VJB88oAtyExoki9
1,29215,717,4170769,69,"change,input",1EHDdyBAPVgkpX4fep57ggiorGovka6gFH
1,29215,717,4170770,70,"change,input",1FFibPaxjU38oaABwxuvqB97gDGrv4GL6W
1,29215,717,4170974,71,"change,input",14dW6tTBTgwaDjVGjuk9Ue4ehivPmxQcFp
1,29215,717,4171134,72,"change,input",1BkGywhiTzTLc7HyKwFYRM1kj7QcD7RpJq
1,29215,717,4171152,73,"change,input",18xPF2MF8W774WGgB77Be34SDcisqFiFcP
1,29215,717,4171165,74,"change,input",1451LvmgCwbds6NzydmJgwQdsW1F8DnW8g
1,29215,717,4171176,75,"change,input",1CuhoAsreBV4pdBXsSLC3zFDc6RQnDeats
1,29215,717,4171185,76,"change,input",19Ff5jbMqvPSHtSwuSP24rjWRKWefm7A53
1,29215,717,4171193,77,"change,input",15sVtTP1CZhTqSd1M6bo3vXmWQ4ksuMUKP
1,29215,717,4171200,78,"change,input",13yGYqfgGMK3MCXvfdEFyXdb2J5kZic2DP
1,29215,717,4171207,79,"change,input",1MrUbkBV5i6PtMBegTV1LG6xGh7NpGZXiY
1,29215,717,4171215,80,"change,input",18D6QRnDdezgHHxa5JYsLNJafZCNgFci7P
1,29215,717,4171221,81,"change,input",1NrP6HX6MXvD6Zp59o6nM84spBCb7D1Qfx
1,29215,717,4171226,82,"change,input",19rwCDzsBz5Jj6aUrYphxxmJ9Gszo4PSG1
1,29215,717,4171231,83,"change,input",1Hp63nsmCuPvSTJdGptvPiTn8APottCvZp
1,29215,717,4171236,84,"change,input",18vdDsQ5eroPkSmtMx2LR1Nzy7MHHkuEoc
1,29215,717,4171241,85,"change,input",1KMa46psCkDGxUURgv9FJPbBvf95msnNcs
1,29215,717,4171246,86,"change,input",1CupU5KrupCnwKJuURUpvxGpX3Ch5q8ksg
1,29215,717,4171250,87,"change,input",1DqJb9xDXbSJv7yzXpaXHipk1R5rtoT83m
1,29215,717,4171254,88,"change,input",1BPs9viWdgww9cgFFZreiZrPgR4EJf38jp
1,29215,717,4171258,89,"change,input",15kAtEFoMRvVy488RhUcxETZgacCdFydrJ
1,29215,717,4171261,90,"change,input",12MSo8jR6G8k6uL9jLGLuAWZWfgMjNqvKT
1,29215,717,4171264,91,"change,input",1Br6Ms7EdVmRvFbFYEorBHDSK5PUpMGDPC
1,29215,717,4171267,92,"change,input",1TXbQgWauo2a48d3DAMxA1oD1s6NjoG6d
1,29215,717,4171270,93,"change,input",1J13SCQ1e2hAGJKfmRo1g96mVeLwyGK8cf
1,29215,717,4171272,94,"change,input",12rrwDfrcqR6zdqprrDYmgNrsxtygMAPGH
1,29215,717,4171274,95,"change,input",1PMjhSCBDXAC4zsdDc6E1ZaThEQTamDnF9
1,29215,717,4171276,96,"change,input",1GCeX6A7jYBNgAWL2F5aCQ4a7GvMR1zcWS
1,29215,717,4171278,97,"change,input",15QCULhJSRfyT7AcYZKjfNNwrR4B9dTPAr
1,29215,717,4171280,98,"change,input",1JBtACk3bRDTzYoqKZg9B8z5XAcM4XmxRy
1,29215,717,4171282,99,"change,input",1AnRmfs1pHKxYuSgk4McaFA6zH7pZTqzWY
1,29215,717,4171283,100,"change,input",1CDqyTB5W7rfFqYxpHo5DEAo3fMjQh8pKN
1,29215,717,4171570,101,"change,input",17VoCmZEsYFQqSQqH2UVq7WwtTvJ8TW1Vx
1,29215,717,4171710,102,"change,input",1PiGbXKuSWXcoWzad1drrCDypxFE81rKcZ
1,29215,717,4171785,103,"change,input",195Asr615N4puLN9FK1JSofFDLC5jiZSmt
1,29215,717,4171953,104,"change,input",13cGpueiYQ3cPcebtBWS8uCaWuioz5nEP1
1,29215,717,4171980,105,"change,input",15j4CibBnBMPMEWx9TZN7dfKuowdW9BkCf
1,29215,717,4172001,106,"change,input",1PHX6Qy9JtgvQeDshqx4yw3gV3a3VM5fLg
1,29215,717,4172010,107,"change,input",1GhFYE6HCtPRWXBgwK99oZF1pFEUBJ5fsF
1,29215,717,4172020,108,"change,input",1MHbDqCXXp1asgHRMs9gLtiMQq3EU1qsLH
1,29215,717,4172027,109,"change,input",1NQUBiztsoJY4J94xVPP4Atx3jRPbW8yxr
1,29215,717,4172033,110,"change,input",19xXWzoPT4vbL8sxVSvvAUQA3jrWnXFXn2
1,29215,717,4172039,111,"change,input",13Wu5cMtgzZh6S1EhiF1xFf7LQqiJmxZ57
1,29215,717,4172044,112,"change,input",1AXEvW7QrgczHmH7RcdEizHD6ez7XxhwAf
1,29215,717,4172153,113,"change,input",1HvrWA9WVMnZXQXvKpkMpsGuj8cFFd1Z7e
1,29215,717,4172207,114,"change,input",19qRkefa2hjJr8F3GBwT7gMeXY5BX1EdDH
1,29215,717,4172215,115,"change,input",1Myeys4Sx5jVj4NMHrXWVFj4kr9NP1mVA9
1,29215,717,4172223,116,"change,input",17vULCw2waZsozARTB1nyziwqma1WKyg6e
1,29215,717,4172230,117,"change,input",1EooFC9qJ4TPFkGxXYL5e48M6c54X7QMu5
1,29215,717,4172236,118,"change,input",1EBzmx8WAGQYCxstSmVktepPjXmVPvTJ2y
1,29215,717,4172242,119,"change,input",1Ngp9aGKZGAqKm4Un6n5LDAH3W8UUEhNEm
1,29215,717,4172248,120,"change,input",1QLC5akKb5dAr2mDxvfWymEKDQ9PjUbVAa
1,29215,717,4172254,121,"change,input",1PLNr3yGGmc7DuCCqbfhE5YvK2C5JnTPNN
1,29215,717,4172260,122,"change,input",125LPXGKBgVw6DZnST5aAGvHFY78N9xNMg
1,29215,717,4172265,123,"change,input",1PiCaEzJqF8NhnEDV6j6ZiBM1aoAZZx35K
1,29215,717,4172270,124,"change,input",1GpWt9avoG9XUvdwrNrFKcmHX6UiSqbkG6
1,29215,717,4172275,125,"change,input",17Ndwtc7kncjri4ciNq4JQwR5dMuaysR8x
1,29215,717,4172280,126,"change,input",1JCdDprx1xJjMcufd9qFeDwBqkRWmuHnRM
1,29215,717,4172285,127,"change,input",1PtwWs5aPw5F93A5SGhvJwada8xSqr71SS
1,29215,717,4172291,128,"change,input",12zjpCVDquMkZ25zMPridPgs2EtWTmSWNS
1,29215,717,4172295,129,"change,input",18xUBSHrBBFLrR7RbBnzSu7176aVJjvhs8
1,29215,717,4172299,130,"change,input",1BkUZf6XoCz3UMJEiW7qyabbycaAXbBL2n
1,29215,717,4172303,131,"change,input",1Ni4s6jRE2BPaQ8A9owP1hjeaf6UwhXuvP
1,29215,717,4172307,132,"change,input",1FXtjebkPLyu4va1BY3drJMXodHzs7KniX
1,29215,717,4172310,133,"change,input",1AoWvKNNxJjJAJtwXB5JwAEagzvGJnwsrB
1,29215,717,4172313,134,"change,input",1Am2455ZWZzizvmt4eEzhnWTzTqePwq3ys
1,29215,717,4172316,135,"change,input",1EeDnktM2N3CUgxJdZdu2pcSmXyKGze3ta
1,29215,717,4172319,136,"change,input",15c22sb5KUhywJvMaRLwBCEFiUSUB5v88E
1,29215,717,4172322,137,"change,input",14UzZkDTH53tWQGPgYVQyygCqSTMEaftND
1,29215,717,4172325,138,"change,input",1KG6rau4pbJJ3gHkjsPZL7wqNCHUYMAQiR
1,29215,717,4172327,139,"change,input",1F7fQMFXaKcdMkZsXD4XZBmFwzTP9erYks
1,29215,717,4172329,140,"change,input",1FZaLCXtkDQxn19NeyTjW3hJEbaqmVttUj
1,29215,717,4172332,141,"change,input",19KieDCCrCyUKhirPb9fCPWiZp1r2Yaxgh
1,29215,717,4172333,142,"change,input",121EcyMRGY1FjAZJF9SnVJsZKpY8MUcRYM
1,29215,717,4172334,143,"change,input",19tYJ6ab7fPX84U96UzhEvWBwSJmwHEEs9
1,29215,717,4172335,144,"change,input",1FsSgLu2pCfGshMvUFQ8Lvs79hh1iAbUDG
1,29215,717,4172336,145,"change,input",193XqmtN2NHZqjHuMnm4AyzzGaXdLs8Gn7
1,29215,717,4172337,146,"change,input",1MZxZMFKA7qoPkUDLdrDd1nHANxSnc84cJ
1,29215,717,4172338,147,"change,input",17zWmY5H1wuEBvWFvhPX4k1TPwg4Z6LzDr
1,29215,717,4172339,148,"change,input",1EDRBS6jC3qSz7ECh35wMCTrvaV1V2cVRs
1,29215,717,4172340,149,"change,input",169YF7oeUuPMj1voDBJjSj9p4YHGKt1hyB
1,29215,717,4172341,150,"change,input",1EoCZSHve1AKjSgcE6XVVLceV1ZwLRvqRb
1,29215,717,4172342,151,"change,input",17pdiw6DhTSZm4Y3L5aRURVQGSgd4cpC8b
1,29215,717,4172343,152,"change,input",1KWo6XRfYNkBWUouDASpWSGdbbq4Pf5Lsq
1,29215,717,4172344,153,"change,input",199MnWxfrqtUnvXADvbrrx1FTyALwF2pgV
1,29215,717,4172345,154,"change,input",1AzH26giKMt4PX8pdEhApBgJ5yZCo9ybt3
1,29215,717,4172346,155,"change,input",13SbndUWj4VPJExWdHLo4grainTft2iwsg
1,29215,717,4172347,156,"change,input",1Eohyiejwrbi1rHaMKCDYmRh7RMQVHzYhc
1,29215,717,4172348,157,"change,input",1JiCVqQRC5rveUHQQatABJuxVKGiE18VDq
1,29215,717,4172349,158,"change,input",1MxWViE3hiwQApDJt6SojHo7Q7nQbj2vHA
1,29215,717,4172350,159,"change,input",18FpEcRhbyMnLTxKx9MVxWX96WUC8hmeuH
1,29215,717,4172351,160,"change,input",1HtJ9m9wmJp1ip3PxJgzQqo1FUtpWvsfrX
1,29215,717,4172352,161,"change,input",18BvydcSttsEqrMnKQznfVLj1DWvT4XW6r
1,29215,717,4172353,162,"change,input",1KATrPhpUGgRgnC2fQsGTfSVpiiek8DxZm
1,29215,717,4172354,163,"change,input",13EKLhoEpqdSFsMwyYu2Ub2W7SBzneDHWF
1,29215,717,4172355,164,"change,input",19w14VZU9GaF23h2CgsHhajUq5eKcT8QGF
1,29215,717,4172356,165,"change,input",1CweheV6vQyBFCXH51gAMpbM5YkqgSHwsf
1,29215,717,4172357,166,"change,input",1BmpnweoSvbJ8h8AXZGnJFFbwpvNTL25NL
1,29215,717,4172358,167,"change,input",18898tyjKW47bkdB9hVRtzxBptwQGWnw1n
1,29215,717,4172359,168,"change,input",1HPkuUd6Hspf6tYk75N39iFsCTaEf8Vjcd
1,29215,717,4172360,169,"change,input",132b2M98yKS3Uyh2MdU4AbcDnJfxBHhBeX
1,29215,717,4172361,170,"change,input",17TQc62nCnSpi6YEqrTivTUqmzA2CCwn9A
1,29215,717,4172362,171,"change,input",1Q6RqKmmhbeT3ZaGWNUDQfVr9MUM34Arxm
1,29215,717,4172363,172,"change,input",1C168AQe4ZXPpXBn33D468A41JfzXYBLQ4
1,29215,717,4172364,173,"change,input",1KMWmvt3V9D8U5UQVSJBkuo2w6Bc8r9Tpc
1,29215,717,4172365,174,"change,input",1CC8cH7GG49k26XUq7DTsR2MynuURSjMpg
1,29215,717,4172366,175,"change,input",1AxPPn84W47csHFUZriQwZ1VqDKVjAyDak
1,29215,717,4172367,176,"change,input",15joiNY6w9BZkeowrCeyUNwCmXci7JpDje
1,29215,717,4172368,177,"change,input",144VJeVWdZhznEvBLTExdhBnSbgBDnCHhh
1,29215,717,4172369,178,"change,input",19FyTzvk4tjRA9yrd5JugdcxVaV27x2Ay
1,29215,717,4172370,179,"change,input",1GsKGqSPADucNe3GAwxsnK61EzyhzKaaS6
1,29215,717,4172371,180,"change,input",1MQ1ESzZhov47YW1iqS4RR9PrhBG8f9Ndq
1,29215,717,4172372,181,"change,input",1A7Hp5ap995ArAojQknvKDZHkSdnY99169
1,29215,717,4172373,182,"change,input",1C75bc9M5puVQ9JAAs67USAnNPtTikqddy
1,29215,717,4172374,183,"change,input",1DXEMnmWXLD4m8ujFcduj3QxBJC1W6kfLa
1,29215,717,4172375,184,"change,input",1F87yZvWNLRKm8U8gtcWUBAXxFArgJwb2Y
1,29215,717,4172376,185,"change,input",16Un5qCCwH87goPfLLKuaHVWBptU4c12J8
1,29215,717,4172377,186,"change,input",1CRAUi2vVBuGwum6rt6uRdPftUrVd5cHo9
1,29215,717,4172378,187,"change,input",16ZRhgMp5RkAjSHFLSZJqxj19Li9FymHdq
1,29215,717,4172379,188,"change,input",1BPstxKQXrUU9sobfgnLaY63vmVx73b4qr
1,29215,717,4172380,189,"change,input",1276dz8opwNxBNbYVBRHNYo5nsnUANKJNq
1,29215,717,4172381,190,"change,input",1AzhdPgTfBUW9meUMNYWXsU9gqAnFnM1Hy
1,29215,717,4172382,191,"change,input",1FirxGAHruvcMAhsj1M4Y9QYoj68CK7hLP
1,29215,717,4172383,192,"change,input",17biGA4mmbvYDvTagZ1V62TJPQLMvR7ocW
1,29215,717,4172384,193,"change,input",1FZQ7dwdtTCEEU2pc1AT73frtsVihGzZud
1,29215,717,4172385,194,"change,input",13VaGyrEw1ofnCUtNvsiKHhQzFjwHGN77F
1,29215,717,4172386,195,"change,input",13o6Z55XAXBoMctF6UR8AFsN3bGphi2djB
1,29215,717,4172387,196,"change,input",1BbbnN4eAURaohWSWnZTwx2ENkvrK9TwTJ
1,29215,717,4172388,197,"change,input",1KvH5q7Yf3k5BkZAnNGsqEYf73NarP2xPZ
1,29215,717,4172389,198,"change,input",17vSV3496Wv26CiEHiViNuUbjZ2aiBykGi
1,29215,717,4172390,199,"change,input",1JfyPRJonGLR3NopmG8QYUhsmxGHkLvEcE
1,29215,717,4172391,200,"change,input",1L8RdtmXur8DrDQt8TgSMTGKbtdJS5kofS
1,29215,717,4172392,201,"change,input",1MpZ5NUwcoQKL5BVx97uRqhYcCgNKnrEMr
1,29215,717,4172393,202,"change,input",1Bn27ZEeZg2THvqJfFEu3aDsDFv34RpCZu
1,29215,717,4172394,203,"change,input",1GDbojeKZF4AKqYCbhGVPj8MkukvbZ4m29
1,29215,717,4172395,204,"change,input",13h3HtkjfjA1rNH4EoABfgoKDFkaGKtskP
1,29215,717,4172396,205,"change,input",1DdYmKf3rL8zEEdSh1gB8UtSQooRhZEWXZ
1,29215,717,4172397,206,"change,input",14eB863F9QSH1P2oh9nxf8Rzuo999cyqmQ
1,29215,717,4172398,207,"change,input",12ZEshd41FWX2a2wg2V7MrngsSae7bDs1A
1,29215,717,4172399,208,"change,input",1pNDx3L2FzFb2TW52A1KKZRwiyhEm3ijX
1,29215,717,4172400,209,"change,input",152dVkeAuZvwsPUv6cyF9231gcF43AA1b5
1,29215,717,4172401,210,"change,input",1Mscs8T4JMKhuYEDnHTSamYrfCVLsp1knA
1,29215,717,4172402,211,"change,input",15KXoFGdAhzxNNDWq4hL6Komjrhoj5z9Nm
1,29215,717,4172403,212,"change,input",1FqSjsqokyXPCkrEDHNbWHFcJ4JWUvY72H
1,29215,717,4172404,213,"change,input",17x2eUMkAWBFSvff7gijAVakMUhofRTVpa
1,29215,717,4172405,214,"change,input",1A5VGt3YiS9bAgAwqVRrwuQYkFLYEJmXFk
1,29215,717,4172406,215,"change,input",17qrFo6CEtEWHiAoRMbSLxL5L5h23DLZQd
1,29215,717,4172407,216,"change,input",1CDnRhodqQ3ENRcV9ryey6SXQcNjoh3Lwo
1,29215,717,4172408,217,"change,input",15gfbuMJqEP5oCXKQNd5Kq82EPrCiXFkFb
1,29215,717,4172409,218,"change,input",1EHkzYrH8Kdahv8tzAbxucT6aP6hpkRxKZ
1,29215,717,4172410,219,"change,input",17ScpfBxq8UhcB56Btkbd26Tzjy5VWv1o1
1,29215,717,4172411,220,"change,input",1CfZ37Fk322LQnxrZP1mgePPXaWvbuW4qd
1,29215,717,4172412,221,"change,input",1B3ebG2PTzSksrTdvRs8gc27HeP7jHCHSV
1,29215,717,4172413,222,"change,input",1MwHckDeWRZbFifzGgrt9Vvj1XZLUM22uS
1,29215,717,4172414,223,"change,input",1DZivYrEozyaCg2FXj5ifUMiAKjRwHZgGx
1,29215,717,4172415,224,"change,input",1Bg7Vob2zTBWP5HRXy4ttDHJ1fgPtHWwat
1,29215,717,4172416,225,"change,input",1KTZmM7WjZAfH1rE8G212hFt8UBg6GfqUG
1,29215,717,4172417,226,"change,input",1A8KA7tn9EkryTW6sAbVbbcBFFC5VLiW6q
1,29215,717,4172418,227,"change,input",1AJ1ubpiWhBZuySLJn3aNcBkHECNjvSUbB
1,29215,717,4172419,228,"change,input",1DQ6rbVYTLcxwPQAfcSTE4oGzKULgvf6J2
1,29215,717,4172420,229,"change,input",1697p1BAprQRvKT7EVqyjGxR6DG1VHrko3
1,29215,717,4172421,230,"change,input",1AwNu3qhGjZUiTQgoQqCDxYhrtrxFhuqxZ
1,29215,717,4172422,231,"change,input",1BzbSdhtBxamkMGsHfETjmoCAUHgy6LA1f
1,29215,717,4172423,232,"change,input",1MCL1Qi3dewac5A3ax67UKRiVg3atBHEjP
1,29215,717,4172424,233,"change,input",1Kn131LhA9m3gx47SeTmX9DfZBFuj1snkS
1,29215,717,4172425,234,"change,input",149miCmrzD6izGqc5ePTLbfYxL45zn9xBR
1,29215,717,4172426,235,"change,input",1J68c8iu3WY5Lm8DHtrME78R7eJraYHYmK
1,29215,717,4172427,236,"change,input",18etsLA4mc6TAwwBjitTWtqxi4aWraqbGz
1,29215,717,4172428,237,"change,input",1JSzKvnnGkaxxHrVYPG1uNXmD1yWRN6w9T
1,29215,717,4172429,238,"change,input",1Pxg5Dqpa9SMjVCAf2fNyZdv2KKS22HPHo
1,29215,717,4172430,239,"change,input",1PVHLpvpLL58fkiJefgMS5Y6r36JnzrmNV
1,29215,717,4172431,240,"change,input",1CdAYrREtEygarEKR2zufuusGfytB3prWe
1,29215,717,4172432,241,"change,input",14he7QeARxJJYdsKt4CZTRFpqWoLRpGvJV
1,29215,717,4172433,242,"change,input",14MGTKBeHBC7KaTzJFv5rj7bGiLyfV4KYf
1,29215,717,4172434,243,"change,input",13nUcjD5mUELNSNkEwDvZLXHEGRsUzY5Es
1,29215,717,4172435,244,"change,input",1HpRHiF8msg6rhHFunmArfwq4QE4CnoKMp
1,29215,717,4172436,245,"change,input",1KwyxPVYwuWd5HN4RBhdSqJGsFvwGVPvYV
1,29215,717,4172437,246,"change,input",1FZuvtMCMgGRpMRJpJebMMHP4zLAMY5Roe
1,29215,717,4172438,247,"change,input",1J8aPAbdoJCRE3V4grpUWesr5eX4JmDfKF
1,29215,717,4172439,248,"change,input",16jzkAf4EpTAQbT1tje7DVhVcUvvdHnzSs
1,29215,717,4172440,249,"change,input",1G2V4t7AbLQtmZTpi5svATELqjXzbh7JZ5
1,29215,717,4172441,250,"change,input",1NwehTp9FbirHCit4r2YKVtu2CT6MHdNMg
1,29215,717,4172442,251,"change,input",14R3Zg6JUeJfvnPo76H2kZvX1Dsjj69Pr7
1,29215,717,4172443,252,"change,input",17rp6TSnHnit6f6KMsmkeo22DYLAUFxpDv
1,29215,717,4172444,253,"change,input",1DS8dNvFw8ws4KwM9A4DUWNca3t76r4Tap
1,29215,717,4172445,254,"change,input",12vDx98u5gwKSzATzZkKPPwAgXEzUWJEKa
1,29215,717,4172446,255,"change,input",1KKLXQY8SUm6b2wb2BZrSAyo2BifB2xv7s
1,29215,717,4172447,256,"change,input",1AbMYQSeaZs1BfKw8BNzJJaSbRyQWJCQMe
1,29215,717,4172448,257,"change,input",1LFuWCKeK18ufrEZQqPJhgecAcJJrD5VPY
1,29215,717,4172449,258,"change,input",1BdZDDPvMmXCKY28Jtgyxs7KxTBW4YzQwu
1,29215,717,4172450,259,"change,input",12usqAKe89wYsTRhF6qd9R2yc9QboBV3ux
1,29215,717,4172451,260,"change,input",12CKMGjEoYniADRKeNHKctYBmL76h4La2W
1,29215,717,4172452,261,"change,input",1AaBDxq6B153kEVG9Fc7yfWKnyCPppGnNr
1,29215,717,4172453,262,"change,input",1J83PxPHTRfhUbDMnQB93ztsgD1BnLYrU7
1,29215,717,4172454,263,"change,input",1N7CYHpsKGhgXfxJYYZVRGvdLaJazRMHHh
1,29215,717,4172455,264,"change,input",155Fx6dL6wxW5VEKGSCAGoxhJTBMZh2r9f
1,29215,717,4172456,265,"change,input",113NwPSrPZLdon2Dv24Cr7tA8wB7bZUtJC
1,29215,717,4172457,266,"change,input",1Bry4ppEjwzBGXxBdSAgTNocH8WqrNiSE1
1,29215,717,4172458,267,"change,input",13Ssb4DdCK4yQie3ZHNGZ8YCgjAhwBkjqm
1,29215,717,4172459,268,"change,input",15bjR3QHNQTgC7r8kpESf2e7hiez8P5sgp
1,29215,717,4172460,269,"change,input",138u87rqvEkbzy7rkwRwAevp6SB6Kycqks
1,29215,717,4172461,270,"change,input",14Jz8ercvZeTsaestXa87sd3pZouM1RTrB
1,29215,717,4172462,271,"change,input",1CQ31A9tGEot92cXHLP9HpcTrqaEN6xX5V
1,29215,717,4172463,272,"change,input",18FnmaLXehAMx8okgdNajmusGtzK3yzy39
1,29215,717,4172464,273,"change,input",1LYrnZvpsBmQQHyVZBvQJWEQ2XH4AUD835
1,29215,717,4172465,274,"change,input",1PBVv5aEHJBcos18odgkxiUHMfDnyS3XAu
1,29215,717,4172466,275,"change,input",1Piz61bb8TNN8aPn9QNgamFYK5qYRAjXRm
1,29215,717,4172467,276,"change,input",14qzhjrSXMbki6tBJ1acQ1rkAVVK3zQpuC
1,29215,717,4172468,277,"change,input",19bsmtHxqXEY2c8W6WujDcZyjEGnfW5t9w
1,29215,717,4172469,278,"change,input",1HzRmthwPrZfbAaGDyF7md7qYf3T1TEubJ
1,29215,717,4172470,279,"change,input",182BGtmgpBQPWXKQpmKYPxxu5SF6W1tRmD
1,29215,717,4172471,280,"change,input",16gBjzsp5BY1YxvaF4rnnpLEKkPhpGRy6j
1,29215,717,4172472,281,"change,input",18CKoq7LzpKwtNohMJyauEFRxAnYXFcVz3
1,29215,717,4172473,282,"change,input",1D3UgugD5ayyR2wjyiP9KrCpmgNqGRdhsr
1,29215,717,4172474,283,"change,input",1CdHFxYeYnkC4DmPqyB4s6LcuGMgx52tkH
1,29215,717,4172475,284,"change,input",1CQgspa3odMcgakphXVCS2QzEN5tqBFUht
1,29215,717,4172476,285,"change,input",18JyHXhcbG6JtJ5eVcQcu4H6haZaRREhLY
1,29215,717,4172477,286,"change,input",12eUkqdfoL9yG6uFbazeJe7PNrXJAULdPN
1,29215,717,4172478,287,"change,input",1EAsFq7hgLL7qPoqJMhTEJw73CALXb4Sst
1,29215,717,4172479,288,"change,input",1NpPbkoEVbKVCVAkV37EJY3H9pTsBuNDY
1,29215,717,4172480,289,"change,input",1KxVi3yLFRYKpaN4wegrdSKSzZomXdj64G
1,29215,717,4172481,290,"change,input",1C1chgzj4i5Ko8dbB4w4Z9Fa4EnZFJ4YQ4
1,29215,717,4172482,291,"change,input",1PFpbW3UNW1AQjuTGYBCUhdujKfb4Z6GKB
1,29215,717,4172483,292,"change,input",1F4Q11Qy4wx3U4f5bnLuGq2qRSvzgk8jJz
1,29215,717,4172484,293,"change,input",1981wLG2iJVJkWsPGin9BDYbL2N9VFWeJq
1,29215,717,4172485,294,"change,input",16anAr1NRYhwp3HpDrjHCoFf8uTwBXuG29
1,29215,717,4172486,295,"change,input",148h6eX1R13gpa2tyiKAPYdx8UMPUQe5ah
1,29215,717,4172487,296,"change,input",1K1fMrLADgBEJn1qKi1mcTDSzVh2b648nV
1,29215,717,4172488,297,"change,input",183NNU1zKWR6LPYVW1yypu4iJwseyyNfi5
1,29215,717,4172489,298,"change,input",1Dr3HPpdL1qLTKxdXfLfB54V7TmpgJR57K
1,29215,717,4172490,299,"change,input",1CxXagz9rXR7ZEzXa1GG2zC2ngpLTY57YQ
1,29215,717,4172491,300,"change,input",1DWd1HQppTMcSV4zsbPsouvjhs9BxQnst
1,29215,717,4172492,301,"change,input",1JsXFwHuJBbgbwGF6PDjbUgTHmyk7xsR3U
1,29215,717,4172493,302,"change,input",1A4WLSkZRCdLeNTaY3LXfGatRxCUkgPk9C
1,29215,717,4172494,303,"change,input",1NWmXW2RAy9Li2tBMLVdfboJU7bij4PSE6
1,29215,717,4172495,304,"change,input",13cUqZ2gw3LPw9TWcdQKhhzHM8T9HLXJy4
1,29215,717,4172496,305,"change,input",18j41sHdKHLcQkGVmZYN3tRhXv99tUuaa2
1,29215,717,4172497,306,"change,input",1Ns6mnvWVi8cpvsvT5cwFbcC6Xv72w5eiy
1,29215,717,4172498,307,"change,input",1E5nQLQWop7RnAkGmRC4x3NKQfA28b9Xf7
1,29215,717,4172499,308,"change,input",1NGujrgEQFi75A9nNj84C1eQTQhd5NXCHJ
1,29215,717,4172500,309,"change,input",17Y6pnCfkdpx4XMBgh74hYHodk1VGaiY38
1,29215,717,4172501,310,"change,input",14qb7bdFf53DAFfazSUqbfh5McRR1hHrx9
1,29215,717,4172502,311,"change,input",1BdBp8wMnoiNg3b1WYQcrDaLYeM22m1pDn
1,29215,717,4172503,312,"change,input",1NcCEZndYaWqkjWy3MMPV1TwHRkFkWaT9z
1,29215,717,4172504,313,"change,input",17FMvLytRehZ5DqkqVs4J1X5G4wn2jW5ha
1,29215,717,4172505,314,"change,input",1NpUcWRZCZn8sg3333vWbWKd2wDzYkAtmC
1,29215,717,4172506,315,"change,input",1LMPkGi9HLNBcVwEQqFfudxK5wYn9oxGrg
1,29215,717,4172507,316,"change,input",1GycYDo9269ssatVyWLryG8WEunDJSqxfJ
1,29215,717,4172508,317,"change,input",12kJ5LmJRRFjEtdinnsLy2vijQkU3VJRVW
1,29215,717,4172509,318,"change,input",19a1pst2DpPigMNEectnhnG9svT7rGFZR3
1,29215,717,4172510,319,"change,input",15Ra1rVgNoeCa6xNdRukS4STWrp7ixFQAT
1,29215,717,4172511,320,"change,input",17iYKZMgWLWqkBTjJhGuDk5tesQSU1q4rF
1,29215,717,4172512,321,"change,input",12Hy6kFXaPr9KPxfTyMPChL32G46vz1RUF
1,29215,717,4172513,322,"change,input",17NJ1Btr4ztzPmuNGpUqUnLMPG1gRPNDaS
1,29215,717,4172514,323,"change,input",1AhmASgSfEDSjxNfuFKXwMRqzCry6EXni8
1,29215,717,4172515,324,"change,input",12yUmJ9YHAJuYtxJVvwpeGV9pkKB1ee3qH
1,29215,717,4172516,325,"change,input",12iy9b4f8i5Uave7XNs98XzrwcULhpqyBH
1,29215,717,4172517,326,"change,input",14PB7exCMk4Uf1SB3wqtGDWr6CeaQUAPm8
1,29215,717,4172518,327,"change,input",1CUnSp39P4Z6Ae3GSzn6v7W4SC5yX7Wdau
1,29215,717,4172519,328,"change,input",1FXZ8uNifJJkntqZmy3QskMbMSPUsNiiAV
1,29215,717,4172520,329,"change,input",1LwUrjXVcdzPhuafa1FeYSF4V4BzAwQYdT
1,29215,717,4172521,330,"change,input",1Nsx7pUPp5v1AzS5iyPRkiujt73Xtkuiyf
1,29215,717,4172522,331,"change,input",1Axj2JjAz5LpX9iR16wpN3TiG9BHvfXCVj
1,29215,717,4172523,332,"change,input",17chW8CKLBT6H4QSeS2UKsdYv4gjq4xcuY
1,29215,717,4172524,333,"change,input",184zD7amPt7Junm4U2R9oa6Jaekmjp943r
1,29215,717,4172525,334,"change,input",1GGP2LnUMq7ZiFXBprnn2LeSQiuPVYAkg7
1,29215,717,4172526,335,"change,input",1L3UgPnZA97fgKcM1XSttDNAihg1jfXccv
1,29215,717,4172527,336,"change,input",1AgBmRB9mhGtCa4z7U1x8FLabMKZMm37W7
1,29215,717,4172528,337,"change,input",17VsgnqnxU2FfU8xLMXvxTZnkTjM2jsj63
1,29215,717,4172529,338,"change,input",1Do86CU6cG6UuP4DsmQxy7Em3eGnMV6M58
1,29215,717,4172530,339,"change,input",1Gz7vMjqDWkTvSe5iPmAedT3AjaHQDa8ot
1,29215,717,4172531,340,"change,input",198mX4noXsv7FZxfiVenFn3YnGgeSW9Eqo
1,29215,717,4172532,341,"change,input",1USvffhn5tvv7og4kK7errmAKn43gxhZM
1,29215,717,4172533,342,"change,input",1EQfzF82JGuZwHq1CT9vL9pqgqWdazZgfA
1,29215,717,4172534,343,"change,input",1Ps8xjBWCAtWgZDmsr8yBJbrEv3S4Qs78e
1,29215,717,4172535,344,"change,input",1AXQHuQqcyZDi9iNsmk2HpjBoZHCEBf1TB
1,29215,717,4172536,345,"change,input",1KySkXKX9q1nbUaD4bxjoWzbBsPbjLto2n
1,29215,717,4172537,346,"change,input",1HX6DfaBoCv1rPtibmJnwL1cymhGHbv6y7
1,29215,717,4172538,347,"change,input",1AjUAgykc4svazfYUNMgFJKvrWJAsEeu93
1,29215,717,4172539,348,"change,input",112Z7w37P7QiAJCaumy9xtFMFzsocYq6RD
1,29215,717,4172540,349,"change,input",1KWKcf1F9dZyTGqYTX2oWX54A6QYcTcXuH
1,29215,717,4172541,350,"change,input",1B8FpfwqiCLt9qgynmDmwtEwvsi5Eh1EgR
1,29215,717,4172542,351,"change,input",1LDUBemugdicEVJs5gbxN3wBAGeoXEPWJx
1,29215,717,4172543,352,"change,input",12XqxvC4ctyceRmu2K3sy9WYJF5nkFnRbx
1,29215,717,4172544,353,"change,input",1C48qX4egYCCWiyGxzEsaire1q2BREDYiH
1,29215,717,4172545,354,"change,input",13mVENE6dhqnmb32sSS8884j44Sey63g6r
1,29215,717,4172546,355,"change,input",15sSvTRJNuW4haF1JiMUCsuHKiGG6z5P8D
1,29215,717,4172547,356,"change,input",12xumgvnfSXRwZF2QD62Sbr2ADp8tDJ7mT
1,29215,717,4172548,357,"change,input",18wri61tv24nzv3W2vZqqVcoFZkkyfvVe5
1,29215,717,4172549,358,"change,input",15tWW7WGPebsGD1xPqvpqWoR3Ezp2j9ivG
1,29215,717,4172550,359,"change,input",14hWZBSMba4UBLfpQDynHxfr7N4W7UHJTG
1,29215,717,4172551,360,"change,input",1GQz3CU6QUVybgb3YvqT3LDcnFYNA5bUKp
1,29215,717,4172552,361,"change,input",1M3wxbeoGpJRx1bHqdv2QX4tzXQxUxdqKy
1,29215,717,4172553,362,"change,input",18uews58ZnYRRZjKw1RXMi1ptP8pBVirgC
1,29215,717,4172554,363,"change,input",1Efk4NvtGHHkCxY4HARpP3XZnmPhnocHTs
1,29215,717,4172555,364,"change,input",1DYDoeDKeLXFH5G2DfrJdJtEBLhUUHKbAe
1,29215,717,4172556,365,"change,input",15a4HAnsmitwnWU7hx4gSq3S4rRHsUwHNV
1,29215,717,4172557,366,"change,input",1CjJ7tJ8rERX653KkGZMX73suGGAHCJULG
1,29215,717,4172558,367,"change,input",12w7CYti7VLgG6cToQ5NRuayRMDeL37eD9
1,29215,717,4172559,368,"change,input",125CAfhwBaUZ9zFA1ViUBPUUyiGEMhi8gY
1,29215,717,4172560,369,"change,input",17odQcJcrC6Jop4iS6H5j8sUoZriKsbRae
1,29215,717,4172561,370,"change,input",13sYFXjoaSJVjg7jdW74wHWUK94QXM2vqV
1,29215,717,4172562,371,"change,input",18jHqoscjubRqRQw5D4wHovEeqbkyTeFET
1,29215,717,4172563,372,"change,input",1GkP5xpW2aXKcgdejfMWFsWxk7HRXzrz5z
1,29215,717,4172564,373,"change,input",1B7WDB1RKk7Sjy74QJZwtZ2NHmPTMvK6Xx
1,29215,717,4172565,374,"change,input",1G4ouz3roFfLn8qtR3DTfi5K5JgdU1VR1o
1,29215,717,4172566,375,"change,input",13oXJQj6iS5jvj2EfGGCyWqiPqrstKGwZA
1,29215,717,4172567,376,"change,input",18JPz3hKjtp5mv5hN391BmCPgiULcLu91o
1,29215,717,4172568,377,"change,input",18vmyzxkWyWdhZUyuaqZwEvThAUZxDJphU
1,29215,717,4172569,378,"change,input",1MoxN5NxtmDTmTeF3SytGzwRQbbEQvgi3m
1,29215,717,4172570,379,"change,input",1JAX7Y97S8TqZDEwScykYnoRnwQKyT1gQA
1,29215,717,4172571,380,"change,input",1ADo8Dj8TaHJcmWnUHtrQJZt1uABaAttJX
1,29215,717,4172572,381,"change,input",1Q7YHmx89zRSawNidfcbziq3LFznpB4R6z
1,29215,717,4172573,382,"change,input",16qrTCjUNBQiumotWQpr5y1HkfKAFGd9te
1,29215,717,4172574,383,"change,input",1M1ZApJnUi6wTb9htNfR6rHSAn1qbg8HWQ
1,29215,717,4172575,384,"change,input",1PyvM8mpNY5AGnc59LvuF6423kp1qGP5Go
1,29215,717,4172576,385,"change,input",1PX8RGDnDNnCAq9SdpDmpSgAgkixAaiqkS
1,29215,717,4172577,386,"change,input",13rauvttLHK1Nw7Fszw5oLVLysinb5k8Ty
1,29215,717,4172578,387,"change,input",1K4itjV5y28sEe2eWZUermtWdur8LYBRas
1,29215,717,4172579,388,"change,input",14aGGg32nqL1V2zqc2KaATDdD4PcijxVZX
1,29215,717,4172580,389,"change,input",1njueoL3xTQ6bxcwhHu5HLYeHrNrMV14a
1,29215,717,4172581,390,"change,input",1Cugdy1PLXurYaXug7a4zyTvShT2nfirzd
1,29215,717,4172582,391,"change,input",1J6j1eYQvkaWDMWDNjcWmDySPuvbM33qdb
1,29215,717,4172583,392,"change,input",1Ntb4zKEZvsbktBuzRUfwbnUqSgnLL69gs
1,29215,717,4172584,393,"change,input",1EAaqw6344yEqgWEbFXrMvUN6848Trg3xK
1,29215,717,4172585,394,"change,input",113HzAhCaaPtWAG52KqQxngLXtM5PxHhi8
1,29215,717,4172586,395,"change,input",1MzZx2RNRWBF62pUgvx4dsUjBvjkk41MAj
1,29215,717,4172587,396,"change,input",1Cu9xxJzN9TXyHk5cVoggVKk7dRBUyj8VA
1,29215,717,4172588,397,"change,input",1PcB9D8qkJ68xb8Ce4rkr3i3Az8SAy9Ugg
1,29215,717,4172589,398,"change,input",1B7hyhUpBfohsHsf1nHpVC6hsDSXRLu5Qa
1,29215,717,4172590,399,"change,input",17ay2CDdPq1rdYiwacjBULNenTm4WwfvSv
1,29215,717,4172591,400,"change,input",1FnP7NWAa7xopSGsfEuFUHMRvx5cew5BQW
1,29215,717,4172592,401,"change,input",1CPtWwoW1wtv4u6NdvXrX9Xm4YfyD8rFgh
1,29215,717,4172593,402,"change,input",1HsHiPoPjLkn99SuSxGNRbmCCsYRC7uqHN
1,29215,717,4172594,403,"change,input",15eDrku1FDdKwzMQ72nck5fqhfnMU69UDP
1,29215,717,4172595,404,"change,input",14QzdKZ8tVbkuw2xngAYoUUqJ5yR8A5QfQ
1,29215,717,4172596,405,"change,input",1B2ifaYTwxBsnFJLKWmhgkXsrfFwpAzD3V
1,29215,717,4172597,406,"change,input",1E3phB5W2e3EVuWq1ZDgE9VgxTx6594YzZ
1,29215,717,4172598,407,"change,input",1MmVXFwgTRSW3FdNHwvK1Ept3HeGdyvZNF
1,29215,717,4172599,408,"change,input",1AmdbUvyXYbJv8TUDU9asXvk4DExRpLDsH
1,29215,717,4172600,409,"change,input",1GGRMrFfSdoASWb14fRTqbkz5Kxsr5HJVK
1,29215,717,4172601,410,"change,input",1A2yufgGwniTTUbgZ4jZQbp3XgyZ41Rjp4
1,29215,717,4172602,411,"change,input",1EoB24QtFgintGc6CnivhX4fbRehL4BRrm
1,29215,717,4172603,412,"change,input",12qEUTdUjdpLG7gSMZKmWfWTB8BHuF2CdA
1,29215,717,4172604,413,"change,input",1PbfrTYu6sRtnhxSphnx7qXFpdvib7LSoW
1,29215,717,4172605,414,"change,input",1N1ydyUx3vEknnMguzUpty4RwADAVHLRv5
1,29215,717,4172606,415,"change,input",1Lzp9eicP6MbGUHsicDoxK167tcG1nCtE4
1,29215,717,4172607,416,"change,input",1L7BQmmTLtkKV2qTG3uXNMnn69n8PBQnFC
1,29215,717,4172608,417,"change,input",1NmyKFSUUaNNnQWEq7AVR3ZCxRtJVBkZ35
1,29215,717,4172609,418,"change,input",1FHCp1aryP8cpBm8GGuCE1jvRNSuzGoCjZ
1,29215,717,4172610,419,"change,input",1JE6ZF5cRNzf4MBj2T766rZ89iegRryNfW
1,29215,717,4172611,420,"change,input",1Nz7vonJo1uzinfwQHP4tk2yxY5GByMbws
1,29215,717,4172612,421,"change,input",1ANU8M2bxPB6NoB8Xd79Qejb1c9PR78rNG
1,29215,717,4172613,422,"change,input",1JKa6NpqjR9nN7Gq3NfQyRU5KMVzfjJtL9
1,29215,717,4172614,423,"change,input",14xyXVfiLGuncUYAXemtuaiuGbeTX1syGF
1,29215,717,4172615,424,"change,input",15H5THZ3V81dHYGo2h7K4YeNMUsHAwcGdB
1,29215,717,4172616,425,"change,input",14iff9aUjGYNTULTjkA8JLGseoKKbEZ3Bk
1,29215,717,4172617,426,"change,input",13m8xTzucru99k6DjUEM1LcTNx8wvnhP2K
1,29215,717,4172618,427,"change,input",17jWXd6RaQYGM5WyAgKAXifTuWG1BS2Po8
1,29215,717,4172619,428,"change,input",12CBtfnkHDFZQoX3SGYKbTFDtuyJSZ3JSj
1,29215,717,4172620,429,"change,input",14ho2noq3cb4QLLDFZpj5p2nCz8KfTY5Zf
1,29215,717,4172621,430,"change,input",1BJTMBS8mowV5QvcDTq8shAH2PDH7JSyWo
1,29215,717,4172622,431,"change,input",1NLtPscJUN3z3SLgQ2jTcsCUcpmV5V78K7
1,29215,717,4172623,432,"change,input",18LH15yXuGZ1dBDvrAEBfCuNTDWZo3uzjf
1,29215,717,4172624,433,"change,input",1Ewo3nGBCLxKBJhLvByVgYAHqNN4wAuusi
1,29215,717,4172625,434,"change,input",161JYKbNVVTR9PTWNwmQy25sNhiSTDN7KH
1,29215,717,4172626,435,"change,input",1D8ZDHrFDoxNSkwogCz3hgSqt3RLJBRBHF
1,29215,717,4172627,436,"change,input",1KbhCJ4tTBDAjZQQVR3Kc6Exx9HrQLzGA4
1,29215,717,4172628,437,"change,input",166cgArzhZwS1Yz1xEVZ66Wtrwpqt8peQs
1,29215,717,4172629,438,"change,input",17fFu8aRZEeH81oNqSsFUByHzgtYTXusU6
1,29215,717,4172630,439,"change,input",1BnoGUzN7BeQHAzgL9q1fy8ToVMTHfndJY
1,29215,717,4172631,440,"change,input",1GW9YuQ3UCHyzpyhzYBMkiaUdsnxPKHQPh
1,29215,717,4172632,441,"change,input",17xr83BhHDE2Es8ZsJRu1uFcSZjj8bb4k8
1,29215,717,4172633,442,"change,input",12vCaRx5NvJfoLqHDjcR9AVkHDPcTS8PQE
1,29215,717,4172634,443,"change,input",18y3ZaU3iPkBBzs1E54ic1rgNcybwuqgRc
1,29215,717,4172635,444,"change,input",12povURhnio6gHdETgKqHrPihDiZ4kdezd
1,29215,717,4172636,445,"change,input",16uCxx5HoqTjbtLL3BWJYRwS5qDwyG3TFH
1,29215,717,4172637,446,"change,input",19TZTzwULQYHJ4PkpQXdk6KQ3UV4zxYiYY
1,29215,717,4172638,447,"change,input",1HKuDQRzogRa8eAWEenoXfBkYJLPxrnneN
1,29215,717,4172639,448,"change,input",1NmZxDiRgp6hkk3f7by7GSDMF4K5oCzeAL
1,29215,717,4172640,449,"change,input",1EkhytpoNM4UGnr8o6Emzea9NfDsRkMS7z
1,29215,717,4172641,450,"change,input",1Cqu8KwvHPMNGCc7bJjF8cwdgvW2hvUXb2
1,29215,717,4172642,451,"change,input",1Cskinr6573uR9NdNHA5YYyCyD3btf9hw8
1,29215,717,4172643,452,"change,input",1KLhFFHwQGVvoyxPxe5rTWc16uVK31UEDH
1,29215,717,4172644,453,"change,input",12HEE5BDbjP6Jc9NWE8c9jQQuMuE3vXZVd
1,29215,717,4172645,454,"change,input",1B1UTkqYsy1x8Y4GeFYtFh76d4qb28yafU
1,29215,717,4172646,455,"change,input",1H1fkSaBbdQ3p3TVZkd9YV4Z6mqv3Rwyb9
1,29215,717,4172647,456,"change,input",1JsHKsDs1cV8abLQKbg1nckQNhNZQpA7eM
1,29215,717,4172648,457,"change,input",11nxy6ZLW826WaG3g5cHfmTbYuUWj9B4T
1,29215,717,4172649,458,"change,input",1AKn2pKyt7V6tMU36awkkgw64yByWArCVp
1,29215,717,4172650,459,"change,input",1J73XBoEQGRJr5KnCwqerp5UFKX3w1fd3n
1,29215,717,4172651,460,"change,input",1N8X5RzQ2bC2yssg615j9HNddQqBr7tG7i
1,29215,717,4172652,461,"change,input",1LTDi47xspMVJGVBNaYLQVc7bZw5rk38QJ
1,29215,717,4172653,462,"change,input",1DmyNstiKbEYJaBLPKG82U8SRFgvroH73Q
1,29215,717,4172654,463,"change,input",133TVrLVRtrcRkzmSF5HwPfhoxcN7C1YQM
1,29215,717,4172655,464,"change,input",1HPB14TqskQWtXAe1HbW8JwzFoFLWqv76u
1,29215,717,4172656,465,"change,input",1FRnRhgJ1fVCjVLgf599jdbaEjstJgnpYo
1,29215,717,4172657,466,"change,input",1ES9bAcnJVVHykCSGV9pHceCdMWhnEVEkQ
1,29215,717,4172658,467,"change,input",13JFBwBbYx91ET34N4vNoF73pELnQCYYoi
1,29215,717,4172673,468,"change,input",14BAdnJnyhU99H479Q8WRF3TAhqTbCd92Y
1,29215,717,4172679,469,"change,input",13xSvgVKkKFfQYhaJv9Wjtfd52EGwYLe9x
1,29215,717,4172684,470,"change,input",1MX78cU5ackSgfXyAXmjx8wx3JSyBHqnF4
1,29215,717,4172687,471,"change,input",1GGShJBgBRFCZUiwp3WmNx5HkMAnSj84it
1,29215,717,4172690,472,"change,input",1MMmBfZZZeikrze9ThG1V23eKugSkXUnEx
1,29215,717,4172693,473,"change,input",1PHJu38qJBxMBBmTnmViGvfY7WPmTwcvUs
1,29215,717,4172696,474,"change,input",1GMbKcfkELvDCGnyPsbuwFostju6L9FpJ1
1,29215,717,4172699,475,"change,input",1F1VoT83GgJnj7CDAZwKJ1ws9HR44tEgJ3
1,29215,717,4172702,476,"change,input",1DZtWAYBAKN3DVWSaKNG6mvFPipRjs7Phb
1,29215,717,4172704,477,"change,input",1BGKhcYkuC5QbAqahPtKxQrshNLKDMzntm
1,29215,717,4172706,478,"change,input",1GEHuJvXknmmL7CpqvprAACjfGjXTgqHQL
1,29215,717,4172708,479,"change,input",1CrWC3fExH2WwW9MRuEFPxLSgTKewCK1AA
1,29215,717,4172709,480,"change,input",1GJTReMMH7TQb7FGtjkVFsgYwZiWYXthiG
1,29215,717,4172710,481,"change,input",1ByvnuMfCg4GPsQCBQijEv5eBVjZuWu5GD
1,29215,717,4172711,482,"change,input",1KBRXCYknVkbEa9cJacK9fsCKyrXGYJSzQ
1,29215,717,4172712,483,"change,input",12aMZoDLDmitfix1wQg6gUkRUqoQ9B8fJx
1,29215,717,4172713,484,"change,input",13WsFj48nyWzE4AVCGj1NSPmF9cC4fgLXD
1,29215,717,4172714,485,"change,input",1NsuCEripYxiRXsQFEf38SSRjh2opAmj7g
1,29215,717,4172715,486,"change,input",13tuuhMF6fPGn2VbaumEgJLg1w5uEUG473
1,29215,717,4172716,487,"change,input",13W7EN2NKuYadvgyTMXkb49SBBVSiXmmsA
1,29215,717,4172717,488,"change,input",1Ee8LCn82jM8aJUVRjNTcFgZcCbfEtXY4
1,29215,717,4172718,489,"change,input",17QcqojSLC3F4pjpZsSdao8PBiPAZWLdLT
1,29215,717,4172719,490,"change,input",181XDWt9uveSVdZ2GART4tEfs9ZXeXw4dB
1,29215,717,4172720,491,"change,input",17Ry8JMW4E5AUAnDHCqe93Yeq3ckppk6TX
1,29215,717,4172721,492,"change,input",1NNTV9ptLCUyVhdFkt6SZfD8WFxMTMMNyt
1,29215,717,4172722,493,"change,input",1PCz4bmQL8vYXRMLWbcDr5Tupg4Nq9EsaG
1,29215,717,4172723,494,"change,input",1PNpAt7UGfTe38WqUVU5jxyCasc3ahRpFW
1,29215,717,4172724,495,"change,input",1QA8bSVDhPkb3b9uyu7Vz9qaVE1SqUUT6g
1,29215,717,4172725,496,"change,input",1CJrnUUyDTfCDe3NbswGirLLyJTU9YFwHc
1,29215,717,4172726,497,"change,input",1KqN6tt9jTYR1sCnSTdgur9b2doRRrScQ3
1,29215,717,4172727,498,"change,input",123reXkmZWE3hucSJhDQEjC3ka7ivMzT52
1,29215,717,4172728,499,"change,input",1Ld3sFjFncBximeZ9uBLm5EyBtw3aJkhTm
1,29215,717,4172729,500,"change,input",16MJFWGaY2Bx4GfhmpBsAqSYxhcMBFRoAW
1,29215,717,4172730,501,"change,input",1PSfdzjEbinsgFyd4xJ9KZRFxoH39PZxEp
1,29215,717,4172731,502,"change,input",1BQgraZz15JyZsirBtBcFCjnr3NeKNjzpj
1,29215,717,4172732,503,"change,input",1A7hK7VZBQ7Fh6LYb2FNtysCoBiHjZBLuv
1,29215,717,4172733,504,"change,input",1Lexq9BFHxCAyvJxUUNWQ7mfeHNXvCy4VC
1,29215,717,4172734,505,"change,input",1NXWKkKTQaJukxD6KMWrksa3qbgUnXXaKE
1,29215,717,4172735,506,"change,input",1Eoaknrgkx7T2uydrsH8NPkCuAbSoGKave
1,29215,717,4172736,507,"change,input",1KeFdv4jJwChPdTxrMdVqnEehRBDj86gjY
1,29215,717,4172737,508,"change,input",16PX9byoW1PVWh8kuYV2tnMVLPJrgRpzT5
1,29215,717,4172738,509,"change,input",16MFcw7UqKtFSm2zqxXDSRZ7Qj1A3q5XWw
1,29215,717,4172739,510,"change,input",14mC6LGttrZMpVMvE3i6cp8xvPUpgpMpSJ
1,29215,717,4172740,511,"change,input",15EUgJiL7no9Vynk39DpjdynByYtd4fhnC
1,29215,717,4174325,512,"change,input",19dqfT6rk9XWHh3sgmpChawWnKG5nPDk5a
1,29215,717,4174563,513,"change,input",1J4U3sFRy8vsDnXdtWzabv6mquRMRbJiDB
1,29215,717,4174806,514,"change,input",155rywK7RYipbrt9BtNN6T6WoSf2MaNSZS
1,29215,717,4175004,515,"change,input",169AopSG3e8ksoFrNEfstR8bkg1SxwySQc
1,29215,717,4175295,516,"change,input",1JZgTQ9gKk7arQ8gaJ7JBuQofdrGM5itnU
1,29215,717,4175548,517,"change,input",1M4nymQGjRczsr76wuX5pScHw2xdZJcdBc
1,29215,717,4175685,518,"change,input",13vavNSM4TzvM6RAG4uEf7qMEcMMK6cSsP
1,29215,717,4175804,519,"change,input",18nahJZTSJt2FhpT2xTyVHjU6UiRj78Dhz
1,29215,717,4175842,520,"change,input",19wKYWh4Aumad8YKFieYNFE26X35J3nQmZ
1,29215,717,4175873,521,"change,input",18nvnTnHVzujctBimJhsKDM8rFHLCfZPk2
1,29215,717,4175892,522,"change,input",152jB4kTDZFQb5HSQnF3QUbaDqZN5fA8DP
1,29215,717,4175909,523,"change,input",1E8ikJhgsqWrPCHQqeXfqLD78ZJ3DaNJri
1,29215,717,4175925,524,"change,input",1GMRaeVvd9Aea9saSDTVjFNc122n8rq5ig
1,29215,717,4176033,525,"change,input",1BG9RW1rY62PxonecrtymWVMT4N4KuGLGu
1,29215,717,4176170,526,"change,input",17nGWSG5NqWQd82G9Yni4xZAuZRNmHM4u
1,29215,717,4176205,527,"change,input",1EcDRe2LoRyeg1uAFUQoPNrRJZsK9cD6xL
1,29215,717,4176229,528,"change,input",1N8Ak7AcPsQ35xVeh8ZYhp85YNe2Hvcdg9
1,29215,717,4176327,529,"change,input",1BSP7AjE3zDKsdNkxvs4k7PTQs4vpgRyv6
1,29215,717,4176432,530,"change,input",13hAc9pPJgLunEosJJZwfCRCMg25dUBt9v
1,29215,717,4176433,531,"change,input",1DAjPaP7xSCW4NpmsobWzj8DpaX1uo3bmp
1,29215,717,4176434,532,"change,input",19TCnd3UZbZhiM6gCpDKeaPBF2moybXwcz
1,29215,717,4176435,533,"change,input",1N1bAoWqBhC1nD36zkLhEecpHnfTBd7kVk
1,29215,717,4176436,534,"change,input",18kTDs9e51YFbF1fuG1JpSQVpgN5VJAc28
1,29215,717,4176437,535,"change,input",1QBxmc78VrpwrkWbtiTLNKTRzs5rVrLB5H
1,29215,717,4176438,536,"change,input",17nQ3YpghGjUK2wQcJyddGDwGKCnFWiQrG
1,29215,717,4176439,537,"change,input",1Ftyswr4brpmZaAZMw8WSoioQwn19P4RZ2
1,29215,717,4176440,538,"change,input",14kHvu63ZCvCdbCshxDMS9XM5bptpqnYUM
1,29215,717,4176441,539,"change,input",13Vq9Pc3FPxDTfne3xY37AwpdGS9MPwa7a
1,29215,717,4176442,540,"change,input",1AUGctyBRpT14oFKouF3dLe21VDHfh4LS9
1,29215,717,4176443,541,"change,input",1RxC7bHs88njJrnJsQyin1Rf1ysCBGnPs
1,29215,717,4176444,542,"change,input",19aH4czzZFskz14vGeRfxdWaxFcYXgFu5i
1,29215,717,4176445,543,"change,input",1FX65KpE5iH7oJwqX3LEiCAUsVUg8zaQ7m
1,29215,717,4176446,544,"change,input",1LXt4aEYinKyLU7FquLbzpDaYRMioR297A
1,29215,717,4176447,545,"change,input",1FJ74suZvWJEbLdEEu4CqZpL2qDbF3fT8n
1,29215,717,4176448,546,"change,input",1Nyj2RejrQfJV8bPhFDxFaDaUpL1WJ9oWJ
1,29215,717,4176449,547,"change,input",1MJu7t4fxoyME2yRPawTjSRRP7MdfFkctS
1,29215,717,4176450,548,"change,input",15J7TMxWNnhk91ZFNQJdMxMhmtHjmYPhXz
1,29215,717,4176451,549,"change,input",1F3A9Bzy1fhYFEJwjB8izeEhZosDujzumH
1,29215,717,4176452,550,"change,input",1QKd5Y4pB7ASh2G8qjjjeUwKdtFMPNLdZr
1,29215,717,4176453,551,"change,input",1bmjiaW3VzcXAFoJiFZmBVsjdX5KKAnjq
1,29215,717,4176454,552,"change,input",1CebH3Qt6SC45nYB78y5uHKsB53AA2yZ9b
1,29215,717,4176455,553,"change,input",13K9YdaUfUJgxHRffYTYgnS9ZVqeiCnp7G
1,29215,717,4176456,554,"change,input",1MMvgxEhjvJeTXg7S3AHTp5WEAomGnEyJG
1,29215,717,4176457,555,"change,input",19Gw8pFKpprA6GyJREX54FpSL4SuMd9sxJ
1,29215,717,4176458,556,"change,input",18c1ie7HrwvMvrCCxjDUHVmfLNyttjFrmH
1,29215,717,4176459,557,"change,input",1Nwj8JD2tC72EPCWrNQLHV7CtapfsYDe2C
1,29215,717,4176460,558,"change,input",1Fwp88o9G6jzrY3AmCqRABpVTmJM6h1nEK
1,29215,717,4176461,559,"change,input",1B4h6zQVvLXxneDeRGFpPySMUhwhxPt9J7
1,29215,717,4176462,560,"change,input",1rQqgX77rRZucoCujAZ5p5H3ZD4F5EtZG
1,29215,717,4176463,561,"change,input",1BxfZeHonCMoE4ue6Fcqawbvfmg1zjRKBj
1,29215,717,4176464,562,"change,input",1YzxUuwc1pNzFySiKLqn7b9EztDUFcAZt
1,29215,717,4176465,563,"change,input",1GQsG5UbeEx2s6hjY3CtgmrhQurQxxJcvm
1,29215,717,4176466,564,"change,input",1FuW6CB9esFRNovozZFkkNW55oAYZzMs8R
1,29215,717,4176467,565,"change,input",1GmDc2weGk7Jk24mEw3chZpjGqKVxyo3zo
1,29215,717,4176468,566,"change,input",1r6aEwk6vCSjyznhxBKNPzKt1RGhGBXLe
1,29215,717,4176469,567,"change,input",15mq8zhjkww9Xgqg8eYSmTxBz94f7PuxSP
1,29215,717,4176470,568,"change,input",1NyCHhTcqs4QTKGSdySWcFVxRQqKfb7nwQ
1,29215,717,4176786,569,"change,input",1J3kBC7cHVCahgjPQRrD8BHLfVpJ7gzAw
1,29215,717,4176991,570,"change,input",15ZoMPUpcDUZ3FSxkXsq8PAEEjHi5fLygS
1,29215,717,4177070,571,"change,input",19cXivvujH8qWgWDw8yJh4VdBSFz6f6ywe
1,29215,717,4177279,572,"change,input",19kUMk8NAqYmfVtjeEXH3iUyFm5GWBVTgk
1,29215,717,4177767,573,"change,input",1MfddDTVYFLpxL4X1RXoGeZ5xJ9oFw11W2
1,29215,717,4177910,574,"change,input",19n9rp6TieXhHf84hpCD2n4raUYof6XPpk
1,29215,717,4178031,575,"change,input",1NSEAMwabc8Qmhe4z5m4Sj7dkfWeDCLYqP
1,29215,717,4178032,576,"change,input",15EeGuoLXD3iwpP7Sb4gjky3KxES5r41Wr
1,29215,717,4178033,577,"change,input",1AJZFuFRV3Lg2BGgj9LQtamcaQuHv7gFqT
1,29215,717,4178034,578,"change,input",1M29d6xjWmHGMQKbmy5uti3X5qX4VURn8n
1,29215,717,4178035,579,"change,input",12h2h5jzPeCZ5UEt1N5z81pJmtZxWyEKsz
1,29215,717,4178036,580,"change,input",1A6AowHcpMpeWPTPTdYW5TTgLPtMC4wJ8R
1,29215,717,4178037,581,"change,input",19RnUZtVqhSMGCFo3aazTcZts79RnpwgKP
1,29215,717,4178038,582,"change,input",1AfSGRTfkFc2j6L8csQhaQrAw6hq1ErBj3
1,29215,717,4178039,583,"change,input",1Dy8a2XyvhX4MZxuvQ4Pj9UK7kvKPx8WYJ
1,29215,717,4178040,584,"change,input",14Up1NPyeHiTVFB12GXFbnWRmUwwU9Y9Fi
1,29215,717,4178041,585,"change,input",1DPuxS8KmscnJgucFPAemJbYxijowcVAQv
1,29215,717,4178042,586,"change,input",16RFn3oAi1k2nSNnxbXcK2SZJmCbwbmL3i
1,29215,717,4178043,587,"change,input",1Bqdjss62mv49jmkWaEns8p2RdhbjjsVGE
1,29215,717,4178044,588,"change,input",1DiQXmDc6CnBPrHFS97Rsx5LBJHP2XueHs
1,29215,717,4178045,589,"change,input",1HcjoHeUXMB83DC1EWhwAdcqJ5js5cMbyT
1,29215,717,4178046,590,"change,input",1QZ392nvGrF1VpFLebr9ZvSo6mAYvRnma
1,29215,717,4178047,591,"change,input",1E69Y42nZtxNchkyyCktpmNvn6TAVet67d
1,29215,717,4178048,592,"change,input",1KepyXBuUg52YYwW1pY6tBPbLH7beMd18
1,29215,717,4178049,593,"change,input",17NonYLuFqN8Jtf2a4HvpjQ79ds2imD8Jz
1,29215,717,4178050,594,"change,input",1PxU3CCvNTZMzGAC3HGTAsurGfyAXadAo2
1,29215,717,4178775,595,"change,input",1LNaAxGHFFufuH4iZU5MsXTxqn8LP9pLfj
1,29215,717,4178991,596,"change,input",1s5hvhSyorS94B9qqmAJkNxDhZ4bx3k6T
1,29215,717,4179170,597,"change,input",15qnrGjAmgTDnfJiwSrRDWnTjhiSfH2dJz
1,29215,717,4179223,598,"change,input",1S81LWFDnNvCWQycRVNdUQp28V2Ad9AAH
1,29215,717,4179251,599,"change,input",1NG2Ln97tmGXt7yuB1HVYjHiye3gWdAkuc
1,29215,717,4179275,600,"change,input",19G3p4wckT2eS4cWKrLUeK3xsr4DHFKKut
1,29215,717,4179298,601,"change,input",1DCDSzxo97fQ8ysk9Rh3Bb8hoDM5ieG9cv
1,29215,717,4179315,602,"change,input",13eQ1hEYzJFJjwMHC3W2jR2g4oPMXfZT7W
1,29215,717,4179332,603,"change,input",1CW68txuiNWdjnHthqhwHrY9jazfvzBep2
1,29215,717,4179350,604,"change,input",18xzj1s1sywntCsfnp2JQF1TupxwaKouHL
1,29215,717,4179366,605,"change,input",1Km93GbL9gL8dw4exHmWLaC3gwVS8oqtL2
1,29215,717,4179381,606,"change,input",1BypBnFRzhhEnrmCHtkrnTsPPQmGYvxk8
1,29215,717,4179395,607,"change,input",1CG8S8znX2n3RA45MyyRPw3dvBxtiVsypM
1,29215,717,4179409,608,"change,input",19YzeiHNdGsx2L36395LU2sBrNZAaDPJAc
1,29215,717,4179422,609,"change,input",1LUrpP4NefhYkhGrQq7EvMJcqRJk5t71sy
1,29215,717,4179435,610,"change,input",19vpXB9iFwWvj2zXFKRc8VZmQvLBpRnKKn
1,29215,717,4179446,611,"change,input",1DukNHfPNHfsEQRwKd8HverWd5LRADXiAP
1,29215,717,4179457,612,"change,input",1EkMFZn46Mwegr7uBsqMrLXcjkmBhBR5cY
1,29215,717,4179468,613,"change,input",17xeSxdaQ2HjQW7Pb81rdfRxveupo8qcqb
1,29215,717,4179479,614,"change,input",159qStKL1pK6h5pWZ6avv2SSnEucoZQHrj
1,29215,717,4179490,615,"change,input",1JvgcPGJagJk3UTxbtZyxPJyhDWsxPGfcc
1,29215,717,4179500,616,"change,input",1H53Z1ahYNbHsjpXaSENfPstSXHhG2NcLZ
1,29215,717,4179509,617,"change,input",1MDHoRfUg5MPRcNTzsCPApJhHZ6FsRGzDZ
1,29215,717,4179518,618,"change,input",1A2NCfvS1t4GgJLYgiHPUh2QRXLNGnkHPe
1,29215,717,4179527,619,"change,input",1P6xdwvdhuVmGS53o1XnZxyoG392FUNNsF
1,29215,717,4179535,620,"change,input",168StJMjiyrNvDBCjHRHbsZMNKNhJMbGjB
1,29215,717,4179543,621,"change,input",149d6oBDKDaFN4LdNT1w3YuCXPH51qscAo
1,29215,717,4179551,622,"change,input",1MbePjHaff6PBLsexFJJQthF2pfJHAtLFz
1,29215,717,4179560,623,"change,input",1Cnyh7asy4DL4mnbJfRs8aKjEz7nNXDt91
1,29215,717,4179566,624,"change,input",126noQnKpUTif2qhAPW8nrF1eo6V2tFgez
1,29215,717,4179571,625,"change,input",1Bn5vSScXGf9jLLCZkAtQQmzSAsZEs7BaH
1,29215,717,4179576,626,"change,input",1AhbHU8xrFANFEaJKeoKgZdaGMWwoVpLvC
1,29215,717,4179581,627,"change,input",1GhNV8duC8fVMQzT4yBqMKTpxsHbwG3wyu
1,29215,717,4179586,628,"change,input",1EJEKiKSVvDyuEjrRLdjrNbJH2AmD4VAb5
1,29215,717,4179591,629,"change,input",12TZtSK5KVx2bCwcMG9xgqYqBfYNbs8N5A
1,29215,717,4179595,630,"change,input",1CGmVRsfmrLY6QEGZ5NBFZo4H6LWUzCvDq
1,29215,717,4179599,631,"change,input",19WhT3VVf1gnpAXcqViYFqcKCaehpSgTmG
1,29215,717,4179603,632,"change,input",195h9nFWQN428HEusBbE7UTYsBqhNeLtz1
1,29215,717,4179607,633,"change,input",1Nd7mz7qs2DTiJK6R2Q1xMndDvDKVo64EP
1,29215,717,4179611,634,"change,input",1HBN3moK8KbzT8PNMhoZ8uMzFZ2QwZTVrr
1,29215,717,4179615,635,"change,input",1N1RV1EYzS8nQGPVaM1YjcM5ESAfQZDazK
1,29215,717,4179619,636,"change,input",1EoC96eMuy1ozZNw3bKAUDnBujW2BYm411
1,29215,717,4179623,637,"change,input",12r7H9NHZAhnY4PGZQRtfJYBGSR5s11sG2
1,29215,717,4179711,638,"change,input",19wZoGsP3R8QewHn6wTHnj62tsRREhNX17
1,29215,717,4179733,639,"change,input",18SWu7CuSP3HBfDdrSPy5eMTgbuaXJ7AZp
1,29215,717,4179739,640,"change,input",1Kw8ZPiQDq42KyBZKB3UawVw2ydL5PS3me
1,29215,717,4179744,641,"change,input",14KgD4JuBMZGX7NiosgQAPYD5h66qQNPdz
1,29215,717,4179749,642,"change,input",17CdhE7hx3F7LTbhewDcbZJo3ncMybcdgP
1,29215,717,4179754,643,"change,input",1HxrMeKk1brSSYuuzaCgQSDy8aks15JjdZ
1,29215,717,4179759,644,"change,input",19NSwxJ6dCTZTWWFEtni35JGFw9BjDgJFa
1,29215,717,4179763,645,"change,input",19AkooyyDaf5Mj8ScPopZ7FpzJR9PeNViC
1,29215,717,4179767,646,"change,input",16vvrycQkcWmeJ17RfVBWRPh5gA7V24jz7
1,29215,717,4179771,647,"change,input",149KD8axoY2ezu6ZQT28K6kcsKJZz5pW6E
1,29215,717,4179775,648,"change,input",17cCizJHRHUczDQvDSoqHN9i66sQUgkpjG
1,29215,717,4179779,649,"change,input",1C76T4mDnxajYD4xCt4eizfPuMcFfxiNQJ
1,29215,717,4179783,650,"change,input",15csdq2cdtTopNWx4jzqfaFsAMeVGfQfwP
1,29215,717,4179786,651,"change,input",1BwWttWLB2HMRPs457d4BzKzwXAH8EWVH5
1,29215,717,4179788,652,"change,input",19BgdAsAojSPpsjaEakRFL1SG7JSCbSAwk
1,29215,717,4179790,653,"change,input",1JgnqEUFnhuipAizDTNVxEdFxhjdQDTpT7
1,29215,717,4179792,654,"change,input",1Kvr6mJBuEWVN6Mp2oNdkmyMRcQiwUvyzQ
1,29215,717,4179794,655,"change,input",1Q3oSxipBUfDeBY9CXcJPZvSt5hkbfShiY
1,29215,717,4179796,656,"change,input",1KovjWB78NpYzxmFNmQosC9H7gDvMckKWu
1,29215,717,4179798,657,"change,input",1GEq3VCZF6JkDbk8sPW9dvPmAdBPG9FuRi
1,29215,717,4179800,658,"change,input",1QLRLU7KJABUCgEL5xajqf4HNV8R6yS3ie
1,29215,717,4179802,659,"change,input",1JoYJkZaU5eAqtEXNPmnM8vsLnSZSkd55Q
1,29215,717,4179805,660,"change,input",14BrxbAZTzN6JrhbTSUnm3Nk1RCzufmfjr
1,29215,717,4179807,661,"change,input",152SU2FtvwbthiEm77p6wzigqDEnjupaXW
1,29215,717,4179808,662,"change,input",1A9ymGtqrDD7iBuvDToyCNSHsFUFdayTua
1,29215,717,4179809,663,"change,input",1AGtEauJRwn2W2YcMWNEiJQvqNM5VWYUB4
1,29215,717,4179810,664,"change,input",1CihRzKVRuMGT31mUatWw2KukkaGzkN3KJ
1,29215,717,4179811,665,"change,input",1JoSPTrzQMhrh7eBCwBMex2YeEFznqAHjc
1,29215,717,4179812,666,"change,input",1BkYK69seBabFsZewo75gH5pARrQu8Ep8M
1,29215,717,4179813,667,"change,input",1CoMHuXeqzHqSkkNdzBp6TG4ZhnTZ6SyHt
1,29215,717,4179814,668,"change,input",1C4UyKsq2hoQKr6YFDCKyUQn8pTTWZQvRe
1,29215,717,4179815,669,"change,input",1EuB55HkVGbMif8aNEzXzgMSGDbahxeGWC
1,29215,717,4179816,670,"change,input",12gPhteehUYZsZNMYUhbixPHapqNYrs5oA
1,29215,717,4179817,671,"change,input",1MrbPtguSdwzRUG3cyNmrEk58RZULWpTz8
1,29215,717,4179818,672,"change,input",15b6Y5UgSHXHUHcz7ghzP9jcEvAK6UZxjL
1,29215,717,4179819,673,"change,input",14JVFBn7bQXDtEpPHMSuWNwZPHdRTa2fJF
1,29215,717,4179820,674,"change,input",1E8HxQ89JSpp3XiPfAqcEAXA9Sc7s3838d
1,29215,717,4179821,675,"change,input",1FFpqENgpSnfHmLboenH422cbgHq5UpdVP
1,29215,717,4179822,676,"change,input",18cZ5T19RmX7uKqBowX1Ej3ajQ1cXGYysQ
1,29215,717,4179823,677,"change,input",1FRtsCkbi3NPBCu5QedKafYa7Z9QQuif7z
1,29215,717,4179824,678,"change,input",1LCxy667g2nCKXrvcabqTGprdgNCPEXvAW
1,29215,717,4179825,679,"change,input",1QDLHmMFnAzC8UjXJ1UWzCxPVfJEtZT9mj
1,29215,717,4179826,680,"change,input",1NCadTGCE5fZ31Nt9puZzo4nTqmVqL2tzb
1,29215,717,4179827,681,"change,input",1PaeCoukgG9XQb3ZeoJyKoE8Bi1nbt3dWP
1,29215,717,4179828,682,"change,input",13hrpF1PF5fPX4Yda2WXujhCgAWVYHCJHY
1,29215,717,4179829,683,"change,input",1EmkkB16qkw4FKmLP5e9pD5V73QzTwMuMh
1,29215,717,4179830,684,"change,input",1DNBAcWk17YYkoLxJL9JaZhh1qtjwMp6fJ
1,29215,717,4179831,685,"change,input",1CX2YVYsarZJRs884fwKzBRYPe9hq9zWfK
1,29215,717,4179832,686,"change,input",1Gt66tCN91NzpnnnxuoVg6hpdmKjkDCZTc
1,29215,717,4179833,687,"change,input",1LidrULBXjLEdnuDzkQFWMUBBDJs7cJ3w1
1,29215,717,4179834,688,"change,input",1CREdGN7mL9E3662G72jQ1KaXsfgTA6JXU
1,29215,717,4179835,689,"change,input",19Po69mm9ubpfohzgvbzyJNYFoWgPGLn41
1,29215,717,4179836,690,"change,input",14UwnHqhsSrAC4wxJAridRF9o1vpkH1SJK
1,29215,717,4179837,691,"change,input",18XRXuyKgDcimBUujGQ5Fr9hvKRRkrNZ5D
1,29215,717,4179838,692,"change,input",18mqpf7b2cHMjbNAJTkAUuDm1n4KGuGxJz
1,29215,717,4179839,693,"change,input",1ChbgtqCiHVduyzVfzwUPd2e6cf7PnWbiD
1,29215,717,4179840,694,"change,input",16RxqaeMfBxzCXX7isZcKG975QzMJhEzKA
1,29215,717,4179841,695,"change,input",1C83zX7tGTDvnCZxhH19k9tywDGXsFhCEY
1,29215,717,4179842,696,"change,input",1Gc4aFN7ziQt34BjbNKoPYJGBQPEhytDf9
1,29215,717,4179843,697,"change,input",17j28mftswNjGa5x6RCpoMiHGRmg29YSni
1,29215,717,4179844,698,"change,input",1Cfa3t2bKnkhp3qygzLc3FsU8UjXWqzae6
1,29215,717,4179845,699,"change,input",17PNVFRCyFwj79enzGxmpFz3dir8EqxQCi
1,29215,717,4179846,700,"change,input",19YVpEPHvbaCP3tQJTWNX9mFmw4p9nqpbh
1,29215,717,4179847,701,"change,input",13jAKBSY72YMSVKPmmWeMcv8pPMBSZijBD
1,29215,717,4179848,702,"change,input",1Hxz7F4fHJ885GfqHeRTviQ4RVtNjY5NqT
1,29215,717,4179849,703,"change,input",17VwMWVC5qxnKzN7MYv7J34hceTZ96wPgX
1,29215,717,4179850,704,"change,input",16vRja7bWPYvjtxZS3FUJdcqV8ARAVfddB
1,29215,717,4179851,705,"change,input",17QjfZCUuQtnUJC6zQGUha6XPPzk53KAff
1,29215,717,4179852,706,"change,input",17GX98Lv3HRtzttFETKeF5u7wUKSCBMs7W
1,29215,717,4179853,707,"change,input",1LMF4xfgvwn59aj8BoMVAyZpEK8zkwsEm3
1,29215,717,4179854,708,"change,input",16SLz4LausR2vkxqcj4yaJe3aXQdvicMZE
1,29215,717,4179855,709,"change,input",1G6V2KB3mAhpJ5d5PZCP3M3YXvEtjHfESw
1,29215,717,4179856,710,"change,input",14HrPU1DTMGmujKG8z8opaQ2DZmWtcgrR3
1,29215,717,4179857,711,"change,input",195UBjqr1cGTBV9yPrEPVay4c95XhszEni
1,29215,717,4179858,712,"change,input",1LmMKb4pj6NnSEjtFetPP7JiYFxuqPxSRs
1,29215,717,4179859,713,"change,input",1NtyoiYUzKCxU94ptJ7pUzmLqXj28Rup58
1,29215,717,4179860,714,"change,input",1PggTFkQYxcaemsBMoy1KcPvQ34e3H6Aph
1,29215,717,4179861,715,"change,input",135Lo3DbUwEpeoE5EKs819hmvtjTk78Waa
1,29215,717,4179862,716,"change,input",1Pzzs9w25fx3VKqSD8BpUKsMKrQDP4phEH
1,29215,717,4179863,717,change,17ruVEEcbWR1vvBSuyHmMjN6qxn4FDHmCJ
2,31516,442,4190509,1,input,1AGet7b6HQrdnV5Lfbqc4tysYbxxFL2E21
2,31516,442,4192427,1,"change,input",1DdkkzuBAegoTcWnqQiD8qcJSBEiWW3rZQ
2,31516,442,4192594,2,"change,input",1HpdA4Q738Dkee4L1ZdBUpdSghXiomhC47
2,31516,442,4192634,3,"change,input",1HiNFdjiDZNtdPbidGn5ysp7PZfgMcfFbJ
2,31516,442,4192663,4,"change,input",19UgQtMn3zzhSR2eTB3r1CqxhQVoj7eZU4
2,31516,442,4192668,5,"change,input",14nWTKZ5wZ1neLYb65mfNdrd5wJSZZjLiK
2,31516,442,4192671,6,"change,input",1GQ33SJkQk1uaPga9Q4AqP8XuKdwHoTM5b
2,31516,442,4192674,7,"change,input",1fS4jthuptwee8TLpWT29mz5WqVgYTKaN
2,31516,442,4192676,8,"change,input",1Ezyh6RfPHQbYemzAq6h2dTzfqhEUQ4h2W
2,31516,442,4192678,9,"change,input",14mwhzu756FzcdoTLDpDAdjoqYGMUCLhaZ
2,31516,442,4192680,10,"change,input",19eRRc7wauMJLbyCbPCXkQBgWYJqhmjTyL
2,31516,442,4192682,11,"change,input",1PXUdrybGzsv3gx6V2P3krJhmNUTs7k8fS
2,31516,442,4192684,12,"change,input",1JUP7AQ3ogKPkJumjDFT3dRcgsyaFZDg1j
2,31516,442,4192685,13,"change,input",165utU1sSx7ftBaVn4ZZhqFbQKqQZtB6WU
2,31516,442,4192686,14,"change,input",1DZNRHLRqaHr3Lfj5eAtxEJ3AaECvHtr42
2,31516,442,4192687,15,"change,input",1KCQeWuHN2AaWUV9ejQNcJuq8Mx657HoRC
2,31516,442,4192688,16,"change,input",13yzhSXS3vpVYJgKqzXcm6xMYy7jVPJgWU
2,31516,442,4192689,17,"change,input",12kcsLbt5yubQG5F5fG7WxkYTn1jmmE9RD
2,31516,442,4192690,18,"change,input",18ZDE6FNAvn4AGhRNK7ardZ7Z2Kvvx8yKp
2,31516,442,4192691,19,"change,input",1HmrrXC8zYtQd2cHPSjakoFUCwaZhDmpzR
2,31516,442,4192692,20,"change,input",169zdLuSmFZpQEfPn1ZaijPuiVhm6mJaj3
2,31516,442,4192693,21,"change,input",17ow5Rcp6P9pvfH3NTvrHRiBT3L9TjXdJn
2,31516,442,4192694,22,"change,input",1HJKUk2GnxxP5aqcAw59J5weJ1oKfpbGFN
2,31516,442,4192695,23,"change,input",1NxanYzqxvDvDRunLcEZVqc8xXbwZiKnNJ
2,31516,442,4192696,24,"change,input",1HHSLNzVsjWUxVQELaR3vJMB8hV3JaMB4y
2,31516,442,4192701,25,"change,input",1MiDXag4LTp9t7UWHwGmW8QDcYPbJ8NSD7
2,31516,442,4192711,26,"change,input",1A7ydeJ6GZHLThmTqUwky52Jt56ZKzobQk
2,31516,442,4192712,27,"change,input",12fCyqDmiE8DS5NPRj67i1bFRuqtXHB5kE
2,31516,442,4192737,28,"change,input",16rCrjvmNowfW2Mn9tWUrhnyhQjM29r8k7
2,31516,442,4192801,29,"change,input",1ApaFo34gpwXDsbbkEXighVzCqwsSUrkPv
2,31516,442,4192863,30,"change,input",1NbpvjjrXCDK7YGNxnRUbesGV28Zy7WJee
2,31516,442,4192879,31,"change,input",1GBmTYBPZ8Keup6hX3Ygn8vBjcrkeR34j2
2,31516,442,4192885,32,"change,input",1HARbVZJXwJzWczg3Q1dzSHFuStq8sawjB
2,31516,442,4192890,33,"change,input",1Eow5VyoHMcKjxQjiDxt5Z4Qqati1vnvL2
2,31516,442,4192893,34,"change,input",1GpDf8pCgLWCg1owyjmAQYqdgJU299ZNzS
2,31516,442,4192896,35,"change,input",1A2swqgo7ZSDGNn8gSgyaKn8TiSWtg3yyF
2,31516,442,4192898,36,"change,input",19Z2MUvN2QCBqXGCYPz8AX1kjWs1dAr9fH
2,31516,442,4192900,37,"change,input",13xjBcF7QQe1jZwK5UN9cszxygaE9JXabN
2,31516,442,4192902,38,"change,input",1FQJSbhDqMizMXZ9SAoKdgJffN9d3op1ps
2,31516,442,4192904,39,"change,input",19XjkJesW3VCTd5rk67jdWcg57S6MZ1ram
2,31516,442,4192905,40,"change,input",1B6xsapR23hXnngUK1e7jgYTXmDyFk1FzA
2,31516,442,4192906,41,"change,input",1AAnHZUwxUc6bmUPn8cyjK19u2hYXLDyVS
2,31516,442,4192907,42,"change,input",1MR3CJeBLpeC7RTFcaJT2ux2reRyr52zVf
2,31516,442,4192948,43,"change,input",12HT5kZgcYiX4pDPsQzrWYpgcrFTk9GJGU
2,31516,442,4194439,44,"change,input",1Ea7kPFQqfbb2kGFYsVDtzAJw1GUEN7Bxn
2,31516,442,4194690,45,"change,input",14At95opgBg9tEFKnW74oopEjRqrnetb1P
2,31516,442,4194811,46,"change,input",1AAFTAMT1KASUzb2acnF6EBUqcsecfng5a
2,31516,442,4194828,47,"change,input",1E7V4jB1TdSCNStGLHJCdtRCwAoFGxiSvw
2,31516,442,4194840,48,"change,input",1Lr7AjbKsnVkS21hh9ASmWjgf1z1GxYA4a
2,31516,442,4194850,49,"change,input",12khqYtJc8vgnZMerjUWRCEEwYBgwLgWer
2,31516,442,4194859,50,"change,input",1336dekQoFQary36J1YAnvtRKK1mMHFenp
2,31516,442,4194868,51,"change,input",18XWq2SSQmjHzv9NG8uK3NnJdo3JfFrRdK
2,31516,442,4194877,52,"change,input",15X4gxc7vqgr3hNquuLduURMFnhzJCfVMC
2,31516,442,4194886,53,"change,input",19Y8e6XyCN4U7KW2kjfXD4Edbb6T1L4D34
2,31516,442,4194892,54,"change,input",1FvLCubu7T9t2mCuHbGWcgnAf1QZZLX4ts
2,31516,442,4194896,55,"change,input",16DspH7WE5b1SrvK4Pi3H3biQXidRi9xTM
2,31516,442,4194900,56,"change,input",1PKamfpSKtdLJNdYRPDfJ8dbqQJZKtUwMP
2,31516,442,4194903,57,"change,input",1CQxVA1y7HhaVYRUo2qkdqqMjgqjeZ93Bv
2,31516,442,4194906,58,"change,input",12qP45WyJTLKbVCsFuTDGmAdi8hWrwj6MX
2,31516,442,4194909,59,"change,input",15oNrPZMJdQnC8AyyyXSpJd36pSKPBmBMp
2,31516,442,4194912,60,"change,input",1MDtmFkQSv4dJy6hkSa1y3fo1N7K4VbzxX
2,31516,442,4194915,61,"change,input",194LFUW9Ld635VX68NUK7NwpSRoiERfR8T
2,31516,442,4194918,62,"change,input",1HNdGm9t1roCZNoPk33C6UDqorX5Tgzt6h
2,31516,442,4194921,63,"change,input",19MvMx2houWDUkuBsoTnuPVFFCVxvf1dzn
2,31516,442,4194924,64,"change,input",1KfswzJihum1GMV6sxiZxN5SRBKG7JSy1m
2,31516,442,4194927,65,"change,input",1FJgsajWKLjnf6UY2JETFSBSGsY5V4uY3y
2,31516,442,4194930,66,"change,input",1CUsJjkWzKbfBvjkUvNpqjoNSEjKFWcqSo
2,31516,442,4194933,67,"change,input",17R1cLXe7mRi2Wc3ouKZvMbqvsU6KVVhZh
2,31516,442,4194936,68,"change,input",19bipA9yHMmunL9gJpf3FJAiLJpqxw2cbZ
2,31516,442,4194939,69,"change,input",19QxZb53WHhYrwu8sYPK5T47ifsB3v9k8J
2,31516,442,4194942,70,"change,input",1FN8UHY5f4NQwwDzdmx7kWufUrFhU3vTy4
2,31516,442,4194945,71,"change,input",1KR4tNbqJbwKomX3vH7uN9zhnLRQAzngEP
2,31516,442,4194948,72,"change,input",1GxQa1YEExBMo1Cg7tq18WiRZcytkf6Zkw
2,31516,442,4194951,73,"change,input",1PxpFdJaxUnYD3sMfUn73HTLNwgMmWAR57
2,31516,442,4194953,74,"change,input",179rT6PCWEdtY7FivKUZniZMVChUvKamJv
2,31516,442,4194955,75,"change,input",1ABVKmAf4aa4Qv2d48MhTyS97TGsNaAC1R
2,31516,442,4194957,76,"change,input",1FUHgo6Y7ZGDW8fYCuuC3yyhSDES2UjVD
2,31516,442,4194959,77,"change,input",14wC4eKepGdAuq7yCfMUwCngXnmHZCFgrV
2,31516,442,4194961,78,"change,input",1FFToN91dvsM3BYLPE7NnGeXCmCDYupHjL
2,31516,442,4194962,79,"change,input",15q6a5jPNvudco8vxzJbHKLUVW9UAm8GwB
2,31516,442,4194963,80,"change,input",1BGm2dLiH92uQRxN2kgJpAXNm92LRqWwpW
2,31516,442,4194964,81,"change,input",134ADhHhqX8U3CbSh63eiRGUgX79NcHZF5
2,31516,442,4194965,82,"change,input",14GaYVSFEwvbHZzjycHnxBNPNdkcZLT2kQ
2,31516,442,4194966,83,"change,input",14QN6xWZbZHQKbNTfQjWUFpxaw3kxQ6L3s
2,31516,442,4194967,84,"change,input",1MW4SYhYSxbHWZK7xTuewTbeqMU1UNuFva
2,31516,442,4194968,85,"change,input",1AN22GkxSGvVuj2MdvxaAxSgLh7yHhwdH1
2,31516,442,4194969,86,"change,input",1AhmykqpMKhuettXrE1qkh8P7xhSxzKmJK
2,31516,442,4194970,87,"change,input",12WMPt4pdwT54Q1u7N2bGszF8Fap59MwW9
2,31516,442,4194971,88,"change,input",1BVFvFMFtcbcYJxCcx9wFP87ooWA4uJeHR
2,31516,442,4194972,89,"change,input",14aqxLfq3ZEBtpUsc4iYuFiHUX7sxCuS9N
2,31516,442,4194973,90,"change,input",16SytA1QSZc5Ca5QgZS5QjXrZDgP6XzFk8
2,31516,442,4194974,91,"change,input",19qmp6bhaLypdQoyrEWFYdHN3KvFqM1eoc
2,31516,442,4194975,92,"change,input",18zCktszK9k4nM1YUCWaMtYQraxS2MojgW
2,31516,442,4194976,93,"change,input",1DgC4xhdiHXGpDp6o9SaSC8QQjtWRr3qqR
2,31516,442,4194977,94,"change,input",16ZhbEhTdvynFHhAz5ELSAZWdpP2WTxGX1
2,31516,442,4194978,95,"change,input",194yumqBPcBYBbGioKXBg8erTBt2fs35Bw
2,31516,442,4194979,96,"change,input",17FpoHdEphTBjjgmzDeDbgN7dPGWHfzgoB
2,31516,442,4194980,97,"change,input",1MmYftqx5aMReMDJ4F7Lus6U36YZQAX72k
2,31516,442,4194981,98,"change,input",1L1PpfMpVcMdXVdrv9ax5DQxHnz2utgP1L
2,31516,442,4194982,99,"change,input",1MoXaYBZZjdjoA7JwkNi8pxQ61m1T5K3F6
2,31516,442,4194983,100,"change,input",1J4KD5z8Woza2kNBWAXDXhty2RE9AZzEJj
2,31516,442,4194984,101,"change,input",1HRoQT38jibuZ5KrsL8r7P5oArgLWy22Q5
2,31516,442,4194985,102,"change,input",17tK4ry4XX8sxZGtApDN1WTvwtH6aymoPP
2,31516,442,4194986,103,"change,input",19RcdtkFUV6hqjAZka3h2hXEvmn7PR4CPz
2,31516,442,4194987,104,"change,input",1M9jALGzyNaayHWGFTE3FuKdXCgTR4fh9s
2,31516,442,4194988,105,"change,input",12k7uRUjs47KWBduzCYAAqA9s4zUYXSVv8
2,31516,442,4194989,106,"change,input",15tmKnXPRbfJNC2LkiYXnPNLKbKc2euzS9
2,31516,442,4194990,107,"change,input",1FN3PNG7P2rKLa1ExxdQDZvmmyhy3nrBkX
2,31516,442,4194991,108,"change,input",1824bSVKtwfwiMK4kGRuWkf3dM88yHM1Yp
2,31516,442,4194992,109,"change,input",13gKAHhkcBfQAKgoME3z3Jf9UGidioJbH2
2,31516,442,4194993,110,"change,input",1Pix7T1Q96qc3h2w52TT5Kwy8BNy4L7gbF
2,31516,442,4194994,111,"change,input",17u6wfyZDu6dArT9exVoUhdU2vMYv4vaTM
2,31516,442,4194995,112,"change,input",13SNWnq3ejwCMVwxxz2maqTbNm7WdzGyA3
2,31516,442,4194996,113,"change,input",1BJr7A5qZffgyYGZNcMrHyMo73R29obiHs
2,31516,442,4194997,114,"change,input",14vMCyJELovJsxzHdgo4uwQ5MXfg7qFMro
2,31516,442,4194998,115,"change,input",1PU1i1xsdNJXyg25MeBV2jNHbYi7EskQL6
2,31516,442,4194999,116,"change,input",1F1edpB11HWt8W6Rox23AaZNbqqnXEfajc
2,31516,442,4195000,117,"change,input",15yc58X8cgXX93b1jkKoQYfUjRSo11CcT1
2,31516,442,4195001,118,"change,input",13cN6AebqZqZEZJWZb3n9KKokkt9jkadup
2,31516,442,4195002,119,"change,input",1LAAv1CwggHvubFM7Q4wpZwYX9cjSefsM4
2,31516,442,4195003,120,"change,input",1DVBD69h8nRxqrCmvFdbzqEzBCHXmSbtSq
2,31516,442,4195004,121,"change,input",1DfJrBhQKk45MaLfCgsxZXqWt7ma6zR7My
2,31516,442,4195005,122,"change,input",18n2J6C4c4qnyAkvjwkJAGsxD3FtKBbsds
2,31516,442,4195006,123,"change,input",1DekU6i29yoEbtmSWX7yowmVkMkipwSkpX
2,31516,442,4195007,124,"change,input",17YadCytwoPFNUdzb3tqP8fD4H53hKvGW3
2,31516,442,4195008,125,"change,input",1EgRR5KrjefA8YrGiFgRuW49UAZns439EZ
2,31516,442,4195009,126,"change,input",1DHyiNVKk9yjRJb2e7hEiLEB4yMfSTMCu2
2,31516,442,4195010,127,"change,input",1BE7HRxJ8ucWo8Q2ZWcGCwmLGySee57AKM
2,31516,442,4195011,128,"change,input",16NSwAu3dBzo2BwysZU6zhRYRcTrJga7Pz
2,31516,442,4195012,129,"change,input",1QGzPyUYThza7kNNKFekgKmcsLZBgNui6b
2,31516,442,4195013,130,"change,input",1GxMEfeFmSX6yPJMb3LnsAJuXxSfzoDVij
2,31516,442,4195014,131,"change,input",1JSiRzaxjYv23KQDNk5iaJmCMMW8JFV1Bk
2,31516,442,4195015,132,"change,input",166mf6N81NgGXqvzLAm4NVktfs9yATmPwA
2,31516,442,4195016,133,"change,input",1LP9BQhf8q2oQfCsgrnu9uqRR1kgZ3MiMx
2,31516,442,4195021,134,"change,input",1PJJ1ZRSYoQNtFSpQXSrrpJXoE1Zz644HC
2,31516,442,4195022,135,"change,input",1PaSWWVHeW82gwifRpw7hBvu15E14bDUSR
2,31516,442,4195023,136,"change,input",14KNPBGVGvUXSpUEJvUdQtyX8Ymt4M6JnX
2,31516,442,4195024,137,"change,input",13Ej5o7iZf5hvtwzcbG29cWwg8tW2yWs2p
2,31516,442,4195025,138,"change,input",19giskPvbEs5jq3icau9y9FoLVY1y2Xnkk
2,31516,442,4195026,139,"change,input",1ACQrtvsVrHr4c8FQN8bEJMwuZ1YmtMfei
2,31516,442,4195027,140,"change,input",1MRXdoEakWcdyVuLxzucmQxNki1MuZNjF2
2,31516,442,4195028,141,"change,input",1F2ZVYStL8PjfVtKayLDKVv1c2nixapjHR
2,31516,442,4195029,142,"change,input",179tQWWLnU6ZeZmt4PWCrzfspuqePRTEN8
2,31516,442,4195030,143,"change,input",13q5Ds9HgCnmAMv5ZEdfh5s1rJEUDQB6RS
2,31516,442,4195031,144,"change,input",1LVSUrgVsr5KG56RmqopEGYrAXbLcDn4LZ
2,31516,442,4195032,145,"change,input",12194KoFB5B4hgsiGQfx791UGScfZxPhEF
2,31516,442,4195033,146,"change,input",1HkSWe9YhYEJeR3N8kWYu28ddtcSto8UCU
2,31516,442,4195034,147,"change,input",17ofCAAmEN4JNdm388jYfjz922m9WdUs1d
2,31516,442,4195035,148,"change,input",1Ck4p7SfikevE37cvGuKUvvv23spCBCjJf
2,31516,442,4195036,149,"change,input",1NqM9RhgoYKMpEbJBXyFDnMhbMrJ5zrUkx
2,31516,442,4195037,150,"change,input",1GWcw2T57HmrmLt8r1ghg47d6JKvXCz9Yd
2,31516,442,4195038,151,"change,input",1EpovNqrwW4qyfoLA9nXQsZSi8VsKU9hnq
2,31516,442,4195039,152,"change,input",17tUkspKEDENYp5XEhaHuDZ5yqk54nuRF4
2,31516,442,4195040,153,"change,input",1AHBETacDLwaXtGJwy92SZVzKCPr4Uuo9K
2,31516,442,4195041,154,"change,input",1KACFfa2F35Q84YFdYAaiUDeTH6U5PEYGR
2,31516,442,4195042,155,"change,input",1Ng1ZFUFPynxxbPozMffgweqVS6YkG4Kpw
2,31516,442,4195043,156,"change,input",1BrrA3hVF4jQ5Ft9egGHvsmcCQMWG1VF1X
2,31516,442,4195044,157,"change,input",18G5zitmFwWdkKcPpMyMdTEPWKZcaaErw1
2,31516,442,4195045,158,"change,input",1BVi5cqn6MrC7rhrGh72cSeAjUVgYRaj3b
2,31516,442,4195046,159,"change,input",1AZypEVMvZEfBTpHYhfafSHCH6Pgp6fyhw
2,31516,442,4195047,160,"change,input",1Frh8crcxeScanfW1VaL45CEJrv92AfXLz
2,31516,442,4195048,161,"change,input",1DavPpLcQ1y3qXcG75AZcPubNXNyhiasJ9
2,31516,442,4195049,162,"change,input",1cjEe4eR2msB3w811vNw5pttvQ9m7CsQe
2,31516,442,4195050,163,"change,input",1L6hGK5en1jo3o93zJ4pRKHUjNde9ktcbg
2,31516,442,4195051,164,"change,input",13BibaKbJZeRykABkoLVFnSLau7wTNFWmc
2,31516,442,4195052,165,"change,input",15YE1UYucAYiyioXeHaKvfgEhtdsvwqmHL
2,31516,442,4195053,166,"change,input",1DSHfK8SaNSYZkKamgFDwCBzDtBcX1PQia
2,31516,442,4195054,167,"change,input",1FdMNhwPwjSCmMVhT6NvzAFZAS1pjsEfbg
2,31516,442,4195055,168,"change,input",1LM9H41u2ohYn4KFecS82Z4WmPyciXQdQF
2,31516,442,4195056,169,"change,input",13g95SBmcHMUeXrfkSHKDHjJi6x1XFZcvD
2,31516,442,4195057,170,"change,input",1CLDdeBSEAkNG7kA7gEouHkuhsXWhkR4VR
2,31516,442,4195058,171,"change,input",1PWA1uPeCAW9ahxwkR2QEvKihTNyooJdU5
2,31516,442,4195059,172,"change,input",1PUep7wppCxWeeEg2cjAgtvStV8FrbQiz8
2,31516,442,4195060,173,"change,input",1PEzUiG2bvA1zL9tuJruMxF47jo5YoxQ2B
2,31516,442,4195061,174,"change,input",12jQS5B416FoXwWCF3ywdpYuT2GGP3p6Nn
2,31516,442,4195062,175,"change,input",1MChUVmRf5UcnTRCVWHXsyN98M6Mg7jFCV
2,31516,442,4195063,176,"change,input",1E5JiT5c2nj2e1W2aCo8mhTjgk3kGz524o
2,31516,442,4195064,177,"change,input",13Q49FqmMZE7YnQ6KCXXG36he5DpCWA977
2,31516,442,4195065,178,"change,input",1NT3mEZE5yPhfEwHiz8EEaDNfMu3r3H9Mj
2,31516,442,4195066,179,"change,input",1BiHu4LmL3aiLRQ7Ke6fgxDomevGrBFAaZ
2,31516,442,4195067,180,"change,input",1NMfGWTrBFiMKhazWhmyGGmo5Fbevi7Ton
2,31516,442,4195068,181,"change,input",18rVjNGF8xL3eduHt2WrsnssKCyYgAv257
2,31516,442,4195069,182,"change,input",13cUBAXTYqi6gA3m7x34bqqwZ4PWU4GpQV
2,31516,442,4195070,183,"change,input",1Q36NepDkpEcstBiTEG1ZFK7PQPkNyysYd
2,31516,442,4195071,184,"change,input",18SJBCPAFGoQ1iwPh5cBML2LWGJZQjhQSt
2,31516,442,4195072,185,"change,input",12bAXNu9r6K329AXoTNfjnRw9JjwyB1Wiv
2,31516,442,4195073,186,"change,input",17SMyB3Pore5KYFR9gV6Njx5ckq4ipg2t
2,31516,442,4195074,187,"change,input",1w15dbgxzyonZLCpPaZutZSYMPuBCshnq
2,31516,442,4195075,188,"change,input",1fL4A2PjUUpoxFABT8cJPVG5rXVSZmegc
2,31516,442,4195076,189,"change,input",1F39NWQzWaYx1GzhxQqq5pdmVxHiPbC6Pp
2,31516,442,4195077,190,"change,input",1HfBdu8J5DU4vytjVNeeatpKeJ8uBv4wCF
2,31516,442,4195078,191,"change,input",1HXmVTnjxamVKCjEK67sdgfPs591LcAK8g
2,31516,442,4195079,192,"change,input",14FHAcSNuoV3e1T6RWWz3Q633vHc1kpzDL
2,31516,442,4195080,193,"change,input",1DrEacnBjoFF69MPUrLUGu2o5ZfXMikbg6
2,31516,442,4195081,194,"change,input",12rv9SbT6TFEUvr6Rha64guELgmkEDzeQc
2,31516,442,4195082,195,"change,input",19pGi7578jK9SyzttPi5a3yJm2qHETWKLT
2,31516,442,4195083,196,"change,input",1ASNQRMD1XE2gvBk6GyqWrLfUjbLV8MoRK
2,31516,442,4195084,197,"change,input",17WnsCJCN3Fo3cK5qKxfCob62aHZVUtgGe
2,31516,442,4195085,198,"change,input",1BSdL96PmcAAevFvPJxr8WdP7eakjjhkm1
2,31516,442,4195086,199,"change,input",15G2UYr8gRDeZpU1JKf5ZaRU24T8yBdvXD
2,31516,442,4195087,200,"change,input",1A4orcPr4zFpUofzjQeVjwXPYbsgXsWufE
2,31516,442,4195088,201,"change,input",18edfAHnRtgVWdPTBZ3ptjFDwVzbkN4pTe
2,31516,442,4195089,202,"change,input",15QZpEkaDVttbk2HfzNxvb47ncvVVCgcYP
2,31516,442,4195090,203,"change,input",1LSTFxXZjfDPb1STENBnLWN9DnujnnvvAk
2,31516,442,4195091,204,"change,input",1PjgGJ7z2SsUjJf9E2Udn7v7aChfuuDEzp
2,31516,442,4195092,205,"change,input",1MUzKNr28pyd3tcqvDyvuDnQfP5DZEot86
2,31516,442,4195093,206,"change,input",13fik1HRuBN9fUtVuTmRPiP57Pf6WekpEB
2,31516,442,4195094,207,"change,input",1Kqu2d1HZ6nJ9KSw6k8hhxb3WaME9Ytpnu
2,31516,442,4195095,208,"change,input",1DA7iU7ybcsbcVVw38XDYWL472wcbAYsEJ
2,31516,442,4195096,209,"change,input",1LToN5GKM4hk2JwGQQm33gbaVjf85RPr3K
2,31516,442,4195097,210,"change,input",1Kqb4XEDdghza2pUgFTvdh1wP9ZkgUuq4q
2,31516,442,4195098,211,"change,input",12L5twQ9vh2QRLPsrXfSHjFdaDJeZrxx3q
2,31516,442,4195099,212,"change,input",1PpVGAzdtJ7GS3yd3bf6LpqUUiGqP1QaNb
2,31516,442,4195100,213,"change,input",1N7PZt9cqhEjYjrobCwrEXUfcWvSuXUPws
2,31516,442,4195101,214,"change,input",1GxWYPxYBtNogVdm7UexnnMvTvvMM2GCyw
2,31516,442,4195102,215,"change,input",1AxP9rEsKmdhii2YH9XPcf6WeudJDJCj8V
2,31516,442,4195103,216,"change,input",16VPrEzb4P4kLSYamxukgtRKqSReqY3DeD
2,31516,442,4195104,217,"change,input",17V64oyy12RbJBNbiddX4xZMn3ZVSddvph
2,31516,442,4195105,218,"change,input",1MhAQSDbWi8xQPhUCW27XQLpNeWkVNCMfi
2,31516,442,4195106,219,"change,input",1PTtLaQAbRsCVKHjAUbA8ZYJp3fcnxUzBt
2,31516,442,4195107,220,"change,input",13EMnkqJV3hcddsoi9aDjVphjuCRfjyLAV
2,31516,442,4195108,221,"change,input",1ELgm1UAepCyc6beaXHbSFyzgjhAHvyEmR
2,31516,442,4195109,222,"change,input",1Q6XFpqKHoNXFNxh4cVai55z4P8ZC4Ezkv
2,31516,442,4195110,223,"change,input",1MtnKSvAnXg2eDaLpKEeBK3kXT7DiQTvRb
2,31516,442,4195111,224,"change,input",1BfpNvkTGeHwaXQGUbWd8czmhK7JHwmWcz
2,31516,442,4195112,225,"change,input",1DxXuHAtGrsDiuyHo3zakoexqHE4zC1pGv
2,31516,442,4195113,226,"change,input",1N9V8GqKY2dNcMwo42zrSMZkU4CWApY2XE
2,31516,442,4195114,227,"change,input",1PJqXyDbz445RwvQKNJk89GSJWCzBaNhqJ
2,31516,442,4195115,228,"change,input",1PhzFkN1uki9xRVmFY6vJ3c2hfxdhRFTuE
2,31516,442,4195116,229,"change,input",1Q1p91Anz9TkBnWaFMCENm5YvLfFfVkinm
2,31516,442,4195117,230,"change,input",16J1M74XrHUBFnoZZY64PoQJynpZb27qDn
2,31516,442,4195118,231,"change,input",14N2hrALFAsnAnAn6NsLbE2feZfsUvu68Y
2,31516,442,4195119,232,"change,input",1FQy7zgoqHX75nufqUuWAwwDyiUBPYfaQq
2,31516,442,4195120,233,"change,input",17ZTnzAUsNcSm7R1eRj6mGrPmNToM5TUQ1
2,31516,442,4195121,234,"change,input",1QLBkDbsd51uzhdSZguBQ9bmjW7qcd7tfa
2,31516,442,4195122,235,"change,input",17c5dkFTYYvL4v9nr6RGhq5GVKxNLmp2DW
2,31516,442,4195123,236,"change,input",12V3pM6wtcpnfvoz2egxN5yLeSY9RmQ8aC
2,31516,442,4195124,237,"change,input",1K3J9KTjQ57EHo2qE8e2dL5yamFW9vTRhC
2,31516,442,4195125,238,"change,input",1EqUaM1LwsyWgFPdMQAfgVMsrxNFCLLiee
2,31516,442,4195126,239,"change,input",1KXyLz1i3gNmJAjEjsnzd58EozWpukhXwd
2,31516,442,4195127,240,"change,input",1393uonusyi51JCGB3ZfjirinRxespS9oV
2,31516,442,4195128,241,"change,input",1FaaPCHRNfwSeagYc8tAbHpBzZCcN7k9zk
2,31516,442,4195129,242,"change,input",15deHMPQP4t6mPGxaxpNPvxWyN2LbkHG3P
2,31516,442,4195130,243,"change,input",1v91D2xtensVTNmtxy75mjuHVTV5LTvG8
2,31516,442,4195131,244,"change,input",1CLJkimXJhKetPYPS7SxwTa2jJ5hdgTqbk
2,31516,442,4195132,245,"change,input",12odBWiXowNN5fosbAhXCN75zC6dv1p4LP
2,31516,442,4195133,246,"change,input",1PzMH3SCXaxUSvEAnd3ZFMpPCDjZYKXecB
2,31516,442,4195134,247,"change,input",1LToSVC7FQkQJ184H2gjKgyV92VyTXW7u
2,31516,442,4195135,248,"change,input",1BjvJiDZBTeNFchahPGUvYZ6zycKoQoB6B
2,31516,442,4195136,249,"change,input",1GS8uU6j7k32Qa2LzeP3MT1yijeKskR9n5
2,31516,442,4195137,250,"change,input",1DBwFFJaaix7r2LR5YNXLTjGraCmC9AVq3
2,31516,442,4195138,251,"change,input",1JjiBzFYAiAPxgE1FfQTBH3fSAs6UxopEF
2,31516,442,4195139,252,"change,input",1Cts5NvRR9FCvDr2wjyDcE3HM7uEfUevxq
2,31516,442,4195140,253,"change,input",182bFvETRT9NuQdQGmZL3NG3fjigpgYKdT
2,31516,442,4195141,254,"change,input",1Je1MGv96ffBXjUQpXFcBv6UowRM9TVMBr
2,31516,442,4195142,255,"change,input",18c6eQcBkEFTCYFxShMKa2Eqn9PUJArTvk
2,31516,442,4195143,256,"change,input",1JYp5A22UdtEf7776g8cDq8o6p6wuEkoLr
2,31516,442,4195144,257,"change,input",19juCxTLzD33tw675qi7JzojQcLiBQthH8
2,31516,442,4195145,258,"change,input",1CE69PuaveHKEt48ynCgGNmx7qjotwNHbn
2,31516,442,4195146,259,"change,input",14vjVJgX3pToT1WWhbnckRfYPmkA8peJyB
2,31516,442,4195147,260,"change,input",1Q72LZCtEvwvF4UjGx5zd9JofCUhna5wUB
2,31516,442,4195148,261,"change,input",1spNbjqWnSy4sdm9WJgZa5GfrxyULSRbb
2,31516,442,4195149,262,"change,input",1GysfkGqTjWp1nRzEK7R348rrYn9WGmZz4
2,31516,442,4195150,263,"change,input",19ngYgMoc2qGAGemQYKu7yiHYqSSc7vPwn
2,31516,442,4195151,264,"change,input",1NbYUVyxFfWBGhHmBwWxLRX3tMei6RPiNv
2,31516,442,4195152,265,"change,input",1JtXFZDWWdoWVRbXVv8UVHZVASgKdDYVvC
2,31516,442,4195153,266,"change,input",1HDp4abm4X9KHYmPtBJ12aqszcsbNmz6oC
2,31516,442,4195154,267,"change,input",17ZpQf4SWw6w5w6FQEx5o8rg5NEpaXu7aK
2,31516,442,4195155,268,"change,input",15fjTAA2uXSgY7T91MSfeZJmiUoAtm6mqD
2,31516,442,4195156,269,"change,input",13QUq4fGxuKwqCwYGSkHKXEALazRoV3nrU
2,31516,442,4195157,270,"change,input",16icLdMuYdMvr8VTeiCdmMK9mmb1UioR3H
2,31516,442,4195158,271,"change,input",1PoHpDJm7rjxYrUC1Sf1vZmYyv8XPK62Uw
2,31516,442,4195159,272,"change,input",14s4bNmWWFqnCpzvuFVHsYsUfz5PmTFB8A
2,31516,442,4195160,273,"change,input",1BRr1ZFR2kkU41FBKBRMuD6dayWxhymuWX
2,31516,442,4195161,274,"change,input",1Lb8ouHRbie9xRP47eL3kNuncoyPxWbpLX
2,31516,442,4195162,275,"change,input",1LKGQWxof8JdD1672dzcnf9HsU7JusZF6a
2,31516,442,4195163,276,"change,input",1HrukutCX83KHTnYJFNjd6QzcQDm3Zf1YC
2,31516,442,4195164,277,"change,input",1BoUnPMpnBYQgMmcXu3jEqFCyRmbjeF8cm
2,31516,442,4195165,278,"change,input",12FoDT44L8KTJ5SLmmaJmsc4YiJSxYYYEQ
2,31516,442,4195166,279,"change,input",1Eg997cNFkX8fiLG7Adv41f1TssdwmuuY8
2,31516,442,4195167,280,"change,input",1MSXxzTpKiETcKhDodGtrszX4VWovtFUQW
2,31516,442,4195168,281,"change,input",1Cqxd81nKHfeRnZJxeJFU2M7VSz3tcsbXj
2,31516,442,4195169,282,"change,input",1EHqjqABUe1GBmiVDFtBi1EWxtF7XeLsFS
2,31516,442,4195170,283,"change,input",1C4BsBCqrRuBeFxBMoBUN9ePnenFEZ9qgm
2,31516,442,4195171,284,"change,input",1L1fZonT7ojiiGSZoYJGBPDxSrdu3mu5k8
2,31516,442,4195172,285,"change,input",1JjNKg9STWB4QRkkp8mbrMquUiVHyug3rp
2,31516,442,4195173,286,"change,input",1HN9U8nofkFVwDkv7fGFyGXfZLUD8P5tM
2,31516,442,4195174,287,"change,input",1ESHozf2uFfLVMzyPyum12kewzdoKo3sLs
2,31516,442,4195175,288,"change,input",14LhzEt8bYurMmaGpZt2pKjuNiGSg7stLg
2,31516,442,4195176,289,"change,input",1729rRrR6rrXhETuiKPePwX7yFGzQrA3hf
2,31516,442,4195177,290,"change,input",1LvoFwcWr1DvvNHziTYr2zdXNTmkyJEekb
2,31516,442,4195178,291,"change,input",1LLj7Qsc29ZsiKcmT1C4qMS6KHw17yZoBv
2,31516,442,4195179,292,"change,input",1GPZcznxm3VqzYmyefg9SBXr9mSVWQTofi
2,31516,442,4195180,293,"change,input",1Q4jiWY7p99NnoY44vpM97qQDUfT97txbG
2,31516,442,4195181,294,"change,input",176kmJR4m77ttbNtgMCJFfCi3MVhvKbuU3
2,31516,442,4195182,295,"change,input",12TxNY8pNR5spdFC8ovF4btmqNPjuSFXtC
2,31516,442,4195183,296,"change,input",1F7wuxQ1NZNufUbFvWmwH3GNGZu2taENgw
2,31516,442,4195184,297,"change,input",12NTiWhoQQr1wnwsFMYcgN2pYTtSXB2hUA
2,31516,442,4195185,298,"change,input",166ZnxBYP2p2KUFPJEPxaK6QE5b5PYiLhD
2,31516,442,4195186,299,"change,input",1dBnTviTPd4inhmfECUmz4pPs2fNMxstQ
2,31516,442,4195187,300,"change,input",12EM6kmrXNm2ACqj8Fr996ba1s2ni7SaTU
2,31516,442,4195188,301,"change,input",16qLjm1csoPoCWSWwabduQiq7HDNg65sCc
2,31516,442,4195189,302,"change,input",1qRSTWuEznew6QTXW2hcXUXvVEz6CtdmY
2,31516,442,4195190,303,"change,input",13iPoZD5F425i7GsSSbTvwYsWxNufBuEVY
2,31516,442,4195191,304,"change,input",1KQ36xTe1RXjkfy1fMNmw1cbXKjdKkAXdu
2,31516,442,4195192,305,"change,input",1HKSBUd8U3NLbzAhCHyMvnREBELjnMWDZN
2,31516,442,4195193,306,"change,input",1FDtr2YkE216XbBxXNWZKvvqxEWvNzBdUs
2,31516,442,4195194,307,"change,input",1FaRvJT2j5izxFpRDv14zCzhAQwxUffoex
2,31516,442,4195195,308,"change,input",19MorWYXos1n5BeLkwVRau7mzm79zUnqn3
2,31516,442,4195196,309,"change,input",1P98Hkr3oo6G8KgnP3bpzjEEjosJ1Xxibm
2,31516,442,4195197,310,"change,input",1JwUJ63RV6WRrwsGGoarnG5pi1eRLp5ETi
2,31516,442,4195198,311,"change,input",1ArKrJkGp9QbY7FzdFe3pmkY3iNKgbEi1z
2,31516,442,4195199,312,"change,input",1MXcJYMasXi91xvaoD6RwEqYZU1warCZNm
2,31516,442,4195200,313,"change,input",1HiuannzDKHB57J2BnqNzZ5CXBejhi2oWu
2,31516,442,4195201,314,"change,input",1K7WKEmeEVWVR62MqWg8yfzRqkcB4hJtxF
2,31516,442,4195202,315,"change,input",1D5nQAKFnpYwEZ1H7wiZAd11exUVDnt2ZL
2,31516,442,4195203,316,"change,input",1MvQWYRpVpFPdcPHExEzeLeosw2eiPRfmW
2,31516,442,4195204,317,"change,input",1BJCq4dPjggZN1LQJ5DnARMdx9ZFJAT2F9
2,31516,442,4195205,318,"change,input",18JB3X6vKD5PHbJQXj8D8xULtMLk38Zfvv
2,31516,442,4195206,319,"change,input",17GEUZx452PTN9uojwqWLfDY2vZ3JLDX4B
2,31516,442,4195207,320,"change,input",13xeZiA2Q77FZTFFTWsNt62tWpL8VzNE9i
2,31516,442,4195208,321,"change,input",18ihEyX3F3K9MmqqtHvt2CQhKxo7agGdQL
2,31516,442,4195209,322,"change,input",1D7cLVntG8BFGtUyF9Z1o7DTbNYRUeFbUF
2,31516,442,4195210,323,"change,input",1GSsHXaaTYWseax3eTiqEg2XuJfaidqbuQ
2,31516,442,4195211,324,"change,input",1S3Luv6JmjsEcLU2zrWYKDhYbyDVA11Qr
2,31516,442,4195212,325,"change,input",1CBSen7Q3dpuEBzEkpHsWrLDw4MseXkVFA
2,31516,442,4195213,326,"change,input",1Q4Q7yqQjkymn2q1qQrjcL99ZdDGT3XUVh
2,31516,442,4195214,327,"change,input",16bSDW17LAxZXMApH1jGjLcPcaU7kY7HsZ
2,31516,442,4195215,328,"change,input",1qj8Qgpyb1fqZERDqhsw7XxtgV9xRKviR
2,31516,442,4195216,329,"change,input",1JAxPgKgwVzqSFyE3qwD4SpBBSoCwajAVv
2,31516,442,4195217,330,"change,input",1eACQMLzxZMDXzCfJTRdbyJtFZr8Xu8JM
2,31516,442,4195218,331,"change,input",1G4KpweuPX6JdrRXDiPghiCLgU8pyDscQ
2,31516,442,4195219,332,"change,input",19RCBEYC1SU78HofUmxYv1rfF186TUuADQ
2,31516,442,4195220,333,"change,input",17GbNGkc9NToWy7AD6bMuyb9V83fnPJ6yV
2,31516,442,4195221,334,"change,input",1PhiYQwcNt9fhYx1eTLrbH4KQzQXDSELFA
2,31516,442,4195222,335,"change,input",17JfLQTsMiK2nkeMuB2r4m1tnvMsrMFvrE
2,31516,442,4195223,336,"change,input",1QEz7neUR3JoWBbnd36RKb92JoJuubJaMC
2,31516,442,4195224,337,"change,input",1PFumzdqfZZ3G5waRhyxUap5VbRu3TJqTa
2,31516,442,4195225,338,"change,input",1Edm1MaKNtVTTbqvmQ7BA6Tq1GxTsF2wxE
2,31516,442,4195226,339,"change,input",1KS1k8qH1z7odQV8zWCKDe5VJaCKUZbDPj
2,31516,442,4195227,340,"change,input",1J4QeELi71si7uBJJ8AhRefQRTzatJeSDu
2,31516,442,4195228,341,"change,input",18UbncsKTXS6ZMLGcpY53ueqUGyS7T4n46
2,31516,442,4195229,342,"change,input",1KnDdYNyukSidKHjQb51nzNDcTSEFTneCq
2,31516,442,4195230,343,"change,input",1JQ5XKqHY8d9exMjbkBy8sgbpJKacJvXTU
2,31516,442,4195231,344,"change,input",1Ne5UBAKGEgjqchRqP4snkefYPVQM6HTPk
2,31516,442,4195232,345,"change,input",1N9PNpi6WWJLSTd6tjzZjvWU19cWTUqFkD
2,31516,442,4195233,346,"change,input",14X2cN4tmAq6R4onkwXFmkecH8wLZV5jXS
2,31516,442,4195234,347,"change,input",19LLonRo11MZdbs1m3cjTgcjdjcCDyfbX7
2,31516,442,4195235,348,"change,input",1NJSSu6Lu8BCusgjTbqD1BaQRWRWPi99ko
2,31516,442,4195236,349,"change,input",1NK3ZQEMiRresYXCwt4Q9j8BDWcQBS2DE3
2,31516,442,4195237,350,"change,input",17yYQjGF8uw8cTn6EvobpHEwsps1DeZmCz
2,31516,442,4195238,351,"change,input",1DzzWMTiVeVSA7nCjjCTg6ztS2Q3xyY468
2,31516,442,4195403,352,"change,input",15s87iGGU8m2wegWmzzhX72hCY12t8zyDw
2,31516,442,4195466,353,"change,input",1Gn35KKaQBpKSrSGLMTjBdioJXAFPRvZ7M
2,31516,442,4195575,354,"change,input",1LcaSTLb9aDmzHPsgqrPFgTgMzMJH2EJjr
2,31516,442,4195591,355,"change,input",1G2WDpdhjowYsNW5oJDspGWG8PBRXJRvGE
2,31516,442,4195604,356,"change,input",1K91GCiVZUGgqcc9kcXKT7E7G6cQw78GCY
2,31516,442,4195614,357,"change,input",1QHFgpXeXmHkjCkas6kDqE8m1NqJZTA4Jy
2,31516,442,4195623,358,"change,input",15Yb3V4SRHjoHuubDVkVFfV5VzQGSSW1Je
2,31516,442,4195631,359,"change,input",1MqTMo68NZtm8S2NMter1s9nfYrvsUEE2X
2,31516,442,4195639,360,"change,input",1FdpHyuHW9C2stTMvsvhTxKNUr3Cs4rsQg
2,31516,442,4195645,361,"change,input",1PtVydp73yuPft7SE6cmehA8MfDw2LCnPq
2,31516,442,4195651,362,"change,input",1Nq8dSJeFASuvRedCUWPD7WgapLNMoD6iq
2,31516,442,4195657,363,"change,input",14SLAcTA6pLwV2SpdmFZsnc2WmsfPdzvHb
2,31516,442,4195663,364,"change,input",1NwY6aCbr2U7GDTXomY8FZTZAoodJZ6NR7
2,31516,442,4195670,365,"change,input",1DsqZAQs1P5VdbnrDt2FU5vvur1dyL9yUy
2,31516,442,4195681,366,"change,input",1FvhfcibCJhgdAbTPQNWDS7uPZpPaCbJik
2,31516,442,4195767,367,"change,input",1Jd9t7gJLW6JAQAnbPhCwpPVV93FDX34jv
2,31516,442,4195854,368,"change,input",1cEzzkn3dGNABEVBNhTA1KqBg5Rp8RRBd
2,31516,442,4195869,369,"change,input",1LgPbAdSVDRv8fLqfsoXdWKdyWc7qXZizD
2,31516,442,4195880,370,"change,input",1N1YZqmMGUaNqJSEKVBQBJri1uKQrsipDB
2,31516,442,4195888,371,"change,input",18asnjbhyVHJDgxXuGWumRcCTDSd16aGXL
2,31516,442,4195895,372,"change,input",14Ust6YzBXfLYXfgEmnujUwwNRaMPVnBrq
2,31516,442,4195902,373,"change,input",18DY9Czc6WMXia4J6n96McwhYE9vTmswiu
2,31516,442,4195909,374,"change,input",14XGRqgJ5MUQPYk6YYHhW73paoGSMaPo1x
2,31516,442,4195917,375,"change,input",1BA3U2mtA7CxQC4GWdWxvFoxHcwgKMkipj
2,31516,442,4195925,376,"change,input",13E1gPp7R6BCZoX2asCsX2JLRNfYAmKemi
2,31516,442,4195931,377,"change,input",13b46s13NzMgmQyjGU4LAxN9KzUdzvA4uM
2,31516,442,4195937,378,"change,input",1CZEfe8kYmUxJ4qMPHPSeKKaihtE5sN1Mo
2,31516,442,4195942,379,"change,input",1Q45j6q2UgbnDVcQ1NNXfLMME2rqSvY4wh
2,31516,442,4195947,380,"change,input",1E21onGiZFsp8xdN5Qy4N8iqhKYHyJFPPR
2,31516,442,4195952,381,"change,input",1PKhiTT8x6JqedbtbZUsg1puUDKNJoCvVf
2,31516,442,4195958,382,"change,input",12dvoaJsfh15D3CLbgGFtWsQv9rBjhTrcw
2,31516,442,4195963,383,"change,input",192GdB7oBj7BmUnWTAFy99audBcqaSsiT1
2,31516,442,4195968,384,"change,input",1NcBnvaotpJzrJDTBJya15Ua5Mrrk4vZXa
2,31516,442,4195973,385,"change,input",18XU7S9beUkNsmJaRv8unvac1L9V5Do94m
2,31516,442,4195978,386,"change,input",19wZNqSXRdoDAMQZpTTn9esQdHLZznd6vr
2,31516,442,4195983,387,"change,input",1J5JsstgwNtdUJwBUPwhGfny8kZhoMGKbt
2,31516,442,4195987,388,"change,input",1BoE7aMjgH5NR76ES3wZuUfgwUHtZAQXsi
2,31516,442,4195990,389,"change,input",1PPaHwxmC6xpKqvfbkJSLk26CEWfVZbzaK
2,31516,442,4195993,390,"change,input",1PXtFTSRR4NoRVeDnZ5DrpKH3f39dhJHGz
2,31516,442,4195996,391,"change,input",165GQskEVMsp1e3F6StmHHePToYfoU6LWN
2,31516,442,4195999,392,"change,input",1A3X6ytUchLUGkSUXDNwEc88XKEZEgXcx9
2,31516,442,4196002,393,"change,input",16DHJf48WFUA7ozgEdR6SSpq8aWDJymv3z
2,31516,442,4196005,394,"change,input",1ADbXTRu9et6HKMQLwSsdrip7izERH1H3X
2,31516,442,4196007,395,"change,input",1ARonbLzqHyocSKhXgBSXTmA2NWPsHJhNk
2,31516,442,4196009,396,"change,input",1DEVu4sH8rYZaSczk6bbtn6TU7CptLGAiE
2,31516,442,4196011,397,"change,input",1JEGefP3PvoAoRMrGuFEGtGmw8LfkNLHGB
2,31516,442,4196013,398,"change,input",18JJbFG2YoFKgcWaxQdCrUJBM9RHD8ZEPM
2,31516,442,4196014,399,"change,input",1wvMrV8wZDRfB89zmoY5ATfdhp3zgzo2c
2,31516,442,4196015,400,"change,input",1AUQkTvC6Vu4qfwaroaUx9nBAzVyd9CTBi
2,31516,442,4196016,401,"change,input",1C4H28exwETvswnfoBSoxFZUKw8C5kYJm1
2,31516,442,4196017,402,"change,input",169D4cmFyn9BYcovS1bF4VBQ2PEiLiQkfZ
2,31516,442,4196018,403,"change,input",1EV1tXaVhfKmq9xUG6q2zmyZ1Vss3d3YtT
2,31516,442,4196019,404,"change,input",1AzqAmRS78RvWf4cHmEaSoHz5v7J7dyYFU
2,31516,442,4196020,405,"change,input",1Nmpj6eKF5iESfEc32kZaacjc7aXUghfoC
2,31516,442,4196021,406,"change,input",1FzCJ2CEDuZPLW49haDdorfELtgSM3NgWf
2,31516,442,4196022,407,"change,input",1Gv7mCvbc1vVHjuHmRbi6knTbZCZAxRxVm
2,31516,442,4196023,408,"change,input",15o9SQ8hVEpXcKw3NhiPogaXBVbekptiHV
2,31516,442,4196024,409,"change,input",12CMmXfemgo2Xj2X8E3znmLXJFj8CtdqjG
2,31516,442,4196025,410,"change,input",1BQnso3LdZjkRPH1gETqQJFC4fiBUnrJM5
2,31516,442,4196026,411,"change,input",19DRtkLoprwxhwyyX6G4vakHdWDCjcheZU
2,31516,442,4196027,412,"change,input",1BCMPvxHpoGMLHBwra4k1xHu1C4skHYD4s
2,31516,442,4196028,413,"change,input",17aqD62aUwiVZtgVcu1pgFrwFDaY2KmWzs
2,31516,442,4196029,414,"change,input",1GQc5i23hxNQFg6juvx1Vtn9WYv39qEbry
2,31516,442,4196030,415,"change,input",14g4LMUQydtkaaQcyTfD7gjy5WnV8v7YJe
2,31516,442,4196031,416,"change,input",1GfE2bwWAeoF7RsY2c5YnQwSVfv6WZcS4E
2,31516,442,4196032,417,"change,input",1HTwPmssoADBXRgzThzspewQgt9bwDeXzk
2,31516,442,4196033,418,"change,input",16bHcXQWGsq8PtEKWkawf4KxK9FGQWh9MY
2,31516,442,4196034,419,"change,input",1PaCLDBiScnGAa1kXZnjqYH7yxNbWZFbC9
2,31516,442,4196035,420,"change,input",1BLUjSfBaH1JF2HQRKPqp6SSoX8VmBAtBj
2,31516,442,4196036,421,"change,input",19z7JEMcFUoLkHjdmTcW26biCDHEarUHXR
2,31516,442,4196037,422,"change,input",1CJAgx4hxv6EKJfVgwRM7ZgNX7tWJdJdCb
2,31516,442,4196038,423,"change,input",16cqJuhWcuK2KxvU4uVFY66ZTkuWz6wSuD
2,31516,442,4196039,424,"change,input",15RdqJNK4cimamaqnnKPwfPykq8UK4BqZq
2,31516,442,4196040,425,"change,input",1MA3ErkrEvyVCJ7tFiMN1wSaRR8GDRmzqN
2,31516,442,4196041,426,"change,input",1QFytLhfSVHWeHXpzqbtUwHAc3ZDNv7u7w
2,31516,442,4196042,427,"change,input",1P4y27xVnfgeHecY2KeahHUTXEz2x4ayES
2,31516,442,4196076,428,"change,input",15g7aF3Rsx3zNrzqdn1bnvwMjTn5Cmd4Lj
2,31516,442,4196207,429,"change,input",1JR7zDc7heHVJvpgmpD5HRHUdSxgyYiFgu
2,31516,442,4214651,430,"change,input",1DirfusdrgF67qMPNcbCQMrR8hLjPMAxGx
2,31516,442,4214836,431,"change,input",1JJmpEQoVga3ryQp51FvxATiS2uVQ4V7pD
2,31516,442,4214981,432,"change,input",13UCsXftKoz6r3Nc1569pF49Qxm98t48hq
2,31516,442,4215091,433,"change,input",15Uy7DG3PuNoNjdkQWL9kQomFmy73TSejH
2,31516,442,4215576,434,"change,input",12goMWkNBp1byWpwUqKdPJRY57u1jM7zML
2,31516,442,4215807,435,"change,input",1DyQoTkxpueAyA9QKrwGCeLo3WTHKFJwBZ
2,31516,442,4216039,436,"change,input",14m7LmavdMSv7QXYJxjUumuoNCg85A2RLv
2,31516,442,4216208,437,"change,input",1ECvPrMPc5sfWHY4DUXgQMwb1WBBa1Qhv3
2,31516,442,4216257,438,"change,input",1MfcZGy7caTuAzwXkPE6gXRbkyB7LzfoXy
2,31516,442,4216258,439,"change,input",1AqySY6MWDtTfwrHWUrXpwjFYPit4HLJGi
2,31516,442,4216645,440,"change,input",1DUFAntM2nrzmQh7J43PYYnmmkzTa46VBD
2,31516,442,4216884,441,"change,input",1Mi6QafXtqLQwwS6ufmqyB68deaTLeiyHh
2,31516,442,4217055,442,change,1KZsxZpaor2UeV5mXcs6urTWcKAKTfNqnk
3,27372,352,4151585,1,input,19EyvmoLBmpSHWcDLdCXrH42eeG9prmHdy
3,27372,352,4152374,1,"change,input",1CXFA3RAbEjaMugPXjWqg3LH31RDKfy7g5
3,27372,352,4152480,2,"change,input",12gxtp3vXLHvEg2WCEsHVpkf1nuHyevpZF
3,27372,352,4152790,3,"change,input",1Hiq6gH8JB9SnJs55EyVM9vryiC1QywsWE
3,27372,352,4152950,4,"change,input",1AAJt2fpgTmUNC492Zr2tJ41GL3LgYgh6T
3,27372,352,4153243,5,"change,input",1NyiTDq2Dn3aRuFRf61zx1PnMFCvVYC4e5
3,27372,352,4153341,6,"change,input",1EYEoBN55SoGmMgUayrZWAh1ozZMvTfWPZ
3,27372,352,4153447,7,"change,input",1V61RhNFqm77A9gJx8BKcBFceJDWZesH6
3,27372,352,4153475,8,"change,input",19aUW5FLWfwQ8WFSrefMJPCdvnZChokvtz
3,27372,352,4154069,9,"change,input",1ALJgCzRyq6vEfUmCKRtQcZi8yLoBzGR7c
3,27372,352,4154774,10,"change,input",12i9i1Kf9vu4Z2JUP3JYhKEX95uUeiYmvS
3,27372,352,4155127,11,"change,input",1Fda9MjXGpxHCi8aU2rsVRgn1f5DvvWkLg
3,27372,352,4155212,12,"change,input",1NniGEgxHBeoCv5dKQkNMz8vpftrBVoQuP
3,27372,352,4155536,13,"change,input",1Ef5jdSU7aTfkbiPkoZGhuGFCS3ucFnRfo
3,27372,352,4156063,14,"change,input",1K5q5AwP9s9U9ygxEQFF2FAfdPme6zReoe
3,27372,352,4156709,15,"change,input",1LwkzU8tX1DcgiptdyD38CHzwCXNjUcHQ7
3,27372,352,4157027,16,"change,input",14BfhhPFtBe67KQzQpEy2Mk7dJbXBsbe6g
3,27372,352,4157410,17,"change,input",15BSWYSGPF1wUQrZtpjUwnxikyqKZXXSsg
3,27372,352,4157849,18,"change,input",1MA4S3xu3osinVEWcF2Cq63VkmssmqYXLG
3,27372,352,4157985,19,"change,input",1P3pgSz4Whrn2PKWqv2CYXv6VQAVikuxKU
3,27372,352,4158171,20,"change,input",1FCBYmzZbamujsU5kUhQsMd2CTBh7sEZNU
3,27372,352,4158508,21,"change,input",1ALcYnBypZXsaqsecDoYaFcJfDjsSDwh3d
3,27372,352,4158664,22,"change,input",1APLs1pMfyWW5VmUtzBNKBJBxb1DVR6Zv6
3,27372,352,4158833,23,"change,input",17H3Lhi6KaLcsfkwoeyTw8EDaNc8cS6BpT
3,27372,352,4159027,24,"change,input",1386yhZDJmyrNgPUHhmydsJ2nZBPaquTLe
3,27372,352,4159138,25,"change,input",12n781arZEPZKQUzw6W6r4o33XzCWzs6z3
3,27372,352,4159171,26,"change,input",1Gawq8UEwXbYw7egYa1EA7rtJszmQcjeo9
3,27372,352,4159198,27,"change,input",18cWHULVMgqpHyKqVB1Wz7EJieeq7KoP4g
3,27372,352,4159219,28,"change,input",1NJRpVn9i7ZQtoDvfBgqLXnE59ryDT1M95
3,27372,352,4159240,29,"change,input",19JxZkgSVDpzbKYGCc8rA5xMkqX4n56j7S
3,27372,352,4159256,30,"change,input",1BXy3Bqg3Vn5yw6NGPupV976hf2RuSSLau
3,27372,352,4159271,31,"change,input",1B6WJowHXnztXXPFAjCo9wDo5YnbK27X1R
3,27372,352,4159286,32,"change,input",168qJZMbM2rThuwt5iK8fQ5suwexq25ybo
3,27372,352,4159299,33,"change,input",1DMh4feXFYPVZq61Aa6vrtgKy1cG21zteP
3,27372,352,4159311,34,"change,input",16WRQp1ULEa9ddZdVpgB7nGHBuvuPzfP9v
3,27372,352,4159323,35,"change,input",13yWL8FXiBUytNjK1dukMa8op3nUpAUgRW
3,27372,352,4159334,36,"change,input",1HcWFC6fRVJA4q3dbCAuzG8uobvxbQPX4J
3,27372,352,4159344,37,"change,input",16stgTy4KTc1vbBKrEP37DemZLCtnM4DfK
3,27372,352,4159354,38,"change,input",1HXGcmRvjJGfqNmiuGndJbLWb153zJdQ8v
3,27372,352,4159364,39,"change,input",1GYR7GS1FeBt3tZJZNTpWvEkV8hqP6qNS4
3,27372,352,4159373,40,"change,input",1Hf11Cs9fD9z2v1hsFzMCBMZGpGEzDLWcV
3,27372,352,4159382,41,"change,input",1JwovqZRHr5fiiaiSLAxnG5HzdS4wXjgPz
3,27372,352,4159391,42,"change,input",1Lcsb1zRHJvqm31vE1jvkRMKcXWeW5p1h3
3,27372,352,4159399,43,"change,input",1Fc2E5qZJB6oss8NiXDgUMbsM9VCyWczFH
3,27372,352,4159407,44,"change,input",1BGqfeK6L8PorbFBn3K5XeDgLLVXMxk5vb
3,27372,352,4159415,45,"change,input",1LcSRgvfv7AeFrf786EZoZ8mtu3ojkRJCv
3,27372,352,4159423,46,"change,input",1GqZ3LV53WcGJ2aU5p6bN254Rcdkm9oqDn
3,27372,352,4159431,47,"change,input",1DAf4rRuqG6FRP6uytTGPsNPpFqp6Zt8D7
3,27372,352,4159439,48,"change,input",16awk6kSUxjFs94svkQhtf9jWoi5JyNYXB
3,27372,352,4159447,49,"change,input",1AQZGMyFgfdb14mUDEqZqo6Gb1GzSUoFTY
3,27372,352,4159456,50,"change,input",16qbkMUW63nqY9XPzBqub4Rchj8Mnz7sCu
3,27372,352,4159463,51,"change,input",1MPK1DZLHurfmKU339MDtngV3TAbKrANTQ
3,27372,352,4159470,52,"change,input",1BRAEH6YpjHatqNveZNcgxt5XyRN7jH8x5
3,27372,352,4159477,53,"change,input",1LUrRbm6vgeQgcJe5hD65tXAvwKtUiacpu
3,27372,352,4159483,54,"change,input",1A99NQeN483i7maLMh2wwgCCZe5sFsnbev
3,27372,352,4159489,55,"change,input",13jW9VM1ej1VievN9Gwmt45mKc7dNRLSiS
3,27372,352,4159495,56,"change,input",17weo2yRbphnpT8dQsUwMayfrSoYTYEGxV
3,27372,352,4159501,57,"change,input",1MgKVfWjCgnCWQzZucZvfFHYySJa6X3Eg3
3,27372,352,4159506,58,"change,input",1AhG1JQmTPjYgt26iwQ85s7jzxSJzFhSEZ
3,27372,352,4159511,59,"change,input",1MHX9ozgiiAjQEPdQk9kbDc3KRcJkhNZCk
3,27372,352,4159607,60,"change,input",1GVTNQBmF87CCPkdpNLaFhXgFoGHcU1Bh3
3,27372,352,4159758,61,"change,input",1NBcusifY22Hj4NxznHUw5KAt8B8Ur9fyU
3,27372,352,4159771,62,"change,input",1BLEpen7vJK9T5xC19LvURF4KkiHKYQ9x7
3,27372,352,4159776,63,"change,input",1936L1vbbA7dBvLoPG5qoYSjAc8ri8kLuH
3,27372,352,4159780,64,"change,input",1LBNdCtZJ6R3LboDKGS9XGoftFd9LyNevf
3,27372,352,4159784,65,"change,input",1jVb75TCWjFfenn98bTYqFNdMEU96QRfx
3,27372,352,4159788,66,"change,input",18R4TEndnhPdyYKeocQUnYJ3eeNMES8N9K
3,27372,352,4159792,67,"change,input",13JquLtCKixUMSsRu6uALKUyo5ScAmsx1M
3,27372,352,4159796,68,"change,input",15n9vqKusWZrXgNro8wD1P4LhDHXnwyJLk
3,27372,352,4159800,69,"change,input",192N1TzodpRf5mfPDXaquCFaWigVUieCMG
3,27372,352,4159805,70,"change,input",1D1FPzjaRUhGEgt81fjnQRGtTat1LUkVqX
3,27372,352,4159809,71,"change,input",1CBCNSYTbefCW2mLT5zpvSoR6WUbXGPx7h
3,27372,352,4159813,72,"change,input",1GMAdmXf2yE648q9mu3mmvkQKypoaso4Ah
3,27372,352,4159817,73,"change,input",18fN6PDrDAHYQ6x7VFL6rZzEeeFi6XGfBe
3,27372,352,4159821,74,"change,input",13QLZvGsMFc9kSCjF6raN9Wav7VKyCm9wA
3,27372,352,4159825,75,"change,input",18LTDmhn3p4XerntRE1uAt4mrfCkAgABT7
3,27372,352,4159829,76,"change,input",14ngWZ1jrqNMWpmJZpWmbqCZKPY3F1riwF
3,27372,352,4159833,77,"change,input",1JkLZnkv3Vz9mbhQHZJmfkNBgDQx5aunH8
3,27372,352,4159836,78,"change,input",1F8qjkET8FevpkSBXyjxM33WuS8it3Y2zY
3,27372,352,4159839,79,"change,input",1L3bsdT2bVnTS9GDwhCTbBstxC69kaeuoB
3,27372,352,4159842,80,"change,input",18Svbohqo1LYubPcjxvNhkGQ8AT7uodfcT
3,27372,352,4159845,81,"change,input",1Fd3p12nxUCgdV5uBUktUwPXhQ4g73JvWQ
3,27372,352,4159848,82,"change,input",181LbJfbMNfnM2TrwFp58yM5t4KNzA7Zno
3,27372,352,4159851,83,"change,input",1AzTBm8yL4WRB985TsB8fxxXNZKSfSbrTd
3,27372,352,4159854,84,"change,input",1BbypzKyneizH9wmVr9Z4MCDXEt9pETVf3
3,27372,352,4159857,85,"change,input",18otPzT4LjGXBThULBUsFEFxqr8hoxZqUp
3,27372,352,4159860,86,"change,input",1QKU7iJu2EuuYCcJHGehqrHLhP2iAHTvBF
3,27372,352,4159863,87,"change,input",1F6whtxQ4wYdBL5uBGjGYRSfNffVDv88so
3,27372,352,4159866,88,"change,input",1K5arsC2wMMmKq95kJnKgphR1TJLiXcebw
3,27372,352,4159869,89,"change,input",17cTcxiKYuxWABp6WipkGpK51nueFAtxha
3,27372,352,4159872,90,"change,input",15DVSpjzcDW3sJdnd8HrzSspkw7SvQ5RNo
3,27372,352,4159875,91,"change,input",1Mwp3Ta1AEymnbSJEPM1xbZP4RWN5u3zQw
3,27372,352,4159878,92,"change,input",193tbiaLfN5YxnRpJFBwybqFrtYBBbAQyK
3,27372,352,4159880,93,"change,input",1PJamHBzyPXExJv35CgfREJghTLarvPaed
3,27372,352,4159882,94,"change,input",1KQuzyQk3MeXamyUhxBNBraGLkaZ3f66vK
3,27372,352,4159884,95,"change,input",1K7SqJQvH173nta2vHeSd4rxqfkABKihhU
3,27372,352,4159886,96,"change,input",18BGBfrsNREcjGaYvvZE64yBmNyzz6zSpk
3,27372,352,4159888,97,"change,input",1AY6BziWG2AwNHHe9kAhgTG3kHjGtKwLBv
3,27372,352,4159890,98,"change,input",1NuXaBD8DogqhmQzMJe6B7ADWLXC1ukx7m
3,27372,352,4159892,99,"change,input",13CiDywx5JtPHr9PSRJxYEj7XRKZaNusvn
3,27372,352,4159894,100,"change,input",1CcFcjEec6WCtTyK519r7YduRGSb1jthpf
3,27372,352,4159896,101,"change,input",1Ae5pxmA5KrXmLC1hXve1SzEWEbkUxKiJC
3,27372,352,4159898,102,"change,input",1uWMjn5RfyeUf6YnXDds8XXfuSuRT6CjU
3,27372,352,4159900,103,"change,input",16tN8QSjUbNi6z9QG87QCJJy5RKmBWcC4b
3,27372,352,4159902,104,"change,input",1JrhXz7GtdESLFPVdxTGZ7LJRC64hcy3zp
3,27372,352,4159904,105,"change,input",1DsNauGRd2LE44zyzL9gjL5RowvFpjJSg5
3,27372,352,4159906,106,"change,input",1HGJeiGJoKhjozVsSmkt5BDRBWBigaLaQt
3,27372,352,4159908,107,"change,input",1FjvG7MQm6Xsu5yv2KeSanhf5BxY4m5BCa
3,27372,352,4159910,108,"change,input",19KaHajiArotrLdfrMryi3eKRXXZjaTRKo
3,27372,352,4159912,109,"change,input",17ERE4iXPzWVTb7wW9Dmt9M3L4Q5mjZUSW
3,27372,352,4159914,110,"change,input",1Nay4SzH4WdgjLdV9T8Ei1i4or6zuCtxnX
3,27372,352,4159916,111,"change,input",1NwKFM4F3nY7C6SrTXfsVf74PzmoVfr7po
3,27372,352,4159918,112,"change,input",14pdavdA7uVcCgNJNkK1gG4uqoBxKsCJN7
3,27372,352,4159920,113,"change,input",1BbBXu4kHSFwQ64WLBA83YpC2g1dKHeS7H
3,27372,352,4159922,114,"change,input",1HUzRYmuWCaej11Prnps14gKa51ZVR2U7A
3,27372,352,4159924,115,"change,input",15mByX8mr8jT4g8wRJuDnCd6GBd7XE6uHJ
3,27372,352,4159926,116,"change,input",1KZxPxxom5zqreUVn1BVUafsw7u6RL5m2s
3,27372,352,4159929,117,"change,input",1P77P4prg7dWeuhC9D62qesL31xBFHr2cQ
3,27372,352,4159932,118,"change,input",18oKdyCpFSMovNMie46PsMv62JNv2kEKDw
3,27372,352,4159933,119,"change,input",147brFiqMDPMcsWq5gAE6ZSGGbKGYAhKvn
3,27372,352,4159934,120,"change,input",13NKBqgqowQQaNs9EkejiCDcF6hYiHUWnK
3,27372,352,4159935,121,"change,input",15fTWimkR5j9ucK43DWEZUgr8eH9RPUgaG
3,27372,352,4159936,122,"change,input",18b71G4QF6s2ucyt2giJ9ZpNTQc5PCqyLh
3,27372,352,4159937,123,"change,input",1EUjMhtqcpuVEpNHBEK3eCdeJQd4C7RcvM
3,27372,352,4159938,124,"change,input",181oNK8djUxVebHDEXaYNb1eUbTqGCtzWT
3,27372,352,4159939,125,"change,input",1LCUVRBNoggVYbJnaKN2WEZSYBBtP3QBmo
3,27372,352,4159940,126,"change,input",1Gg9GmkxerMewwzhz1b2WkcruspMRdygvn
3,27372,352,4159941,127,"change,input",1DPiodhH4zjJzGGL1wfuSGRfttbzWB2utZ
3,27372,352,4159942,128,"change,input",1Q1Vq58XuNqga4EDJni68RLZJRjjdE9aAz
3,27372,352,4159943,129,"change,input",1ExuiEjpd21AJqnkZ1B4BP413Kr3uYupeC
3,27372,352,4159944,130,"change,input",1NhqvatPAU3w5MVL5EQzBEuNqZJKNUPscc
3,27372,352,4159945,131,"change,input",12tqAipLHn3WvNXLPFADY5WPESy47ijnPv
3,27372,352,4159946,132,"change,input",1CQkpGZNnT8x2L7ETf9rCeyuAJgfu6Z2fL
3,27372,352,4159947,133,"change,input",1NXezRp7261RSk3gaddRpm6Pj9nqwCdcV2
3,27372,352,4159948,134,"change,input",1JcJAcdFRCcuf4WBMXCbTdVvoTDipUy1i6
3,27372,352,4159949,135,"change,input",1JutkqhM25E4P5mmUkDNvFbSrjt7QdDnYb
3,27372,352,4159950,136,"change,input",1LiY5q2Lxhz9Z6BmiYi4vR7LbqR8L8B3UL
3,27372,352,4159951,137,"change,input",1NYfzLAiF2rSGsFLsSXq8c9QyAb17fmJdd
3,27372,352,4159952,138,"change,input",18DSqnXdjXJd8Ed9RLtZnfmzTt3LEgacwv
3,27372,352,4159953,139,"change,input",12WimNtzZY1fVJTiawRpVLyfXc5imxpVZv
3,27372,352,4159954,140,"change,input",14MfMwyVeua77B5oukbHjezRGnYLtg7zm1
3,27372,352,4159955,141,"change,input",12Aezv6EiUhTfgobhDERS7wHhA5pdNF9jW
3,27372,352,4159956,142,"change,input",14QhcNmxGd1SL6GCr1CwbKW989WXPsLdWf
3,27372,352,4159957,143,"change,input",1DfvCJg6KUpNZ98KgnSoa8N2UtPzvZ5ndm
3,27372,352,4159958,144,"change,input",14WxdSBCKVpZhTSJvidFvSWaYUDZnf2fiP
3,27372,352,4159959,145,"change,input",19swuAu41J1Uxjj2AT1gRoYVm68J9dFT8
3,27372,352,4159960,146,"change,input",18Nuu4m3yBXeiYqN6jXiqjqmxXMBfB7jjt
3,27372,352,4159961,147,"change,input",1CMXPdaK4KBGwLQincg3jrexVj3MVR52sE
3,27372,352,4159962,148,"change,input",1Nz2uLmpziEaHcshNdUULGbMVCaLcay2ve
3,27372,352,4159963,149,"change,input",133einyYFHCMSwZmpQy8hS2MjggRFKXDat
3,27372,352,4159964,150,"change,input",1AfkMaBcS6C3LuxSWtFy5oy6onTCQBuUvf
3,27372,352,4159965,151,"change,input",1okyz64GjZ71s34csrnd4VeJ7eFgvCA4H
3,27372,352,4159966,152,"change,input",1GobH5Ccmbon1o3SESjipoaqyiJHUMwJ93
3,27372,352,4159967,153,"change,input",19RRaVXt37df954PAWf9XzYKWtyTPYhaoB
3,27372,352,4159968,154,"change,input",15QmwC6WyXhpRBRS94EJziL988hqkHuxmy
3,27372,352,4159969,155,"change,input",1AR5TuM5AEkV3DK4wAHBstm664zQh9TYwj
3,27372,352,4159970,156,"change,input",14ZT1ieeezpprcv86x2P1A9DNwBdTpGVUv
3,27372,352,4159971,157,"change,input",1Fy7hsiHb51gp7B86AvYFphSQGcp7igaUn
3,27372,352,4159972,158,"change,input",19M3uxn4egm4AghKSkmhbA1X3SUkHcb63r
3,27372,352,4159973,159,"change,input",1A9cd3UUHFzBBHBtiwmwHULSjPEsSdZAZB
3,27372,352,4159974,160,"change,input",1HUbFARfTcEsxU45MzasyD8i7o8GWYjf9w
3,27372,352,4159975,161,"change,input",19e16pZ5vM2hTHjTg9mWG7Z86cGihckJm1
3,27372,352,4159976,162,"change,input",1K8ryaBSF7inQZDYUSJAKBmqpm9V48r3gd
3,27372,352,4159977,163,"change,input",14EJhsfsNK92oY9XcbTL5oQLgAQutTC5mf
3,27372,352,4159978,164,"change,input",1FRRYrRx8yNUY7eDH1t8T9ex5W4tS5RkMP
3,27372,352,4159979,165,"change,input",1CzcUCiLGUzueg6goo38yogTsctFhiwiKj
3,27372,352,4159980,166,"change,input",1C7TPbDU1PX9Nq6eCQWQVSJJ9JtCfc3KMF
3,27372,352,4159981,167,"change,input",1FN1TN3XbT7zeosCtY5mphBuR5JQtMqESi
3,27372,352,4159982,168,"change,input",13RvAcjmPLUwdQ5L5mUxQGU1xaQ1iZ4NcP
3,27372,352,4159983,169,"change,input",17tqsbfggYj1unLqDyE85YKbhWCadbQv7E
3,27372,352,4159984,170,"change,input",1Awsywd9TcTLDfxiJuVbD1RKhg9UdBrZwv
3,27372,352,4159985,171,"change,input",1GwvsFFSLt38pL9Hb5v5uk4kkUQyZa6ceR
3,27372,352,4159986,172,"change,input",1KvgoX1Ronc2zgg7XoCQXL1FrR2qyBeATd
3,27372,352,4159987,173,"change,input",1DitQ2U32QGnzhMBNecyySbXxLC1t4AFbf
3,27372,352,4159988,174,"change,input",1MQ1VFV8WNxF13NFbEaYVV4BocHWZ2Nzdx
3,27372,352,4160011,175,"change,input",1Ltm1P8wRNZjXXgaQ7YbQAx574dFV99ThX
3,27372,352,4160025,176,"change,input",19mdATLemgWmcU3VxofHidWLgoagpnFyD7
3,27372,352,4160027,177,"change,input",1EeGkMkzQRE9awL8fNXh24QFs7qN2bRXoS
3,27372,352,4160028,178,"change,input",1NJkJeWgVzySC2FBZhfBhtzB6UJyJvn4u6
3,27372,352,4160029,179,"change,input",12cpp3xJmAETuRJdWFR1JRE8haxfyDkv3Q
3,27372,352,4160030,180,"change,input",1PzRwWGUjMgHLZ5AqHUCFvCDpiWXtwiUHN
3,27372,352,4160031,181,"change,input",1JKGkHzCKYUZrRvRhLWQt55DTRrk12B2j2
3,27372,352,4160032,182,"change,input",1GdKcRRL6y5j9JoqXuCPGFuHCDNie2gsQc
3,27372,352,4160033,183,"change,input",19fRTDF1riTE1RMhW7fg6Y5oLWfNKwTcFX
3,27372,352,4160034,184,"change,input",1Eu3NpkvVhrg4R5cRZm28z8oyZfMfnVRgW
3,27372,352,4160035,185,"change,input",1Bsg7kRT2Fr2WupTiSCV3zRXcjqXDcgDxb
3,27372,352,4160036,186,"change,input",1ieKWJBEMqg5rNMsNYL73XQjW5xZDMr94
3,27372,352,4160037,187,"change,input",1EJyH8kt4gGQfsZPTwcF51BEE3YrvNGQjT
3,27372,352,4160038,188,"change,input",199KRyzdnoHeMzQHh8K9iUMH3rx7m4uNdr
3,27372,352,4160039,189,"change,input",17SeSqev5mub5FoFZYGUvh8dsjJ88JP6Gz
3,27372,352,4160040,190,"change,input",1MVrv4zdTHJC4gx6Q8J91pSeB7VyxbbDqw
3,27372,352,4160041,191,"change,input",1PKwNH8v17aGjLcD9ovUTM8Vvx8RXnDGFJ
3,27372,352,4160042,192,"change,input",18HNa9cP3riybnJPn5eZGmyZNo9x5QS4hu
3,27372,352,4160043,193,"change,input",1K7fKrZSZuSsj7weFGNhU5ygk9fQUAsWzT
3,27372,352,4160044,194,"change,input",15Y79gcYdrUzbWQW9hmWbCqYsDzr68qAJV
3,27372,352,4160045,195,"change,input",1Er7UjXjxCs72F3SBM7QTvfevN1TWqW5GR
3,27372,352,4160046,196,"change,input",1LHggY87jqALScaxhrgFqRqZi8Ahe2dAkh
3,27372,352,4160047,197,"change,input",1ADdwvnAm9EEfs3d2mKCfrCZYVdrPnj21M
3,27372,352,4160048,198,"change,input",12wRpQrX6i4spihrRgureSo3cWvPS5Ge6T
3,27372,352,4160049,199,"change,input",1Q4NzFECaN527N5LRX6c1gtHPcmt8Wnohc
3,27372,352,4160050,200,"change,input",1Jk944pA94R19EppYPSM68YWC6FFHCiPkN
3,27372,352,4160051,201,"change,input",1BP7Q9TaCkkgyojwqx7TUbfPzDYRCNz4pv
3,27372,352,4160052,202,"change,input",15Ebe5QLZpkuV6jsN9ZUvRBgkNcAd35b1B
3,27372,352,4160053,203,"change,input",1BzxKCda3jDZvefmQTLbhoY3qLDBEH3U3Z
3,27372,352,4160054,204,"change,input",1CTpQc8KM3Z3atEzVFMofcXrkshN4hKm6i
3,27372,352,4160055,205,"change,input",1PU8HE5TJzX6Mv7SMYXozkFgphkff3un3x
3,27372,352,4160056,206,"change,input",1DyXPnhWXLmuZ51d4wcUGhPiWqCmvojzkp
3,27372,352,4160057,207,"change,input",1PPaJsQc3H9U1eyuL3ghArLwHoE59vGT94
3,27372,352,4160058,208,"change,input",13wRb544W82ncf1RFLmXiCc7VpyLtaAryW
3,27372,352,4160059,209,"change,input",1KyKkEoNUKAGcs2y8p7jkCyF8xx89M89fD
3,27372,352,4160060,210,"change,input",1EM2BSNxJ9DTLp7QCJVcYUVvKot95H6pC2
3,27372,352,4160061,211,"change,input",1K3wv9zCfUJzK4Pv8EzcjLxKcYh1ioU34x
3,27372,352,4160062,212,"change,input",16hpuAEKDfh1Gb1G6W4rHmvuDFQwhMVMGc
3,27372,352,4160063,213,"change,input",13GgXsQSaN3GJBtBoNqP7xMQ4Ttiw7GveM
3,27372,352,4160064,214,"change,input",1Hh7yG1dohjREz21xVKFJYGDxt2QC8grN3
3,27372,352,4160065,215,"change,input",1Pp3qycFmbjvpCaJoBtKW8AtUdLXoJRYpQ
3,27372,352,4160066,216,"change,input",1HyztFQF1KKUmWthLdp3SDtxiGiJHN3c1X
3,27372,352,4160067,217,"change,input",1MNLv5Dbeo1m66DRgpL5r14RU5dynXetHX
3,27372,352,4160068,218,"change,input",1KjoGEErt39Yas1U9yLQAZ64ef7jcQyuL
3,27372,352,4160069,219,"change,input",13CzP29vuE88CzWizPfPU3emCVJenUTiCV
3,27372,352,4160070,220,"change,input",1EtDEZA31LYRNj8VL3rCzCUbK9wPESM7sM
3,27372,352,4160071,221,"change,input",14Bg7Jr4ZGDz2gsRKs4K1TFv836LANprp7
3,27372,352,4160072,222,"change,input",1FeLQswXpR64eMJZcTfCCPMKeJ4TdpxxBH
3,27372,352,4160073,223,"change,input",1DwR3EHAE4gtG964PRSNCjDYr4ts9hubqW
3,27372,352,4160074,224,"change,input",1NEz9h8myZfRKcS8iyddczYygjkgihJi6C
3,27372,352,4160075,225,"change,input",1BWfhynyrzhJBLtN7t3uYTbyJi2YTbt67a
3,27372,352,4160076,226,"change,input",1LtELHQyTHYYqo1q8W5xBAymKyLvgoAS4S
3,27372,352,4160077,227,"change,input",1BudK4dJiVcBuJxgEh2yS3W3EKH7wgWrYn
3,27372,352,4160078,228,"change,input",1GWYRoRtwn3i2Txft3XRwe5dVUcpaSqJAh
3,27372,352,4160079,229,"change,input",19TbdBevcfbijvtSBkHS6EMnAHB2rrSocP
3,27372,352,4160080,230,"change,input",18H4L9t3ojphi8u5gDHbPcQX5XvqJBs2Fs
3,27372,352,4160081,231,"change,input",13EHaE78J68M3ezmZXYtdpGQnNrgxpLqr7
3,27372,352,4160082,232,"change,input",17jm9xu53bA4dJS6atmqYwqLfbefajGYTu
3,27372,352,4160083,233,"change,input",16Mhdj9dEgtB8J6HwUiVdhKca5uxTzCdsb
3,27372,352,4160084,234,"change,input",14KzU5inAPGrByL7yZsVQj749S3EEXDi6F
3,27372,352,4160085,235,"change,input",1K7uLgrhJxuKM8mcpNefj3SzSQQ6Sv7k12
3,27372,352,4160086,236,"change,input",13YaYSMkbmdahzpHeAt1sR1Dy7T6jSm3No
3,27372,352,4160087,237,"change,input",1HC2d2vzn69Qn8PDg9yT28QRNHmrETjStZ
3,27372,352,4160088,238,"change,input",15K7MtmVoTGtwZR7mNhWTst5GRGXJg8RDQ
3,27372,352,4160089,239,"change,input",1NEsiznrSza6MhadpzdoG2Q6wEBRs6Ge5Y
3,27372,352,4160090,240,"change,input",16e57iX7Dif9nR6aBno1D2FuzWdVXd7uHT
3,27372,352,4160091,241,"change,input",17i5hewwXYUUbWv8yGUKdrWPG2bAa9tw6N
3,27372,352,4160092,242,"change,input",1Nk7jRnVGL3CJrzCSYfvYijK1HBdZmSCs1
3,27372,352,4160093,243,"change,input",13JTtH8BUU9Zj99WqeGsynoyMed1GV9smh
3,27372,352,4160094,244,"change,input",1G5ar6Qnww5aHGiYKJgtt6vKpNUxEjjSsq
3,27372,352,4160095,245,"change,input",1HDX2xTovdQrEXBGSmQdVqkVuiarVfZMPs
3,27372,352,4160096,246,"change,input",1PCZWWhXcSM5cRGMmBfQ8EobGRgQEBtvje
3,27372,352,4160097,247,"change,input",1K37sMrDXHegnRu8uftWNLTCMGcz7tag2v
3,27372,352,4160098,248,"change,input",19HwfiXPsPCLGqVienwVdbbCAxQL6uqWsV
3,27372,352,4160099,249,"change,input",1PCJsqwPUvG9dLMEHT8QuCZMdVM4tagWJD
3,27372,352,4160100,250,"change,input",165WYmBZZfhmZEKN9Rc9JuZVsnNHmDd4Ah
3,27372,352,4160101,251,"change,input",1DzfTP2rbXd9tLtjkgCmJwzchcch5hGxM6
3,27372,352,4160102,252,"change,input",1Ac3mDesNEYPSwuXxpao6kZgqQetiLg9qj
3,27372,352,4160103,253,"change,input",1LrfMQ7x96f2zAYvn1X8KKCY5EWLiqwkT1
3,27372,352,4160104,254,"change,input",1MhvfrnBFqRc9H3GHLP6R2gJWz5Bq8aFqE
3,27372,352,4160105,255,"change,input",1DjTGxzCGgZBG4mkZ44rGpkuz2bejnigDi
3,27372,352,4160106,256,"change,input",1D4VakyQF4PHja7LWv1z9MVp3DArarfSm9
3,27372,352,4160107,257,"change,input",12R4bTJrciGA9oi734aKHNLxxGrqGMfRZd
3,27372,352,4160108,258,"change,input",1JX7s9EYrwwk6z1nv5BPH6W31dXs759wmL
3,27372,352,4160109,259,"change,input",1Lh4C4N61cwomquhUbjtyCGLfMC6ucZuT6
3,27372,352,4160110,260,"change,input",1HCYPZCz8gnMMCybGcHugCHsb2DGx6X2rN
3,27372,352,4160111,261,"change,input",142XidMpyiSVTiyQHsiF7E3qDeopSCnNLL
3,27372,352,4160112,262,"change,input",1JM8faniF48F5ENsRnhdhCqXmMqe1YHSzH
3,27372,352,4160113,263,"change,input",1GQBDEgoecukBthRQi33ei5wvfY41YAUNR
3,27372,352,4160114,264,"change,input",1KiKwdBqWZUyMwr9ejoHu86gyn6H43rfL2
3,27372,352,4160115,265,"change,input",1PUh21axYiFezjFMiHnTfBAotwZXd7xxW9
3,27372,352,4160116,266,"change,input",1CosRj6qNAjgJGgUVeBmbrQrXUXCnyN6id
3,27372,352,4160117,267,"change,input",1EakcvhLVEJ8KPbapXDvveKac9jpZAcM46
3,27372,352,4160118,268,"change,input",1DoamiE45so6RgDcD2SeRR1Aizac1NVSZe
3,27372,352,4160119,269,"change,input",1KGZtiSwXRysdg7p9jZGgzmT3dDofBeuMW
3,27372,352,4160120,270,"change,input",17sT8yoRyxsD5LYeQtAxtnHvNWqw7KL93b
3,27372,352,4160121,271,"change,input",1MhjyZA1hyQjPrzrebv1EeYwdh9QJ4AmRf
3,27372,352,4160122,272,"change,input",1MGMeyNtzv1TfBgyKsYcWaNvzLNjSaBrRg
3,27372,352,4160123,273,"change,input",18z93ke2VfRS7sM2GHZmkv2L4VBrAraHiE
3,27372,352,4160124,274,"change,input",1NewEiubPTByBG4nwthat6fkHsDJe4FYcg
3,27372,352,4160125,275,"change,input",1HecGatX2eu8Cj6yReaPqncD8zki1fUqHq
3,27372,352,4160126,276,"change,input",16foLsHnxA5ZUTcVNWA5TkKkGoGbXkLdgZ
3,27372,352,4160127,277,"change,input",13tNUvYH3TNcBSipY5ARkMZAYWDuQSssXn
3,27372,352,4160128,278,"change,input",12b5D9iZBY4hTDWQREWL8YPhR2fwbVwWuW
3,27372,352,4160129,279,"change,input",1ABsC5hA8BQ7yQcCAgbc1MSJtLzk5ZcAQP
3,27372,352,4160130,280,"change,input",1GhRpFJyiHEwV1TNNxJD7y7MTv15iZ1qF3
3,27372,352,4160131,281,"change,input",1aUYpC22vhoEQ7jhwt9bSSMNCqtwdSjej
3,27372,352,4160132,282,"change,input",1LJQpVN6GvPgdmA4xUi9Lo4ZAJ3HW6m3ne
3,27372,352,4160133,283,"change,input",1KitwjhVRPFnXA9C2x1EuRbWQbPfitjwvj
3,27372,352,4160134,284,"change,input",1Fy9jVMPS8iP671Fj2NGY7EGDxxtje8phb
3,27372,352,4160135,285,"change,input",1NJ3QGPBdW4sq3hqxvh1qWLiojuzyPss8C
3,27372,352,4160136,286,"change,input",1LJnXFcaEXpxuw6dKMRgMfs46mhB8uVAYs
3,27372,352,4160137,287,"change,input",14L5Mr4Dt1XUSjKscu3KNQyzdsht32x6gQ
3,27372,352,4160138,288,"change,input",15ApAaUJPDGvUR8FhQiqxJfgQSnNs3jWF6
3,27372,352,4160139,289,"change,input",1Fngd4XT3b6f9AHqJ8GW7hwtH1XvbyoQiA
3,27372,352,4160140,290,"change,input",1GLQ2fF6EDt66sRM7Q5ADY1WxBeHsQpTfv
3,27372,352,4160141,291,"change,input",1CX9s7G9PyPtBLahtNBqGUHZDrRkaumd8p
3,27372,352,4160142,292,"change,input",13wDws8qi74fE4DwTpAoEEokg9wtAqNoZY
3,27372,352,4160143,293,"change,input",1A3D1kfm4L7dNc8qNZiDdFzegQLwpHpJc9
3,27372,352,4160144,294,"change,input",1NES4aLmwsvNUQkmx4ixwbXjRbKSMKT5nv
3,27372,352,4160145,295,"change,input",1LXTLsihZyn5udmGmKMXgicULx4pBRjNkv
3,27372,352,4160146,296,"change,input",1BRXo3eqs1PN3rQaXAr39y9LezxpCmdEa5
3,27372,352,4160147,297,"change,input",1CzDLfbM8Kt3VUy5thBk2QAHFkHpy4te1S
3,27372,352,4160148,298,"change,input",182CS5fgNUwGcjdjE6E4MwNzot1dBoUKKf
3,27372,352,4160149,299,"change,input",1H765TWAG61QiR1xN4PLxtDHLEmeZeMRRd
3,27372,352,4160150,300,"change,input",1Kex8uD2x1trp7oMChZhL95okDotvxKxXv
3,27372,352,4160151,301,"change,input",1NweKrrYArJDVpQsUhsCuLhkKKaJQgGwPf
3,27372,352,4160152,302,"change,input",1GZKkHrnpkkLLchUnkK2MgURUckpwc5BKD
3,27372,352,4160153,303,"change,input",19y65BHuicpMXt4bk66sgeJWTZGzfMGMmB
3,27372,352,4160154,304,"change,input",1Gayo17cwYbyrtstoHj5XWz3xrZXJJu6ks
3,27372,352,4160155,305,"change,input",16ZfERpwXsFym5mbsi5wKLj1ecmAR1vS6V
3,27372,352,4160156,306,"change,input",17hFYLZeyjGfRWjAxns3zKvNLRR1uhE3LQ
3,27372,352,4160157,307,"change,input",17H9wsAZPuxvFRi9QGAhnp4yRDvT1jBHzq
3,27372,352,4160158,308,"change,input",16xFVqUVLQB7U62D5h5Nvhg9LiyiVE3XeY
3,27372,352,4160159,309,"change,input",1DVpkaHqwST7on2a48MWVL1XsyYbDtGRgu
3,27372,352,4160160,310,"change,input",1Ph1zq18iFGSNHu7xNmHbYqDYKHJqv6gVy
3,27372,352,4160161,311,"change,input",1PMMdd8qsfA2L49PMZRhb7G9ZURtwsCUxj
3,27372,352,4160162,312,"change,input",1NosvJc6i1Ya4tzfs2yUZ1ZSqVazEE2Heb
3,27372,352,4160163,313,"change,input",1MZrLfsoyW4wsrbRGfFHcQbXEzn526WyWT
3,27372,352,4160164,314,"change,input",18nCZKJHL4rNErVFHCKGNDmnMF9GTx2nUD
3,27372,352,4160165,315,"change,input",19qaKfc4Jwyvk6diCpjypiicRHfNkLTdVc
3,27372,352,4160166,316,"change,input",1KFZJCo2ZX1a1xJSHrfgbG5zrY9pPEvDz
3,27372,352,4160167,317,"change,input",1BiwkQ83cvfQasQNqAhGvf3rdm3j4gi7v6
3,27372,352,4160168,318,"change,input",18FB2n81hHw5cLXdq8yvJZM8hQjNWRwtew
3,27372,352,4160169,319,"change,input",1NeRbjXyaptBPudozPr9QWJ8MuAGUxgg9A
3,27372,352,4160170,320,"change,input",1JcRPtrFJDNNcqbz2LuJ18oeNMG3Qwpjji
3,27372,352,4160171,321,"change,input",1kYhJShJRP52yGtcPy92fHwDYx8fP3ZtJ
3,27372,352,4160172,322,"change,input",14NGnnNqss3xmDLidj6wkuqexWdbfFHiJb
3,27372,352,4160173,323,"change,input",1CcUu9X4UvcGWX6JvwTwSm6LmPZaXWpKGF
3,27372,352,4160174,324,"change,input",12KFYJcuzDthbvFfr7wsfy538MeSvnvFtx
3,27372,352,4160175,325,"change,input",1EeEB6mVzhiJDL9XB8CqsSpEHtZzTFr4z2
3,27372,352,4160176,326,"change,input",1FVEhzSakKQ6V5hU1Ezh3UqsMVBNbAoBqB
3,27372,352,4160177,327,"change,input",1ABDiJmdoUXUFTRiVxo84rsSu4vEFs7CfT
3,27372,352,4160178,328,"change,input",15yB1KnUGshKes7y5m5973rknkKoNVyLj8
3,27372,352,4160179,329,"change,input",17MwEaAkwQMEgWpbqMJtY21xQvwAvjz5o5
3,27372,352,4160180,330,"change,input",175Cy2Y8QcYjLJjUueQiBjoPjRWxjWwsAC
3,27372,352,4160181,331,"change,input",16EetFXNj7s48GAa6o9jCUBmgrhy62MEVM
3,27372,352,4160182,332,"change,input",1NJnTE5LPQA8vwFikVGoyA8uc7bqPEK56Q
3,27372,352,4160183,333,"change,input",1rqNBSgsTMRbG9D8DKcRC5HABDDch7YdZ
3,27372,352,4160184,334,"change,input",1Drzh2oQrKepm843tisunKy5EKh7owCz3G
3,27372,352,4160185,335,"change,input",1P1BQNbJ51bxgwUD8EnzUbxMWs2d1W5mqZ
3,27372,352,4160186,336,"change,input",1FcRjkmcaaJY3CkkuiqCtg5MrWTki8M2SC
3,27372,352,4160187,337,"change,input",1NGkrqYghyrQGYRTS91e2VpGYELJu6mpfz
3,27372,352,4160188,338,"change,input",1AVxEaLe2jGKFHHwPKodhEuanHTv8bLnsU
3,27372,352,4160189,339,"change,input",163W4ujNwwTTxgHsBWjQT2tDNGXVtJjpiT
3,27372,352,4160190,340,"change,input",1KJrcPt7FBb8TZWVRYQd1hmNAvhAs8nMS5
3,27372,352,4160191,341,"change,input",1HBFSQc7fLooaK3QFARVqrTReBzAMbBuMW
3,27372,352,4160192,342,"change,input",1EW6FQ8MEvi1vqrgkcSvymDo9DESsYwbqG
3,27372,352,4160193,343,"change,input",1H1DDo3SqBwkXiWstjDT3LdhMW3aaeju4w
3,27372,352,4160194,344,"change,input",1MUs3qffx1DgjNnTkvpuATxV4wLA7L1xCz
3,27372,352,4160195,345,"change,input",1Dpzp34z38pnKHs1ig5rqNDoZo1SovcznK
3,27372,352,4160196,346,"change,input",1Fpj1KFsA1zTbgcUEmm3m2ZdBjuemQcLfV
3,27372,352,4160197,347,"change,input",1JGKEDkRanQ9jZpLstco349K5VCy6FmRwz
3,27372,352,4160198,348,"change,input",1LjBVj6S5UewQd5xUb4t2i1WYK8csz4p11
3,27372,352,4160199,349,"change,input",17bNzpW3RfAAnKt4wuFtUTUScQved3R4hk
3,27372,352,4160200,350,"change,input",12Tn5svvozeR4Qx4dt1FQALroPRVMnrgb8
3,27372,352,4160201,351,"change,input",1BsxuMPfXX2suCwUCSa4nLuitj8ZB5d3jg
3,27372,352,4160202,352,change,19M9K4d63rxdpwcZEWGnEr3225buicnmkw
4,21971,293,4098954,1,input,1BS6wStmzvUF6dQDeysMmPvMmkvB6D1xjX
4,21971,293,4099383,1,"change,input",1KxyjJKXgcvxeuk2bAmYmD4gG7LW2AfaQx
4,21971,293,4099472,2,"change,input",1L4BexyC6V59YjFsDFKz4SyNLPqC6rhx5o
4,21971,293,4099587,3,"change,input",1JKSjwuyLd1ah9XcWwJMWJswXjkEPLPoa8
4,21971,293,4099639,4,"change,input",1JYzgpyMLjCUfXw3GuAiYh38wTQ3NF4kQM
4,21971,293,4099681,5,"change,input",15tbBAMg672KYgPYyxsPgjjwCQTFb84kYq
4,21971,293,4099713,6,"change,input",1LFFUjKveeHYeMrs14R7zqALzqV91ew17o
4,21971,293,4099741,7,"change,input",1Ggz2CSGhntD4aeQftsLJFKUd8AXMj6zWR
4,21971,293,4099765,8,"change,input",19fkTufTQehCANvitWW9wp5yfYqrjfen4H
4,21971,293,4099786,9,"change,input",159iQNpTHoiK65FGDZkzeLtR3nEfui7dR1
4,21971,293,4099806,10,"change,input",13LQe5VnMgxudT1SCPzcxCvPDsENXfxeCY
4,21971,293,4099832,11,"change,input",16D5wRKpob5kYLUnwcXhf9m3tDmoPXv9qM
4,21971,293,4099864,12,"change,input",1KMTPHfa1ZqFSDCbV818Bth2TPS2MpFLm4
4,21971,293,4099882,13,"change,input",1HPhFbTxP61xaXwMiGRECAKxfhpiUcLjMn
4,21971,293,4099894,14,"change,input",16s4XYVN3q8DrfQZiYenm9yQMqz1JsFfk4
4,21971,293,4099905,15,"change,input",1LVJ1LWtDiL66yaFWJKZcTpBt459hbrK4Y
4,21971,293,4099916,16,"change,input",19Fn9zxwoE83udRDKDFNKrmscjN5UrA2PP
4,21971,293,4099926,17,"change,input",1CEkwx4K2C8yUJ9AgdbDYJZSd3MNWrxJ72
4,21971,293,4099936,18,"change,input",1PPduM4cuPcPg6QP6acwtRwC4Mqyenapri
4,21971,293,4099956,19,"change,input",1DL5ugT4FpLFPfqA6D3mxvYQ7i5K8YE7Se
4,21971,293,4099964,20,"change,input",1LyGErNCGo2MZ83cwWfSLQyVStjiCc8Fqb
4,21971,293,4099971,21,"change,input",1AsJwDJZLm9moEmSkKaZSnvv4Jk7nQqJDU
4,21971,293,4099978,22,"change,input",19NmgkC6sRfTjacpM5UEEQLPUm29EUgS6
4,21971,293,4099985,23,"change,input",1PFt1by8TqhWxYsRDWcHF1eW14j6zHNQbL
4,21971,293,4099992,24,"change,input",19jHMgt8dNn3JnQJZjyUtS3wBWbcsh3AE1
4,21971,293,4099999,25,"change,input",12SPfGTFkVJtXNdi8XW1d2UVCC4Sng6yR8
4,21971,293,4100006,26,"change,input",1AfFGRarTHdRQBnctZ63AqRd6KaByG773V
4,21971,293,4100013,27,"change,input",1DwDjd4UxqfRey5n8QQb4RgxWj63gsBQkN
4,21971,293,4100020,28,"change,input",1FBoKC9JYyofD3cfz1tE4z5tVb5AmNLvkx
4,21971,293,4100027,29,"change,input",1J9cqgb6u2jTgjodF65GDYgiBHAhhiqnsD
4,21971,293,4100034,30,"change,input",1ATYFynRy3NaNxpmJfAyq9Vck518sQpm7t
4,21971,293,4100040,31,"change,input",14cKDg3TRfg5rne6F4Yxn4snPM6wesi9pt
4,21971,293,4100046,32,"change,input",1HQZ5V1zF3pme9UrGYXW5GahvtEcbmaNUv
4,21971,293,4100052,33,"change,input",1BzaH4cPLH1Eqikb9T7JodBiZ6YmeShMHd
4,21971,293,4100058,34,"change,input",126XmPToefg6K2mB5sBakSsrZzCy6fsabB
4,21971,293,4100064,35,"change,input",17x2C5895k5fV66pZW1r1QoncQHjmuzqSq
4,21971,293,4100070,36,"change,input",17sujky8sbE78DJ1XEAzc72m1k9Ac1CJ89
4,21971,293,4100075,37,"change,input",18sweqedkhxc94rw5ApvpCDVqnAne1veyM
4,21971,293,4100080,38,"change,input",18R99fQf9AF6B1Gp9fDa81JDZy9H4JZqzN
4,21971,293,4100085,39,"change,input",1Q1FPW5okt7T8QdAz3SGf3DVMScrntdLhA
4,21971,293,4100090,40,"change,input",17pTYvEjPupesT2kJdb2bXnxFWjnZc3LQg
4,21971,293,4100095,41,"change,input",1PZiZVbni4XN33k4k9jKoG6n8ZwnUur98u
4,21971,293,4100100,42,"change,input",178ScBtt3nN3nwhoCdbPfK6inPNEiXJwzs
4,21971,293,4100105,43,"change,input",1NGXpULULowfUxYR9fvaDDF1fQUaJh3JLG
4,21971,293,4100110,44,"change,input",1PF2dFD9Z4657J97yR9RWHUM69CUaSJKwG
4,21971,293,4100115,45,"change,input",1Lpcdb9nhaAuNTNaDsXkToZr5aNsLTvyAj
4,21971,293,4100120,46,"change,input",1DVWr551kujCBNtAvcFNRjEwMd6k7EnB4D
4,21971,293,4100124,47,"change,input",1Kme6fiL8CFYU8Uo4HrrsNEWQXMyzL6Czi
4,21971,293,4100128,48,"change,input",1N2tc14RpTHJgTu7Md4BxQYFmWzpUMEyBf
4,21971,293,4100132,49,"change,input",1EYi95diSXPeveCLwCFXgdfy3qGoCoYgNZ
4,21971,293,4100136,50,"change,input",1JxEooFvsgxr6HeU64TiPhnDwgoAq5Jckx
4,21971,293,4100139,51,"change,input",17UvT1uzqSmqXXzy6bVxEBSLcwGoBWcfe5
4,21971,293,4100142,52,"change,input",155iLzAsMzrjYvpFqHtdzpnBVoGCqivvJH
4,21971,293,4100145,53,"change,input",13bA5KAXnPFfZGX2NHTAMDTdTzZZzS5Szo
4,21971,293,4100148,54,"change,input",1JB2q1kTMo2fL7QmvgfuJ1nJghPWk7LNtQ
4,21971,293,4100151,55,"change,input",1BRvwmPnNwhNHfxfMN2m5Yy5VEcKov9gJC
4,21971,293,4100154,56,"change,input",1JsUtBvJVnuBS69BUoSBJo9sX2sqUJBLDJ
4,21971,293,4100157,57,"change,input",1MYQNYR9jU75JGAAmca69joZ4jnw6SCaZV
4,21971,293,4100160,58,"change,input",18ccLaqazh34GyKGnvtk8hfKF8Mkh1cSNE
4,21971,293,4100163,59,"change,input",1AvibNPsoWMXT6t7VLKFQUXpJNjkHP1n2S
4,21971,293,4100166,60,"change,input",1PRFMBavAnD7UN573ehktEtjf5FXbfnFWM
4,21971,293,4100169,61,"change,input",182d2XuiJjsceKKzMHvzioAJbaFP4Cn7m5
4,21971,293,4100172,62,"change,input",1FatRU1BuMsJtDGZDkPG96aqVceLWTon46
4,21971,293,4100174,63,"change,input",1nuZBQ6Ttbm6gkCR6XoLuwzFR9AJqGnoL
4,21971,293,4100176,64,"change,input",1L3yY2Eg74pAA2B1cPj2tGpTHDdzkRvwV
4,21971,293,4100178,65,"change,input",16xKSr3aN8cbsNK6eBqTU81kJFYx7XKR5q
4,21971,293,4100180,66,"change,input",1CrU2gkq8MjJ1Ff4PTkQJG7kVfejaegTpP
4,21971,293,4100182,67,"change,input",137grJPiaqXb1gDUimqctBwyhRKEJ1CCqy
4,21971,293,4100184,68,"change,input",1QCMKYPr3LkhcqzYnBV7gQVA2A5joT8Zam
4,21971,293,4100186,69,"change,input",1JtQpZi1Fo1WLFVXvzHZuqFyjd7WTxtGgE
4,21971,293,4100188,70,"change,input",1F6fS5JndoyJMixCJeeuWBft3TrMmdX48Q
4,21971,293,4100190,71,"change,input",1DpfN4aqFwHqqWw1MVATu8cBGTE1k4Drjw
4,21971,293,4100192,72,"change,input",1Er3YhaarqTtqyU3Yd9K26kyzhNM8HMqsi
4,21971,293,4100199,73,"change,input",1Kn8G5EG4LEhQxG9d7VEUWddCEATGxioFL
4,21971,293,4100203,74,"change,input",1N3d4up1ZtqnRn1Ee2imeDvkF3cNwC5VEy
4,21971,293,4100204,75,"change,input",1Ct2A64eTjSY7XzS6dMtjaE89QVYzvsrry
4,21971,293,4100205,76,"change,input",1NtoQP4euJBqL3toTvdG4wDksaFkrDD4qe
4,21971,293,4100206,77,"change,input",1Cv4oGnBCwwxpmwBEgu8wtupfumYnjLDMg
4,21971,293,4100207,78,"change,input",1Ke7sfC7dgF9iypGHEHiiNWmz1zj856qbQ
4,21971,293,4100208,79,"change,input",1AUzrVQTRNr8J6b6CjDQCCEgRkBMpPZ3Ty
4,21971,293,4100263,80,"change,input",1Hw3o2BR5wGg1wAZubMiPVx1tDinnRNMXm
4,21971,293,4100476,81,"change,input",19waqacB8Fv2AwoK2A1x19CGWsn8yhVciA
4,21971,293,4100508,82,"change,input",1NhYE6Skv4S7uhbu9msgxrSQ74yDwEMEyL
4,21971,293,4100520,83,"change,input",1KScJyMua9TPvrrxwiZuBwEc5r8WyzJq4h
4,21971,293,4100528,84,"change,input",1FfushxJ13Uws2r315bfvjs8oYCEafT43u
4,21971,293,4100535,85,"change,input",1LAm9jZNquZXBmgT6Eq7NijciJiTS1XkD2
4,21971,293,4100540,86,"change,input",1J8hko2jwnnsZGdLShQ2EaaqiG6hqd7vTJ
4,21971,293,4100545,87,"change,input",1KdQRuRk9yZuHrBXVhDxqdbG9jbd8YcWwr
4,21971,293,4100548,88,"change,input",1AjuWJAvLXxNjWPJwyfK9Gj5sTKMRHaLje
4,21971,293,4100550,89,"change,input",1EwEV6jFhfeHtbRtTb2Nca67SNXyWCPSze
4,21971,293,4100552,90,"change,input",17uxBCcG5aogF2K3ZY8ep5aTvERHmXXY9C
4,21971,293,4100554,91,"change,input",17Vb9tg1M6uQBoUUkFU7TGfCTuQ4jdmX1r
4,21971,293,4100556,92,"change,input",1357vpG5WLw3GNq14k27VfbovYVWMSqxS3
4,21971,293,4100557,93,"change,input",15TXbLar8iLUYYXVq1HWS7ibE8ACDmRJrm
4,21971,293,4100558,94,"change,input",15v8jYTxZ99J8hB2JGeozigsCJPL8a9T3B
4,21971,293,4100559,95,"change,input",1DPHBShkKsEHZZsJgZv9fmEKqEasDn7TWJ
4,21971,293,4100560,96,"change,input",16uR9fdqGtrxzUFFYL3a9wyAT65Sy2WVz1
4,21971,293,4100561,97,"change,input",1Mw7buELdhmbqd8p8artYKwu8Fif4gbD4W
4,21971,293,4100562,98,"change,input",1Juheh3SK47FSE6gxvNgsf5t5JbqR81ojb
4,21971,293,4100563,99,"change,input",19s4iDQ9bxz8iDtvupXFY6eQGS6TFoEus6
4,21971,293,4100564,100,"change,input",1GDq1Ru6FoSu2PiFvtz9RxBZjn9AUXJsv5
4,21971,293,4100565,101,"change,input",1YodNNFL3nh69YByZCXtSYEn1SbfEoz2A
4,21971,293,4100566,102,"change,input",134WZSkRw3vEk6nrEjrMzfXtKd2kpHQZ7n
4,21971,293,4100567,103,"change,input",1MuqZXfS2CDK1ZRE3Sv4fqBCgjVReAxmUH
4,21971,293,4100568,104,"change,input",1KoUJcq8Dn9Giy5obTcZR87kdViKj7xsWz
4,21971,293,4100569,105,"change,input",15p6ZfDaxA1RJhmkQrjYn82SpGEyAF5DWR
4,21971,293,4100570,106,"change,input",1B2J2p3MqR1W7xwkM29Qs17tMbgVa5UR4X
4,21971,293,4100571,107,"change,input",14mhZ4iTtXPNobWsStix3Gqb76e1X4tmGA
4,21971,293,4100572,108,"change,input",1PgYBSX5mo79gLaFHxaSopu1JKX5i4VhvD
4,21971,293,4100573,109,"change,input",1Cb1bXAjxfcUTv1ThrMsNuMbSA79NrMA3y
4,21971,293,4100574,110,"change,input",12DxAKse6kL7hNmgkfuBi36bbYb2hQTxW7
4,21971,293,4100575,111,"change,input",1PbXgEFradtkXeVY8C7tWaqq4GHpGtLzS8
4,21971,293,4100576,112,"change,input",1MnQZXopvejbeW2gXtxvc3w7mpwxYgidt8
4,21971,293,4100577,113,"change,input",1AzuVd5NNoDog58SwLaa5BYu9AvgtgwFr
4,21971,293,4100578,114,"change,input",19UXBMyUcUvWqaGL2wHtMUFKVW4yFaYLEA
4,21971,293,4100579,115,"change,input",1PJtjsJdtwA7SjHws7DvrXnGSQK5JZggc8
4,21971,293,4100580,116,"change,input",1GeAQMif9PZWx8EYyDT7CQENHqgFqxSiw7
4,21971,293,4100581,117,"change,input",154kiqwh4srddqWTTxrAwXgEd45LrVS9mF
4,21971,293,4100582,118,"change,input",1CWVxEdDTT32VN15hsx6F6gAM9pTcPywFn
4,21971,293,4100583,119,"change,input",1ELXTzekrd4fbnFi1h41sD3yQSwawMkPDs
4,21971,293,4100584,120,"change,input",1LNq8kM1jG4imaMz397FFb9C72YasgWCEq
4,21971,293,4100585,121,"change,input",1DXZTNXSxMr536smkhdJWPpK4pVr7Yg2i4
4,21971,293,4100586,122,"change,input",1FYJDBiBEZa8KLtRGmgVBQbiwgvEGJVrhX
4,21971,293,4100587,123,"change,input",192WQpEpMqFE3hkds94PUHCZ7rxHGrgcMp
4,21971,293,4100588,124,"change,input",1M2UWeEjt2FMK53CZaPVCJK7y2ZYEJzHEh
4,21971,293,4100589,125,"change,input",1Mt3VypSPHdBGS21TfL7K4neVAhbwKkg1Z
4,21971,293,4100590,126,"change,input",1MiXHRQ4oLD4rXWAfLy9AtGNQpouiAYwos
4,21971,293,4100591,127,"change,input",1QDXi73Pm2h1HbVqvjRbKQTeNJj12aQecc
4,21971,293,4100592,128,"change,input",13XEkdRZqQUxYKhjPzHZdNTa1kLYsr8Jau
4,21971,293,4100593,129,"change,input",158jQUez6ZZ9jD1MjiCw2UKPbNwQiGCMod
4,21971,293,4100594,130,"change,input",1ASHzYnypbTSxYjKXGeuMAnytTpzpmmAgy
4,21971,293,4100595,131,"change,input",1Jk9gNLsjeqDnfguZhvKyytaGLo2c8dp8c
4,21971,293,4100596,132,"change,input",1MVJDDieEZKjUZv93BpQYuyDH51M82GY8a
4,21971,293,4100597,133,"change,input",1F6TW7rQRGxU1ykzd9R8geD1bTGY8M3igt
4,21971,293,4100598,134,"change,input",1MsuqL5BSunph7SSjPVDsqZg61MK1Jg6Zj
4,21971,293,4100599,135,"change,input",1B6JiGcE41fzqJsCkYs1oMopMXCTjtRiXg
4,21971,293,4100600,136,"change,input",1QGAcyLHt4N3PmLdSA35nNSKWfG7BPuyw5
4,21971,293,4100601,137,"change,input",1PFv55G294FznJDrBjoLEE5vDvBcmhS8k9
4,21971,293,4100602,138,"change,input",1BiTYRRf2tg7nEb5XqsZEKuFZA6HM9ejP9
4,21971,293,4100603,139,"change,input",16AtHK75jDHfDXGJa4txjUZUAnu6GtBfdr
4,21971,293,4100604,140,"change,input",1N4njqKB9XfCw6nZdH2TM6PR7HSVYC2fZ2
4,21971,293,4100605,141,"change,input",12pboRyjkXwF3Ymed77QfSMqdkisCVf2Lb
4,21971,293,4100606,142,"change,input",1MKTgT4CLPCiEYBvRpDn11VzB8w2inrY64
4,21971,293,4100607,143,"change,input",1Bz9TaZRdCDsjYkqKuwWrGThhfec8zzNiR
4,21971,293,4100608,144,"change,input",1Ba7fEDcjtTh4V9FCTWydwYhwd3LXHLnoZ
4,21971,293,4100609,145,"change,input",1NHKAaLe6QEkeKah2T4e2xRHF7efv6tXaF
4,21971,293,4100610,146,"change,input",16E2145jvNaFt1YERXfGbLfFVRs1u2196Y
4,21971,293,4100611,147,"change,input",173pdDX5nN9kEX2qqPQRduiYBF7awn7Z1N
4,21971,293,4100612,148,"change,input",19GqfsStcgaU5qEh5ZGp98tn4HbYXu7CFR
4,21971,293,4100613,149,"change,input",1MXZbhRGUb3oBPYHWoLeb46E68X14SzXSj
4,21971,293,4100614,150,"change,input",17dJLq62u6k91zp8LvvR7JNfjkmtdaqson
4,21971,293,4100615,151,"change,input",1CZS4an8RfYgCtTSCoqEPCJEeN4wtEDEbt
4,21971,293,4100616,152,"change,input",1CFgddJpdRM5HzsmRX9uVv5YaDiU3Sf7Kf
4,21971,293,4100617,153,"change,input",1Aik24azh32JJMNmxEnLntkBq3sYz36HFx
4,21971,293,4100618,154,"change,input",159MMsawVbLscP64NzP79L8x26tBtQmaVz
4,21971,293,4100619,155,"change,input",1JXPsEdE6N8fJ7BUeR8kd4jVUZbYyZWaPR
4,21971,293,4100620,156,"change,input",1yKtngyHXU2RVeKjpQ9ZzRCPho2HmxDoE
4,21971,293,4100621,157,"change,input",16Vtqc8iQRWQSbwEM35KU1SdzBDaniFqjY
4,21971,293,4100622,158,"change,input",1KJg8tF4AJ4NmHkBHNao5HeQRzL7nSwbEN
4,21971,293,4100623,159,"change,input",1E6V5Tr345pr6DJHspTRp3JjY5zRQL59Qu
4,21971,293,4100624,160,"change,input",1PJq8mDiffRFCoA5w8KxqZKWyUYXbbyzS5
4,21971,293,4100625,161,"change,input",1xK1wL6NEM3FTXZtaX1y1cDjPjubwR78t
4,21971,293,4100626,162,"change,input",1G7cQsSzJvqGUdDRvnxNfUHdSHAFPesWPW
4,21971,293,4100627,163,"change,input",1BtcGFbhf4Hhd2BZFXsQXHpqTBSUfE31gm
4,21971,293,4100628,164,"change,input",15TBFo5DLGHtZXGsXi2iKxdXKb8dJnPMdu
4,21971,293,4100629,165,"change,input",1JU1r14StuZ4hwuWpNXRs5ZTnjyYAKPvy7
4,21971,293,4100630,166,"change,input",1JJR4UyF3JmusreM22pV9HHfGCzyWhn9ra
4,21971,293,4100631,167,"change,input",1J9UAD5TFHcNy84VQTQFxpoyzwQ59qbfsX
4,21971,293,4100632,168,"change,input",1Yw4LwEoagEaqfomhABtGJXhesR3Vf2pg
4,21971,293,4100633,169,"change,input",1Mr3w14iowvtnGTXmCLYvDvDjf8cqHBpe8
4,21971,293,4100634,170,"change,input",1Dy7GqJMjthBX628wpLAFCcxeaBAbY7b1t
4,21971,293,4100635,171,"change,input",15gs1D3xB4pmuCNitE5uQoMGDeU85qAH8G
4,21971,293,4100636,172,"change,input",197DsUzzuTBNUQEgdKM9RF9AzYReNffwW9
4,21971,293,4100637,173,"change,input",19U9kJYyzT2XTc2v1AXPrGB6rZYLGW9Cs2
4,21971,293,4100638,174,"change,input",1M3kP47Sywfdjy3nG29gAukkuVSESa1geW
4,21971,293,4100639,175,"change,input",1MHe2QHcqaNouVJV5vv2WSZf3bnXTSEdis
4,21971,293,4100640,176,"change,input",12hGYJJPgL99fxdwvQsLDGoEwdApuA7bAu
4,21971,293,4100641,177,"change,input",15w62z4GqB9pBkvZkkTvhaNjVcvPidic3a
4,21971,293,4100642,178,"change,input",1FnpHwLExecVZx4s9B4jSvbE2d8hGt33sV
4,21971,293,4100643,179,"change,input",12q8bo9pQRAKXfqhPMiiUSMgwaBrhhcPzZ
4,21971,293,4100644,180,"change,input",12hSRXabVmekDEgetxFV7zAR5v2t4y6KH8
4,21971,293,4100645,181,"change,input",1FgpVRm784QXW38SybrVqiNRfdYVVHxhLM
4,21971,293,4100646,182,"change,input",1NCzNxc6sXaKjwws6MfQLeZEyiD6M4sN55
4,21971,293,4100647,183,"change,input",169SPkmaTLYx44WFvXBTTLz8RK2jxgZ4ed
4,21971,293,4100648,184,"change,input",1NH7A1Jhmy1ibqFfsUZ36t4VpedEpnzgnR
4,21971,293,4100649,185,"change,input",1CUC7wBLTn3nJGSvUoYD8Z6SYn4aZ5LHjn
4,21971,293,4100650,186,"change,input",1DaPFK4474sMbtqHa9a81TKEx9u4ijovDw
4,21971,293,4100651,187,"change,input",1CbTZDN6Ncy8L9gW6ftJiq4FhmuFqBaBzc
4,21971,293,4100652,188,"change,input",19SdcQKkeqQygSt9mmohWJCzqsH3bABAgW
4,21971,293,4100653,189,"change,input",1KEDsj7senJNgKFQzXJJFm2RdFgHhu1H1c
4,21971,293,4100654,190,"change,input",1KAXFiNFUn96TL71NmfFDaZWccCvbASS8H
4,21971,293,4100655,191,"change,input",1GU9m3Bcn3QzRj2o5LjBzw7XKaQwfvGNb4
4,21971,293,4100656,192,"change,input",1AEkBhvmwxBtLqcpkV2FvTNnGokjaVoC77
4,21971,293,4100657,193,"change,input",1EXEbhJPyeJoreUkDsqFWWVtQwFHz72KVW
4,21971,293,4100658,194,"change,input",19jmBc6kABbQxJznA2wyhVAHhwhZxnyxBb
4,21971,293,4100659,195,"change,input",1DcMb8h8cxtq21e1nyBCnUpVHCD6JafJ36
4,21971,293,4100660,196,"change,input",1JC7VpbfNFxmGNhDh4tSAVmpsDZybQ856p
4,21971,293,4100661,197,"change,input",14RV5ehNQ3kwAUoas8oz1TC8Gfn4SkxRqq
4,21971,293,4100662,198,"change,input",14edPvX56KcTUKdEW8KSfGUAjmPM22aBgm
4,21971,293,4100663,199,"change,input",1GF24CjBJh2BjPfK8xeunxJgJZqGq6cUj3
4,21971,293,4100664,200,"change,input",1Er5wnXfjCFWduDu2438EFFy2r1BFCoQj3
4,21971,293,4100665,201,"change,input",1KeVKCAFqkvSSecbEqUvD41SWAEpU2VhXW
4,21971,293,4100666,202,"change,input",1B8ZV6PiMYavjHRb4xNDsuCMmhCUe8B7ps
4,21971,293,4100667,203,"change,input",1K4DfC4imVjSXShZUMX2L8fJEjKHXy82xv
4,21971,293,4100668,204,"change,input",1FYYBh8DJFB9a9EtexgR4N9t4nW128UVML
4,21971,293,4100669,205,"change,input",12mW7TZegmQgPovtq2RVQxnQAaMNgvVUsM
4,21971,293,4100670,206,"change,input",1FMrCuxetaeugMnwE4nboRVLENKxoRo44
4,21971,293,4100671,207,"change,input",1GAsbAtCCPKhwMQkm9GSpdiKFN1uFSkLGd
4,21971,293,4100672,208,"change,input",18Emby21zwkEE63sbKFcMoPcuL3uj8ELWX
4,21971,293,4100673,209,"change,input",16DAnfyCc1SnaBukGrnY5QTqnFJE2Wh3GC
4,21971,293,4100674,210,"change,input",1LGNL7xxRaCfxH8BYPyEdyP98w7mP3A7Ye
4,21971,293,4100675,211,"change,input",1P9xXNKpDYDUM15kdy4i82vY1GbQaBuKTN
4,21971,293,4100676,212,"change,input",1NqCCXJNMCKG2NEyP3yjvbGAfLPu3tN6BS
4,21971,293,4100677,213,"change,input",1GocmUAoUKstAc4SdzAgZVQ21QaQSnnqMo
4,21971,293,4100678,214,"change,input",1DaRPL2pTDnbzCg3UpEEpoVaVTGo29fw3u
4,21971,293,4100679,215,"change,input",13QoTHVFcxpWLmJXE3zRK4fdapXZBXFUR7
4,21971,293,4100680,216,"change,input",1Km5XVq3b5fR37ehvpUbh68f9R5vM2HvmZ
4,21971,293,4100681,217,"change,input",1CapGG8YVBYzBK6k51Bca1ne7dnkDNKyK8
4,21971,293,4100682,218,"change,input",1CXQSui3bpeY7dohSx3UFbFRV3WaRxs2RL
4,21971,293,4100683,219,"change,input",13Jzk7XSbNDSBShB4onUghtL7Ne5uSFi7U
4,21971,293,4100684,220,"change,input",1QLh6NYe99Rdu5KFnMfTDN25sbtM5oazK
4,21971,293,4100685,221,"change,input",1Nsvb8yBQapgaJovxrqf2HSwh4TMgJk7EG
4,21971,293,4100686,222,"change,input",1Ho6JAXYjy4wwimusJMw8QMLzsZT2622ip
4,21971,293,4100687,223,"change,input",1D4TG8fF9YRbJprs1B3SLRawUsvLUAwQ4B
4,21971,293,4100688,224,"change,input",1JAfWvskGUVVshBjinJVvivJgxD38jBs4C
4,21971,293,4100689,225,"change,input",19erNemEmQTid4K5DRWW5aLvTQ8Lne3trZ
4,21971,293,4100690,226,"change,input",1Gmg1ghNpAnZAZ8tZrziPwYNjTHUW15yxu
4,21971,293,4100691,227,"change,input",1MqNkvsZKtsxDXaBFtgXj6yRT6YKDjfzdB
4,21971,293,4100692,228,"change,input",114u8Z9VaRRYeF2HGE9bvAPPzikHVweBuv
4,21971,293,4100693,229,"change,input",16wTjhkH3BcBRXzVeLa9Jvjvxjo568s8yT
4,21971,293,4100694,230,"change,input",16AbcECPtUYUi4kSxwNCLkBiCvtMVEymFi
4,21971,293,4100695,231,"change,input",1EMTCcvLdCBV4VLp4Wzru9GWwfss4LKa6E
4,21971,293,4100696,232,"change,input",1GP2Dfqb3Hha3WaErEBhx4AjW4MiEVraAn
4,21971,293,4100697,233,"change,input",1CcN16gFEjcLs7e9Rdfr6xd2dvMWjV3pHg
4,21971,293,4100698,234,"change,input",1K3wu1rqc6UefJDuNgr5qjm2ymEoMFUVcL
4,21971,293,4100699,235,"change,input",17fX2YUADoGjGwro6wC7bi9oQHBf9hAKXh
4,21971,293,4100700,236,"change,input",18Zwi8mFndk5d3XtK6mbbHsSVJyzKkgApn
4,21971,293,4100701,237,"change,input",1GYqkGDmoQQo7Yk245R2QNDiia1tEPSgPv
4,21971,293,4100702,238,"change,input",1JbzhamiPxaNVNG3kMs7ehs5o6rZiW1BBW
4,21971,293,4100703,239,"change,input",1B45fyA5pTWM2Qskta77NAgdg4aHqvb87n
4,21971,293,4100704,240,"change,input",1C5NLG2jXzrDqnLkVvDYoDUY7twkwxqorD
4,21971,293,4100705,241,"change,input",19b7HbHrjvwWxscgaCVd3y7tUXmzn5poZi
4,21971,293,4100706,242,"change,input",193VZwqhB5sWwBrnYZtBkzqmKdbVTUFZqm
4,21971,293,4100707,243,"change,input",1EPKnjVyunDNZVWPtpDennGuTtG6kV17Hh
4,21971,293,4100708,244,"change,input",17SQiQfpFLd6avVrvAi3p83YaQmaPk86zz
4,21971,293,4100709,245,"change,input",145D6st95a8voP6Xhb4eAzv5Rcr52d9wjX
4,21971,293,4100710,246,"change,input",1A4cC8AjWU1HCYitD4QnYbESWkm2PMUdDU
4,21971,293,4100711,247,"change,input",1KTSN7etq3VZf5LrrWXkKo4S9dkpVGgcVU
4,21971,293,4100712,248,"change,input",1NTKPi8XqQYnkZsLsrqbGJCszUJQo192dn
4,21971,293,4100713,249,"change,input",1Depwb2aaYU7TJ8B2BvoeRbEcWhyVXaBHg
4,21971,293,4100714,250,"change,input",1MwakVzKjLLESnehFfMrzcCu6Hu9Li6fZV
4,21971,293,4100715,251,"change,input",1EkoogjeZSCWUdzt5rvN9eeQVKkHKkfysX
4,21971,293,4100716,252,"change,input",1PQc9PepCPqv78YEBP6jyVz81YKDfcXGtM
4,21971,293,4100717,253,"change,input",1CfkAmUysimQbxxAf4AtBHCR6WHpWgTAFX
4,21971,293,4100718,254,"change,input",1CQEZc6T89tT5FHAVn1BcMifHU6EZchbbH
4,21971,293,4100719,255,"change,input",1BnoeRyyUAqUhLwjfA49L9wG9MPLBq5ABL
4,21971,293,4100720,256,"change,input",14CSzyRxrRky2qS76qtDMZgyaFsTp9JtoL
4,21971,293,4100721,257,"change,input",1znMVDbqMazTm2x4tkKxxTc1DCzDFdUNW
4,21971,293,4100722,258,"change,input",1EaiaU57icVJYGrQfHHFM7CT8QCFtgqYuK
4,21971,293,4100723,259,"change,input",1955KaSxQL2ufc9XC2Dtuw72WiXU6TJB4z
4,21971,293,4100724,260,"change,input",19Q5SLv6gDyCXGM4RsHoqWnq9Ji8rng2K1
4,21971,293,4100725,261,"change,input",13uJEN7YpTssqBsETcX5eBAZQHGkNt5Hqc
4,21971,293,4100726,262,"change,input",1A9p4KtW1rxR9FowZGehmVC21znrhaxd1Y
4,21971,293,4100727,263,"change,input",18UYYf8Nsyk1E1fTksBJM2CAEdzaK9WfxQ
4,21971,293,4100728,264,"change,input",19paLPN3uPvdPcesTzJdWq8TyPYsNfTK6i
4,21971,293,4100729,265,"change,input",12TWgAZSztVfGtzxxmJXDAZTKmYtVDzH11
4,21971,293,4100730,266,"change,input",1D8aVhAZE9b7rYc7bBuP5cZzyhxJeH7LvL
4,21971,293,4100731,267,"change,input",1Med25nSWo8qukFGhLq2ncBN849rbMfGGM
4,21971,293,4100732,268,"change,input",1AQfQEg9DEvXjXY5biKqknbkcuaqjJSPwg
4,21971,293,4100733,269,"change,input",18CxxJMB9QtWF8t1ohTrXVo21akAEtncqh
4,21971,293,4100734,270,"change,input",1CKyMobZzWMK1uZNBCjTg4QGoVr7HLBqJf
4,21971,293,4100735,271,"change,input",1HQyquBLKB9NMJaTdiPJvpXcJFcTYKyabD
4,21971,293,4100736,272,"change,input",1Ehs2rjeiq9DJm5HyU1vG4dEcpSbPaeTgg
4,21971,293,4100737,273,"change,input",1Bqr6fmiKjcQrCLTMc7d7QmRKChWuBCCbd
4,21971,293,4100738,274,"change,input",14HtRZ3dKF7XRNcRGAhkSwRgYQLwHM53wT
4,21971,293,4100739,275,"change,input",1VTeqMmKW45Zjz1ASeKs8H6ekE9cRRAo2
4,21971,293,4100740,276,"change,input",1FAGD9kTBmgdLL8LtD7id2PMZ5RPtKmJwj
4,21971,293,4100741,277,"change,input",1E4yvFYa8iYTQQaioMJfbk7XtJMBBausEL
4,21971,293,4100742,278,"change,input",1JcZGCjRcKNdsHRB1B3DaV3F8nBsmytRos
4,21971,293,4100743,279,"change,input",1JPHVuuzHCVDZ5igfi4Fqjc47QdGhkxduM
4,21971,293,4100777,280,"change,input",16oAZhcoNCJd6mMpimgAZ2KgceWAXcAEjj
4,21971,293,4100825,281,"change,input",1ACG9MLb625tu8Yus6XLskxVfNBAha9VbZ
4,21971,293,4100827,282,"change,input",1JuwY6Aw8XyJSjjuAPTzg5WCkHka2VAkaK
4,21971,293,4100828,283,"change,input",1KjaEUuYUEG98c9wKrx2b5ixR3ti4iT4M6
4,21971,293,4100829,284,"change,input",1HMzHnSxYXLaZu6TuekQjn4MJXZgaNB5b2
4,21971,293,4100830,285,"change,input",134G87MXschwyXUzdDjQgJLaXGhThcen5c
4,21971,293,4100900,286,"change,input",12fZnJy73pdjBTZkAcU1mYRY4L6a84kRku
4,21971,293,4101014,287,"change,input",1LURC5aLbWofPSkreLWgWehhNircs9TGAY
4,21971,293,4101306,288,"change,input",17o3k6qMg897ta8WDL3NFBxQWgHTDBZcC7
4,21971,293,4101561,289,"change,input",1FCzk6bKo7LNjMzExHPYYJxNEoTbw1FD36
4,21971,293,4101717,290,"change,input",1GnFyxBEG785Mh8EGKV21MR8bEE2r9VpQU
4,21971,293,4102191,291,"change,input",1A6RZqJm2umTcu15LGazcnBmtNK7Kdr9g7
4,21971,293,4102528,292,"change,input",1CvtKUvXM2g9u4VR47Bj6UoH31sNpmLZte
4,21971,293,4102745,293,change,1Frhczs2XxDawehordvJPLCg6yxrXnMz1H
5,12065,273,3650656,1,input,19RPgkvebGBSuVY4SbWujHJKEv8BnMuJbG
5,12065,273,3913622,1,"change,input",15NQsUemMaQ27ptA7RBchCQ5LrrMgXPUJy
5,12065,273,3913671,2,"change,input",1Acyq8zY6rXyJ3NXnfHsbE7iYavqCkzhPF
5,12065,273,3913675,3,"change,input",1bBpAVG72zpvDHEruwasnwAQHde7oKMdD
5,12065,273,3913676,4,"change,input",1LTn9gSzaZfRx2uKcsL2D8VAVuZ8zwu58
5,12065,273,3913677,5,"change,input",1N2dFCbe6bQVmLASs6qMurcq8nVEf8mZHb
5,12065,273,3913678,6,"change,input",1QwCzLLwvMG4Uhzer8JbZna3ofNsNRx2g
5,12065,273,3913679,7,"change,input",15pjhtVMYvcUjc4uxDGBNvvbBAy5TikGP9
5,12065,273,3913680,8,"change,input",13gUoGC6NP1c7YPxrmeb7KGUMDzFfoRvF7
5,12065,273,3913681,9,"change,input",1Q4Tc417KpCenPLv2G2r7UCbNCGFHn9UVg
5,12065,273,3913682,10,"change,input",1J4XMLGZ8zEDUiaeHkPPy4Jwdp7Z9SBi87
5,12065,273,3913683,11,"change,input",1QA5veipPhdThrbg4NbTX3qt4e7spBqRaF
5,12065,273,3913684,12,"change,input",1Muxf6WpCatxQtnAkk6NG7cPy7nAgRUKR2
5,12065,273,3913685,13,"change,input",1867JixsRzVXJDb1H5fNyv8orr9yvdkrQS
5,12065,273,3913701,14,"change,input",1Pma18KzFJN5vNZ4rk2Rfzq7jhaZe3QRyB
5,12065,273,3913729,15,"change,input",1DJN4jgJxFWsZN4e91gsBpp8JoGc5wgXN8
5,12065,273,3913787,16,"change,input",1EvgiMhvsSjj5Pmw6RJgaiMtSHPY3i8o9H
5,12065,273,3913799,17,"change,input",12zE8Nz7cEixCZ6kMTxcbX5bJPXuxGnhfF
5,12065,273,3913804,18,"change,input",1PN1tFf2LMVeyGtHwuzXthBCgB3gALqEr
5,12065,273,3913809,19,"change,input",15iAVLugSY7RcQfVLikwvbdjtxLt8zVwNr
5,12065,273,3913811,20,"change,input",1GaBRuK78XSLQX8erGpDrL1KXKdv5b1eda
5,12065,273,3913846,21,"change,input",18WVwRJKKooUfbJ1VjhqypPLJzHY7F1pmp
5,12065,273,3913881,22,"change,input",1HPxfB5QUD2ScEAoQv39revNK2X7iorPDg
5,12065,273,3913889,23,"change,input",1MS8NLdUsnfhA9CPzjZVHnDWwmz4kzULWb
5,12065,273,3913893,24,"change,input",1bM8Nz71unjsLEabvCA25szgTvuedTJvy
5,12065,273,3913899,25,"change,input",1Nmfic3XNzR5jPiV2C38diJ24bXJopHedp
5,12065,273,3913902,26,"change,input",1DVUpi3C5UMBFmuhow4TZSFQgFS5tih3uo
5,12065,273,3913905,27,"change,input",1KMDM13cYALn2rVGkUmeDK82Uzso9Z3koq
5,12065,273,3913998,28,"change,input",1KoPVYzWKMDx3HA1g5a3kDJqZKZR24c7Uh
5,12065,273,3914026,29,"change,input",1DRK3niBxeHFWDBLwn3qnA3iwEW6Cgcywz
5,12065,273,3914194,30,"change,input",18pF3igVXDgpTCwTnpZigsYup3yT8Be212
5,12065,273,3914382,31,"change,input",17GnWV59bU5CNBUsrhmq9XgzSAtrQUndfQ
5,12065,273,3914884,32,"change,input",121GGY6QGgZ6KYJKaBwBQiGf2bRHtW1b94
5,12065,273,3915164,33,"change,input",1P5wBnP5P3MruPxJaAVeBSpZ8LTdyGg33X
5,12065,273,3915809,34,"change,input",14hMcRaFqsSuTjKTJLJx4Wkq7JVJ8Y97T2
5,12065,273,3916099,35,"change,input",1FQLFmhSo2yAAroyZNSv1M5sRsYTKWvbMR
5,12065,273,3916868,36,"change,input",144x7gP3M5Gaf13RSSqmRGKKEQyYgDuDzs
5,12065,273,3917057,37,"change,input",1K8CFUuxKyPXmfrbgMNJrUHdX86U5X1ynQ
5,12065,273,3917118,38,"change,input",18qAqBenMY9RrBCCfMeGL5Gg9As4bAYrGS
5,12065,273,3917715,39,"change,input",19MyprPmDTQVDix3pGxBm5RfJcWaC3iSRB
5,12065,273,3918164,40,"change,input",1NPW7Grm5kbmz9LjnytqzBDxpjrAUcJXWr
5,12065,273,3927023,41,"change,input",1A5DugPxBfj5nwUjvMDUzQPDZ5Le7FQcKo
5,12065,273,3927128,42,"change,input",1MkvZmjnvRuGVNzU1ctJ1BzFeMoY2hFV5R
5,12065,273,3927289,43,"change,input",18M1ZVDeZgS4TwhrjDh6p8mN6yv2bYt6kt
5,12065,273,3927334,44,"change,input",17RiLLhNQsEBas3htRHj7dg6TSiZEkjMNs
5,12065,273,3927427,45,"change,input",19cRH6ct3hA8711NTUNn3mCEoxL69YhazF
5,12065,273,3927630,46,"change,input",1KU7GYa4uptjw6WuWT3o2yBue3FXVqN9xy
5,12065,273,3927788,47,"change,input",1LE3735hY2tNxPNSoUcM9uGG4NfQTmDB4P
5,12065,273,3927822,48,"change,input",1GYsJ5jkB2R8jDX9DPp42LJiB7CFKBViEi
5,12065,273,3927845,49,"change,input",1KgxythS8kAHvJh89RWmLrZKMpR6qzHRCV
5,12065,273,3927864,50,"change,input",15Lg9LwWU9beHBYbq2b1RZPo9CZL5hvvLw
5,12065,273,3927877,51,"change,input",1wchG58aJX2UAGYSrcu5LRE5q3uARbTdE
5,12065,273,3927889,52,"change,input",166eoaxsYPzSTSAdV8m7t3BnFR8Bp6s3yW
5,12065,273,3927897,53,"change,input",1KFTwaQDHAD8upPz5RA4MJ78i6Yh5UskFn
5,12065,273,3927900,54,"change,input",12NMn2WmZ6hpgP6d2PuwWCNe2CcCbkrwev
5,12065,273,3927902,55,"change,input",1NJH6PfEvULnmBauLCjPy2x67Qkox5o31o
5,12065,273,3927904,56,"change,input",1AmoKvbyhyxvt4RUmVMFH1LjZhTfz9XSmn
5,12065,273,3927906,57,"change,input",1HSbtuqKv4a1YuXD3DMqgrSYBnUuCrMEp6
5,12065,273,3927908,58,"change,input",1y4YGjWgdJn2NrUoebTgS3BpCNYiiZ8iF
5,12065,273,3927909,59,"change,input",1JiMsvfwUc5hWAofgQdv3AsM7jjB3Kb8fw
5,12065,273,3927910,60,"change,input",115a23YZWNEPHPXAA6ucyGVzodovg9ikiD
5,12065,273,3927911,61,"change,input",15YHU4mBFuxVqCv1vrurMonDh8qAi3UxiQ
5,12065,273,3927912,62,"change,input",12Nfc2dHDEwcNxX1qeZzk6RNVmUbHnfLrs
5,12065,273,3927913,63,"change,input",12HGhTSTMXtDuaFBrBrYCwJesob6RRKCCu
5,12065,273,3927914,64,"change,input",1JmbT2kUY7AqZFjWU7U7ba7c7f1n7QQaqD
5,12065,273,3927915,65,"change,input",1DkvDXZn4LMKDYdKxVB7eoh7htQoDcoL1h
5,12065,273,3927916,66,"change,input",1Crtn6cdnUBHLLy3XJ9MCeQkpDe2k1WVn1
5,12065,273,3927917,67,"change,input",1GHpgMh88g7UTG3tUdF8K6Qu35sk2mc6BL
5,12065,273,3927918,68,"change,input",1LaL6FGZuUpqWZ1J4WLkiBXJz7t4wGFjJd
5,12065,273,3927919,69,"change,input",1N7mEjaufuCSSbuipvypur6CL73jXHRixH
5,12065,273,3927920,70,"change,input",1MGpKHWxjaAKFnHQRszCXTAccB5r2V4uAp
5,12065,273,3927921,71,"change,input",1PCQ91jLsxciXJviZWRccGRYEjUwRVfbbB
5,12065,273,3927922,72,"change,input",1LQA3R4exZPFtAWg5dnt1VoLbJN5Xgtxaj
5,12065,273,3927923,73,"change,input",1FBiJimYXLUDu7gKt47QvwHFawT3MSiEkD
5,12065,273,3927924,74,"change,input",14WpbiDYavHRiJpaUaF2mYiiwfkLuL9zQC
5,12065,273,3927925,75,"change,input",15pvGK95hpYNffDpCzRhtptmcuxqQ5Qzqh
5,12065,273,3927926,76,"change,input",1KzK91EMNNB2wfaHFytg1BLcXuS48pK6bP
5,12065,273,3927927,77,"change,input",1kgPwGwkuqx3twPkAx7FdjFNxX7AkU8Nh
5,12065,273,3927928,78,"change,input",1CFJs3Ua6aPXt8ppQ46ATEaonN5AnLsuBr
5,12065,273,3927929,79,"change,input",1MKJazPZxQxHmE32LRixQ5hFrxiAVbVZ2N
5,12065,273,3927930,80,"change,input",1dewPP2J28Ztzp6MBCo6GFEFdqqS8gCtJ
5,12065,273,3927931,81,"change,input",14Z1fhrcgXk3gXiTwK15siQN2gGQy33kyk
5,12065,273,3927932,82,"change,input",1KV8ydtpCJo2gNTPFDvJitEyXSTzms5VU4
5,12065,273,3927933,83,"change,input",1JehTgtsHur9tyNj3APETELTLphxELT8v
5,12065,273,3927934,84,"change,input",129BuT5y3aeZqfrHqgNVNp52tzCQFA7t4R
5,12065,273,3927935,85,"change,input",1JJKPvknoWdQ4yvRgGpBxNmKjqYNntvc7H
5,12065,273,3927936,86,"change,input",16gr64pofFL1Wv3zs2AV2dMPhqd6RKAzyG
5,12065,273,3927937,87,"change,input",1PHJoyu9D2cotoDXDQb2qcdZERr42YWeJx
5,12065,273,3927938,88,"change,input",1Kp4mQ96jdYYJSK9XAEYHrjsfuCtGGdbQk
5,12065,273,3927939,89,"change,input",1HA8fxfAX1mQ1mrCt5ZDss4k5Y3CeoZKth
5,12065,273,3927940,90,"change,input",1FSViEoL4x8WLoNzF67YkyNMYQwR8xHLHf
5,12065,273,3927941,91,"change,input",1EhF1CUo1jsNfT8AMtWvWUA6QhqTxanGnc
5,12065,273,3927942,92,"change,input",13PJZg33fwDhS2L2cckEnmzYE3scfijuE6
5,12065,273,3927943,93,"change,input",1Mdfz1AZq2Et2eU2vuM1hH1dzwMKpuNHML
5,12065,273,3927944,94,"change,input",18eWm1MKFzM8DZ5nTLryRi8fmKr81LpCzb
5,12065,273,3927945,95,"change,input",12U7h1VoUviMBt8oNJ5SVnbbcFuo587Xjn
5,12065,273,3927946,96,"change,input",1MqBDNeig6Vt39iyM2Hk4XTan3GWrUPS7s
5,12065,273,3927947,97,"change,input",1NKqTRiXDbBF8HPyepfYHXNUiS8jZNkZ6z
5,12065,273,3927948,98,"change,input",1MLidS2pgFzqbsmtTpk9unnYiJkXZq2zu6
5,12065,273,3927949,99,"change,input",16HrESgQzSHgpaEHFcTyncqHrW8USvHWwP
5,12065,273,3927950,100,"change,input",17i1FrgV1D81Pd6wFYDiMZPuVD7415FWtq
5,12065,273,3927951,101,"change,input",1DE7XHBWfSaTGXM4hvNcfUoeWaDkMhCVxr
5,12065,273,3927952,102,"change,input",1F4AZ2dRuNPdXqVaSdhWGk8rqEAbeN1Zh3
5,12065,273,3927953,103,"change,input",17p3Xyqi3AQw5PaB5zAoxW3RbXhAU7radW
5,12065,273,3927954,104,"change,input",1Ay75AHuwAHTaCh8DjvnP9UuecayKYRcEp
5,12065,273,3927955,105,"change,input",1J71WwP7SEXdX9S7Hs1q7fLuBHNdZpfpR3
5,12065,273,3927956,106,"change,input",18h7hEavUuUnv8Q5vofcZiYwqVKctkjorA
5,12065,273,3927957,107,"change,input",1PwhCunc23uHFq4qNALqhzsQvQAr1Fa67v
5,12065,273,3927958,108,"change,input",1EyTJSCPQJYV4S4rhBpJ3Qo6oy6NmTKKHp
5,12065,273,3927959,109,"change,input",1HLbXQK8dywjqryyn3QmjWJVDxikxnR2N7
5,12065,273,3927960,110,"change,input",19LLazSRdtKH9nQ5ANZCbauxCNcP9tgkHH
5,12065,273,3928030,111,"change,input",1UL8HADy8whvkDh4kRxHqtG2cQSjTJCne
5,12065,273,3928136,112,"change,input",1EZVespJG5rcN3Wgv2DxXS5ZEKwdv39Rai
5,12065,273,3928148,113,"change,input",1AnDqbdyaU4WMk3m3btRf5Ypf67cdbchYS
5,12065,273,3928200,114,"change,input",17iJuQTdcYWrqMzQa1Byja1tCn16xsDp8o
5,12065,273,3928489,115,"change,input",1HggDJnkSNCkiNgjL5755DSxxXcgDo8cpZ
5,12065,273,3928515,116,"change,input",1N4qaNwgaG3hP4WgA5LneDazGg3ura7xrC
5,12065,273,3928683,117,"change,input",1ELejXgDkm1Y2B5gRb7tfsYi4quAAMnuB7
5,12065,273,3928917,118,"change,input",16uM46oN9aucrAkNTxNmpcneWQbLqHvpRq
5,12065,273,3928979,119,"change,input",1NTPuA9Zrsw1kJULSkTyEGi6YEoQ9CKzQm
5,12065,273,3928990,120,"change,input",15rM63X23D12YhUnBDRmkH1wVfc8rxTv3H
5,12065,273,3929000,121,"change,input",1DvKT4MrJLVWMLYLD211JM9RDufFLEYFfe
5,12065,273,3929010,122,"change,input",1EQiuxxcPSkJEuVvP98LqQ6rgQZBWWDR3f
5,12065,273,3929019,123,"change,input",1FcfKdZ2bPpXoHHurhU2guf75MRhm3uyDS
5,12065,273,3929027,124,"change,input",173u8XCZ23uJjCYc5PwVU96116hyXqjWKt
5,12065,273,3929035,125,"change,input",15d7QH4duKjA8VVpGQEeVzcvJHQuXEa8gH
5,12065,273,3929041,126,"change,input",1CcNZeXVx8ZTNPd18RjzMxnYHBsbhqpvLR
5,12065,273,3929047,127,"change,input",15BX3r7CsmYNJTEFaHpmF9mFpz3yXWFZRA
5,12065,273,3929053,128,"change,input",1PVhemPuwRbeL3bXCqfV1TKjH2joDtPKbq
5,12065,273,3929059,129,"change,input",1N33LJimcw3LFMS45soCu5aQnPfmJ88hbj
5,12065,273,3929065,130,"change,input",1ySPRqD6MWaCVbbAafSPg9Wvo3cYhEiqm
5,12065,273,3929071,131,"change,input",1JfVUjYAb5w3BN2w6He89hHSPbBKitVhqJ
5,12065,273,3929077,132,"change,input",1B1kLENSR2gTgKPFkLKETHF9NZSktLcMdH
5,12065,273,3929082,133,"change,input",1GbwG4C9XhR1GeY75YhAswasZaHr3LDEHW
5,12065,273,3929087,134,"change,input",15DsV7gomT7b7crEk1tKwgxiiHxpajPZuc
5,12065,273,3929091,135,"change,input",14pLrTARZoxErfWpPrNPEk9UZxTi3A6aah
5,12065,273,3929095,136,"change,input",1F63ni6JRKZJe32GXFGmMbJ5dztWEmCKjq
5,12065,273,3929099,137,"change,input",18NTDLucFV6EjSSNiFfuJBB8K5xdgCt3Ef
5,12065,273,3929103,138,"change,input",15yAi3f7FW1NmVCcFZkNY2Fg3xev1YD6C3
5,12065,273,3929107,139,"change,input",13VmhbrnHACwML5kbtoUAYr4hss1Ekbjh9
5,12065,273,3929111,140,"change,input",12QeCGLdAwFkXW45m2dMfd4FdmQdDMBrdX
5,12065,273,3929115,141,"change,input",1AnYB4zxmjdT5ZPYxHsBY6n1CS9nnurTgd
5,12065,273,3929119,142,"change,input",1MyWjeG4zDaAsC6F4PSGvLmevvrKoYoMGX
5,12065,273,3929123,143,"change,input",152KdKrj11XbnXPnmMxzc87sV8NGHrbsBT
5,12065,273,3929127,144,"change,input",1GKGt4XoJRHAK8Y6upA4ZVUcgckWtfFsFR
5,12065,273,3929131,145,"change,input",1JD2eBT5JBKkmicH7Ri5seVZT39NeacQ4k
5,12065,273,3929135,146,"change,input",18fYwqvkqMeJs9E8ccJro6H6gTt2gssdDA
5,12065,273,3929139,147,"change,input",1DXjEmbYj9Rw9SD2iWw9hoS74JPDaVrB7U
5,12065,273,3929142,148,"change,input",16wNFeFt78EZsJPfffNAsKJrJrEqGGoLhV
5,12065,273,3929145,149,"change,input",1EPdX3PpubfFEWZJ1dQDG2gfFHnjGUKdrh
5,12065,273,3929148,150,"change,input",17pkjCCHiQePvyu448N7nnwibunyQNny6G
5,12065,273,3929151,151,"change,input",1MYT1c4XCukWh7NXwe2MQjcdJXQCFB45pj
5,12065,273,3929220,152,"change,input",1JSQVpwkSXs4hnJZ5F1tnZakTNSJPWZbaY
5,12065,273,3929451,153,"change,input",1CRx7TDAMgTKEvrBRgExYAinPhJ9y4yAQJ
5,12065,273,3929836,154,"change,input",1JWRmxa7XD8qq4mLtSdZhPDFv9mKo69fYQ
5,12065,273,3930184,155,"change,input",1MDo7xEaNFXQdKpnYeY9NpzEmkoPQ11BJW
5,12065,273,3930307,156,"change,input",1FDqvVPsskcrUSmPn3NsVaD9rimgqDcqaY
5,12065,273,3930665,157,"change,input",18SSvG8YzYsGajbHNVCdirnDpDMHPK9cZr
5,12065,273,3931023,158,"change,input",1NAvJrvfMCmJCFMwZG2WXCFsFubdQbbZat
5,12065,273,3931423,159,"change,input",13vVnamRXQL3GBBRpB3YZjE2JBAXZ3NS1s
5,12065,273,3931924,160,"change,input",183gGo64fKF8mYwwtxY7ULDinNuE5JpAh9
5,12065,273,3932478,161,"change,input",17U2wiF8hXSQHNu1gK2XKnwrrBWK9eFGVL
5,12065,273,3932738,162,"change,input",13MrSp4zGS23vCAHmv2vUsZqTrJerxKCtQ
5,12065,273,3933272,163,"change,input",1Cuf2Nz2NWtUtyq1u4miRNxYDq2L74TXJH
5,12065,273,3933629,164,"change,input",1DYJbsadECrQjcNyJ3u8EoY6TZsYhEDU2r
5,12065,273,3933982,165,"change,input",1PEHgDyzp4qZ1oQW6ejRTcY8yVdcnX7n58
5,12065,273,3934062,166,"change,input",13SvAKYrSFCuwpn8mGfPhNzTmWdFZcM6D8
5,12065,273,3934486,167,"change,input",1MW8fWQ5m5pFBVVmG58i1CbB8xqk8K3zq8
5,12065,273,3935900,168,"change,input",18bMrsdUu7GXCZ4XcrAoPUeJ9QYpfAyNcL
5,12065,273,3936477,169,"change,input",1Wnkq7GEikDeJnAWyhnaT6ZVNbFSppVmZ
5,12065,273,3936617,170,"change,input",114yByXhttLXkbm7eB8ftCuvPWRqv1woWb
5,12065,273,3937123,171,"change,input",13jnaoVtCRk6n69HiNBBhfTukghWKRYnKz
5,12065,273,3937785,172,"change,input",1Go4N5p4DHQNgFvy4rZji5hLhK6vyrTuNn
5,12065,273,3938178,173,"change,input",175BrMGtuaEBkqA9ppBqPCPCs9qEs9XKzD
5,12065,273,3938808,174,"change,input",1HQapbXU64vmK2UwE4f1pF9DSNSvykZDy
5,12065,273,3938902,175,"change,input",1NQBEGV83swpJUDFzSsv7Tc6TVPzok5dpX
5,12065,273,3939179,176,"change,input",12jxQ35Zmp4ZknxQx3gMuyNTGmXGZpkjtu
5,12065,273,3939219,177,"change,input",1ANHnhvsNj7jeERGaA5QcaGyhrGtTzCLM4
5,12065,273,3939242,178,"change,input",15Kx7NZ8cUNNxWLEETdfsoZ32dLNzariQG
5,12065,273,3939261,179,"change,input",1Biwwus3Fn317vtdUAKz9HavqL7TDEHSbi
5,12065,273,3939280,180,"change,input",1DXJpZt3XCkQRqWnrdQtyrj8smCY4r2DZK
5,12065,273,3939296,181,"change,input",156x87tdKSn3Sfchvg5frjtgMVsdbdShLq
5,12065,273,3939308,182,"change,input",1J5ZyjWgCEC3rLLiDkRT2bDAjwp6v17JPu
5,12065,273,3939320,183,"change,input",16Fh4NTw8dMz5kW7HhaRd2DPULSnhammx7
5,12065,273,3939331,184,"change,input",182pVz2hHdq4rdZLssKY4gcTzqCmPvT86J
5,12065,273,3939342,185,"change,input",12N4jiLvsmFu3s1eGfZDQa1AcGwnCJFtQ1
5,12065,273,3939352,186,"change,input",14Z7YbcvBqon9n6YZfWCTPJquFLXLEAsHc
5,12065,273,3939362,187,"change,input",1Bzomg1NNyFV3gftp1qKbmn5pybKkxrsHa
5,12065,273,3939372,188,"change,input",1PFoGduqLC1bLqZP5r6D3AykfL8hdL1s71
5,12065,273,3939381,189,"change,input",1K3j6vogiSTX4kQGQcQBdhVXsPP6qfq2CH
5,12065,273,3939388,190,"change,input",15WQd5VzmE5NggdqE6WW33y9RTDrQ4fbLH
5,12065,273,3939395,191,"change,input",1HrBM6XnpYSF8nUFoDeWCTu2Ddb1TcXsP7
5,12065,273,3939401,192,"change,input",12R9AL1DS16y5Y9wRf7X6L1RYSScngCXYo
5,12065,273,3939407,193,"change,input",1JrdgGvkYcHJuJBRzA5ie2VCutQ2T93c5f
5,12065,273,3939413,194,"change,input",1KwMG3fCHKD4afK3qQSUHZ7fHk5PDFgvMB
5,12065,273,3939418,195,"change,input",17vferRk6boUHW1P5LzykQMyS1mhLgzUbf
5,12065,273,3939423,196,"change,input",1EswQFUZgLGmcVTa4AEZYUS4ZiGQB69Ybb
5,12065,273,3939428,197,"change,input",1D2S29n2cFENLbp7fzS43VDvg8ghLKHv8U
5,12065,273,3939433,198,"change,input",1695fkbwTYCVc3ExskS5FsCgiLtyNTCxMd
5,12065,273,3939437,199,"change,input",12W5JevMBVqFf8uLYw6u69WttnLsPrB8vA
5,12065,273,3939441,200,"change,input",1ApTzKc1hvCWtnDxY7Nzf23kbLwmwAzKsz
5,12065,273,3939445,201,"change,input",1P1uA8HQMQm4qxw7N2ivF1nxJTWxcJEfwd
5,12065,273,3939449,202,"change,input",15vwLg1o9KDhRg8yDpMAampj8RmdqoeTJ8
5,12065,273,3939452,203,"change,input",12QMsNGmBxEvvvoKurohBeJWedTNG3oszy
5,12065,273,3939455,204,"change,input",1KUkguSbGiCAo25v1rGoxHUKhXw5wSnyXq
5,12065,273,3939458,205,"change,input",1GPs3p8NqopCM19mGW4D7PTiCbpX9vzxKt
5,12065,273,3939461,206,"change,input",114MPEm2QdM6m7WNcSRPUBoivPUJLSfBqk
5,12065,273,3939464,207,"change,input",1AqsxMkcxxBmaBQnL8ash2M9o6wTAjBRHp
5,12065,273,3939467,208,"change,input",1663PVEFytkZTeGwrdAC4bYTJxRXorfNRe
5,12065,273,3939470,209,"change,input",14WF4rCW6EuX1RHWVqsffQJLUpgBfxWp94
5,12065,273,3939473,210,"change,input",183bGjBRRxvNALD4knGLPrH2jT6j5jwx9Q
5,12065,273,3939476,211,"change,input",1GaNJcKsFfekPoAMj66fAduDgMWi4nVuUj
5,12065,273,3939479,212,"change,input",1UbP6XvEH5oWCco5TjGDQYBzgVqU3hHng
5,12065,273,3939482,213,"change,input",1Lzi4Pr1ibyatjf47uQFdBQ7YYnDwDFvpg
5,12065,273,3939485,214,"change,input",1oVVWmLCJDEpiduUbydS6rqSXm5mUYhAx
5,12065,273,3939488,215,"change,input",1Ldp8R5pF5tRobuJDU7XEnR8ast4hdJGcc
5,12065,273,3939491,216,"change,input",1Kg9yX27zYjd6qcuupAxdHhkgbRohK9EEX
5,12065,273,3939494,217,"change,input",1FER2M34fL9UY5obfjJ2rsM2V5AwNMx6u4
5,12065,273,3939497,218,"change,input",1EyXEf3YVTmddYT43wNN14EhmNR7JTY72J
5,12065,273,3939500,219,"change,input",19Ako5GuGAhza1FccJmDrZpjvTT2YLvwRB
5,12065,273,3939503,220,"change,input",1Fw3PAPkcKCCt587rbnzmnP1o8dNMfkj9d
5,12065,273,3939505,221,"change,input",1HTHkgH9EcSwuuhCuEYHuS2BUZWgMG3LsH
5,12065,273,3939507,222,"change,input",1PWh1CkkZ7e7xvJ6rn1MCgFLtJ1K2bEGGC
5,12065,273,3939509,223,"change,input",189mvR4G2p9cRqUUFfmpxi5CGgRkBsnKkx
5,12065,273,3939511,224,"change,input",1BtYaR6Z7VGjcEyoYgf1GpEqeN63kpA5ZL
5,12065,273,3939513,225,"change,input",18JbKxebhNUUrq4r9sMsggYLgSqzqrtjq
5,12065,273,3939534,226,"change,input",1NRYxfWh1hmaBi3f4W4RqPSB24WjM4vU5s
5,12065,273,3939611,227,"change,input",14daGL1PF6mYsV9X8FXX3Q2j9Tspv9EUdE
5,12065,273,3939635,228,"change,input",17znTaiY6w1g1yYY7WnPrwPuz62E7cSXQ6
5,12065,273,3939653,229,"change,input",1AxLPEoFyYoX6A8Wn8TuuzfcqcXgZWrMpd
5,12065,273,3939666,230,"change,input",1EC4yb9c8zHGhf5wbddntCRZDUqrxPGge1
5,12065,273,3939677,231,"change,input",1FYEhNvgwgtmhKCVj99g7QZTHrdPTQ39x
5,12065,273,3939682,232,"change,input",1MCk9V1YCYX14LaPdy4wqfi6VjAaayGmsG
5,12065,273,3939684,233,"change,input",1Q2ZETAMKeX7dE1g1Y9HH3tr5Bf1vXWbGT
5,12065,273,3939686,234,"change,input",18YSSPsCgfAM1QqVHxMZeHoYecac7To54r
5,12065,273,3939688,235,"change,input",13NotTWjiDycHHrmXPJbfhU65vBVZerWZR
5,12065,273,3939690,236,"change,input",1MHGrnXGPRpo7pFoWETV6djY4ZNKVgjnHx
5,12065,273,3939692,237,"change,input",19idEtFXDvHgJgxWRGCMpXQDbXmoJpjSFF
5,12065,273,3939694,238,"change,input",1GC84yH3jVReCZoaRBgHq6rALFq8HbHy3c
5,12065,273,3939696,239,"change,input",1CJAqaFFxjQGHLaZKZ7EaxYwbPn9cjPYr1
5,12065,273,3939698,240,"change,input",1CSqWd1s89RFKSqo6RtQu3E1VecuQQeFoU
5,12065,273,3939700,241,"change,input",18zPqwz6bBko1ERc3UjNkKvABZFihmSZNn
5,12065,273,3939702,242,"change,input",1AUTy4Nvm5mNMKNra2xhbV4WQFoeFhAjGQ
5,12065,273,3939704,243,"change,input",127zFm63QHxGLzxn5c7odT9kSLTuVBLVKe
5,12065,273,3939706,244,"change,input",1GxEtRiq5sMh6QrEXfcAAx9k6YXSnedq2t
5,12065,273,3939708,245,"change,input",13vLbxDoJw54WWTcWSdqFY6oNmKWWXqxPL
5,12065,273,3939710,246,"change,input",1CUKJNNezsD9QDeFXFUmpiYCra2wbKqtXS
5,12065,273,3939711,247,"change,input",1CJfoq7Rt1hpq3QFhb76JQNVrERHSCHQ94
5,12065,273,3939712,248,"change,input",1ATA3rk5r82hDCMc8bDfyyKSPW5QhFcYqt
5,12065,273,3939713,249,"change,input",1F9SUHuWNaUjKThSxVaajF92ScYH2asJcJ
5,12065,273,3939714,250,"change,input",1HHcdoBp8BKeMai5iiiZcv1mdhaN7h5oEs
5,12065,273,3939715,251,"change,input",1FKLw94PZzMpq7Gdzx6eSbLXdzFMkRjTg1
5,12065,273,3939716,252,"change,input",1Mwj1FwMf7wTLp4xpeaFPZo5KcAYWmkUwm
5,12065,273,3939717,253,"change,input",138hihgVCbnQuwuA1GqM5SN7ikVjm7Er8U
5,12065,273,3939718,254,"change,input",1PBPqLCbd4RNUkGd41AXTW1Q28dbmpwT7L
5,12065,273,3939719,255,"change,input",1GVgjdvGswnRvSRn5Yn3yyMjH5EoskNRej
5,12065,273,3939720,256,"change,input",15CSYe5yGRU19GBTZ8S4TcaxFjoewYVPRX
5,12065,273,3939721,257,"change,input",18ek5KjMYhNRWZC3hgn7jo7KWuouS8ZFCS
5,12065,273,3939722,258,"change,input",1KT2Ty2PeWWqe2mG1SBtXKEizH4BchJAE8
5,12065,273,3939723,259,"change,input",1CNfYoxYnbhuWFVaZRfTwbtB5MXt7Wyoqu
5,12065,273,3939724,260,"change,input",12uxmcKH9WPDZpLhY8wnKz1vk6zcVesR6m
5,12065,273,3939725,261,"change,input",1BRRJ83axTyPrJk4Th7hpJVrNaDV28u9mt
5,12065,273,3939726,262,"change,input",1MVQwDP1UvH9BL21nU6tiWaX5QkR9hHSxQ
5,12065,273,3939727,263,"change,input",1PGxBbDCw9ZgBHvRCS257VKNqW3Pxdi6CM
5,12065,273,3939728,264,"change,input",1BaM5MGcSFb6mZ7L4Nck5r54DWiMpYTj3N
5,12065,273,3939798,265,"change,input",1LK84iEb8gztxQzUikUvTGSuLQRHazSK5e
5,12065,273,3940048,266,"change,input",187aM1zfGfTzFdejEjTbQ9jcvCBZwNaPbY
5,12065,273,3940270,267,"change,input",1F93AozLaJ6ctZfRBCsAG2Cag8qJ2gNZY3
5,12065,273,3943381,268,"change,input",1HYCEQ2MrqvwW6jLQk1hq2s8rcqYzJ8pYK
5,12065,273,3943889,269,"change,input",1DwqKnskfR9QmB2atEFi8CZknieU36S4yK
5,12065,273,3943996,270,"change,input",1AT7cPsDYLeaerjbt2C9ytMTvNqQxHusaq
5,12065,273,3944424,271,"change,input",137GegsQwEfoeXr3rhhkfRSagYWqZGNZU1
5,12065,273,3944550,272,"change,input",1HEUvSWddQtY9GvR8xrtqz8jZGHyMTep71
5,12065,273,3944998,273,change,1N3sj8fsTfmVAhEpdkLWkutJwSb9jwTSE1
6,32291,246,4200563,1,input,1ETX3x4zzuK9XEjUDZajugwHXigejYSKr8
6,32291,246,4200699,1,"change,input",16uaoDpUck2q7jiy9tSVCE5T8vbRddVsCN
6,32291,246,4200806,2,"change,input",1EUPpbpBxifGwvcxRbKgRVchb3x375sth1
6,32291,246,4200858,3,"change,input",1MYt8a7ZNcLnLWSc1gXRVtLAiRfvNHhBH4
6,32291,246,4201052,4,"change,input",1D74yrHx2mNqztpbjBEEAdZHHnKzSKYstT
6,32291,246,4201140,5,"change,input",1KhjPjRCY6v8uHcLny34k1SydPEBNSwW4M
6,32291,246,4201310,6,"change,input",1ELhropqWTgC4kPg7WNbeqLdGHKpx1Xrxz
6,32291,246,4201528,7,"change,input",112UuxyjKhwRaRgcqwSq2R1EGzzmYnSVNS
6,32291,246,4201762,8,"change,input",1KjfjRkoZv74RPo4g65ysuP3pAtDXaTf7a
6,32291,246,4201806,9,"change,input",16YyxM5DwgfN44QUemYB2oPhLvNWRakuKm
6,32291,246,4201835,10,"change,input",14z2bNiRRfj6DzsuFymFJzni9rWnE53Nti
6,32291,246,4201849,11,"change,input",124vFmWCH4V4u7y7yyFSQpCAopKnWL6jet
6,32291,246,4201857,12,"change,input",1HAYqTQP5y7HKzFihdAeDWpAD4h1gShcoD
6,32291,246,4201864,13,"change,input",1Fvcy9bNbg2KDp7Wr8hm4Uc6ddaArso9qX
6,32291,246,4201918,14,"change,input",13R4GYLV9Zt5yipmekK5pQLKoEKwDo1EQL
6,32291,246,4202036,15,"change,input",1A4ttXStdBLUSdqMbuq5kux1tr4CPk3cu2
6,32291,246,4202196,16,"change,input",1G2UokzDNGLngmoKkC3qXTCQxyRwG4nVTx
6,32291,246,4202433,17,"change,input",12PxVVKT8rRwQ2ttfof5rw9sAjFfXqW1hZ
6,32291,246,4202731,18,"change,input",1fS84ZTqkY9SKcUqfoXPiFHcpAek7euZT
6,32291,246,4202998,19,"change,input",1APx2icF4ZzEzocAryADkar5w6PX5GZGnY
6,32291,246,4203381,20,"change,input",1Jhkx3grxmbmTFz5j86WjkMRNdM72L5b5s
6,32291,246,4203528,21,"change,input",19BR4mz5yUdUKDhMkExDppJtAiBxJyAYoB
6,32291,246,4210500,22,"change,input",185txTHHfwKMUwETduP5M3jyQaLU5t4Ckp
6,32291,246,4210912,23,"change,input",1L895jPXG6CKT6chg8KGshEP3migQmoMX5
6,32291,246,4211198,24,"change,input",1GRPuxXceRwFfzxvw7YvgvF1deWkGBp6rd
6,32291,246,4211452,25,"change,input",19Ajeu21ZTHBJnmoKefnAVYRuSivdSzBsK
6,32291,246,4211776,26,"change,input",1Pzf5XVgfBnwUfu1ujWhpPj2Fx6nrgZfBF
6,32291,246,4212120,27,"change,input",16ERzYPmkvu6kVv4bp5pRmrxzy3a61KK7h
6,32291,246,4213415,28,"change,input",1PPsovqGpZ6hNXkNT7RDSjpUkhnC7zFmQT
6,32291,246,4213599,29,"change,input",15XcLLrMJVTHJQ8NxQh5GX1uj35BSpTQtZ
6,32291,246,4213819,30,"change,input",1NK2aYh28XYaBj3CXxB5eYkH68ibW2j9kR
6,32291,246,4213982,31,"change,input",1FCVigcZnNnro8S5bXb6qKhX83LEigznHc
6,32291,246,4214212,32,"change,input",1Ncz6uN5f5cxPTYpjYZZtuDc7RfULX3sbr
6,32291,246,4218611,33,"change,input",1KSjDiLhz8DEzjx1BV4V2YwbbsFXFimwtw
6,32291,246,4220372,34,"change,input",1CzD1eSWVGMoQdxvnifTpD1dBXKZBYTobQ
6,32291,246,4220432,35,"change,input",157UPKc28pB2bjjhW6v6okBLjP2RhgQRXa
6,32291,246,4220580,36,"change,input",1CwfDE33UcmgRg9ag2xnrrH1if9WgjP82k
6,32291,246,4221046,37,"change,input",149iGWUZ9gv2qdDx9L9ieRLgZasg5hgSq1
6,32291,246,4221403,38,"change,input",1HkSmnFCrjwY1et3TSyUQFRbhB45miwzF7
6,32291,246,4221474,39,"change,input",12ZxRCK9fJCy14uxYv37ei8EAp9o3EtPtg
6,32291,246,4221586,40,"change,input",14UhGFCgCekmzuuh23mGvvU6GmAjMN9WEJ
6,32291,246,4222134,41,"change,input",1JWztWkFLkQoQq449ER9893nszYCEcshie
6,32291,246,4222430,42,"change,input",12kon8k2e6vWYfj12M8KZ2xpfzj3p8nrmR
6,32291,246,4222648,43,"change,input",1NpvBWjb1TWv6V2uLxvFPypjozb2uwh62r
6,32291,246,4225384,44,"change,input",18Fdw2EErazrEJjYgcfcbe3mvhLma2Rzky
6,32291,246,4226134,45,"change,input",162qEYxSRmxRFNVDeWoNofaQ8uZKneSLet
6,32291,246,4226498,46,"change,input",1EUAw3Neyt97QCuw2DKKnyBBZSrfNZpGF6
6,32291,246,4226792,47,"change,input",1M1245e9zgBGZm1BjR5sXANQarQyfcaWAZ
6,32291,246,4232653,48,"change,input",1HmKE17n31YQsNmqdWxLspoxNtvXEUXCfU
6,32291,246,4236766,49,"change,input",1BzyCAaAqLb6wyg2mYvVPMcPeML6MDCDra
6,32291,246,4237429,50,"change,input",1EAuk24DYpffVgvqgARMqoQeFr6R8qJGNb
6,32291,246,4237839,51,"change,input",1JFLzFYNQMtk2STEsv2rzmUCmgLiEqLzWK
6,32291,246,4238202,52,"change,input",19adtRq6M4WLudYnMYxDTMQFhXVfwzqnRV
6,32291,246,4238452,53,"change,input",1QFzaaqLnsSoM3quKax9XR1BM9vdvvnNU2
6,32291,246,4239254,54,"change,input",15SNZ7g5dbanDqktDR939Ao4kujMJRNxU7
6,32291,246,4239571,55,"change,input",1JWVLSxAGeytHQgPRPUiBsGu8sK9Sxh2SB
6,32291,246,4239639,56,"change,input",1BfWDtsmcnNssQrzDy9EP9KGsrSofBxErm
6,32291,246,4239688,57,"change,input",1Nsg1yka7hu6q7YRMAPkY9sAS7PhJKEGNZ
6,32291,246,4239738,58,"change,input",13RcpMvhJ3UC3dHWpkcd4TMfu7FHfTqEtj
6,32291,246,4239770,59,"change,input",1LvYYZXuvTf2JBAJw1MQHJJ5wiS4cak73K
6,32291,246,4239797,60,"change,input",1NC4LcrQZVMKH61W7ysmfojGTKzMRzUcjM
6,32291,246,4239822,61,"change,input",1hNUbbv1oTA4oSxwm5TKqmGtJ5pJLK74g
6,32291,246,4239844,62,"change,input",1Bsuqsa34AAFHVcF6MQeGj24GFF5Hdn74a
6,32291,246,4239980,63,"change,input",1PANPpZXTB2RsgXADonFNEmhPLCcZP8twZ
6,32291,246,4240056,64,"change,input",1GvZCN9icSbFmgGrD58n8XSQpQu2G4n45y
6,32291,246,4240188,65,"change,input",1LX2d33PxB99Aw1XirTAkgzabnP2CkVxWX
6,32291,246,4240224,66,"change,input",12HZGYnjSu6187NJicXfMBa7STA488MXwT
6,32291,246,4240247,67,"change,input",1DjBJtzymemGdxHNSTwFWoUXMbFcnL8yJs
6,32291,246,4240268,68,"change,input",1EVWkTRJgnvXoReo5qAmpCQ2JpAGWUEKvr
6,32291,246,4240286,69,"change,input",1A7r27vnSbsmvGAoiPvDrMn22UiMF28jUk
6,32291,246,4240303,70,"change,input",1PCGbWnAL2h3anKovY1GVQzthfEsyqMZz7
6,32291,246,4240320,71,"change,input",133ZQ118yTi44AG44dXMdKBsZyQAc9pET8
6,32291,246,4240337,72,"change,input",1PSZkBLbc5UMZghB6qugB2uni48nZ1jBoE
6,32291,246,4240353,73,"change,input",14G5Fai7rqFCQhneJeD5xXvBA89tRj5kVZ
6,32291,246,4240370,74,"change,input",188Xg75EBzEhq84Ko7APrjc5PyBHrdcRYo
6,32291,246,4240384,75,"change,input",1ENPw8dZcNbEvVX3yxntmbhQ4MBjk6tRvo
6,32291,246,4240440,76,"change,input",14c5dvCSYitmW1NRYfcQ9Av3NWG7Suw2MY
6,32291,246,4240536,77,"change,input",1JeHGePU9xCnbaQADredTRo1i9w4wgEtNZ
6,32291,246,4240553,78,"change,input",1Mkr4aZzon9fHTwBBoZHJZEExAJF8fhRUr
6,32291,246,4240568,79,"change,input",14sFKbvFi27tpLHxy6gSQpnkhzuJJ11ofo
6,32291,246,4240582,80,"change,input",1CfU3CqEWr6LK9FBaBt7qrPQcET7yHQUxH
6,32291,246,4240596,81,"change,input",1Q4AZUbzj56uheahHwfEumCXbqpqyc1vzP
6,32291,246,4240611,82,"change,input",1CqFasqkb1SKRSWauEu26gb35o6zwa3s4i
6,32291,246,4240761,83,"change,input",18n6Hf95KpmXZH8hD7mtaruki2VgYSrufj
6,32291,246,4265218,84,"change,input",1KaQKc6WhQsDs1NFZ9PUSxi6enrb2Jkdcf
6,32291,246,4265601,85,"change,input",1HpLs4s6y9yPrwW79Q4SDjfLrvUh2Y4Bxa
6,32291,246,4265704,86,"change,input",1Ms1tiKrqrqTrgCwF1R6cUJMVWrWQ6oV9T
6,32291,246,4265812,87,"change,input",14UUoHAxU8G5bYSTJtaJD3Hdw4jhWnWAJz
6,32291,246,4266548,88,"change,input",1GTdDnerjhqMWwLoxzpK11mCV2EFoKFNXX
6,32291,246,4267052,89,"change,input",19r9PQfcH8Ek4KD5ZAMnaWyErKdVMKmzTg
6,32291,246,4267133,90,"change,input",153KmMEpkZUX3qYPbK2arFMRwgEbayLk1P
6,32291,246,4267500,91,"change,input",1LywfhJY5HTwhJRogR9zTtZc9wu89XwdS1
6,32291,246,4267826,92,"change,input",1J2DEdBtPj7oVKCk6qV8niwGYfDGrCCMJV
6,32291,246,4268054,93,"change,input",1Hm81Rw3nkSDM63Zdxzg8peN59zZakvfzL
6,32291,246,4268406,94,"change,input",1MEW5TVJFj1rSMZc5TvSjXfXBDEzQLsKv9
6,32291,246,4268983,95,"change,input",14W4nbSr3qX2xdArtMMsoKEUA1ZuGeUz5V
6,32291,246,4269158,96,"change,input",16CncFif5133v5vbBxWmNJoakm7VrSZ6b2
6,32291,246,4269800,97,"change,input",14bsHfDTyK6PPhSTjF181rE3b9QoB2pQEC
6,32291,246,4270275,98,"change,input",1DgkcgsW3bWS2mjsB8F9onTnRZfVRu3FNp
6,32291,246,4270713,99,"change,input",1GaW5ASFcE1UhUJBtTAHEG3zCSmLJNBfac
6,32291,246,4271214,100,"change,input",1ETgJEyFE4EWffk74CPoxqTbidYLrY6n92
6,32291,246,4271488,101,"change,input",1HN9KRL2mjRVQiuEgAKp2mhWkJZxiiije7
6,32291,246,4272235,102,"change,input",1K82nuW1uDCh9MVZ62ASZuRnD5Z6YaLvHU
6,32291,246,4272453,103,"change,input",189unNxPZ1t8KqojvwfULt1uTN6UiGrLhz
6,32291,246,4272796,104,"change,input",1DNjFPkhAQtnEK2XxfFTL59Wq2N9GgMURT
6,32291,246,4272861,105,"change,input",1N72dgJ7rt3Cr6MgpjM9SPKXbuWRZnKE3Q
6,32291,246,4273237,106,"change,input",1454J8x24kQ91nKwDDmVJ8fJz59jCwCJwr
6,32291,246,4273542,107,"change,input",1ECfngF2m8eiKgov3QhNevdBTncu81eW9i
6,32291,246,4273819,108,"change,input",14Bc1d7DP54MEdWt7iU4JqyNynJ5LLJJzh
6,32291,246,4274091,109,"change,input",1Cf1Nqfk2HPhnuiP3sbmgYZB6k13o5qMfN
6,32291,246,4274166,110,"change,input",1N9BgfPjntMUgP8P6XC1SrihBCDtoy25Go
6,32291,246,4274327,111,"change,input",19XEm6HaqzrH392PoWbah3byEpNPbFppP7
6,32291,246,4274328,112,"change,input",1QACEDZ7Txesyv1vtybTwH8F9HJBdZVGoK
6,32291,246,4274329,113,"change,input",17HS2cx4J5dERzrLmLwgfGC5L15hUzPQQ4
6,32291,246,4274330,114,"change,input",17fsnr3rFpfGfuRoFgDpD6JUDXDK1DtHth
6,32291,246,4274331,115,"change,input",142YHPTL6GZK2FuH6UxY5QeYLqTEjEFeL7
6,32291,246,4274332,116,"change,input",1B1KCX1FEKgRULmCaQgFyZUG6Hn7h8qqGi
6,32291,246,4274333,117,"change,input",14ZvJuME2G6H4sbtDCNsqGpHZREQKKHgLB
6,32291,246,4274334,118,"change,input",1B88DPi7vBEW2qT3nwpWmrpgxztuZM96Ge
6,32291,246,4274335,119,"change,input",1Efw92C1GnS6B22E7upm8SJ25Sujh4JTTy
6,32291,246,4274336,120,"change,input",15BjTsPhPmVap8mLrwFWTrkDDWETGsfueQ
6,32291,246,4274337,121,"change,input",1MeVScRMEGAbxKrnE7FtoGAWZ98TL4nPNN
6,32291,246,4274338,122,"change,input",1Ggy1DXob78xJFzXB5C7kWnzCushjofGKW
6,32291,246,4274339,123,"change,input",15JS5EEi2YLXYXnM6sUxBT9bzDC28VxP5b
6,32291,246,4274340,124,"change,input",1Dcy2YoEEzZs9DQ1d2L7mtmLpurRhCAzM7
6,32291,246,4274341,125,"change,input",1LoZQMMohKQNJauN6VvneJTzZQM2ZSq9N3
6,32291,246,4274342,126,"change,input",12iz92pBud1r5uDCfLGEfRc1AwXfz7tSo9
6,32291,246,4274343,127,"change,input",14UBdkaZ6E6arf7XtfQVPzvUdgtGh6hMRu
6,32291,246,4274344,128,"change,input",1PtaU82qkEBnWJKbRLoyVJYy6V9s4pDg4s
6,32291,246,4274345,129,"change,input",1CDUgspVYxBYyqwKhzTVqDqfPh82aeDYMZ
6,32291,246,4274348,130,"change,input",1ZFpxwWcghWJmtqb8NMWikhdCfA1nqjov
6,32291,246,4274349,131,"change,input",16efG8cXpvgLEufpeKmPSY9XBWbjFGxfxA
6,32291,246,4274350,132,"change,input",16noFyGPSBePj1Ca4ceGg8Kt3pZQFTMHgw
6,32291,246,4274352,133,"change,input",174Cy7pqJkHqDDg3vAXCfnRZqte1uuzu5G
6,32291,246,4274353,134,"change,input",1DBDzKCfT8HUUxNzJTkr4nFFPPJnP67ydD
6,32291,246,4274359,135,"change,input",1DrCdMZpVTWENUL6kov2YU8XoEHNAC3w8B
6,32291,246,4274360,136,"change,input",1EvF2vGXxVpW91k4MU4vqAzMmq8co2dYSP
6,32291,246,4274363,137,"change,input",1L2Dm4VTu9Aouw9NhFVi7Poi3xWQ29o6aX
6,32291,246,4274366,138,"change,input",13TmqSNKuueSKykRFy166Ng8CW2ofP2GFL
6,32291,246,4274370,139,"change,input",1HWGvrAssdQBHGcCEqaEsbS294rr5UtdN1
6,32291,246,4274391,140,"change,input",1LhiuhgvnwDUKYiHuGdycC3tX2sftdT6ah
6,32291,246,4274421,141,"change,input",19J2iKQkBGzpebi4givX3ZopmbuxnqyafC
6,32291,246,4274463,142,"change,input",12yqSFoaNazUNEp1nUEnRfxS8Yh6NNHrhK
6,32291,246,4274466,143,"change,input",1MCWkJZBZ7TamfmT7XpUbjUkKtZur7HzDL
6,32291,246,4274467,144,"change,input",148yAM6BDFDQYVp3C9j5MeAqxMVQXBZ2BC
6,32291,246,4274468,145,"change,input",1By2spuoAyJYn7pUwhPSqAZ8G2DHUzBj67
6,32291,246,4274470,146,"change,input",1e3R3HeFUYH964HNg4D3jfvN1jESkKaco
6,32291,246,4274471,147,"change,input",13KS6fht6ZFy9oCbVaFUADs76tgi7f3tZs
6,32291,246,4274472,148,"change,input",1FL9jzuK8Gw7f3TbmJmNmJymkkMQQWjX6L
6,32291,246,4274473,149,"change,input",1Nn245vrnxFNRbZWYioe5aVpXiu5mLxyQa
6,32291,246,4274474,150,"change,input",1P2xEZNVFFioRFEEXbjdziXyMTvDvyKZM1
6,32291,246,4274475,151,"change,input",12EirX1cQLNGyE5oafB2x4aS74d18wbJQN
6,32291,246,4274477,152,"change,input",1H2NbCbP9PMXLyfbZQVfZuEAoM3RnjdUPM
6,32291,246,4274478,153,"change,input",1G22d7ybsH9bpmhC4agpFV2ZAgdeAXVwM
6,32291,246,4274479,154,"change,input",17KXUpgs65Mwvsfen5Y5hzHzg6iPRmG1Sq
6,32291,246,4274480,155,"change,input",1MxE6jUMvxfVzd6zPyXMuyiAmqn8UdHuFw
6,32291,246,4274481,156,"change,input",1NHMAvJs42cZ6knDucDSsDqVK4nXDXg2qj
6,32291,246,4274482,157,"change,input",14vFYT1R8mzNw65kBa3er9GKYw7LT3wAFF
6,32291,246,4274484,158,"change,input",1Pw3Uv7eakN42e6Bb9JaEM166Y7EDq29XN
6,32291,246,4274500,159,"change,input",19CV3XnhpFcX3o4Yki4SHtUMb1nJW4fLiQ
6,32291,246,4274501,160,"change,input",1Bje33upov7uE4bbtfeeNsszWgwvRSE5pW
6,32291,246,4274503,161,"change,input",1LVtieSmtFR5Nsvj78igouUdk3hzzpErER
6,32291,246,4274504,162,"change,input",1FRVV3rLzGdYhNW72Qk49dUEZoQHZssx2q
6,32291,246,4274506,163,"change,input",1LkcaRBzQuAndmGKjQMdnh5kjCeQHQTWKn
6,32291,246,4274509,164,"change,input",1GFcqfkVdAJpFhHN6do7sxHGeG2vUMmhc3
6,32291,246,4274513,165,"change,input",1JeHQ5zKjYEq8H5g6Qg6sKEPgiHxy5jkRa
6,32291,246,4274514,166,"change,input",1EAVETLN1uWPWjHmT6G5EZesiRdmcwe5bn
6,32291,246,4274515,167,"change,input",1KKviTxboXGFmqr3xqCdZuaJC2Rth3WwU6
6,32291,246,4274517,168,"change,input",15dYd5CaBPq8ERU76bt4dj2hDzXJRnYwNe
6,32291,246,4274518,169,"change,input",1BLZoPpcT7o1nTtoKv5n6VYJi5tKiE4m9f
6,32291,246,4274519,170,"change,input",18BfJXkMkeNpMLaVBXvrCoYjbCm9MzXnuX
6,32291,246,4274520,171,"change,input",15ubkwDfA1VCQ2JdoEyaGXgpTJbipcd5j9
6,32291,246,4274521,172,"change,input",16QtJ15RovVKqMgXNshVaZkwAVUFM63nmX
6,32291,246,4274522,173,"change,input",1HydH26uMhgWz47ZCHrWBTb2VL3pT6B7Hh
6,32291,246,4274523,174,"change,input",1CgFuTT2F1MVBTq4ZRiSqba7D6rBf6Rxqp
6,32291,246,4274527,175,"change,input",1F68srcoe1DYLNVqEcH2f43SEwPNF3BG7n
6,32291,246,4274532,176,"change,input",1N93vndKtaXbriXhxiqzWtCvLwKsZPqdko
6,32291,246,4274540,177,"change,input",16Neb9aqjwkcgDy32BGqhSbDJMgYD8yYcM
6,32291,246,4274541,178,"change,input",16FZM4gVueaswW1F5T6bYDAGN9qcPN6pNB
6,32291,246,4274543,179,"change,input",1E6ZkVE1pUmSLiaGBvEpu7Kx2ajBMnwm8N
6,32291,246,4274548,180,"change,input",1K4qx5QHvAfzYUJQQN93x7n7gdCzcoay6v
6,32291,246,4274549,181,"change,input",12rUVLjP3x64VXBgGB4MJ61rFoP8AV3fSr
6,32291,246,4274550,182,"change,input",15snF92BhkEGW27bo6uLLjPSjrSZDRpwzK
6,32291,246,4274552,183,"change,input",198tkcCdqhie4Jwe8v59j4UUsppDMRCdL3
6,32291,246,4274554,184,"change,input",1A7CiJvQTiuLiCMnnDJEp6zsueCQyeNocM
6,32291,246,4274555,185,"change,input",1PjuaNxiEqiQfoE9XpPzy3i47syLNLoSy3
6,32291,246,4274558,186,"change,input",1ATKmhh1MRWeEggeqYBbkDgoVvVoX2j3Fx
6,32291,246,4274560,187,"change,input",16jiCz6B2o3GWtSeS2xhNtEU5MN1kkUE4n
6,32291,246,4274562,188,"change,input",1GKKfsauKipwvS2phFSTjYMP3F9YzPv2H8
6,32291,246,4274563,189,"change,input",13zPEkqVWYAoaMtztdiQ1xr8vE8ATi8nc5
6,32291,246,4274567,190,"change,input",1PDWgjKpbDLspCTX9smVbDkyU4okwrqUv3
6,32291,246,4274569,191,"change,input",1PHUzZyQdKXUPX2DPefTDgnzNeVa2NY7uQ
6,32291,246,4274570,192,"change,input",12FfeX3qH7zhWEqdaGzQJvFipeZiYZaWtn
6,32291,246,4274572,193,"change,input",196ZBwXQodmewjjWJY14Hwu5z9rzXo2U95
6,32291,246,4274574,194,"change,input",1FEftBHZQJPR4cSyQAN6VUfcJCpSb74hq6
6,32291,246,4274576,195,"change,input",1KACVaxiuo7j3JLgpDGLi2wA9ZdeENt1dS
6,32291,246,4274577,196,"change,input",1LiHJaPKVZeoGePR5Nu22jaT8zwR4YAyEx
6,32291,246,4274579,197,"change,input",1GmxboyLteM4VUN8ML3AKT3HhqXdhqm6xf
6,32291,246,4274582,198,"change,input",1i6cMpMAzAgCLJMmq762yQEWQFPMGV8DQ
6,32291,246,4274584,199,"change,input",1F8tzzmDuvjSkPJ2Vm1174M1a6VkqZ3LqZ
6,32291,246,4274585,200,"change,input",1JM9Wa6TB7NwkCdSwTMq3k3Ai4s3ksy7ED
6,32291,246,4274586,201,"change,input",1C7eotSvAJRtQEFCo6M5n6WxnMSPjGe18U
6,32291,246,4274587,202,"change,input",13GZWNvmDd9toSxW8ymM2jJ7i6yFYoRTRA
6,32291,246,4274588,203,"change,input",18YGpM6pcsLJtgQBXYNZYpQn625qtAsfzx
6,32291,246,4274591,204,"change,input",16bZbraypf73N75AhPKNf3hWEk5ssM2Qpn
6,32291,246,4274594,205,"change,input",1BrcCcoAfcBH82TbAT18YwZJvLeEuNdMmA
6,32291,246,4274595,206,"change,input",18X7pXvFptfjAZRu9U8sFdRhmTaUwcyNZQ
6,32291,246,4274598,207,"change,input",15CzEkP4hAUBV3BdWoFP1bRLNZ5pqSmAJL
6,32291,246,4274600,208,"change,input",1Q7nSdSnSbsfgHotufvn4R3BEA62RKSNEd
6,32291,246,4274601,209,"change,input",1N5MQ6F6NokNGP83WdqZvK1nC8ufegRaDB
6,32291,246,4274602,210,"change,input",1G7bFGixE52AYpQgEarpeBRNQUS7phZX1C
6,32291,246,4274603,211,"change,input",1ABzhHRFeQTnbosqNJ8rekG83Mpg5EVbgr
6,32291,246,4274604,212,"change,input",1FSfDafXz2JZSnyrWu9QmJwbm7oUKmTuUB
6,32291,246,4274605,213,"change,input",1LmHF8pnoMPd5gxZ7Hnz3RUfNzLLug1D7B
6,32291,246,4274606,214,"change,input",1N9pNyC6McjXpKK8Ps3Aqtkb2ZxmmqwuC
6,32291,246,4274609,215,"change,input",1KuQnkQSbSK9VU71mRcPDLdm6FUdNT45iP
6,32291,246,4274610,216,"change,input",1AJESCBkKU4BZoKP37vZNYevVM5XivaEqi
6,32291,246,4274611,217,"change,input",1JqnS4VQWbHWEpNFpKpJR7CNC1ibFdEVGG
6,32291,246,4274613,218,"change,input",1KGAV9XTf7NnMk7me2PkEBdH1RoXB8PZMW
6,32291,246,4274616,219,"change,input",1CVgA1WWB5w5XMDrQQpPTyNCrRQbB5SJhM
6,32291,246,4274618,220,"change,input",15o9qpAi5oPapYBNBirHorXSpsRg1pDmKb
6,32291,246,4274619,221,"change,input",1MvVeyCuighLemkhdHezuw7TYaJLAiKhQt
6,32291,246,4274620,222,"change,input",1FbkuGga9puWjUq1vZZ8EXC46Cu5ks2dUD
6,32291,246,4274621,223,"change,input",1G91Qgufxz949mZVSNuEVCG16CbWZKeLkv
6,32291,246,4274622,224,"change,input",1LdhYJXMUacGLxWpx5g3vx4Uqr5cekYTjx
6,32291,246,4274627,225,"change,input",1GpNo6Dw2Vfh9R8rXCM13hwgoNmvixnnK2
6,32291,246,4274643,226,"change,input",18JJy4yCoiCcsZvczUQotoWTxo3R9wNXid
6,32291,246,4274652,227,"change,input",1KaKNaDGjp1UkWijroiaycUYRuZT5ZEfyf
6,32291,246,4274657,228,"change,input",1Bpyn1hcKk5H24i1nto3MX2UQtVfUBCqXz
6,32291,246,4274665,229,"change,input",19cAcUbVYYgUn79giEWdMiGBLQZb4cBQtV
6,32291,246,4274682,230,"change,input",1NbUPu6NTkTXBGg8a8ToKR8kubEksmUV6B
6,32291,246,4274684,231,"change,input",13H8yStxp7Lpb8SbzqvoP3mrVEhTbXAyFR
6,32291,246,4274688,232,"change,input",1ENXbTiHCJA4NKNvEXcSrRAAXc2MQysBcg
6,32291,246,4274690,233,"change,input",13QE2jhhap5TysRzAGbbcDBXAnTNfvCGed
6,32291,246,4274694,234,"change,input",17RbaRSaQsHn9fSCvmVELgVE7zvHTS5E1m
6,32291,246,4274695,235,"change,input",1PC5V67pJT1fKXUfGwEARq6XV6MWgGiFeT
6,32291,246,4274700,236,"change,input",18vSUYH5D9PMLRm1Tt1fEsFn5rigDR1tYi
6,32291,246,4274703,237,"change,input",129kTTb43iGBiammKjpnnp7NfNbjkz1nxm
6,32291,246,4274704,238,"change,input",1EcUJFENqN8onhJ6ZPVfYHtCQ3EtfoUecK
6,32291,246,4274709,239,"change,input",1JnjfptdFtkD2qoLt2CAuPFQWykLajLu5D
6,32291,246,4274711,240,"change,input",1EmBg9Zus4o89oAQhuixXNTGgv3GWd99GT
6,32291,246,4274717,241,"change,input",1J94vEvmeYkKyDSHoSiCCzgDj5we8ZY8x2
6,32291,246,4274722,242,"change,input",1Ckaa5hEWm4C1xcKWd6DWAgo77K5y7fomE
6,32291,246,4274763,243,"change,input",17yi24NoV4baF5WZdoxKg55E7VE8ngdkz3
6,32291,246,4275186,244,"change,input",1KE4TZR7Hyo9rVRyHoR5yzb8TE8dDbYyL5
6,32291,246,4275373,245,"change,input",1JiXYJK9s5J4FfYgLvvTZ1wSBvPQ1mGxiy
6,32291,246,4276050,246,change,1Mx6ZKXJSYxhkG7oKsind5YfHZ44yzQHy8
7,159535,243,7149689,1,input,1HcuAv8X9Mxk5rWtLUpqxJxx2vN6BbKfwB
7,159535,243,7150004,1,"change,input",12XDmdweRS4ZEyUnKpAmSJbb9pWQ6m23P1
7,159535,243,7150051,2,"change,input",15ASjimpKGmjyLQ7ucDwzq2n3jqBmGPwbW
7,159535,243,7150058,3,"change,input",1Q5YizYYdEUj2j3vj9HBxMxrALVqL22Lhb
7,159535,243,7150066,4,"change,input",17oj1XU9cfAR9X8AJ3Dg6F8KKYLWaJXqhP
7,159535,243,7150071,5,"change,input",1PQ5tqZSkpWdX1Enqn8XU9uxcevbjPhBsP
7,159535,243,7150076,6,"change,input",1Ezode5w81aSZVhVGMq8GqQY5Lx4yDaW9d
7,159535,243,7150081,7,"change,input",1JAmgsPCFd1UkdMr8un2Luthmefuc3gdWC
7,159535,243,7150083,8,"change,input",1Q6p4SwJEMRK5NFzqYRGPDQPnqosDKfDt
7,159535,243,7150084,9,"change,input",1ES9d3Ug61ZYuiySbxCaJYBFy22uB4nbLK
7,159535,243,7150085,10,"change,input",1Kb6dvWixG7z8J9qT6aJ2r2uHoscD1v9zL
7,159535,243,7150086,11,"change,input",1JpKErT7JZQgNWVJHWewzBNquBVagkAJVD
7,159535,243,7150087,12,"change,input",1JGMPqyv5Stx3d46GkLD8n7MZdcUNec5q6
7,159535,243,7150088,13,"change,input",1MMdfudfD4DwhVCcFpDkyfWQ6CswXF343G
7,159535,243,7150089,14,"change,input",1JqeYmdoqm1WeZ2uzELQveJm6uthi8VFTS
7,159535,243,7150112,15,"change,input",1KFnPievoHSC42drzincwirtCzFLxhF1ui
7,159535,243,7150140,16,"change,input",1QA4TP1owWZhsy2Urh7EgsNBthD8cX9V6y
7,159535,243,7150267,17,"change,input",1A6wsZmubvURv7dUt54WXNmHg5yz6uMVsa
7,159535,243,7150306,18,"change,input",13yDkMS2xsW9DserVn4mGzHBgiqkfwu267
7,159535,243,7150581,19,"change,input",1HqEFjeLvyYZwjU6hvN3BYLp1vARcvYZt7
7,159535,243,7150609,20,"change,input",1MXsWSwhLnWiiM4KHPZ1kUZTnmXRSiWgga
7,159535,243,7150610,21,"change,input",1JQkvWgce4U5TRPL6zRWaJmAzUBBFojUWx
7,159535,243,7150616,22,"change,input",1BUkddHPfv484i8B4yYGkSPuVYvuqVqenP
7,159535,243,7150620,23,"change,input",1AhvGQynZyjsGuvfAQKh6ccvFZ4dNEqyhK
7,159535,243,7150628,24,"change,input",17k72UMCX1dTQsayPdD81a5mrcsEcRvXfd
7,159535,243,7150629,25,"change,input",1KEJc2JRH5i7mfs3ML9vh1C3PbD1QAGwz4
7,159535,243,7150633,26,"change,input",174XQtH2DjSuvPKy2dYR4SAfAT3hMGVce1
7,159535,243,7150634,27,"change,input",13FcM8Qsf4NqsuX5YrCfdSGpDPnAqV58zT
7,159535,243,7150635,28,"change,input",1QGiCjHmTgLeAHKUERRHdby6XARSjPW5wu
7,159535,243,7150636,29,"change,input",1KKPgpVcXfWJ29CgytVqz44Y6YYG72daDw
7,159535,243,7150668,30,"change,input",16BmHwC9C8o4rx2ieifod1UVcqPDY7hsKQ
7,159535,243,7150669,31,"change,input",1AfZ7zWqeRUUVAsbA2x66uPS9EraDvXA8z
7,159535,243,7150670,32,"change,input",1GNeYa8UGqZYdVUFpbxyfXcE5qwCVbiWqs
7,159535,243,7150671,33,"change,input",15L2mEXwn4uuxmeEhPcsMfMV9jRfaXUWfs
7,159535,243,7150672,34,"change,input",1Aorrg8uirQDgiRxsGk6bqL64r4xSjd3BM
7,159535,243,7150680,35,"change,input",1QHscX4uJuhU9KmZBFUfxZuWBPKQDrEHHq
7,159535,243,7150681,36,"change,input",1Jpzi7RA7PQvmBGUWpJPahZMMgMzpmkNSk
7,159535,243,7150682,37,"change,input",1Lb6UTfcD3hcjomDbsMNSSRMSR9M51pNiw
7,159535,243,7150683,38,"change,input",14qCDo23679y92cdRbWHdqBJF8T4P4dpot
7,159535,243,7150686,39,"change,input",16LCcTgxP3r15xXuHkzNh4hhFgLEk9VaYE
7,159535,243,7150687,40,"change,input",1NERUSCJJFKRsxuFGYoYQBkQgh5y1i5vpT
7,159535,243,7150688,41,"change,input",1DhFxKQ5rW5n9VaSxE4zmGN5niAogDFDBm
7,159535,243,7150689,42,"change,input",15QJDR2F8i5hrxCqyANZCHc5Uctdq2eemc
7,159535,243,7150690,43,"change,input",14xSaSMhuRfzttmV4yZswkApCcch645B7g
7,159535,243,7150691,44,"change,input",1AsP96HgWVtMH6DimBrimZ5PZHfTEzb1MN
7,159535,243,7150692,45,"change,input",12EuxpYcFUsYAptQAyFavc5apSkUmFXZaw
7,159535,243,7150693,46,"change,input",1GLNs2GUmEdRJJUeLoNC37CTZSByarca5o
7,159535,243,7150694,47,"change,input",1DGYUBhy1wez3MAANNhL45xMSkKXk97sK8
7,159535,243,7150695,48,"change,input",1Yq8iiwo2pPg3zkCs69wAhQuYQbyztQsE
7,159535,243,7150696,49,"change,input",14Fznx9BpjPsDBjeh8L9TxqkVMKFKx2DKi
7,159535,243,7150704,50,"change,input",16BHfdhUU7viUL43LgCTMZfDVsgN64KSht
7,159535,243,7150706,51,"change,input",1FTnPcrNB26VqcP55awZLkAjWPZmEq28Ht
7,159535,243,7150709,52,"change,input",19f9p62pEBFLppzt64dykncfoHmAE4RySN
7,159535,243,7150710,53,"change,input",1PDmtAKJpruif1zqiynTqJtpfYt3avgYwy
7,159535,243,7150711,54,"change,input",1NgFKf5T4286jqE3B3PB8xo2MdfsYR7iYo
7,159535,243,7150712,55,"change,input",1AtYHq829HWENjYQuGiXkxoCA1fgXJFMZz
7,159535,243,7150714,56,"change,input",1DJmFBFnSLcp4xhSmx7E5yTsJpT4MTx3wL
7,159535,243,7150715,57,"change,input",1CE3M4reVi4MjvSCUQaSpdqw93zj6dFNF7
7,159535,243,7150717,58,"change,input",12297bJRJSJtJj2dHe1Xzw9mAnU8nZaV9n
7,159535,243,7150718,59,"change,input",1Kg1DgFocJRw5USYUSTvoTtYTZ2Hw78Jrg
7,159535,243,7150719,60,"change,input",15MbayAhiDtEvAZQjzAMoAfy3K1Yy8SqkH
7,159535,243,7150720,61,"change,input",1589NSLWzJ5HnzZpELQMEjqbQuJhFBDQ3x
7,159535,243,7150721,62,"change,input",1L7QqUaCC3bznsVtV81NkLx4tH3naj22jX
7,159535,243,7150722,63,"change,input",1JNw11wug6T4FPSeHpWVGkQzbAqNYKZ7u
7,159535,243,7150723,64,"change,input",1KmCVjxsh9PWV5fhNpxHdesGDPb9cgLJVa
7,159535,243,7150724,65,"change,input",1GMHpzLb54bqgtfGHzsCSE23eFFNiDMteF
7,159535,243,7150725,66,"change,input",167zwjA4uK3FbbRCZZAmZGw9SFwKZmddvz
7,159535,243,7150728,67,"change,input",1DQ8TymFKx6qAD1kxtsJJE5rF2VL4wiQhM
7,159535,243,7150729,68,"change,input",1JrLRFPS6JQ7M6baRP1jdvdLw1uy5GovP9
7,159535,243,7150730,69,"change,input",1A8fEiPxetMcA6seqB95KBtimcGPuvamHL
7,159535,243,7150731,70,"change,input",12Bqx2PyS413RnebrKQXw4cftjXZbGk6gC
7,159535,243,7150732,71,"change,input",1Hu2HEUDAEsCGyWb9djGtN6BrJeCboXV7U
7,159535,243,7150733,72,"change,input",1HNjSra2FdAQARubXPKvSDmZ3Yu1Sd35cg
7,159535,243,7150734,73,"change,input",1GHuCWtMrVyJQdAXzPn8KkazWe8uXntmA2
7,159535,243,7150735,74,"change,input",1J8Vhd2UvS7deZv8K7ZCZ8mJ1XHmtgnSF1
7,159535,243,7150742,75,"change,input",19fgfAqyFVWgJcRiqJcWsw1mg8rKd1naXU
7,159535,243,7150743,76,"change,input",179WGwfEJrHciddSeBSSbNBbXsmmQHWuQk
7,159535,243,7150744,77,"change,input",1DMdKNfo9mkjVbKMvmQrj6qr57i5pzrV5G
7,159535,243,7150745,78,"change,input",1PTsijKCbwBzhzTqV1GixKj2EzV8uGJtsf
7,159535,243,7150746,79,"change,input",1Dvy2kxNCxhyeDYNqYLwzubFUAXyzn9oBc
7,159535,243,7150747,80,"change,input",1GMbZMFx6vj3sYf1icg2ntkf57FaBosw9K
7,159535,243,7150750,81,"change,input",13coVNBKA54vLpd3Ce51UcCbg6E7GbFQ64
7,159535,243,7150751,82,"change,input",1B9HLHV4ojqSTAFtueaEPo2wqzy7VPf4b5
7,159535,243,7151016,83,"change,input",16maSwZ4dexKYwApdvp7Q2e7d2ufUK3L2k
7,159535,243,7151116,84,"change,input",1C1LxUvNCxQPENV3pkoBCH8Kfo3Xr4LLvE
7,159535,243,7151180,85,"change,input",14LZVkQXMtdny1k4veBYhfSfo5JTiwgT5m
7,159535,243,7151322,86,"change,input",1GuU62BEnxiA2r98CJ1HNmrhZF9pkvci65
7,159535,243,7151356,87,"change,input",14Ci2Gg5zPrmjsSVMNRkZ3sz6ACAHx7mgx
7,159535,243,7151360,88,"change,input",19bjbpTN1cPrjtGeRMc1tZF64nqQC51EZm
7,159535,243,7151361,89,"change,input",1HDcwFPooV1jmbgbmVgXpN9rY4Qwssedj6
7,159535,243,7151362,90,"change,input",1D8HguGkPhbaHRD4PF4LLxkhFB8BfzavWH
7,159535,243,7151363,91,"change,input",1DCVXzshnTbwcCBkAJkn9dSzkkLRwko3Kn
7,159535,243,7151364,92,"change,input",1559Ryv8eMRBJcUN1hEUZeNv7xX11EwZNo
7,159535,243,7151367,93,"change,input",15c24bzDRnKASj2GgWDda7Rrk77ipf6U7m
7,159535,243,7151370,94,"change,input",1M4nR7gYJ5jYkU6kAy3PyE7vKjbB624QTb
7,159535,243,7151372,95,"change,input",172P1iffbVz2QyCTuZAUZNSSQ2Qdqyko3d
7,159535,243,7151373,96,"change,input",15djPpDF4qHD29yEEggKDWqLDfPG9the4N
7,159535,243,7151376,97,"change,input",1PveAaQCWLUD3sE6uGerjvAns5cWnoq2pP
7,159535,243,7151377,98,"change,input",15QHqSCoWLMjgwBkkX9D52DLZmCYPDtwT3
7,159535,243,7151378,99,"change,input",18Bnd2qPENWBjPuR3ndK74cPoTTrtQye46
7,159535,243,7151379,100,"change,input",1KTEsXT3exzGCNZdcbstnvuAKkRCXhHhoN
7,159535,243,7151380,101,"change,input",1LcftArwpHA3H7QGNvZUz8zqx3k967jRjM
7,159535,243,7151381,102,"change,input",1FyRFeg4nD6q48HZ22TgDiqVPg4tGp4vXs
7,159535,243,7151382,103,"change,input",1BHFWNMiaPjYidkGreP9NrwsUYDb7aza7a
7,159535,243,7151383,104,"change,input",1EBXLfwuiekPp8VWsVmcAeNVk1hKfk3GBC
7,159535,243,7151384,105,"change,input",1HPPnTm5WAhCoseiPBDCMavK9DgdquisGx
7,159535,243,7151385,106,"change,input",12sYJGtvzJ4ydawir2svxdVAv8B6CoLGzn
7,159535,243,7151386,107,"change,input",1JCYAmwBVgSAhDg2gK1bm5e2nf4kiedhiv
7,159535,243,7151387,108,"change,input",1HCbhFaG2fBwd3Us1mFwdqjkUzovtJWPGX
7,159535,243,7151388,109,"change,input",17Vi4CBRSPfSY3dadCsnbL47Aymptb66zz
7,159535,243,7151389,110,"change,input",1M5VWjjmQ2onzWqvruxZhJAF69vVj7uaim
7,159535,243,7151390,111,"change,input",1DUHhDt5tshb81Txjj8ckaoq2Vb3E1iCBc
7,159535,243,7151391,112,"change,input",1Mupf9H4ESn8L5f9gvNAYiEhw3kFFn16oJ
7,159535,243,7151392,113,"change,input",15FEx6f3soNNQqxKayDpBj72Z4u9AQ9iNj
7,159535,243,7151741,114,"change,input",1E1egdkR3EDv89aoUe2vy3CN8vUY4BYy9L
7,159535,243,7151765,115,"change,input",12P9bkQVVWoRjoQD2TtF2YmXYKu5Zumoez
7,159535,243,7151930,116,"change,input",1GNT486wFbpEGdDabV43NkwkNP262QGPgj
7,159535,243,7152330,117,"change,input",1BekCevwcn2KaCY27tWVmsTXnnS2ok8R29
7,159535,243,7152424,118,"change,input",1B6wBGuGbZAcsvjACBH7b5p1WEPyHxQHxC
7,159535,243,7152572,119,"change,input",1JgNTqjRSgj6pN98N1zNx1XpnbcVUSaX8A
7,159535,243,7152704,120,"change,input",1E2CtEpXYoHuPGmPpNJhvrr3SkUMjwWzgV
7,159535,243,7153076,121,"change,input",1Nk6PEhaMwH6WPduCv12ZRJGEft1AxwMfQ
7,159535,243,7153352,122,"change,input",1M4uiX9jhS3C9bPirHQ6chdK6JAuGUqpGw
7,159535,243,7153375,123,"change,input",12JSutWxGb4AJrSBJyqirT4nd44qTrTA8Z
7,159535,243,7153376,124,"change,input",13rAPGF85H8K3cNHKfFfEWRwPpC91RAAfK
7,159535,243,7153381,125,"change,input",1M5mcw4yXHDBU6trKFGQHgZ73bzHVox1Mc
7,159535,243,7153382,126,"change,input",1BzN1vrzKDqqZNmhFvQB3dYpnU7Gutd3We
7,159535,243,7153383,127,"change,input",1JSEe64BWLuoT9TYYpRCPwbhQnrBX8VhLk
7,159535,243,7153384,128,"change,input",18u67xLdJScbaGnzQQxfsG28nVpJV55WwK
7,159535,243,7153391,129,"change,input",1LKuWqTRsmcsdcUARbsqKReCbfLZ6vkCpY
7,159535,243,7153392,130,"change,input",1C9ZXNS4nmhbiCUZuW2pRcL6MpqidaZoyo
7,159535,243,7153393,131,"change,input",18bXKqcoxUyqNrZ3JXdqPK6AKg2vKzKKzp
7,159535,243,7153394,132,"change,input",1H8iPbDfpYgFJEZvHsgxktHHa7TBDHKBYt
7,159535,243,7153395,133,"change,input",1DLYzdLFHCRRagRbJFVNKAV9SeK7xL68bC
7,159535,243,7153402,134,"change,input",1MmaZk4yJSAx8F7dNPMcEFdBMT3PsrLFw5
7,159535,243,7153403,135,"change,input",1Ms8U5mUdTGjwsUq6fXmyETAk4dzU4R7mY
7,159535,243,7153404,136,"change,input",1GtdGUPqo4r99JFxfTcjFH8RAEFVjXmoCF
7,159535,243,7153405,137,"change,input",16dkC2rUuCqMgh5vQAqEPW8oSqvg9dFwXT
7,159535,243,7153406,138,"change,input",1CtiA4CpFT8VqUJk6GzZaZYQq4ydVQJas2
7,159535,243,7153407,139,"change,input",14Qfn6Pk7icGnKQtzvcoWHVR6nubQDjpwY
7,159535,243,7154013,140,"change,input",14SJtj1GRsz9qVMZWbwN7pNuEKiCtretry
7,159535,243,7154182,141,"change,input",12r93uu61uqwRSCEMEkdqk6krtEq4wP3PF
7,159535,243,7154198,142,"change,input",1G8nxyK4AjLpuGB59xC47WusDwnntCVXSw
7,159535,243,7154207,143,"change,input",1AjDozbHa1Pp7VmTcG66pNwKt2m3A5WksK
7,159535,243,7154214,144,"change,input",1PwBAJScPXmWG2KjD3vkGnuic3Bn1GhJaV
7,159535,243,7154219,145,"change,input",1LEBiBs9iG6UQZuvfrcjdgDg3HVDbjVgzF
7,159535,243,7154223,146,"change,input",1D1HgsvBMuM9UZ37iCH96uiAmjY6dNuDQB
7,159535,243,7154227,147,"change,input",1Mns6aivFmY1rQEWtq431SdJuhTVrJqsmR
7,159535,243,7154233,148,"change,input",18vfvb7gPxWJiyEjJ9xNjVrXDmTm5qX4dx
7,159535,243,7154238,149,"change,input",1EZfWQMdZfKyz5XQkkg3kRNtJeVnh1PRcV
7,159535,243,7154242,150,"change,input",1B5gxiBab5egFbVzC5rt5nX3NcjBxk7xgy
7,159535,243,7154245,151,"change,input",13gSDaQ6ucNmMaz12fPuMHG3PPpedidoCp
7,159535,243,7154249,152,"change,input",1Bf91XV8NqLd4kW58534TZbtZ4Kq4mgax8
7,159535,243,7154251,153,"change,input",1J7w8mC2MmwqEUzbw8dyWKpRyHAfNz1Gy5
7,159535,243,7154253,154,"change,input",1LYL76SF5jX64YuyoQP1vmwiZm1BdquaKe
7,159535,243,7154255,155,"change,input",1DzetvraPJG9wxqWnRfa6D3nRrCQ2HVztG
7,159535,243,7154256,156,"change,input",1GGbKcAZk1nYVKXrRT189zvz3evwrQEppv
7,159535,243,7154257,157,"change,input",164ZgcwR9BUFfpGWUHRgbuE6UmpQMUGhCo
7,159535,243,7154258,158,"change,input",13KdZG5iMrrAtuAzRqAxLBHkFSjTWYRS1i
7,159535,243,7154259,159,"change,input",1BS7Ws2ECHLBAt9BN6Ku5tbp6Fw3WkhVhB
7,159535,243,7154260,160,"change,input",15LNDJB7vdRrTWkMBYmd3edhJRfxmGMawX
7,159535,243,7154261,161,"change,input",176D1aYyiiLY2VPyCbuwhEdPNYyvBWnuqr
7,159535,243,7154262,162,"change,input",1NLWJbqCzi1RgncHE7uyUKzmv7ApY4Myof
7,159535,243,7154263,163,"change,input",1HHmXNziobvVEkhtVg2RVnedtCLa7a5q2u
7,159535,243,7154264,164,"change,input",14iSnx4PTY56dhsYyAtmDWn9z72h4F1kFx
7,159535,243,7154265,165,"change,input",12zuFyg277t29be6npFaMbmCZpg47SKAGf
7,159535,243,7154266,166,"change,input",1MKpswHphiboBBBj1gyy46ayy9wZefi3u9
7,159535,243,7154267,167,"change,input",1E2sW91iWTiP2mRKrCYTEMWjKzBe2gzSm5
7,159535,243,7154268,168,"change,input",13dX3tURnk7R3gQPrV27xwY63HAZMV5KTy
7,159535,243,7154269,169,"change,input",16adNUPLW4yN6oukXvRXkcMML9ho5GEgLL
7,159535,243,7154270,170,"change,input",18SeXtUJvDA9Dnigm56Ka1dxeEy9iMHhdD
7,159535,243,7154271,171,"change,input",1JtLYvczJrTQwkMS5LGD3HV6LxiCzfDUNT
7,159535,243,7154272,172,"change,input",1NuWKCjLPfwgMCeLZ6LPP18v22yNpkkCVB
7,159535,243,7154273,173,"change,input",1HJ9u2gd7g1E9wRRVGmBAP6jaV1iEh6UR3
7,159535,243,7154274,174,"change,input",1Pzh4WqYWMT2rLzpZNz8dgqUwW73TkkvAD
7,159535,243,7154594,175,"change,input",1LKgZgRF8viRg4jS7D8NnNsr5wxZCoAZD3
7,159535,243,7155896,176,"change,input",1Meew8HPcMqxNhSYkQmpc5TJ3pCQT2V1NW
7,159535,243,7156728,177,"change,input",19b92zkeb685AtSeYoZeRjTGBaERtS5Pfd
7,159535,243,7157195,178,"change,input",1M15MnGRJBncLp1V4eN7Q7Nwo95Tz95sYt
7,159535,243,7158217,179,"change,input",1MSKb9XcSPTSuTTw1hE1K4SchQVWycEAPQ
7,159535,243,7158787,180,"change,input",1Nq5VmigQUGq2eSrBstMkcFadnNK9idnW6
7,159535,243,7161128,181,"change,input",12uh4s3aFgR21MfravQTCR8XU7jyYkFUgF
7,159535,243,7164577,182,"change,input",1KxLRtoAFnNLfuZQzbg1qvBJGitijZ1oZn
7,159535,243,7165114,183,"change,input",19YTSA1wv4Eg4nJfaewjv3gcLbADwD5hgu
7,159535,243,7165988,184,"change,input",1C7ytjLeU8vNBRuPnVFRLyard8HasjuE1v
7,159535,243,7166249,185,"change,input",1HxcseVLYYZy9yEsHQhcLT4WKc219Cfu2j
7,159535,243,7188746,186,"change,input",1A8DzVTi8N65fZVGbvxLPkT8HaQoCT3C7c
7,159535,243,7189136,187,"change,input",16QwnU4F396TDFSBJKY1modqdUCViUp2uF
7,159535,243,7189620,188,"change,input",1A4JnKJxSi46vmY15sMin8jDKkYotfAW3C
7,159535,243,7190194,189,"change,input",1G7ifFgJFe958XpSW2WWwMZezLvMHL6K3f
7,159535,243,7190392,190,"change,input",1KTQ6cvGaoAeuPqJkkmKYNaVNu9qyFe2Kx
7,159535,243,7211672,191,"change,input",1KvWskEUjx4mJXRAivZaSJVQahjrqim3r5
7,159535,243,7221313,192,"change,input",16qGn6eJteuQNqo2hAuscW9HuLct24K3wE
7,159535,243,7221563,193,"change,input",1NKDf6ApEhHbpR41aXFBCdKQW4nysrjdgq
7,159535,243,7224694,194,"change,input",15WyGMpsbvgk8FigEeoEa2ZQrAXk2uyXeH
7,159535,243,7228972,195,"change,input",1i5UddtCqRx9dUivabUQicMcoaB1X5W9T
7,159535,243,7229244,196,"change,input",1GsxsnCAWbxjrVxWAxh9Eop4cWQzMcZJe7
7,159535,243,7230099,197,"change,input",138ZoPg9HTJwicFTxXUP42Ede777Q5rDgi
7,159535,243,7230513,198,"change,input",1NP8jH8XjFsWHVSf7bRMhLCPA8UQhR3vJ2
7,159535,243,7230668,199,"change,input",1GAqG9neRcTpzyarkEEwnzJn4UfmbGpMbo
7,159535,243,7230948,200,"change,input",14i8cWAQx7N7VALxptzGwvzuKYtaTF7diV
7,159535,243,7231218,201,"change,input",1Pj1SeS46htNeDNqaFgkpCK7WFpQrZ1isR
7,159535,243,7231660,202,"change,input",1NZtn3XTdF6rquvCp1bdYSVvHm1dX8Z7fk
7,159535,243,7231737,203,"change,input",17SGWMLKav35wxKUov6Fo5hfez38yQN7JZ
7,159535,243,7232285,204,"change,input",1KYzXb4QAy29zb67E9dfKPW3i9Q3F3n6JP
7,159535,243,7233013,205,"change,input",18qAerTW8sWPNCXmzWkf6YyDsozS4ABeA9
7,159535,243,7233935,206,"change,input",1BxFDAN9LZpho1gruP8Cs2t4EbTMPYiUBF
7,159535,243,7234160,207,"change,input",12LufWELB8nRx3rUKzXCQw4T3LC5AuE7B6
7,159535,243,7234549,208,"change,input",1UFmHYgWgdynJUS5KGsckKCfxHZS8QLFe
7,159535,243,7245618,209,"change,input",1KhFaT3jzGYvJnBz8FLKv3L3y4GCtJ5j3r
7,159535,243,7245819,210,"change,input",1L4TkHroXdPGYQYU5PAAgjBiFKShLkzrno
7,159535,243,7246005,211,"change,input",1FXsBm1zJUPwAfvnToaT1SeGD6USYK8U3y
7,159535,243,7246454,212,"change,input",1C1cDu2jLcWRA4ZV5EjJF6LEetuoouBrsQ
7,159535,243,7246743,213,"change,input",1BSynqnY1gRXGeRzVCMZJPAJc4qnqx6zoT
7,159535,243,7247060,214,"change,input",1CWZqpGGJRctT7dhc72SaS7qdsVxSi2sbS
7,159535,243,7247273,215,"change,input",1AsuxChDXKXESSVDxXR6iaLZn9pumy8j5T
7,159535,243,7247351,216,"change,input",1ETnuEjtEzbHWRea3NxTZmDj6D7PVadBob
7,159535,243,7251433,217,"change,input",18qn4ZN7EpzpERLnYjErqucskXVjaPecf
7,159535,243,7251798,218,"change,input",1NXpn6p4tmfC9xRp6c9EykABwrAcE8FLwP
7,159535,243,7251951,219,"change,input",11DCepM1XR6ktjqQmRVPke2D6zDevH1K2
7,159535,243,7252057,220,"change,input",1FtCX35PxpAVfWc7nG7jKSGo7UYrm57xHn
7,159535,243,7252138,221,"change,input",15jsVMAgsK2i284jg2f6pksnu5Rph5XKuJ
7,159535,243,7253230,222,"change,input",14dt5aHPCXCgQMEFe4k9TM7MGoTEbk761M
7,159535,243,7253489,223,"change,input",1M59j2BQxFDbcitCMH5LiaBcGoyny3mL5R
7,159535,243,7253542,224,"change,input",137WU7cFHpP1NExAzu19m1tCZeAmz5KcSz
7,159535,243,7253991,225,"change,input",1KBaUcwqKFwg5VfTuVAVkAYVeTsMJXwWWh
7,159535,243,7254375,226,"change,input",1ArWoiXqjruHJqdCX78cEMMKHe8uE62QmC
7,159535,243,7254445,227,"change,input",1BGALdfuujHhowS7NVPdFKVpip2AjFPt9X
7,159535,243,7274202,228,"change,input",14qX1UA6L7Jug4fCiXCXSPxnEVuo5UM63v
7,159535,243,7275140,229,"change,input",1N1DVX7hxwbkhn7fyuDMWU6V49ucSy5iSx
7,159535,243,7275486,230,"change,input",14vPKfkbmAjjbx3W8UXd3kV67vfXLo8snA
7,159535,243,7276011,231,"change,input",16jrUUMLkyGHnFr86fqCDWyv7QVxsqsUt
7,159535,243,7276401,232,"change,input",15ukum4TRuuFEZu1ckrhJrEqjHiAftPD2T
7,159535,243,7276529,233,"change,input",1JRi7iBmLF17PULHts8yXnoRTP7jGn6C9i
7,159535,243,7277127,234,"change,input",18YXxjMmoTvURDvuqjSJAFqdU1tUjGUPWb
7,159535,243,7277494,235,"change,input",121gYJNDPFH2FwRP22vBKkjEinztDoyF4A
7,159535,243,7277989,236,"change,input",1F3ZbE4i1jXPUjQNRERPRQJfjtirtf6eHx
7,159535,243,7295738,237,"change,input",1FGTPPHP1EEoEuSUZqPAi1KVmTay4JN8fm
7,159535,243,7296211,238,"change,input",1KrSWL7DwN2fj3JSjrNHGxAniuaJD1t64Z
7,159535,243,7296643,239,"change,input",196LR89T7a9jL2DwAZsZQ6TsTCK53YJsBq
7,159535,243,7297029,240,"change,input",13vYTp15nELrW3w6eSSyp4UkL9nX9gPUKC
7,159535,243,7297368,241,"change,input",19Kb3MrkHjjiVxEUZa63vw2yDRa53fFY4x
7,159535,243,7297670,242,"change,input",1KTGvDmKLouC59E9qMNukWYw9YXFECMpo
7,159535,243,7298241,243,change,1M3HsjmLG6zvJWhqJExjRuTurqqPmi6pqC
8,27989,235,4158344,1,input,1BZq9XLTJb5SY4NKGA38G7stxcdPvA6tkB
8,27989,235,4158435,1,"change,input",1M6VA9fN8WMAeb5kv3HosHH3QkX5xmGgDJ
8,27989,235,4158493,2,"change,input",1Nb5R8tXtpvXzBGGyNSmLYkaKXtfDBvH1N
8,27989,235,4158636,3,"change,input",1BQcEhPwjByA55PDAEsNY81DDNuiYbMFRG
8,27989,235,4158814,4,"change,input",1Ke8979JZM1CNHHPgGQkbxyMJjvjJTLnUp
8,27989,235,4158862,5,"change,input",1UjgaZYoDt2pvqJo148yLKtQDo49Eoju9
8,27989,235,4158869,6,"change,input",1MF8TKmY6L8qzVs9jnu9ETC3RURx9DzZJY
8,27989,235,4158997,7,"change,input",1MknDjGQg5i8GameRRkge7oQFwspDxVFLW
8,27989,235,4159129,8,"change,input",1HHnL2fRnbDVALV4BwtsvdfGCobmneKZH8
8,27989,235,4159163,9,"change,input",15nAFSRcpk8TfJcThb1eT1aR3kp9mU5ro9
8,27989,235,4159190,10,"change,input",1MdhpQLXeQTWRuQGX5cF8wAbCpPoQtCby5
8,27989,235,4159582,11,"change,input",1NrmTtT7JD7yxeXyBrq21XEXB45ahdMpbn
8,27989,235,4159754,12,"change,input",151Z76EiUVXTXBfsrq1UAob2e1cqXnsEmz
8,27989,235,4159767,13,"change,input",1FFewoz7yoWzBMyxsUUGjzUEyZr7VePPWR
8,27989,235,4160353,14,"change,input",1BFf2EJHRj3s1qmfDxHcQBNqzFkBddgWmo
8,27989,235,4160477,15,"change,input",1K3Fjtig5r2X4BMNjxiyy5hzvB3Df7mzAv
8,27989,235,4160570,16,"change,input",1PiVWSBJKwcByLnt1kauKZSVW6gum8zQyt
8,27989,235,4160664,17,"change,input",1DjJMBEjidsNmnaRjvm7Ab8TxwLVW2S2rT
8,27989,235,4160692,18,"change,input",1MDfuNEjvEvggWvKTdSxh2qCwhYDXvPnTn
8,27989,235,4160714,19,"change,input",1N33jADTeA2Ss168KhYZ7fyHd4qna8oAtr
8,27989,235,4160731,20,"change,input",17HpKepoh1nLF36M46G1MGE8FQUW2CnvuN
8,27989,235,4160743,21,"change,input",17kZS9TpxBXhqRDURXqNXQohWVbwohjHtQ
8,27989,235,4160752,22,"change,input",1CTf1Z6fsafPAVjrjY4Frssd4DJJuF9qoW
8,27989,235,4160760,23,"change,input",1GBXu9f4BifXC7GkR9xJ84FNq79F441R1M
8,27989,235,4160767,24,"change,input",1GRkr2JMpnjzDFzrVrizD4w2isxtx3wSnQ
8,27989,235,4160773,25,"change,input",1GjPucq7b2uAMMdoK4ta8UF6QyqeeauvLj
8,27989,235,4160779,26,"change,input",1G1cSmvbm3qTUUPvtyTqBn3fPgdx95ajLg
8,27989,235,4160855,27,"change,input",1GtzM2dqBTVkZKpk7ReKFKTXLigDSguXaZ
8,27989,235,4161240,28,"change,input",188R4a6z7NY8ZHScFBc4V5n5PEZQhJy5rM
8,27989,235,4161711,29,"change,input",1PRqiwJkgzw119Xs2uPN2BnMn5LrppVc4s
8,27989,235,4161833,30,"change,input",1zZY6L65AbxNqKmJhsgTRd4fW7gC4iq4v
8,27989,235,4161834,31,"change,input",13K7pR6152qGqdiGmUZ5FLcvr3p1Xg2ohJ
8,27989,235,4162000,32,"change,input",1QD49SNfnPP2jrs54WA9tbQ4VQ51Gy27fZ
8,27989,235,4162061,33,"change,input",1LifmsVU4pKLEDcoP3nrXXiGuyGWRsYCzX
8,27989,235,4162310,34,"change,input",1KSG4LJPdw6LpXf46uXwS5cKEeq7fSJwDv
8,27989,235,4162418,35,"change,input",1JEdaZQQu64fp8H6qh1YkWV3rgG2o5BWMU
8,27989,235,4162728,36,"change,input",1AX67PFNdcvmyGdLmjKrjnSDhMeKuHM5fb
8,27989,235,4164462,37,"change,input",1Pq953vA45RHwN3tea8TjobdpFUiER2MQ5
8,27989,235,4165036,38,"change,input",19rJRG7tE8ef7K9uN9AbHxDdVbscp6Aj7A
8,27989,235,4165534,39,"change,input",14TKt4dbzAVx2j874vY37m6sXjkRJ5A7M2
8,27989,235,4165929,40,"change,input",1HT3B4L1r11TeacWtqnMrXS9YkyAkhekng
8,27989,235,4180563,41,"change,input",1JKwjx5oZF32KQoAYzf6FXf4V3iaAxar93
8,27989,235,4180745,42,"change,input",16uKj49zxtUpBKVBgXM7idbKDq4vyLbmKf
8,27989,235,4182084,43,"change,input",1MQM2P5RYvncadSGizNRaX7ehfAh7DWDaU
8,27989,235,4182381,44,"change,input",19vQngBctYY3ZxKr1M8sL5RdMUdsD7nxzM
8,27989,235,4182834,45,"change,input",15MiFYqx4V4HCcbCion8dyXF2EtXe1br9K
8,27989,235,4183618,46,"change,input",1HEpMGLoYKc3BmuSWRKheauZdsU2SHu6Z
8,27989,235,4183888,47,"change,input",1MnjArcwCALE7yLX4xEeEAeZJyJcb6V3GE
8,27989,235,4184017,48,"change,input",1cZpwR7rVUmp28eaWb5XrL5Bod2pXymdS
8,27989,235,4184361,49,"change,input",1KUJ8MZ8726f4CWkxAcPYnmWhQeBee8Q72
8,27989,235,4184400,50,"change,input",176t9yppqby2kfMYgaKtvbHwgZz1h5sk4A
8,27989,235,4184544,51,"change,input",18jTGoqoXZwdq9UiXk3oPpsfbMmGdpUsZD
8,27989,235,4187927,52,"change,input",1GhCSvhBwTSLA7dJVUJzVidUCW9wFbmvRq
8,27989,235,4196561,53,"change,input",1FDpXrHE3fje5SV8JLgKvufBByBiGr4jra
8,27989,235,4196739,54,"change,input",14uumxdtYDfUyPDKK7488Xsc2to2bCmtxM
8,27989,235,4207523,55,"change,input",15f9JUX3s4fZ96jp7nrxAtAkQZcruRbGQi
8,27989,235,4208354,56,"change,input",1BFF9HJDPsyeNNxam6tK1WU4HgkdyHtFAc
8,27989,235,4211692,57,"change,input",1CrgaseYp133uTxRQMLp2S4pVRd4etj5gB
8,27989,235,4214094,58,"change,input",1AyTWVogAzoJAoRqaRz8bSPYvqpCZWXAsG
8,27989,235,4214200,59,"change,input",1NBtSCUvjbd6DKpTXWEcjRmKnEniBe8iqs
8,27989,235,4223435,60,"change,input",1Jw99zsHG73vmJsvSJS9Jmf1pSSFdaDCQB
8,27989,235,4236041,61,"change,input",1FiCE7XezngiQpkk59Td9mYaMJzHMTXasL
8,27989,235,4236765,62,"change,input",1M4GdsimgprVxLLCGfX5yp7tRMcwfbvF2
8,27989,235,4241717,63,"change,input",1D9C9767voTPShqUf6e6siiWJgJxpurb1L
8,27989,235,4242835,64,"change,input",18ipxug7e3JH25S71tAGqRFXSU5Z3TqrxP
8,27989,235,4245204,65,"change,input",18kQ5xeJdgTvvfcs2BAhAApPCHcJYrBnNA
8,27989,235,4246842,66,"change,input",1FPWWnDkPbD2vwQGrgWQkM7kw7k5Vydqy7
8,27989,235,4247469,67,"change,input",1CQT5qrhMpujB7NLzoEEaCBFsc9tjiQ7Y4
8,27989,235,4247580,68,"change,input",1BtaxT6jZdeK5CFDkv1JFNcYHomxsiimrB
8,27989,235,4248436,69,"change,input",1ABN3mY8aLKSBGsHFEDXZhsBKJmLKYF3pG
8,27989,235,4263507,70,"change,input",1JMeirnyvGB4iH64wQT9WKzVJ3xYi7BvpJ
8,27989,235,4263993,71,"change,input",16NeUWrMrrVKAJneSg6r1Sm1gFDfBxu8pc
8,27989,235,4264722,72,"change,input",13fdCoXdsLBcyf4hMwUCmCQxqG9sm5HHJG
8,27989,235,4266504,73,"change,input",1LLN4aemu7Zfz3eRP6pCZ6VQXc6zLuwGGc
8,27989,235,4266990,74,"change,input",17qFy7gQKMt5UXkz2AimoGPpvCtrpPQP5m
8,27989,235,4267027,75,"change,input",14RDA9xdEwqFFSaGBRSFynB8WRqgrG8jXp
8,27989,235,4267960,76,"change,input",1Fxg4kaSMsb2E8eanoUXehCDP2LsLYkd9Z
8,27989,235,4268015,77,"change,input",1M5rv84Nbo5ar8nxNy2Y7j1Pd5s6VSZLpK
8,27989,235,4268961,78,"change,input",17UxYNiYGCvoCjaqfWPrR6xKtNdj7i9iVY
8,27989,235,4270202,79,"change,input",15QK6AUcDKSvxuoeACWxFdXydsczcx5ezC
8,27989,235,4270689,80,"change,input",1DnJCPCi1czMxZfxNvtReTEtFmgyCEFAbA
8,27989,235,4272395,81,"change,input",114aeaiAnvBcs13Mn9X1MAFbygGbhmY9Tk
8,27989,235,4272783,82,"change,input",1HSdVa4jtaGhSxjWTSjUrrb7hetJauAaNH
8,27989,235,4272851,83,"change,input",18tGuCQ8uoiKwYx2xwEyUeNeMahveJvKCd
8,27989,235,4273215,84,"change,input",1QHQZGMkHc4H6idFBVLzWFySJDLanV5Q3n
8,27989,235,4274322,85,"change,input",18yZVFCdaq4hJqNJ1pK8aiXsmJYjg2Xo1u
8,27989,235,4275624,86,"change,input",1C648gcjK3VvqHecyjAodqZCXHvoE8kBaM
8,27989,235,4275816,87,"change,input",1KdUffsECRX5dq1NwdUuEYvohYSvB5fbY4
8,27989,235,4276525,88,"change,input",1F2BMNbpzSVeYJwRUMMNjdNSdijKMebMhL
8,27989,235,4276595,89,"change,input",1QKgnSVYjNu2c7i7PJVxuGeAVR94P96ELh
8,27989,235,4277773,90,"change,input",1Pu2vF854ChHbVmvUob7MGcXZg2UpYG4Uk
8,27989,235,4279630,91,"change,input",16rsYxoR4868XQpHg3Js7U1k2BeMrHCxRX
8,27989,235,4289330,92,"change,input",1D2fbVXF4ZFxm9fW8x6tWg6REdhnFQvs6a
8,27989,235,4292541,93,"change,input",13DUH1sHcck9KN7X7837EbYLvEWZ5zczof
8,27989,235,4293564,94,"change,input",1Bw2UbHjVMdFxDXRXpRxdCDswHDwvR6NHe
8,27989,235,4293688,95,"change,input",13Z9ehqDU7gkFKfsvwY6jHsbv5gEfC5BTM
8,27989,235,4294076,96,"change,input",1PobAqKfYjg5gcoiz9rpfVSRWCmMAHLNpk
8,27989,235,4295196,97,"change,input",17MimaWK9tpidxGYEDRYY2SShuzjEsYtsL
8,27989,235,4295588,98,"change,input",13rAnJt8EeRUHhpCa2wqLnk4AtmqzRpeCF
8,27989,235,4295972,99,"change,input",17WgpDH7w84PzQZkAs4BNywsX4Z6a7kFBj
8,27989,235,4296018,100,"change,input",1KBmFcRy4ALniBXMdNceXHhm1rrwsvaFzS
8,27989,235,4296411,101,"change,input",12jo34mEMNWMsUvGvBekHkrfnUHE3Lzt7h
8,27989,235,4296940,102,"change,input",13UrSnbe1QPgzXAVnQuND2eCCTcZkrShuw
8,27989,235,4300011,103,"change,input",1FoxrgdSe3cLEQbSonTEpiTphbJ7cUTQby
8,27989,235,4300139,104,"change,input",1MKoXVGbzTbahMjLZB4S4PN6MRfKFhRxBj
8,27989,235,4300713,105,"change,input",1NMxYQP464AbWW3abSdjvhXYc1y5Vt9W6G
8,27989,235,4302589,106,"change,input",1A7RLmg6UabkcmGK4wZjoQMRuKLQvkWHow
8,27989,235,4304089,107,"change,input",1P4G7wLbYgPVJDp28qMZLxJt1Sz4QYw5Bt
8,27989,235,4304882,108,"change,input",1FTqqCxRsD7hZBPA42Wx35YFgkwugALQSZ
8,27989,235,4307784,109,"change,input",1JMfKeAivpntSZQkheFKpeWwimP8s9BHti
8,27989,235,4310138,110,"change,input",19a7XR2FocvCuwwNxU8kT9QZZoQSyqrqZr
8,27989,235,4315146,111,"change,input",16RaqeymG8f1jr7MRuHhjWubM4FmteVggf
8,27989,235,4315567,112,"change,input",1E9J7iRG3tExdt8Y4QcSMb5AjFb4CAdZDN
8,27989,235,4316812,113,"change,input",16xaSHE36kdMGtdLaSf5AL8wYSoE9YY2ek
8,27989,235,4317989,114,"change,input",1CtVvmUQopegCojuLE1Z5p1LxVPNCjLZ5x
8,27989,235,4318120,115,"change,input",18f4N1MhtBydBFFUSAMHXK9JUq6yUZ7vxT
8,27989,235,4319742,116,"change,input",1BHV2asfBq735EgYDNpx9ftnU4B3veoeuq
8,27989,235,4323003,117,"change,input",12TS4dzcXXdK3rdCTGTbjCGUQDnKxn1WH1
8,27989,235,4323390,118,"change,input",1GMWLMxAHH8nFURdespUSy52NHmc8Vcaj6
8,27989,235,4325359,119,"change,input",18pMvZKjTdiecvWEWZ5BV6FwFR8HPgbxGk
8,27989,235,4326298,120,"change,input",19u6rYEVHB6tz6Wrupwhmq2snKDhvE6WHB
8,27989,235,4328755,121,"change,input",1CtXRnYhskRWy1JyARoBvmaVY7u2v2LG4B
8,27989,235,4329127,122,"change,input",19Ptkod5zg9DipzuoSkCdv68T4sfDjVGt4
8,27989,235,4330009,123,"change,input",1NA5M3TXhdZiWziZDGJf6E1stqq9URHZyj
8,27989,235,4335111,124,"change,input",19o6127XVee1d2rUAVJYkoc3mDR2aGeKwu
8,27989,235,4335159,125,"change,input",189hSma8PnTeooKbVuAbQgWCda9qV4JsN3
8,27989,235,4335562,126,"change,input",17rzDQKrVhMsZ2FNRGS9nRPPG2GPfbxJUt
8,27989,235,4336537,127,"change,input",1EcFUeJoWZM93gqzJCppCzt6KtVqyzbomm
8,27989,235,4336752,128,"change,input",1KuMsjt3RtJV2TBpFEVJhBmmq9JSd5VM3Z
8,27989,235,4337212,129,"change,input",1BLNVf31VTARK6hLZcHWuL6LgMCPCLkxMA
8,27989,235,4337503,130,"change,input",12eXUePNHT9Td1dYQfDYjNGbE1xR5Niii9
8,27989,235,4337980,131,"change,input",1HRYNedY1S5dFxdZhiNVF1io9X4jcvDenc
8,27989,235,4338482,132,"change,input",155crwh5Y2Km6TwRH1yfuaX3qkewTqSG4C
8,27989,235,4341342,133,"change,input",1Eztwip2sXpdMLsAAHVFyv8LCrqHmrukJ6
8,27989,235,4342294,134,"change,input",1Pn5tF2C79ov4LCdPTMBbkaBNZeANznfy9
8,27989,235,4343160,135,"change,input",1nBbsNbAKgTuJ11G7zDGqKuqtRKsGWZec
8,27989,235,4343557,136,"change,input",1HeG8HmLBdakqMiVPZiFjNiDBHGUb5K8Xb
8,27989,235,4344994,137,"change,input",1NkcWGhUCoaGwPUNX6DTXhXDe779gER8sC
8,27989,235,4345775,138,"change,input",1L7mMMEYLgDTE3MSzdiFne1dQhhEdkPkpP
8,27989,235,4345875,139,"change,input",1KXtqvQGiPR64iYoqDx1seSttMwuMM1Nq2
8,27989,235,4346826,140,"change,input",15BkLPWVdudzB3P83JUM7FSQNVFXP3vt6H
8,27989,235,4352965,141,"change,input",1DiAdPvwDKoTpxNpJo8MxroPjq6V44U3P3
8,27989,235,4355767,142,"change,input",1CY4wgNQzrrEfU3UFu8QJX4qnWVbPs6DES
8,27989,235,4356330,143,"change,input",1Gj9enuDSMuKzeHYwvKTCiW7pJMeaxZi9X
8,27989,235,4356781,144,"change,input",1LuCCDofBQ4k4SZRmuF5Q1DdQ3ptz8wrv2
8,27989,235,4357196,145,"change,input",1PFEQRnvbA3mx9V2Tkp7An1aeSBHa825D2
8,27989,235,4357542,146,"change,input",1K12pxvmfCUjFJpgxfzEAecxmp2YzMiDoK
8,27989,235,4358061,147,"change,input",1o6wfF91q8Wn55gJdetGfpWJbPwNvyJ74
8,27989,235,4358929,148,"change,input",1LXBsM3taZPLsPNRA7tNGPGrBCEpTTd7Ar
8,27989,235,4359302,149,"change,input",1KrKeoeSX3cH3JafHdAPEkYCEjR93Ku19s
8,27989,235,4361615,150,"change,input",1PymYhtPyKhsuhzXNod2dX37qkwNh8NhJj
8,27989,235,4361878,151,"change,input",1quv9XCQcvcqaFqz6RDPoDkd96bGcBcir
8,27989,235,4362348,152,"change,input",1PfKmuF5ubRfDutXw3XNmvzN4zctS6cX6d
8,27989,235,4363117,153,"change,input",19TQrwbD35xL1mZWGWF39qSPbv9q6mmVdN
8,27989,235,4363602,154,"change,input",1BWRwdmJ2KZPejmD8RpUgpZxHPZd6s6Hy7
8,27989,235,4364426,155,"change,input",1D12JdMG1VUXyigJdduUJDGtp8j6iRJMBv
8,27989,235,4364897,156,"change,input",1HnmcDq9ZwkQUC5ZwynUPQYcfFFdLDn9zL
8,27989,235,4365980,157,"change,input",1P1k6ZpGSCFQmUJVhpQHr3q3XmJMqAdWE6
8,27989,235,4366390,158,"change,input",1B1qt25aHvV7C4NnmHpSpgDRE1JgjkhmWt
8,27989,235,4367031,159,"change,input",1JXutCnp5oWM8oMi3hQ7DZpBrtZBS1GmaR
8,27989,235,4368079,160,"change,input",1GstvwaxDRkkw85PxZS3tnBRPJv2gwK1Ap
8,27989,235,4368970,161,"change,input",1K8N7qipGEnfZ2YkmRnmRHfgwSA4vCLjck
8,27989,235,4370250,162,"change,input",19Peh3ueFJkj7HDpsRKu9mei8kr2Qhccyz
8,27989,235,4370954,163,"change,input",1nNjnpbqtdZpajJBTxfRehCtvhTieiFKh
8,27989,235,4372296,164,"change,input",19jFpVKrNyWnd5cfsvfBikMBbPWFMRdSuk
8,27989,235,4373024,165,"change,input",13eZ67GsVhCe6Kr1g1zEFxPPNqwfpqCx9i
8,27989,235,4374919,166,"change,input",1768LSR1nKvPKCUrxryGRzpfWYGZLHKNZx
8,27989,235,4375335,167,"change,input",16yYXkBTDeeA3uN6XvxwX8x9TUkFRB9ziw
8,27989,235,4376454,168,"change,input",1CPHs3Hm1LYdxR7n6FRhVBaDDQrEM215ST
8,27989,235,4377303,169,"change,input",1HKSQ9MbzJPc1bvTGdWuk9npUYhK9DNHP8
8,27989,235,4379909,170,"change,input",163VFZWnYc9THSp8tu51Y2rgsZkELj1cb9
8,27989,235,4380535,171,"change,input",149kneFw9LHqv459J7fURvMw54PrgZcTE4
8,27989,235,4381094,172,"change,input",1JrMKi65k3iDi1NPKHLQg65BB12yWmW1Ba
8,27989,235,4381672,173,"change,input",1BSYgGcUagfX2wmFR5wizex2xhRE69f2yt
8,27989,235,4383624,174,"change,input",1AhLi32PKmT6A5ArZ2Y2wahyifm74TiisX
8,27989,235,4383872,175,"change,input",1NL1jCXMsy6TPJxXSTip5DuM2Xa7QeFcLC
8,27989,235,4384856,176,"change,input",1DgWZX615idcnmGHk7bUfbE7MTSVw4RsYf
8,27989,235,4385587,177,"change,input",18Ffj1bauZQJs8uiycdRtJcweUPfyo8Dxf
8,27989,235,4385788,178,"change,input",1F4Rsf964WS5UVv5yy9SGE2THURPMRFTSa
8,27989,235,4386053,179,"change,input",14egnMCPJ2WDGMP4Ty91hP3CuSEMf4u8mU
8,27989,235,4387032,180,"change,input",1GQVfPKL39NZwzpkp8h3DxMZraGWiTYQKt
8,27989,235,4391224,181,"change,input",1CdC8HcaFY1GWPBT3W3RD7hQypdsatnaWm
8,27989,235,4391993,182,"change,input",1BFii6LHqdgmeddXAoL3sTrRpjvhVzjtaJ
8,27989,235,4393624,183,"change,input",19cqEPTrQ3qdKsmm1ZNQiqWB2pX7oSyPE4
8,27989,235,4394242,184,"change,input",1JYhGcNeJhD8mRaX7f6R86vQfnppL8K7Cy
8,27989,235,4394880,185,"change,input",1KZGh4Q27Wza4cPJVDMnU6gH9rWGD8xFBz
8,27989,235,4395588,186,"change,input",13BMZXCPiywhGBKwVDbtqFQzgvrq4EgzUX
8,27989,235,4396291,187,"change,input",1A8tYuXCtKqdyrXD3P3kZ8Ym9YhV9wPqQG
8,27989,235,4396551,188,"change,input",1BKwv8Hwyw2c7hYwmnCaCZ5iKs8fwpvGZr
8,27989,235,4396966,189,"change,input",1EYEEdc3MJYqo3EKXjcpgTGM5XF9H4RxB4
8,27989,235,4398520,190,"change,input",1Jv7rC59Z4X8qhyweSrAkxkgDBU264ZhJf
8,27989,235,4399145,191,"change,input",19MaZjeeDTWshhChoehPRogL1kNzWKH58R
8,27989,235,4400552,192,"change,input",1G5pnoWhuo3oMBMNoFr5rmeEnqEPbMhZxe
8,27989,235,4401162,193,"change,input",1EPahR58L2rQ1sva1bfjrUM3aVZqteJLXd
8,27989,235,4401988,194,"change,input",1BMNX9i5QKrBhFrvoKPQP6LoTMX28LXcMP
8,27989,235,4403059,195,"change,input",1PzyX3FUZ2CfjbeAXyHHFBodx4uZbRqQnx
8,27989,235,4403806,196,"change,input",19QqVC5cmjZzeSghvA1Khp4t4KujfwtBaC
8,27989,235,4404286,197,"change,input",1487jCWgHwcnugJNZzbpkVHKYsmEqzXYrn
8,27989,235,4404735,198,"change,input",1B5vszLQYXvvpF3C1tU6xq4oRLcFiUbS7u
8,27989,235,4404954,199,"change,input",17dPJEnk6SErC6jmrv3SnMdgetQAWecg4k
8,27989,235,4405050,200,"change,input",17DYVx9bz7xoAio5jiWwVQBf6H3ApRFH9q
8,27989,235,4405239,201,"change,input",168opEVn7kKSFZZxawQwH74JNYzsmwj2K4
8,27989,235,4406054,202,"change,input",1GxjSSqCyr4UR9po5oKfHv1BUhAycjvbpZ
8,27989,235,4407333,203,"change,input",134zrWUCx4amWBDKTF611cw4Ag3YhEzaEk
8,27989,235,4408305,204,"change,input",1GB5TPtH5ipE8JPae98WfQXTNKtHzf3uXS
8,27989,235,4409491,205,"change,input",12wiCiXSFKk5MaDGaraJN8ibTprNHYMv9U
8,27989,235,4410227,206,"change,input",1CX5V1Uzk6dPfs4NVYMDsdYLMM98SBNqfB
8,27989,235,4411413,207,"change,input",13rKC6G87QWdLKkCpfK1UBhJ3WxwDKp5zA
8,27989,235,4412497,208,"change,input",1LqviGhDaJPTyDLPnMmYHq639nJiQ13ous
8,27989,235,4413712,209,"change,input",1BF7SJzvLutNeg2f8oLDwGU5UmVRM5SK8k
8,27989,235,4415283,210,"change,input",136r7yuFTAjQS6qtRujvtadnAXimMVL7Cy
8,27989,235,4415732,211,"change,input",1K7zrKisYZzbKqUJYVbZD8GZQ1z7FsiCvd
8,27989,235,4417031,212,"change,input",12sgc2sdkruRd4oJBTgoCSGsrjTWir7EJZ
8,27989,235,4420327,213,"change,input",1fWeG7rU6w3dSjsn1cmA2LpCr84nYujcX
8,27989,235,4421392,214,"change,input",12AAQWn3GE7jHBF5hSwEMnnqATBSFpjgL4
8,27989,235,4421961,215,"change,input",18dXHTzXU3867EZHAQMeRmSBz6CZbRjsWQ
8,27989,235,4422835,216,"change,input",1D9eA1ZJycTj1BGk5KLZM3R1Ex1XYfDqmM
8,27989,235,4423144,217,"change,input",12N42JttqwtsmHdFeCuk7DFYfTD1ShZFAP
8,27989,235,4423687,218,"change,input",1AP9gNtrh5XS6pXZ5xJKKa5U2QquRCih57
8,27989,235,4424457,219,"change,input",1Fdo7qbjRvzMp798DZVebfk5Awput5FwNm
8,27989,235,4425039,220,"change,input",1AhyRnQ1BXWGUPnEeUzxnehMUxsm6yqZLg
8,27989,235,4425959,221,"change,input",136LhyPQ2op6nH6p4A3bJ1WMBhwXuTH1jE
8,27989,235,4426656,222,"change,input",1LeYvE6cs4sjGAJQxyGTk8JsYq2Ev19fqG
8,27989,235,4427502,223,"change,input",112n2TZ9ftwYUEAS7jvk6M9zFk5Vj3SmpZ
8,27989,235,4428349,224,"change,input",1FDB9wLMiEJej1zCiiGXsFpTGX5pJhJM6M
8,27989,235,4429043,225,"change,input",1Mt21Fp6kQG6v2ux7uw6jt24PvBrvxeRqA
8,27989,235,4429405,226,"change,input",1CAAkRWTiuH5qZNJVd8p5gamhbC8E3Acs7
8,27989,235,4429746,227,"change,input",1FMNF5Bs1awK47WWg9ktAzwTM6g6MGZCUr
8,27989,235,4432361,228,"change,input",1NYXLjwEmrFVJVVxkaqTbVABrq8haSrij
8,27989,235,4433548,229,"change,input",16BK1Vwt2b1tnBdqmAyFehjogAHyCVFfV4
8,27989,235,4433705,230,"change,input",14hazccZw5iCw9EgX6tjmSFRknfXKyZEoF
8,27989,235,4434557,231,"change,input",1J7gBY2K7qGaEEUo9uCxGNV9GE1SLV8vvx
8,27989,235,4435642,232,"change,input",14wePbbGtExGyMkZ1ievJXyfMfcDZcchTt
8,27989,235,4435798,233,"change,input",14UFUtNNET1FKDcf7hCiTHgBbARq1zG46n
8,27989,235,4436242,234,"change,input",19PHVRVRS9dkTCgSbNPmoq9KGHJfUhTqjk
8,27989,235,4437046,235,change,1KaWzSPTd8us7a2UHopVs9JifdpVYwdfVM
9,23991,233,4119276,1,input,1PuzJ7JcunksePoVTf8zLo5mRZGhLxmSM9
9,23991,233,4119337,1,"change,input",1A4sNu7mJKuNihLqRWorsCG4z6GLUyr7BV
9,23991,233,4119338,2,"change,input",18GvcrTGFFVc4EE4NYJjqwYUgHcm7Br4fg
9,23991,233,4119339,3,"change,input",18RJXs2eQES1sT1NwRuVGDU68E5i1BfMBg
9,23991,233,4119340,4,"change,input",1NQsn9ex239ssqMzkgn63jQNtAoV3zUxN6
9,23991,233,3892108,5,"change,input",17rkPeRwP93d3SC75oxAiBxqghZNNJJDrP
9,23991,233,4116798,6,"change,input",1NqvccoWvwM22P3vdRuotr1PwdGtXCjhAH
9,23991,233,4109348,7,"change,input",1BLDRiK2MZKezU1HN8SKxeqaoSqSJptGQq
9,23991,233,4109347,8,"change,input",1DS8NXWfqamRq5vTCZxYw2BzqQrhUvFpKq
9,23991,233,4109349,9,"change,input",15517tNLeyy5RQ3JzkBLPpBfx6PfmVb31K
9,23991,233,4109344,10,"change,input",16sBrSLzLC7UHZAjFv6812hnSVqeXaE6MQ
9,23991,233,4109343,11,"change,input",1TFvfNM8xP3nKApvxWAxxTgRkgdVKNqnb
9,23991,233,4109341,12,"change,input",15xF4xXsbRPrSRB8CvWC2E62xAnhuRHtW4
9,23991,233,4109479,13,"change,input",1262SeRM9GFgev5sakJgnj3q8kqbas4MVH
9,23991,233,4109482,14,"change,input",1Jn4FToKAnprfoNmkehUABYSEQRJiWp97E
9,23991,233,4109485,15,"change,input",14EmxQjNvhNcv6pkVjVJwgUWAj7a7Tyxto
9,23991,233,4109488,16,"change,input",1FahhMQz9C6gW4a3csuqSHEFeQ3W8dHHqS
9,23991,233,4109480,17,"change,input",12waTvstqZ8Ru2CRDjK5FBzYeTPz8vbSmh
9,23991,233,4109486,18,"change,input",1P3dWnjFs4A1YmZSXr2mBiU6kNez68nXSe
9,23991,233,4109489,19,"change,input",1ADU1KGEtD3X81iQ5zGpS4NUG8Z5Lxz761
9,23991,233,4109492,20,"change,input",17eQjoUb4YXRAtC6Uc6GRdTuYN7JhoHj8A
9,23991,233,4109495,21,"change,input",1HEiBCkZ77wq5i8pBWBCNAmZ7EC8teZuCh
9,23991,233,4109498,22,"change,input",1N46vH9rgbdURsN3Luf2DbUnjyzYVSqRjN
9,23991,233,4109500,23,"change,input",1CZ3RKCXaj1jD4hY3aKRaSPnCbRyyiXxgM
9,23991,233,4109502,24,"change,input",11Mh7drjTtkw97u7JqpoXwkaVXQbDSg7R
9,23991,233,4109504,25,"change,input",1NpZsQnAyaG8nHXMRjdSjJUBbBCLfTBR7i
9,23991,233,4109506,26,"change,input",1ARbZc5hZ1HVsu8C9xGVpSGJHqvR6EKTH2
9,23991,233,4109508,27,"change,input",15pixktjX3kph22a2ZdFbxgsZecPvthPDg
9,23991,233,4109509,28,"change,input",13oqCqBzCV3cNGVmMT5x99F9rBQEW3LKLx
9,23991,233,4109510,29,"change,input",1FX55RBP3vHoKXg68XQB8oRY5sBJUEV82U
9,23991,233,4109511,30,"change,input",1Nj8hrsPrMsePWU25V9x7dwd2kSxZ5dha2
9,23991,233,4109512,31,"change,input",1BKTRoJLrPrFHxymmhxsfZuQULJxfFga9b
9,23991,233,4109513,32,"change,input",16BT6K2aipNQJutD75uFS2NNvZQpjRhLz1
9,23991,233,4109514,33,"change,input",1FLH5MajYHQZ5ZNYWBbUiht8khhu76xyr1
9,23991,233,4109515,34,"change,input",16H32a2tRGqYX8XdepEinn7dDA29R2jf5f
9,23991,233,4109516,35,"change,input",1GJMwEe86FzCszYReMFwmE3xXgAfaDuMSR
9,23991,233,4109517,36,"change,input",13gWxTmhnNjAYW2hFoGaEH4H5uSJVjnFqP
9,23991,233,4109518,37,"change,input",1EUC23WGb1xX9dvf2rBDQjZNDUcT3FXhDj
9,23991,233,4109519,38,"change,input",17EcB3b12qHHeMnz39eA15Gb9TuRLkXpD6
9,23991,233,4109520,39,"change,input",1HCp8GvneZRzVeiHYd5NaK5pzzpHYwjoNf
9,23991,233,4109521,40,"change,input",1Ks1nzGSj4T2gpLPPcdUss7efRhAdfvzSo
9,23991,233,4109522,41,"change,input",1NHwxxbebm9ZxsBbAiAPV4UiwiYZ1JmW2k
9,23991,233,4109478,42,"change,input",1LNQoHVVsPa878RNEg3QUNMh93LLNyLb6J
9,23991,233,4109481,43,"change,input",16kYxPyiLa7uru8BVqKGFmHTzsCac1YBzb
9,23991,233,4109523,44,"change,input",1GbtHK7Y4v1y5VxeQ9DWMNfDpFTcSs9LJu
9,23991,233,4109524,45,"change,input",1A4MvtCt5F8qWRVMP1XU5M2h4AD6LKMXtP
9,23991,233,4109484,46,"change,input",13J24NgHqjxMJoWu7QyEuKErU3P9CMBVzC
9,23991,233,4109487,47,"change,input",1FHs9Ajj5csCRKFhraq6XdpD8AhdKZxcys
9,23991,233,4109490,48,"change,input",16nnLRbu7YoLeSGQCK3Q1QmVTtgWZgMGKt
9,23991,233,4109493,49,"change,input",1D8tdohDDGVRyC1nVZgHJdCY1urGbAGiQp
9,23991,233,4109496,50,"change,input",1NZSvGU51oo9qLDQPaRHaeDqemYLR2z8LE
9,23991,233,4109710,51,"change,input",19APMNcMck7uRhJ8Rx1iQVvqMKUdMFhpxb
9,23991,233,4110294,52,"change,input",1LdGnF3kSCHwLAXaPPffZfaaWp3C5zydfZ
9,23991,233,4110483,53,"change,input",1D1Ay5vm9nQZtAVqKVsu8CNTp1frV1fHS9
9,23991,233,4110529,54,"change,input",1AbS8u1zsxHvBhTeD9Qr1zsz1zFqC5dgoc
9,23991,233,4110530,55,"change,input",1JsHxWepf5QgK1qAYqWZH2XkUGaUWa6Dm
9,23991,233,4110503,56,"change,input",171wx1iztHeWGdbtmzt8AKtQwDunM3WsST
9,23991,233,4110489,57,"change,input",1K5QzLQQWYQ79xKcfjMRVDRmSFUfS8rPTe
9,23991,233,4110488,58,"change,input",1GjdpmERgMc3CXyXNmf7yaqwUE3hSiGzod
9,23991,233,4110453,59,"change,input",1Ck6tVBzbrTygHQGbx4y6zTwMsPE7rzjA2
9,23991,233,4110450,60,"change,input",1DyToRD5RtmJytGsrzgbCNpF1fkyf5pLd4
9,23991,233,4110442,61,"change,input",1D2nf3oNHhaqiBHyLDEX15eDyxUvQRLeh5
9,23991,233,4110440,62,"change,input",19rFDTrAMaV1cWJVjFHbf6CE3mrT5NHpMJ
9,23991,233,4110548,63,"change,input",1Kr4mi1XdGX7UfZkAnpfX33BWEMzvsDJfa
9,23991,233,4110535,64,"change,input",1D7rWWf2uRovrj3895C3h711JMU1Jszzgt
9,23991,233,4110536,65,"change,input",1KCWW88kvvc1i7nTAi7wtGwwbekzoQXLEw
9,23991,233,4110543,66,"change,input",18gJP8YQJZ3fw6NJZgrGTi9irH2r8tfhru
9,23991,233,4110766,67,"change,input",1PVkCBuf6wJsmKNcUFfc4cVZLcH9DZsSHA
9,23991,233,4110798,68,"change,input",1H5gqMNBKR58NrvwENJUyp4w2D8SNZZV3L
9,23991,233,4110792,69,"change,input",16sKJ7uQ3hhytq7Th3SUKLEbL4MCoCgGw7
9,23991,233,4110796,70,"change,input",1HhLmi6Jmxo23RmrStWgD3Bw458oXtxXdh
9,23991,233,4110746,71,"change,input",1DpR1WziKJNDzSeixTbsBFVnQRby2J6f7T
9,23991,233,4110739,72,"change,input",1BMPytSBRaM7kiD4fXPz2bVcEBwg7XB9XL
9,23991,233,4110781,73,"change,input",15FQCA7hTvfZfKFx7ysdPkvTSbD7MqC7Pq
9,23991,233,4110719,74,"change,input",12VQa1zUKY45HyqPpQLh8mBVVDrr1vxQj5
9,23991,233,4110721,75,"change,input",1PaRa865Ts2AGwSfU5EFbYpVrHacuGaxig
9,23991,233,4110716,76,"change,input",1x85cZtHgtrULkSYiFKL7Qtg5z3ZW2xav
9,23991,233,4110720,77,"change,input",1EDBbupCaaZVYFpxaUY3dhnvrRY2nTiLF7
9,23991,233,4110717,78,"change,input",1PPpht5KjgAFtvNiBtod9oQjSadcnmoeVA
9,23991,233,4110729,79,"change,input",1PAc63fkvrK44Ym1W4A1cKviyFcWYhvQgd
9,23991,233,4110686,80,"change,input",1CLSmCn2hk7oBSHkChEemRSW41Fr2XE92u
9,23991,233,4110706,81,"change,input",1C9cUzWfR9uqGnRXSYBfWfG4n1f6hv7QDp
9,23991,233,4110704,82,"change,input",1Lynpzrhcb8Vrc7bqTEoJgUYwuyBBeBgs8
9,23991,233,4110694,83,"change,input",1AE7g3CRzsXDHnZg47bDVqK62ibu1TM7DK
9,23991,233,4110693,84,"change,input",1DbdHJLrotDDthNcXsz5LjJLN5XHiP7GUU
9,23991,233,4110764,85,"change,input",1Gp4JdZXTmfxjqwj5vYBdtJLZgP3gBhkCH
9,23991,233,4110789,86,"change,input",14vJPjmhLkJyJZ52mTPYfLXwRmax9T9wnb
9,23991,233,4110763,87,"change,input",13zeYpTkQ6M1ahvMrXjm1V4NPFjP4CyCD3
9,23991,233,4110790,88,"change,input",12UrT364VYtBcqtyTcpQu4bKwHdRQpZPMH
9,23991,233,4119671,89,"change,input",1HEYxfN7DwEhXBNP3nTr2XVVNDzSimFxqc
9,23991,233,4119672,90,"change,input",1EeTD8VSZcpw2tRdeFkcXcJ2htcWqjTfx6
9,23991,233,4119673,91,"change,input",15E3o6NvU4eXsMqdW6jaoAQrqNcFVH5N63
9,23991,233,4119674,92,"change,input",1t3J7QabT5Mc8Xmok4BgTqqN1vgGVrpre
9,23991,233,4119675,93,"change,input",1CreDPabRrRJMtarrTdy9mvQr7MrgACpFt
9,23991,233,4119676,94,"change,input",1ZNMJSTcPk4RVr7Cx3a5LKYk8jgrADPBD
9,23991,233,4119677,95,"change,input",1PzsgwpnZDwrbYofgG8CxiLjj89E9AgaZk
9,23991,233,4119678,96,"change,input",1EsuP1cSHvWMNKKpBg991mWhcwwgYXhdmS
9,23991,233,4119679,97,"change,input",17LQ3dbtTJxPNjiGBMGZoh6NBdTVppsYW1
9,23991,233,4119680,98,"change,input",1KaFKsepGesKFf3VL69x6moU2YJDHxCegn
9,23991,233,4119681,99,"change,input",1GwemegLRwMQfDkRjamhovmiFKEywBSo5L
9,23991,233,4119682,100,"change,input",1AtXLkrix6PUa9pPQYf4aYARksPEWnttNK
9,23991,233,4119683,101,"change,input",12KGAarZRCtgHPzgCRvv4a1S5oCPS3Hhee
9,23991,233,4119684,102,"change,input",1FxRiQ3q78wqe5w7S3zxnPaSJUkfeMJ3gx
9,23991,233,4119685,103,"change,input",1EMyz4AW75ehbqcBVaHarpVaHwjbfFqubM
9,23991,233,4119686,104,"change,input",1JfW7yo1N5LQdcGnHhU2T13WQQhC4fBVrz
9,23991,233,4119687,105,"change,input",1Db91nUMn5zZRqdeQHEK7qDHb4r18otN7k
9,23991,233,4119688,106,"change,input",1E8qaRXYkrT2NVPamVdiMq6PoAhXDAv8zV
9,23991,233,4119689,107,"change,input",1BYWfjZ5xPCcQeToX1wR3oVQpr6YLmAKNr
9,23991,233,4119690,108,"change,input",1PfmJ6sy6XPqgt4Q5JPtn3ZJUZTQweaqRm
9,23991,233,4119691,109,"change,input",13bCo1bYfbgWJiE7T79GEkBVGsU45s3VTT
9,23991,233,4119692,110,"change,input",1NZMBTE6Xy9FtZXAWdjSAMmSSyjv5hPwny
9,23991,233,4119693,111,"change,input",18kb3uRx58D9wq2dBySSSXszV2y4d5iQX8
9,23991,233,4119694,112,"change,input",15VKGWVVuoUSLn3UBWGstU9DHEJnT3hL17
9,23991,233,4119695,113,"change,input",13ALdRfQgmGKGWjetxqXhs3A7g6KWyhZvD
9,23991,233,4119696,114,"change,input",1Nnbq4jHiD9Ta6mVRCrsUCHwMUqHXpvsG4
9,23991,233,4119697,115,"change,input",1TsmCXVycT1JJUbQK3T7eKnT2wfMaS9mD
9,23991,233,4119698,116,"change,input",1BDR3XpTWipzpikFcPtPDqgF6MYJjHxJwR
9,23991,233,4119699,117,"change,input",18LCZbj76qpKMFD6TEYWiFaNm9CNPu3Jdq
9,23991,233,4119700,118,"change,input",1JJSiX2b5svRrVMPGoZuhvrBWfmkT7tPsA
9,23991,233,4119701,119,"change,input",1AaKpEShAgMc8pfhiSPzWoYQpDuXKsYuyq
9,23991,233,4119702,120,"change,input",17yNoBsNHgUhoHq6JELV3j4ZmbPcoTUPsD
9,23991,233,4119703,121,"change,input",1NqSRP2ArLcK11t5LZV8KZmjanwGUHbGb9
9,23991,233,4119704,122,"change,input",1EW33H8Kd9gdESJBn6Vn4eZRcGJY6CH4tq
9,23991,233,4119705,123,"change,input",12fnADLpP8j3xqfbDEufLnSEVwHvrm3pDG
9,23991,233,4119706,124,"change,input",13Uwp2DDZFv7nXwCnfTr5K2SFDjQdCX6YR
9,23991,233,4119707,125,"change,input",1KNQphSHqGzyXgHDTefLb8ArmAHmv5iskj
9,23991,233,4119708,126,"change,input",1AENGzQvawXNqbuwU8LkV5v7k8FbcYm63D
9,23991,233,4119709,127,"change,input",1Ek8CwKtNqLYZfZSGJ5FJzFkPbXMxbX6X8
9,23991,233,4119710,128,"change,input",13zXAQxMek1gPi9Jn4UUtAWWh6hzCsJTrP
9,23991,233,4119711,129,"change,input",18KKXQscaPNGMqk5ab1fSYGPwurQBmguyq
9,23991,233,4119712,130,"change,input",14PwxX8dZKFa3axMJKjqJgtJ83j2BRskDE
9,23991,233,4119713,131,"change,input",1AhoYYGRdb4KCZssegD6cHsvycMrtctt29
9,23991,233,4119714,132,"change,input",1A66QJ9rTNvVA6KJXNeX9X8AqLN7qfBfF
9,23991,233,4119715,133,"change,input",1CYuDe5oVQh6PsFN58CxVWg5tSWR3ZjQuc
9,23991,233,4119716,134,"change,input",18xzNc9Lv9mcswoCeUuJMat5Afp7BttRTJ
9,23991,233,4119717,135,"change,input",17PhaTW7ahkkcP2AzYzBwwFBus41XWtccY
9,23991,233,4119718,136,"change,input",1iqCA2YkQ6VHGQztkTsxF4iEZY25FLNYQ
9,23991,233,4119719,137,"change,input",14LPbkbLrb5QvkuHprabrC6fa6RrTfdyNh
9,23991,233,4119720,138,"change,input",12Gm7vxcu9BbjHDQwSkUdnabK9UeuKsVNL
9,23991,233,4119721,139,"change,input",14KE78u9LwSsKYAUbp5dhFKeknCE3gs1nF
9,23991,233,4119722,140,"change,input",1LMnLYnouMaXP98rBwuyPadcJo9sp9dsod
9,23991,233,4119723,141,"change,input",1Exx9CnUhhS3s2EmjXWdWwwtCiq1bVk2wH
9,23991,233,4119724,142,"change,input",1GCpV2RmfsRGhSs4WB48vxow3bC1MAnCk6
9,23991,233,4119725,143,"change,input",1LjVjz9pzYfBUjoMdeypTXX7yKXdxzjkyv
9,23991,233,4119726,144,"change,input",147FuM4kqhHehXY2N2fzQhs6qiw4qimAKS
9,23991,233,4119727,145,"change,input",13qSF8QQGMWs55ZFvpZJM9CTWNEenMcLYZ
9,23991,233,4119728,146,"change,input",16hhHteueQkbbNrVEWTdpCUeTDhusQRfjF
9,23991,233,4119729,147,"change,input",13yTNCHCJwjuApMtriMJSsY5neA7ELxJy9
9,23991,233,4119730,148,"change,input",14oTaTWzxeGvVnCutR7ZYk1EqAipqpaCkX
9,23991,233,4119731,149,"change,input",1D7GTeya574V5RqdVZpVeH3yqAiaY5M9yW
9,23991,233,4119732,150,"change,input",1GEA6YumxsbSuxVqgGUYDMae3rwWbr4G99
9,23991,233,4119733,151,"change,input",1GckhwxCkL9CYoYu9A83aSsw5Burj6Dxqz
9,23991,233,4119734,152,"change,input",1L5xsFnJ1tdB9RP3dLXq3CnUZijmwhstbY
9,23991,233,4119735,153,"change,input",1FEt7LUDjpbULK8Gyd6mTrE57KC6UBvcLw
9,23991,233,4119736,154,"change,input",1NUGUdJTJqwqT8VUZjq6Re7W8MHFS1MnQR
9,23991,233,4119737,155,"change,input",1C91iBH4mLGHFEfwPRkqUMbQf7Mf5pHcE9
9,23991,233,4119738,156,"change,input",1LPsrf1a5ok55aWENyRwfZ5W5B4GtvrnUc
9,23991,233,4119739,157,"change,input",1KgwMoBoAfug81gLz1Bpp5LAYRhB1q8rQj
9,23991,233,4119740,158,"change,input",1NpSx7orKg7HABmqN6xvTxS617LXGFGfDt
9,23991,233,4119741,159,"change,input",1CsNpnrKgD29GxWzmKK3RjSPx8XVfzRQTo
9,23991,233,4119742,160,"change,input",1CYyiRNUkYGJGe5kcMDKLcz2MbCWoDwNtr
9,23991,233,4119743,161,"change,input",1KykegwHkcW5MGrNMz2xc6akaGxrtwchrx
9,23991,233,4119744,162,"change,input",16Bmhb9Sh27nifs7RRPy8bpvwt2yR9ahrY
9,23991,233,4119745,163,"change,input",13kHfn2QoN7YGUMhX35W1JFMTvYouUvDow
9,23991,233,4119746,164,"change,input",14FXENtx83vXqHvKEzDkDZ6NwGxsn4E3ns
9,23991,233,4119747,165,"change,input",1pnQFkz9wXrmM71jApgWR3eWc9ZGYgShm
9,23991,233,4119748,166,"change,input",1MuuTJ9Mj18H2CUKE1y2XGFu8smTUKxPWA
9,23991,233,4119749,167,"change,input",15aC4ssuiTZ3zp2jc8AhpuMSSfiw9ZENRF
9,23991,233,4119750,168,"change,input",1FgbEAjsgJoCNWWHyzV1YrCwgmgmcNVtMZ
9,23991,233,4119751,169,"change,input",1DUgyYU8BUr5UU6BHWiNnbEjE81cvfVWqT
9,23991,233,4119752,170,"change,input",1P8yghPkenXJieLFgZPok1HXxpWL4SJgyk
9,23991,233,4119753,171,"change,input",1AKwykhg2s1H7n2m5tiA4sd13v6Qf23yae
9,23991,233,4119754,172,"change,input",1LiLVdRevJYJs8enp1jv6YcqQ9owejovzw
9,23991,233,4119755,173,"change,input",1AWfdQscGLNje7kkbLAnUy9UEi3imwNKXC
9,23991,233,4119756,174,"change,input",1MRKRpKn3HBxfkPUaGy7UY8MA93CEZQ6uW
9,23991,233,4119757,175,"change,input",1MTjYZfCNtRtxLDegLG2LopjsJpnVsoRHF
9,23991,233,4119758,176,"change,input",198MawCJcmh3mJiGAkwpn4rD7Yzb9Ltqs4
9,23991,233,4119759,177,"change,input",1KmL1imdvh2JKzUtzVAiUmEf5BMsgErKQx
9,23991,233,4119760,178,"change,input",12NLRNPyeBSCTBfgyGwpJ6rWXs46dqpxAW
9,23991,233,4119761,179,"change,input",1MXvuJPd4qZJj7yL8uwrSV74ebJHgRNKGh
9,23991,233,4119762,180,"change,input",1MN6VvajccS11CHAzxBVaVWGBiW2SbVesu
9,23991,233,4119763,181,"change,input",1JLQB5vCe79hha4N1MCwvBNwXqX8bDr9wV
9,23991,233,4119764,182,"change,input",15c2wvfEaqyTeVaANXofeLZE4eonrtzi5G
9,23991,233,4119765,183,"change,input",14M3T9a7WZrtSL2JuJA1824KLsXvXYcZSK
9,23991,233,4119766,184,"change,input",195dTnYWWprZ56ZhL43VmLy6Xidur1woNx
9,23991,233,4119892,185,"change,input",1M4mUs5VhEeJm76rgfgHNJ8dZWik2xM1Vi
9,23991,233,4120081,186,"change,input",19oBrYyby25iuyZBptLvDujWnhzDL69aKZ
9,23991,233,4120302,187,"change,input",1CaLhrdSgL87TQMSypMoDYMpKEDKWAkWd
9,23991,233,4120375,188,"change,input",16ZrVNtbUGdMrAaEGmgf3UWVhYHef7NUKR
9,23991,233,4120415,189,"change,input",1MkJWK7spAZa7NsrhWL8qUfeBzcTnRz3iS
9,23991,233,4120450,190,"change,input",14pvsrasnw7F26o2xD69NGJJAiDrsgWf7m
9,23991,233,4120473,191,"change,input",1BcGZUyoTEh8KpWwKY7rLtfr7SEqbY7RKT
9,23991,233,4120494,192,"change,input",1DsmpTevrr7NunLGh8Lz5n6CeBBx9wh6dQ
9,23991,233,4120510,193,"change,input",1PkaT5K4sHbr2atYzbb7BFY1TzN67rsTUd
9,23991,233,4120526,194,"change,input",1KDUeb2ReoWg5dMU5QFc3p8U23jC44pAQX
9,23991,233,4120540,195,"change,input",1EYmGumRSPBYzP4uV8yXQZtR6KunUZQzVX
9,23991,233,4120554,196,"change,input",15L1LZvvswjFYyS55TUUQ6JeEyze8PfD9z
9,23991,233,4120567,197,"change,input",1EiDQYBr3ndgpUSNC5PYh6SZU6atf5AaR5
9,23991,233,4120580,198,"change,input",1GDHCKH5qQCnCPykWpSH5mCV47mdvG1ety
9,23991,233,4120590,199,"change,input",16k1knKGGzdkcvivxNxNiX4dzy58DF1Gtt
9,23991,233,4120693,200,"change,input",1HX5sGiYj946SU7E6RZHqjY5zTf362DZk8
9,23991,233,4120824,201,"change,input",1EvJHLoNk48yojvFurz4LbDTXrYZ5iGban
9,23991,233,4120825,202,"change,input",1Khk6n2k6d9hnqjMjjhMJJFK3vdseEUfEj
9,23991,233,4120826,203,"change,input",13hteZ8SC536Fte1TexiQ3sPgo99GgYgYQ
9,23991,233,4120827,204,"change,input",12cqVde7TYKYvy8ftm9rrejm9rPfDf6ZFp
9,23991,233,4120829,205,"change,input",15X1wiBM8doPzBxDoGaXyFWCP7qTM9VST3
9,23991,233,4120830,206,"change,input",13662KS7fYfnsMyMr3TQE895mudSbuRsBi
9,23991,233,4120832,207,"change,input",14FnveRBKV1h6bGijQBJfcknHRRds9XZkG
9,23991,233,4120833,208,"change,input",15wscU1pVkKbhwtpCrXmEtoWZ4QUth2WXy
9,23991,233,4120835,209,"change,input",18uydn68M3GxFnCqHzNqKZSG9yKnTJ7ZwW
9,23991,233,4120837,210,"change,input",1NTLjMS2SHSCJ84Khiuvz25RXkADF1oJHk
9,23991,233,4120838,211,"change,input",1KZiGNtZjyEDsmTTGuRiiWDrf9iXyEHyNc
9,23991,233,4120841,212,"change,input",17HAfnWHDraYRzECt4NtTgM5fBTX9FND1y
9,23991,233,4120843,213,"change,input",1GwaKRW4BAkC3Jxg1H1uekTAGGWhn3sDwz
9,23991,233,4120845,214,"change,input",13wMtff7BhSo8RJKrR49eYP9yPxR2LVeJF
9,23991,233,4120847,215,"change,input",1JJxg1MwWWboFHh6vmcmWi1RxmzuuYNNBD
9,23991,233,4120850,216,"change,input",19GvRm6PcRNwgHpfj8XMFESqT4gWkH7YxY
9,23991,233,4120854,217,"change,input",126cYTgLYPH11nwyvi5sh31p9ohMbgJQNv
9,23991,233,4120857,218,"change,input",17dxdkYQ3HwzuauV9Syim1SEM8xioktYGX
9,23991,233,4120858,219,"change,input",1JUS11vgpABbu52e3pK9xmKMJWbTiLtjhr
9,23991,233,4120860,220,"change,input",1Mtg28sEho1AQhepKPuwkT56xCFrtqc3t8
9,23991,233,4120861,221,"change,input",1qbzunkPiZkT3WCKBjHaJ7uW9EP2RERCq
9,23991,233,4120862,222,"change,input",1noisp5CzvtxmnfFy3rcdihRVUWyq84V2
9,23991,233,4120866,223,"change,input",1FvDaHrntvfTTxYa2vt7TYFkRCPfs2h4u2
9,23991,233,4120868,224,"change,input",1HJfqbV9vBtQ9ZVmhwhXUrNtR3KS94Rjf
9,23991,233,4120870,225,"change,input",1Km9sQjiDJ8jTn1Rasvz9PwtwCq7wYw3eu
9,23991,233,4120872,226,"change,input",1HV33Bd1q1iYGK2exCWAQiWHo6kj3FDfff
9,23991,233,4120876,227,"change,input",131d3jrAV1wWJrfUqK6dSAgdQJqBuh15zw
9,23991,233,4120878,228,"change,input",1HBJrZGujHRS6vZtw98xbfQnrrxyQv1J37
9,23991,233,4120881,229,"change,input",1MWmbHg53J75YpQ7kejMcPBFQK6F22WyJt
9,23991,233,4120888,230,"change,input",1AAe51HpZfbzDhJSJ3tM4x45pp9pQNJkVM
9,23991,233,4120916,231,"change,input",17koWuztXKpogdqY21bZrLpXLjitStjuq8
9,23991,233,4120980,232,"change,input",1NBc2XNMWDM84haNC1wegkfrkW7BEvDnh7
9,23991,233,4120984,233,change,12KQV55zTaZ3v7jhppGuJsGNFNvj5rkem1
10,23862,229,4116798,1,input,1NqvccoWvwM22P3vdRuotr1PwdGtXCjhAH
10,23862,229,4116989,1,"change,input",1EWQCM7CoS7yyMuVsY8di5MaLE6QS3hGTd
10,23862,229,4117321,2,"change,input",18j9jFhHCBoyNvasj5BZpxFwjdNt8qVPWm
10,23862,229,4117339,3,"change,input",1LbL14yu18nMJG3SMHepoR2rjHtVCUJJRb
10,23862,229,4117345,4,"change,input",161VaKuGwLtGuVKqhD813VcqtEkzvi6cAS
10,23862,229,4117351,5,"change,input",1Cebu6P5HVRWhCXvfiiRPV2yLoz4JBJREh
10,23862,229,4117485,6,"change,input",1HBGA52EjwZmXZbiDcFYmNinEmn8u64GzN
10,23862,229,4117612,7,"change,input",1MqFBEiGRdDGS7QQq8Lr7cpqqN7hSbVmkz
10,23862,229,4117644,8,"change,input",13MRmXsL8eHJ661g6MQb2EiTArzzm8Zsgr
10,23862,229,4117663,9,"change,input",17oWQ7p4Yhog1uxJcSbWkqEFZyFhnKzuMA
10,23862,229,4117678,10,"change,input",1DnsnRDLbie6tMrsbbZ9JD8TPAXobCBFvU
10,23862,229,4117689,11,"change,input",19rFAKiBk9K8F6BojxnfP4KCVPJcUzB6cb
10,23862,229,4117699,12,"change,input",1Ke3qAXNuBxGeSzU96E8pvTRh3ST3Qb5G
10,23862,229,4117708,13,"change,input",1LRsiQpFo82Vk4pcDMgii5werCS1yWb6xW
10,23862,229,4117715,14,"change,input",1aUpzrzuepGRJREPu1U9BEYR2Wcp8RjcN
10,23862,229,4117722,15,"change,input",15itvoBdHWnpMkVuV1zC17gkiSpqy12QBi
10,23862,229,4117728,16,"change,input",1DzY9mAMrFmVDfpp3kwWq3GMmHqYjfnCVP
10,23862,229,4117733,17,"change,input",135JQyXvcgyrDNAB6Zk3BdVdnNWUrkDjtf
10,23862,229,4117738,18,"change,input",1Htza6zdijk84osPeFi4hjq4UoMcgSmg8E
10,23862,229,4117742,19,"change,input",1MZU45mtCuCdo1LBUs4BJA42AG3713UbVP
10,23862,229,4117746,20,"change,input",1DNWyTvfvqrA9Aeef7JTkTRFPVuSkeH3cf
10,23862,229,4117750,21,"change,input",1H5UsV7Xx5ziNbCQAf68jANx2K3QSjphxH
10,23862,229,4117754,22,"change,input",19jH69ARN7cMNZyZxyrbb5gGGp35rANmMV
10,23862,229,4117758,23,"change,input",17ButoHhc4UNuKpcKJ2LbAJ5fafHSwT7Ha
10,23862,229,4117762,24,"change,input",1KkqV9czyzGZY6JCqT1C694FwTp7oCkeKn
10,23862,229,4117960,25,"change,input",1GpU2QX1E9ZSRTxbbDtXkaSgx3xxDsLsU7
10,23862,229,4118032,26,"change,input",1KuNZhku2dPU5Fpf6tLDEaGLbRHLj4qr2o
10,23862,229,4118055,27,"change,input",1CEmwK41k29esXUfDuK9tQZJrf5rCs4mL7
10,23862,229,4118068,28,"change,input",1Ba4io66hSkW3VUgsmeuEmaQyG2dVe4PoZ
10,23862,229,4118078,29,"change,input",1PzoMXvhdxFnJTLBVZwXTvoBTAfNH8AsBr
10,23862,229,4118087,30,"change,input",16eVmnLaSNybmAjSb1nyjMcwxZChFJoxmm
10,23862,229,4118096,31,"change,input",1BAJnj3No1fjeuf6uW6gbw4sq8Rkgveyhn
10,23862,229,4118106,32,"change,input",1LgjNUQKu5rXdvTf4wBWWoiysHAvHamh25
10,23862,229,4118113,33,"change,input",1CBtwjDFQPXwJQEreQacBuE1YSRphhbXJ5
10,23862,229,4118118,34,"change,input",1GRNNKDys5zqxdQc6fzbvZ3RX8yfJCSEgc
10,23862,229,4118122,35,"change,input",1MjYUke6cX7Fc2wKPVchytTykB6247uVf
10,23862,229,4118126,36,"change,input",1Bhh2S4qLYSkgqKr2yRiz57jnGd9e9oWiD
10,23862,229,4118130,37,"change,input",18svymNi5ebk4MMo7ZSu8qVNQYPe3na4yY
10,23862,229,4118133,38,"change,input",1KYEtmE6Jj8n6wX55fKTYkF1D6FeWwmCDc
10,23862,229,4118137,39,"change,input",1Pd3oXyWqBtGTcqLHK2aVUtaFDkZj259Eu
10,23862,229,4118141,40,"change,input",1J3QfeJb2pBmtnqAQAovm4BGq9eayCQnfr
10,23862,229,4118144,41,"change,input",1EFcDX6KEopTmQAXgvMYhe1Yx9USrCSiqm
10,23862,229,4118148,42,"change,input",17djFdwyb9FqaYe31FNB74JJawdZfirPvV
10,23862,229,4118151,43,"change,input",1BFkjLLJrbRZTDAACkVC6jY3RGHyYoTHA2
10,23862,229,4118154,44,"change,input",1NaBKLdaSowvvNdojeks6q6wB2uUsztYh9
10,23862,229,4118157,45,"change,input",1EwriDLPDnf8ga27iE3BUCma4DbvuwDFZA
10,23862,229,4118160,46,"change,input",1JdRgohsJVnBo2QZt4RMrpMUC6rXNDVXAb
10,23862,229,4118162,47,"change,input",1FKap5SoZ1yryNYmghKQCi4ULN4i1iABEW
10,23862,229,4118164,48,"change,input",16BRcSk27QTZ4zN4ib3xZ6Gzt2anY5novb
10,23862,229,4118166,49,"change,input",1FPYBWknX5osNocr3awfFpXQB8FNy9W1wo
10,23862,229,4118168,50,"change,input",1PWyB9dhuNSwyASvWuvsuKnW3kP9mtkUcK
10,23862,229,4118170,51,"change,input",12uVZvidh29o5kgHFyMGCeDnkVVs6fkauQ
10,23862,229,4118172,52,"change,input",13nv3iM9g2PNwDrouesPXghBbDxfXyuKbF
10,23862,229,4118174,53,"change,input",1F18AXaQhqYmuEGjtES8VCWapRW7LhhmTu
10,23862,229,4118176,54,"change,input",17vZiw9hamUsdskmdgdywTxHUQB3EPNjE2
10,23862,229,4118178,55,"change,input",1CypbQ3QVm5Nqut915mZ9nsGGz5rXnM36F
10,23862,229,4118180,56,"change,input",1HkAusStSGCd899Jbx3eoAjzreJ5SQdmyL
10,23862,229,4118182,57,"change,input",133yeTj8jJxFE5r5gKD59Afc4iE6whZX3N
10,23862,229,4118184,58,"change,input",1DDS2QicsVVdXyDoQv4Ds4P79tfkGBMJJe
10,23862,229,4118186,59,"change,input",19tqJEP3WwiKh6mWdoqxySU6Jy39tm499y
10,23862,229,4118188,60,"change,input",14hwcVH9GLNf1NGXegySmoJynSicvcc9eH
10,23862,229,4118190,61,"change,input",1Ns6SQnsY2GzUrnYo3WToR9uD9tp4RGzgR
10,23862,229,4118192,62,"change,input",1DpZu5CLZU8Gz7ypJK4F2ND6vzDg4yDrET
10,23862,229,4118194,63,"change,input",1CSivEfXyiWm1vMNtr81FZi5nhv5MChvsD
10,23862,229,4118196,64,"change,input",13LWiZTJipUhrtQ9adoz9Sbeay9JbfJ3mV
10,23862,229,4118198,65,"change,input",1B2EyFnNno1jnSStaFp7CKrRMe1DkdPkCz
10,23862,229,4118200,66,"change,input",1LoQX5TAhrnQjqG6MSx6skS4yWtPyU5xqb
10,23862,229,4118202,67,"change,input",1G7Lg9H35nC1K21wcs86YZdrvrYQnha1eF
10,23862,229,4118204,68,"change,input",1PqWyE97jArzwcQwepRe5hgX8EbRmiBZpS
10,23862,229,4118206,69,"change,input",1DD17HWEGHBNJ3XcQpx4o2uiDST8fivLWQ
10,23862,229,4118208,70,"change,input",1CWmr1pUrddupVtxuLVkURTkJNgdnBfgkX
10,23862,229,4118210,71,"change,input",16B7FW5pFberCYPtJj7KeKLFwZTaGTrJBL
10,23862,229,4118212,72,"change,input",1EXaUKTGdkxeUhJFFrgf6pWKKNZtKFq6jN
10,23862,229,4118214,73,"change,input",17vAwB8auPukXVwGcCevrREuQmgiFegXaV
10,23862,229,4118216,74,"change,input",19ndn5qeJsTVmjY62LurCEgGnSCQ4yCQQg
10,23862,229,4118218,75,"change,input",1JKNtncrTEvsjV712xuro4TxkhdWNrpQMa
10,23862,229,4118220,76,"change,input",1EDVPaUykHi78htq8BRqYhAMCZvhgkbu71
10,23862,229,4118221,77,"change,input",1C4Tbxh1jZwgjLcaUqM1uyjNGw2fn94jK6
10,23862,229,4118222,78,"change,input",1FkHgcNaM1ScorZTzQAWCiFqsZd4g74cKW
10,23862,229,4118223,79,"change,input",1547VCCpruh2UuviqiJNVgtwcAhJJfAAS6
10,23862,229,4118224,80,"change,input",16vhUmYoPnnaxgfFVDyz3ckz6aAakRPeUF
10,23862,229,4118225,81,"change,input",1EgoTyuUvMKULQPj4dKnHwgynD2DWfh5hB
10,23862,229,4118226,82,"change,input",1CXFEzgqiLEPPUEjCWMd7EsyiWdAFvA71q
10,23862,229,4118227,83,"change,input",1FVyQq6i9toJSPnWheQJ6uugfPR8xADbpS
10,23862,229,4118228,84,"change,input",18uGPy7iL3usrvtwVz66owrzeeb6KMwgHM
10,23862,229,4118229,85,"change,input",125RGuRrx8AFCmeWfEiTkWTN52bdo5SU94
10,23862,229,4118230,86,"change,input",1GML5gPaLQTKYXq3NEEmhehkjq98GJUdeS
10,23862,229,4118231,87,"change,input",1BTstimktPSR3UELpL1wLrxCozMCcKBY3i
10,23862,229,4118232,88,"change,input",1F7EdRVM8LNGEkgV1Sfk5HiAkt4cjyQUCL
10,23862,229,4118233,89,"change,input",1FoaBnAuramqdYEN4AakrPnonWgWwXFuQC
10,23862,229,4118234,90,"change,input",1PrYcivj8fcddo3ApqprMeR96zFkBy5QxD
10,23862,229,4118235,91,"change,input",1JFUG7KGN9YT96EEAfevyuaNG8CKRLShNw
10,23862,229,4118236,92,"change,input",1J3uGppvNTKG8qS6DGNAFpUGf5Wpt5bwX8
10,23862,229,4118237,93,"change,input",12LbT7XZtYHikrhY17D7w6NY9yz14qUNRP
10,23862,229,4118238,94,"change,input",1Lnh5BzkwkXDCEbyXnintGt729U55QkW78
10,23862,229,4118239,95,"change,input",1BKCcgUNPxJv6xje3cw8o3CKJMoNPRpACn
10,23862,229,4118240,96,"change,input",1B69ww1DDfxJScWU6oFb8F853yxXMocWXb
10,23862,229,4118241,97,"change,input",1XYnUTv7qZTa7SGzKvo2HRwxQxyEmAtsh
10,23862,229,4118242,98,"change,input",1Lze3D41Z14153RnczeYGv88VUEUBBTcBU
10,23862,229,4118243,99,"change,input",1KkQsfwDBWm69nUR67pnb3TXBZZ1LPBsuz
10,23862,229,4118244,100,"change,input",15x1L3xnKMJ5T6yTkemCNg4KqnW4FYWU4f
10,23862,229,4118245,101,"change,input",1MYn3XMWV2JmAEL6mtDNSoK1PWFss1Mkmb
10,23862,229,4118246,102,"change,input",1L64CZnwfK6TMexad9ddACShrTSjW7UduR
10,23862,229,4118247,103,"change,input",14tugqHtK4ER7bfcPesddwEEwf9eaX9AVx
10,23862,229,4118248,104,"change,input",1L1BfjjEAqv3FJaXWGTxUGRXwyK1E37ZE8
10,23862,229,4118249,105,"change,input",19w43RSiJZDHsi7znUuNzKXXrbPrpoAqz
10,23862,229,4118250,106,"change,input",1FoU22Dx4FwWVj8HyPhfCPg6v2NVVqjSxJ
10,23862,229,4118251,107,"change,input",1JgQZwpppE2P7qyJiaTR9NJMMzTe9g8LyQ
10,23862,229,4118252,108,"change,input",1DDtGUcf7BK9eVb9uE7VDieuwpZpV7vDjA
10,23862,229,4118253,109,"change,input",1HjNzSkJJgmi4R5MkyNqNkVy37pn1rBPE
10,23862,229,4118254,110,"change,input",18m99bYm7Aqy8wEdQv2iM1yozE2GhEhuAC
10,23862,229,4118255,111,"change,input",1McYaGf4n9tcuuky6Uc5kSB4PxH17Am2oj
10,23862,229,4118256,112,"change,input",1FNuXqt6kYS9HTjeE78VHrvwGcLdfHMBdY
10,23862,229,4118257,113,"change,input",1BTsyXjJErpq7rXCLH5PtqHSEPagHNi6Bw
10,23862,229,4118258,114,"change,input",1CGsGsBumJUrxvwV5PKAdw3dNu4E3Z52Tu
10,23862,229,4118259,115,"change,input",138CzHgzMpT1uzJwTA6jV77wP26t4WU6DF
10,23862,229,4118260,116,"change,input",1BFKbLXsMNaxPdZzNp73EitrtYs9dpMkQx
10,23862,229,4118261,117,"change,input",19gbJ6Hvb7aqJPe8GyL7PPg3DyRQ5gfLBo
10,23862,229,4118262,118,"change,input",16yPNHdzm114gn2S2cnYscS8YLw5U5xGEP
10,23862,229,4118263,119,"change,input",15rZT3pKJP8mtbKwAsuaiVHVmbKF8SKQya
10,23862,229,4118264,120,"change,input",1AXFWK2Ef1PckhWTYDKN8gAr8YvyE89JKk
10,23862,229,4118265,121,"change,input",16wQaYAUNydXSk23XVAjvxwemPFc9WwQsh
10,23862,229,4118266,122,"change,input",1LZvPABJAr1X5Zdt7qwF91ZgKfjbYezf3A
10,23862,229,4118267,123,"change,input",12e5vE9qhNPsxxkWFnNsnc25ZVzXLXjReA
10,23862,229,4118268,124,"change,input",1GcYo2KCEbg7hN2MPFi9ttnBcgwqPdnEfG
10,23862,229,4118269,125,"change,input",13LHq6RYYtrXThtHRE75WbX3trYkATP8YL
10,23862,229,4118270,126,"change,input",16Huy5vWsT4ADuxWMJKszzz3awfAcnfYmA
10,23862,229,4118271,127,"change,input",18v6EfBEdub9WXbJHyGSGWfcaRBfcyvWjh
10,23862,229,4118272,128,"change,input",19AXZwd4B2t2gZBGF78o6g7h12UytU6TS2
10,23862,229,4118273,129,"change,input",1NRmybpeQh3SE2qRaDMYJERvVhKnd6u2i5
10,23862,229,4118274,130,"change,input",1PUvRHsgGRAud3PcfyD3Pu13fRSeo3Zty7
10,23862,229,4118275,131,"change,input",1L9rTsJYbw1T6Xa4p8HaxVmtgqWMkfV2ew
10,23862,229,4118276,132,"change,input",1FuddePRRwACr5fRK82i85Ah54UdMT5rsp
10,23862,229,4118277,133,"change,input",1EkyuGQdr8Bog5KwEbDDDURC5S687EGJ3t
10,23862,229,4118278,134,"change,input",1PWkYuUnJ4Ja4Baaw36ZRu6jUftSvezCW1
10,23862,229,4118279,135,"change,input",1N3VCvCj8k41dVHYdADTeit7BZN6M82H6J
10,23862,229,4118280,136,"change,input",1EpsHHwgyxtf2GUQYj7JEKW6Gs9zDcFuAy
10,23862,229,4118281,137,"change,input",1PnczbUaMbfGiENkWtKMydxk2wH7ZWGLTP
10,23862,229,4118282,138,"change,input",1AszZBMLYMKfzTkNSFw7ExvBPHAq3DCSgY
10,23862,229,4118283,139,"change,input",1CyLryCLfww9uGrakD81VqN1HCsHnhxsD8
10,23862,229,4118284,140,"change,input",1BgnvyKBe8mGBFxUhHKjAYZECCM9aK5eT
10,23862,229,4118285,141,"change,input",14sU6fYb9UydbArUwfxWTGEJHbeqkKWTig
10,23862,229,4118286,142,"change,input",14q8WH9XuMJ67RhwZAuRZBf6EqoY1Fadya
10,23862,229,4118287,143,"change,input",18cdbBem5DfbWrGLK7WqqAKqyCqwWXjcWc
10,23862,229,4118288,144,"change,input",1GGC6zBAgVqz3kxdbPntMFTSzogU6TqLrB
10,23862,229,4118289,145,"change,input",1PWrvRUuhjvhnHqayjScRVuWhUWa1Nwsif
10,23862,229,4118290,146,"change,input",14poRtUL8YC9aA4a5PW4sPwQx9PRsW4LbF
10,23862,229,4118291,147,"change,input",1EG1HpbzGdrMAv8Gne6PdeqcZayepCLyfK
10,23862,229,4118292,148,"change,input",1JVML6GonxHsfj6TN4pY7mCrMmhF4gViea
10,23862,229,4118293,149,"change,input",1AfDMTusM4KfKwGtzMHoPZwj4EAeKdU6Ak
10,23862,229,4118294,150,"change,input",14eVVvW1qbXdMzDvgXcXDkUc2PJyzwbX6F
10,23862,229,4118295,151,"change,input",1KuADbSJxE9Ar4pgACBi2pDiEZ7W5CN8ks
10,23862,229,4118296,152,"change,input",1DpnEzD9mA71LFUyzN6x4PDxXppk9qP4Cg
10,23862,229,4118297,153,"change,input",1DuT4imoyTCcDRqKQ6G3BcetgWo6zCpmwa
10,23862,229,4118298,154,"change,input",18ETsgcZMwycvdpXuuKqHd7kMHW5cyND8p
10,23862,229,4118299,155,"change,input",1F4JcfXUQmmRpPRx6a1fCrw8TNj3Ri5hs1
10,23862,229,4118300,156,"change,input",1Niky2ah1vU7uxVkZVmh6tCwZ3jU4fnHDx
10,23862,229,4118301,157,"change,input",1NTp61CrsCfM9HzPzWWC77uhgMoiSwbdTz
10,23862,229,4118302,158,"change,input",134iKixoFRpw8N95og3VeS4ZqhtF3sLHsZ
10,23862,229,4118303,159,"change,input",19FhvVydAgcSihNPE4iYJsyw48nCCpAkWx
10,23862,229,4118304,160,"change,input",1DYfd5HMy41Dec3T4H7mkbFgjLcuJsHXFX
10,23862,229,4118305,161,"change,input",18TVnop94t9gEY3MDs3zA9q2eRUwTRQBgP
10,23862,229,4118306,162,"change,input",1DJcz4riufGrwTcaRVw11ikgo7uc7mrfsS
10,23862,229,4118307,163,"change,input",19C2hDwsMmYgcSHMPvqiH2ZapgUA3Zw6D6
10,23862,229,4118308,164,"change,input",1H7RyBvGqTAckGznJTyT1k5a6JPAG7p39N
10,23862,229,4118309,165,"change,input",15Q9NfxD15yUgqjcD1jxYPVZ89D8Jdfxh9
10,23862,229,4118310,166,"change,input",1BmrUtesnRp8YBedhAgo3vKH8GDzFWvPub
10,23862,229,4118311,167,"change,input",12kWP3r6KLQq4xNw7nB8uAziMrqgnkfagH
10,23862,229,4118312,168,"change,input",1PLzc9bxtdLTRJapgDTbDJZHfTNSurRZnR
10,23862,229,4118313,169,"change,input",12r8WShBu5De4t99JVz6gicpiuqeqdKoMx
10,23862,229,4118389,170,"change,input",1BacR1NojS2Gz61vR2LFQAwPxXkFc5sDuN
10,23862,229,4118445,171,"change,input",1FLvHkbMjiirhZuQn3EnLNBw7k4mQBPQYy
10,23862,229,4118458,172,"change,input",19jbRY2yx4YbTL4JmyGeUvNxZ8EZnewece
10,23862,229,4118464,173,"change,input",15AudDV1LymW49E4BtBtLvmE7qSWvVqJqx
10,23862,229,4118470,174,"change,input",19AMXCajinweHSzE9vGBr5hfe3HAQWEeVe
10,23862,229,4118476,175,"change,input",1DicbBEMW3FbzFadghxShEP7jdzC48TiKL
10,23862,229,4118480,176,"change,input",1LSdBJsRM8uTvp7z41oW13dpvLrK8iooeN
10,23862,229,4118484,177,"change,input",1JXHuKbNKZPH15mH88hStHxHfm38FMsEFY
10,23862,229,4118514,178,"change,input",1HtAjN8VaYZvWgLKZWdDPLzoCXRaq6swJH
10,23862,229,4118536,179,"change,input",1CDAC3BL3iLJXsKRNNb7L9xQni7M5Xu1P7
10,23862,229,4118541,180,"change,input",1GoWAbVshKQgEh71Msg6sAFWt1RqQvd6QN
10,23862,229,4118546,181,"change,input",1KstRSXShbfNsLugX2Fjn5KUPdy3BbaVBM
10,23862,229,4118549,182,"change,input",143YoYNmf8DWWqZr4C1yRaySeZQAiCfxak
10,23862,229,4118552,183,"change,input",1PxEE24sEzbGFNYApcBGGjeh3MFr9nFCsK
10,23862,229,4118555,184,"change,input",12GshWmtEFb4AH68esr4ksu4EDNgP13U5t
10,23862,229,4118558,185,"change,input",1HA6CjjPQPbWF9c37dSjk17t4XzjcQxWaF
10,23862,229,4118561,186,"change,input",1PoPpR1hpdXSVdfkWqDTynm5gco7tkm2oG
10,23862,229,4118564,187,"change,input",1HBGJTnJnmRvy8D4T1xAwqrFRNFngdyVwt
10,23862,229,4118567,188,"change,input",15FwTqMNuYkpzCvWAe7vnd1Rk9xMiBHA7C
10,23862,229,4118569,189,"change,input",14UTJWb1e5AGxkfqArRqDduUWevK7eFSw7
10,23862,229,4118571,190,"change,input",1JndhAeXpp8ot7GW1DJsKHieRpVUYQo8te
10,23862,229,4118573,191,"change,input",1GjWcSytxMFTQw3eFzcZsrBtTBTGsvMNo4
10,23862,229,4118575,192,"change,input",13AAShHrEaVzaaM4JbjXh1cp8goeSne5c5
10,23862,229,4118577,193,"change,input",1C35nGFthCRYs1ASRWLFwnmw2kA3HUzBfW
10,23862,229,4118579,194,"change,input",196QJwzY7GKgWFuuLqQqzCxpmQDyNj9gDe
10,23862,229,4118581,195,"change,input",1B5f5U9tCQn46KTnHhmp91isa6y7yHzhE4
10,23862,229,4118583,196,"change,input",1MhyDpSzHpNiz7s5yyJfvY3SonpRJQgrDd
10,23862,229,4118585,197,"change,input",134LCPjv5TqdQHDUUW1KnzhCRfnxfTeQn5
10,23862,229,4118587,198,"change,input",1PYUx7ZTZJrgzD289bSPF1LHNWsBnu9Etr
10,23862,229,4118589,199,"change,input",1CaqJJKQTfDPE5ki9PjCLPNS91FUU2vmyk
10,23862,229,4118591,200,"change,input",1DmjXTKhesifNPKKg62CBSjYonEazVBBVq
10,23862,229,4118593,201,"change,input",13XP2sKobL1dZgk4Dd9WK5zKV6Ns36KsEG
10,23862,229,4118595,202,"change,input",1KwfAHeYNWA2QFEjwhma3Wq3wVDYaQbFV7
10,23862,229,4118597,203,"change,input",1BkahTyWZtuLzfcUiPHi4dLbPHTUUiuWjC
10,23862,229,4118599,204,"change,input",1L2ZVUHLP3TDp5TgaiY7C9kdNT5Ldqmp7x
10,23862,229,4118601,205,"change,input",1JUzK7Jpyo98jbnxnkB8nQj25pTF92tUZD
10,23862,229,4118603,206,"change,input",1eW2qdEneEWkgmvBrP7tYDpfyLYCx8FDp
10,23862,229,4118605,207,"change,input",19rMuLLytJqV22uY2zGZZ3W7qCG4Tr2P4e
10,23862,229,4118607,208,"change,input",17jYdG9ZirJMpia6yrdSUtw6yHqMfRstai
10,23862,229,4118608,209,"change,input",1KqjsrWst7TFVahNu4dfyPSQpPrFkrfVmS
10,23862,229,4118609,210,"change,input",1Frsx1xqsCJZ3aX4mSzSgQXhNvGYCXLLoA
10,23862,229,4118610,211,"change,input",1MQNZQWNWY5ysF3z5WwA9WHRmswmtX1Qz2
10,23862,229,4118611,212,"change,input",15Zwx4sumFaGN2sK867vxZ3uWQdGAS9vjQ
10,23862,229,4118612,213,"change,input",18fe6fwi8X8ufHNzwKb2vGTdEEdsNcY8zn
10,23862,229,4118613,214,"change,input",1ECtrPb3dC5938wzZNvnJPoaQ4j2QjGnYw
10,23862,229,4118614,215,"change,input",1LYSpRaECADmUa5C2SRmdNDmwgwV8uD5tA
10,23862,229,4118615,216,"change,input",16B9ZAuCJGEcLgycJiwBkrCAfQh4M2793B
10,23862,229,4118616,217,"change,input",185fGTHvj5FuWJGiKsUxcyY7jChKBjpvFW
10,23862,229,4118617,218,"change,input",1A48zyPiVE8Sm1yxGfhj6BUZ7TxR8WYyBd
10,23862,229,4118618,219,"change,input",1B6hMS367uLvPfg79vwVhwrVphzDxMTQY3
10,23862,229,4118619,220,"change,input",1EEjqVBCVV5bUKUZfAW4gDDh66M9JAxNbS
10,23862,229,4118620,221,"change,input",1KfbEstKX6gWAUmwaLQYzyknDSGSFQFbki
10,23862,229,4118621,222,"change,input",1JKBcgqoWA5HeDKHccR34oNqDDBwPCwvmy
10,23862,229,4118622,223,"change,input",1KcBzzAjPgxRNvd1sheE3oyRaaJXBtqowh
10,23862,229,4118623,224,"change,input",12ZH7HvWSSNHZ1KY79aBDG43TTCymYELb5
10,23862,229,4118624,225,"change,input",19VdTgq8c5qEx7zS8bWtrUC9faagZ2CxpP
10,23862,229,4118625,226,"change,input",1FQYCSacjiYQrPvZPF114izK1dHebrcuiW
10,23862,229,4118626,227,"change,input",1HEzSCDoPKg1LxMLznVo619MF8hWF1VHuU
10,23862,229,4118627,228,"change,input",16ezFhuRbjxjQEMamt3aTvbDzqrqKZhucq
10,23862,229,4118628,229,change,19kvD6Hhrj2VYP2hSsn9Cf4mzfp4RMRMeX
