address,walletId,walletName,walletUrl,lookupStatus,error,scrapedAt
1PuzJ7JcunksePoVTf8zLo5mRZGhLxmSM9,0012ea9acfdf3b20,[0012ea9acf],https://www.walletexplorer.com/wallet/0012ea9acfdf3b20,ok,,2026-06-27T09:47:08.421529+00:00
1AYd3MXC4ghHPneNnpzdqvyMD88Do33ZEr,0025d633f88ba307,[0025d633f8],https://www.walletexplorer.com/wallet/0025d633f88ba307,ok,,2026-06-27T09:47:09.683440+00:00
1HAcCC3fPXMpdikQ1GeZCMMuwMhGgommAV,0025d633f88ba307,[0025d633f8],https://www.walletexplorer.com/wallet/0025d633f88ba307,ok,,2026-06-27T09:47:10.186594+00:00
16tMPV6H6PPKxWzLmjEm7S8X2yKBvUrjHd,0005fc8fba054f33,[0005fc8fba],https://www.walletexplorer.com/wallet/0005fc8fba054f33,ok,,2026-06-27T09:47:10.682067+00:00
1Gs3V9CjrtsUguJVbTXsHdX2iAc4bBciRS,0025d633f88ba307,[0025d633f8],https://www.walletexplorer.com/wallet/0025d633f88ba307,ok,,2026-06-27T09:47:11.137896+00:00
1F9tNrYiMbDurog4nHyjbvL9NMScyKvEvU,0025d633f88ba307,[0025d633f8],https://www.walletexplorer.com/wallet/0025d633f88ba307,ok,,2026-06-27T09:47:11.667558+00:00
1K21gWaTdBCX6bDMRdMeSJs3eMSvWn6PQP,0025d633f88ba307,[0025d633f8],https://www.walletexplorer.com/wallet/0025d633f88ba307,ok,,2026-06-27T09:47:12.167638+00:00
1M9vPkvwNs2Jun4yju8c3LirN7fKw4KU5x,0034af3f003e10be,[0034af3f00],https://www.walletexplorer.com/wallet/0034af3f003e10be,ok,,2026-06-27T09:47:12.873040+00:00
1CE7HAN99L8Hkf1K8Metazv1Mep8xA3eJS,01824c0e48c13d9a,[01824c0e48],https://www.walletexplorer.com/wallet/01824c0e48c13d9a,ok,,2026-06-27T09:47:13.555077+00:00
1FktUSYkcHpMMc3wxh2g8hheEZKNNHwwAA,0025d633f88ba307,[0025d633f8],https://www.walletexplorer.com/wallet/0025d633f88ba307,ok,,2026-06-27T09:47:14.054997+00:00
1KnqCCzf7pcVtqSGP7YqoyHR82PXQtfhJe,0025d633f88ba307,[0025d633f8],https://www.walletexplorer.com/wallet/0025d633f88ba307,ok,,2026-06-27T09:47:14.610307+00:00
1gG3ZxbvTLacHrXkMTvXsfSTgrtuiVrPQ,0005fc8fba054f33,[0005fc8fba],https://www.walletexplorer.com/wallet/0005fc8fba054f33,ok,,2026-06-27T09:47:15.176560+00:00
1AMfxjSgiaBh2rzX5S2rCb86BLkwebAVMo,0034af3f003e10be,[0034af3f00],https://www.walletexplorer.com/wallet/0034af3f003e10be,ok,,2026-06-27T09:47:15.730519+00:00
1a1RmtVwZkhvSGJck54GKPyMtfy2u3VPe,0025d633f88ba307,[0025d633f8],https://www.walletexplorer.com/wallet/0025d633f88ba307,ok,,2026-06-27T09:47:16.270580+00:00
1NfsnvrykvvtRQKTJdokQN23wgpPUkrWfC,0025d633f88ba307,[0025d633f8],https://www.walletexplorer.com/wallet/0025d633f88ba307,ok,,2026-06-27T09:47:16.834532+00:00
14MdTzb1Uqacqtwjmowu4KemxH8aZNZYG3,0005fc8fba054f33,[0005fc8fba],https://www.walletexplorer.com/wallet/0005fc8fba054f33,ok,,2026-06-27T09:47:17.594780+00:00
1MXANmes24GGei8AYQj8sRayeN3f1iifc6,0025d633f88ba307,[0025d633f8],https://www.walletexplorer.com/wallet/0025d633f88ba307,ok,,2026-06-27T09:47:18.239436+00:00
1DRmrQj9Hv2AW3uBYp3E26qDAyhH9wRJwC,0025d633f88ba307,[0025d633f8],https://www.walletexplorer.com/wallet/0025d633f88ba307,ok,,2026-06-27T09:47:18.864772+00:00
1BPUpc8Uhi2FF7JnstDDj99aRtXqknVcKe,0025d633f88ba307,[0025d633f8],https://www.walletexplorer.com/wallet/0025d633f88ba307,ok,,2026-06-27T09:47:19.457200+00:00
1JWfMXkBANun7v1LdregenCe6ebdW79TXB,0025d633f88ba307,[0025d633f8],https://www.walletexplorer.com/wallet/0025d633f88ba307,ok,,2026-06-27T09:47:19.994447+00:00
1ApALF8Ms7zyu9JNKPg7fN1p5PCW9VRqW5,0025d633f88ba307,[0025d633f8],https://www.walletexplorer.com/wallet/0025d633f88ba307,ok,,2026-06-27T09:47:20.648565+00:00
1giKgDswZgJFc2ECTxC9vENezaZcCsdTD,0012ea9acfdf3b20,[0012ea9acf],https://www.walletexplorer.com/wallet/0012ea9acfdf3b20,ok,,2026-06-27T09:47:21.173410+00:00
12tGXbBH3RY5JzqiHPrwsnGsuV5WoB6PrT,0025d633f88ba307,[0025d633f8],https://www.walletexplorer.com/wallet/0025d633f88ba307,ok,,2026-06-27T09:47:21.807949+00:00
1BZw93pmUEHriEZkvVkbhd8WQwSJS89RUY,04137269e64be293,[04137269e6],https://www.walletexplorer.com/wallet/04137269e64be293,ok,,2026-06-27T09:47:22.521591+00:00
1L6p9v7TLV2ZABFfM8QZNFAEYz2Z9D2jX,0025d633f88ba307,[0025d633f8],https://www.walletexplorer.com/wallet/0025d633f88ba307,ok,,2026-06-27T09:47:23.213733+00:00
16AQr3Ca4aKQBWjzLSQKDLGWegAJXmrqvE,0025d633f88ba307,[0025d633f8],https://www.walletexplorer.com/wallet/0025d633f88ba307,ok,,2026-06-27T09:47:24.071820+00:00
1HFwMKFrDPijwLhcS4DD2fUUrQbYMEr8X7,0005fc8fba054f33,[0005fc8fba],https://www.walletexplorer.com/wallet/0005fc8fba054f33,ok,,2026-06-27T09:47:24.687811+00:00
14xRPYEX6821A2Apos3PfWo7xH5GdbBq5v,0025d633f88ba307,[0025d633f8],https://www.walletexplorer.com/wallet/0025d633f88ba307,ok,,2026-06-27T09:47:25.654698+00:00
1AKgS3D2zfN7JCgZEq5TxXGF9AZLMDA4SD,0005fc8fba054f33,[0005fc8fba],https://www.walletexplorer.com/wallet/0005fc8fba054f33,ok,,2026-06-27T09:47:26.291416+00:00
1KZjcdBu3W62ZHqhBSCECBwdAbhFbqpufd,0025d633f88ba307,[0025d633f8],https://www.walletexplorer.com/wallet/0025d633f88ba307,ok,,2026-06-27T09:47:26.932516+00:00
15kpJcA7oR2in155K9frgSSDf2g5mbk8oh,0025d633f88ba307,[0025d633f8],https://www.walletexplorer.com/wallet/0025d633f88ba307,ok,,2026-06-27T09:47:27.750830+00:00
176ZhxA6hCQXia6Ppv98rFhmVQj4f8obGg,1f4985e6315eceac,[1f4985e631],https://www.walletexplorer.com/wallet/1f4985e6315eceac,ok,,2026-06-27T09:47:28.245558+00:00
1LMa7ESZwE5et71fWtXrdm3VKJBh1b6Mbv,08b04c2588cbdc12,[08b04c2588],https://www.walletexplorer.com/wallet/08b04c2588cbdc12,ok,,2026-06-27T09:47:28.785572+00:00
1BAEjd9vB1FDS2fXoXKDfZkCsZQvEtzt15,0025d633f88ba307,[0025d633f8],https://www.walletexplorer.com/wallet/0025d633f88ba307,ok,,2026-06-27T09:47:29.302801+00:00
1JAHnGi3kt7PQYsF7A19AWi4SEZANbFG9g,076c98afa3a9f36c,[076c98afa3],https://www.walletexplorer.com/wallet/076c98afa3a9f36c,ok,,2026-06-27T09:47:29.844757+00:00
1KvbYekvDmx659RTY6JEYKuGYDUDwxWFJx,0025d633f88ba307,[0025d633f8],https://www.walletexplorer.com/wallet/0025d633f88ba307,ok,,2026-06-27T09:47:30.350133+00:00
13WQ8DH1ScLy7d4UGyB3hNcnJKpvZawPeq,0025d633f88ba307,[0025d633f8],https://www.walletexplorer.com/wallet/0025d633f88ba307,ok,,2026-06-27T09:47:30.830854+00:00
1ETx3QCp979evRpMn7anfzHTaunjd8SDSL,0025d633f88ba307,[0025d633f8],https://www.walletexplorer.com/wallet/0025d633f88ba307,ok,,2026-06-27T09:47:31.338213+00:00
1PoyN3SHTR4R9b48C9TERDtX3rroFCrGaX,e7c2a9cdc88ac081,[e7c2a9cdc8],https://www.walletexplorer.com/wallet/e7c2a9cdc88ac081,ok,,2026-06-27T09:47:31.878921+00:00
1GNnmXwUTkNRoqiLojcaXj6hcmgj1ZhBVr,0025d633f88ba307,[0025d633f8],https://www.walletexplorer.com/wallet/0025d633f88ba307,ok,,2026-06-27T09:47:32.433550+00:00
1Hpcm1RWLBDoCRVhwHU5nW9KyomTZ1WS24,0025d633f88ba307,[0025d633f8],https://www.walletexplorer.com/wallet/0025d633f88ba307,ok,,2026-06-27T09:47:32.961190+00:00
1GKBR6xWWQFTdt5B9f6ZRcSxuCoBEygKLR,0025d633f88ba307,[0025d633f8],https://www.walletexplorer.com/wallet/0025d633f88ba307,ok,,2026-06-27T09:47:33.458510+00:00
1LnBhsWF7nZQa5hcGTAWqFKJoRdpXmLHaQ,0025d633f88ba307,[0025d633f8],https://www.walletexplorer.com/wallet/0025d633f88ba307,ok,,2026-06-27T09:47:34.013127+00:00
1K45KZHtQi8Nk7Zto2NPdY2saFJ1vJdTtq,0025d633f88ba307,[0025d633f8],https://www.walletexplorer.com/wallet/0025d633f88ba307,ok,,2026-06-27T09:47:34.556699+00:00
1Cv3rAqtGPqnmBf4uFj3CnHaXFZ9kMhrbB,0005fc8fba054f33,[0005fc8fba],https://www.walletexplorer.com/wallet/0005fc8fba054f33,ok,,2026-06-27T09:47:35.067417+00:00
1FCNhsgbSiXuUKCwb7YiF2EkVcpAiZcwHv,0025d633f88ba307,[0025d633f8],https://www.walletexplorer.com/wallet/0025d633f88ba307,ok,,2026-06-27T09:47:35.639351+00:00
1AU6KQKiJAfPqCxs8DGWeREkd9P9tsj5cy,0025d633f88ba307,[0025d633f8],https://www.walletexplorer.com/wallet/0025d633f88ba307,ok,,2026-06-27T09:47:36.146230+00:00
15z93dVYzUsWrwKzghxN9a2QJq7PBZ3CrQ,0025d633f88ba307,[0025d633f8],https://www.walletexplorer.com/wallet/0025d633f88ba307,ok,,2026-06-27T09:47:36.730786+00:00
1LsDNNhJAYoHSSFDnNW4mf4Z1QTGcEX7cw,08b04c2588cbdc12,[08b04c2588],https://www.walletexplorer.com/wallet/08b04c2588cbdc12,ok,,2026-06-27T09:47:37.321505+00:00
1J8ejkds5W2AbszZRXHqubQ6aApfbXDdyi,0005fc8fba054f33,[0005fc8fba],https://www.walletexplorer.com/wallet/0005fc8fba054f33,ok,,2026-06-27T09:47:37.815690+00:00
1L27gau5VXtn2wyzWcdq9qcDDGFjtRxhpY,0025d633f88ba307,[0025d633f8],https://www.walletexplorer.com/wallet/0025d633f88ba307,ok,,2026-06-27T09:47:38.398595+00:00
1LwZBVoQ14ADnFA6XwKi7QVLQG5fwEoNFV,01975b1c9bd6985d,[01975b1c9b],https://www.walletexplorer.com/wallet/01975b1c9bd6985d,ok,,2026-06-27T09:47:38.927577+00:00
13xPoyyQmJ7JBCAPFJ87pAC4pmhVH3Tvtk,0012ea9acfdf3b20,[0012ea9acf],https://www.walletexplorer.com/wallet/0012ea9acfdf3b20,ok,,2026-06-27T09:47:39.461336+00:00
1RJoGrd1yPhkbzWPkN42L6UCK8PKtp7nG,0025d633f88ba307,[0025d633f8],https://www.walletexplorer.com/wallet/0025d633f88ba307,ok,,2026-06-27T09:47:39.950894+00:00
12ZgpfXhrHADDNcnyPAAYyDvN1mKWyjgsJ,0025d633f88ba307,[0025d633f8],https://www.walletexplorer.com/wallet/0025d633f88ba307,ok,,2026-06-27T09:47:40.467272+00:00
1MmS72NxGwnob5k96WEhH2oaTzYsnjdeyQ,0025d633f88ba307,[0025d633f8],https://www.walletexplorer.com/wallet/0025d633f88ba307,ok,,2026-06-27T09:47:41.016244+00:00
1BR9tY7Ei7Ey4Z9pCoB3C1jzmLoStA9pPE,0005fc8fba054f33,[0005fc8fba],https://www.walletexplorer.com/wallet/0005fc8fba054f33,ok,,2026-06-27T09:47:41.567067+00:00
1P588HFmjyBh7scZt8HAxYrm4JjZr8DUvR,0190f037e8e03128,[0190f037e8],https://www.walletexplorer.com/wallet/0190f037e8e03128,ok,,2026-06-27T09:47:42.093075+00:00
1BndrgjBmsFbCunjF5arc1dpCuKG4DpJjx,0025d633f88ba307,[0025d633f8],https://www.walletexplorer.com/wallet/0025d633f88ba307,ok,,2026-06-27T09:47:42.610055+00:00
1KKq9a7B9fop4kFQkknmkdBtVaUAHkYrQQ,0025d633f88ba307,[0025d633f8],https://www.walletexplorer.com/wallet/0025d633f88ba307,ok,,2026-06-27T09:47:43.158855+00:00
17aLaoFXykx5isUqwKE5uaGL8Z5iDjvByh,01824c0e48c13d9a,[01824c0e48],https://www.walletexplorer.com/wallet/01824c0e48c13d9a,ok,,2026-06-27T09:47:43.662174+00:00
15FqFmyBC7tS8yUdrYQRX2CZCp86AsycTH,04137269e64be293,[04137269e6],https://www.walletexplorer.com/wallet/04137269e64be293,ok,,2026-06-27T09:47:44.264353+00:00
19KghcejFdeSfNzgLaKwzsMMRhurhzMJyT,0025d633f88ba307,[0025d633f8],https://www.walletexplorer.com/wallet/0025d633f88ba307,ok,,2026-06-27T09:47:44.790721+00:00
13dT7Xthf484NMV6r6PvjsSsL83kehpXfE,0025d633f88ba307,[0025d633f8],https://www.walletexplorer.com/wallet/0025d633f88ba307,ok,,2026-06-27T09:47:45.325578+00:00
1Q2TVUm3GFNJKafxZ2vw9RKYXd592iZaAX,0025d633f88ba307,[0025d633f8],https://www.walletexplorer.com/wallet/0025d633f88ba307,ok,,2026-06-27T09:47:45.867575+00:00
15fdekvUE32p9mf6cmShjqLGJMXt4X9E2k,0025d633f88ba307,[0025d633f8],https://www.walletexplorer.com/wallet/0025d633f88ba307,ok,,2026-06-27T09:47:46.410045+00:00
1DtbXxiebrdvr67KNtAebCXdcCb2LtKkhx,0025d633f88ba307,[0025d633f8],https://www.walletexplorer.com/wallet/0025d633f88ba307,ok,,2026-06-27T09:47:46.935083+00:00
1LSKXKGJJnS21TgXwinnDCVbqJrAt4TwQu,0025d633f88ba307,[0025d633f8],https://www.walletexplorer.com/wallet/0025d633f88ba307,ok,,2026-06-27T09:47:47.461027+00:00
18iX3b8MnAMtDBCgkg8VJB88oAtyExoki9,0025d633f88ba307,[0025d633f8],https://www.walletexplorer.com/wallet/0025d633f88ba307,ok,,2026-06-27T09:47:47.986763+00:00
1EHDdyBAPVgkpX4fep57ggiorGovka6gFH,0005fc8fba054f33,[0005fc8fba],https://www.walletexplorer.com/wallet/0005fc8fba054f33,ok,,2026-06-27T09:47:48.492360+00:00
1FFibPaxjU38oaABwxuvqB97gDGrv4GL6W,0056d09c06d2d948,[0056d09c06],https://www.walletexplorer.com/wallet/0056d09c06d2d948,ok,,2026-06-27T09:47:49.053761+00:00
14dW6tTBTgwaDjVGjuk9Ue4ehivPmxQcFp,a77177ac44ceff91,[a77177ac44],https://www.walletexplorer.com/wallet/a77177ac44ceff91,ok,,2026-06-27T09:47:49.576095+00:00
1BkGywhiTzTLc7HyKwFYRM1kj7QcD7RpJq,0025d633f88ba307,[0025d633f8],https://www.walletexplorer.com/wallet/0025d633f88ba307,ok,,2026-06-27T09:47:50.094578+00:00
18xPF2MF8W774WGgB77Be34SDcisqFiFcP,0025d633f88ba307,[0025d633f8],https://www.walletexplorer.com/wallet/0025d633f88ba307,ok,,2026-06-27T09:47:50.661369+00:00
1451LvmgCwbds6NzydmJgwQdsW1F8DnW8g,703e0a46b6cb55ca,[703e0a46b6],https://www.walletexplorer.com/wallet/703e0a46b6cb55ca,ok,,2026-06-27T09:47:51.126378+00:00
1CuhoAsreBV4pdBXsSLC3zFDc6RQnDeats,01824c0e48c13d9a,[01824c0e48],https://www.walletexplorer.com/wallet/01824c0e48c13d9a,ok,,2026-06-27T09:47:51.671754+00:00
19Ff5jbMqvPSHtSwuSP24rjWRKWefm7A53,0005fc8fba054f33,[0005fc8fba],https://www.walletexplorer.com/wallet/0005fc8fba054f33,ok,,2026-06-27T09:47:52.185317+00:00
15sVtTP1CZhTqSd1M6bo3vXmWQ4ksuMUKP,0025d633f88ba307,[0025d633f8],https://www.walletexplorer.com/wallet/0025d633f88ba307,ok,,2026-06-27T09:47:52.702361+00:00
13yGYqfgGMK3MCXvfdEFyXdb2J5kZic2DP,0056d09c06d2d948,[0056d09c06],https://www.walletexplorer.com/wallet/0056d09c06d2d948,ok,,2026-06-27T09:47:53.193222+00:00
1MrUbkBV5i6PtMBegTV1LG6xGh7NpGZXiY,0025d633f88ba307,[0025d633f8],https://www.walletexplorer.com/wallet/0025d633f88ba307,ok,,2026-06-27T09:47:53.736059+00:00
18D6QRnDdezgHHxa5JYsLNJafZCNgFci7P,0012ea9acfdf3b20,[0012ea9acf],https://www.walletexplorer.com/wallet/0012ea9acfdf3b20,ok,,2026-06-27T09:47:54.270154+00:00
1NrP6HX6MXvD6Zp59o6nM84spBCb7D1Qfx,f982a43c888cf265,[f982a43c88],https://www.walletexplorer.com/wallet/f982a43c888cf265,ok,,2026-06-27T09:47:54.792454+00:00
19rwCDzsBz5Jj6aUrYphxxmJ9Gszo4PSG1,0005fc8fba054f33,[0005fc8fba],https://www.walletexplorer.com/wallet/0005fc8fba054f33,ok,,2026-06-27T09:47:55.314090+00:00
1Hp63nsmCuPvSTJdGptvPiTn8APottCvZp,0025d633f88ba307,[0025d633f8],https://www.walletexplorer.com/wallet/0025d633f88ba307,ok,,2026-06-27T09:47:55.841044+00:00
18vdDsQ5eroPkSmtMx2LR1Nzy7MHHkuEoc,0012ea9acfdf3b20,[0012ea9acf],https://www.walletexplorer.com/wallet/0012ea9acfdf3b20,ok,,2026-06-27T09:47:56.352530+00:00
1KMa46psCkDGxUURgv9FJPbBvf95msnNcs,0025d633f88ba307,[0025d633f8],https://www.walletexplorer.com/wallet/0025d633f88ba307,ok,,2026-06-27T09:47:56.925099+00:00
1CupU5KrupCnwKJuURUpvxGpX3Ch5q8ksg,0025d633f88ba307,[0025d633f8],https://www.walletexplorer.com/wallet/0025d633f88ba307,ok,,2026-06-27T09:47:57.664799+00:00
1DqJb9xDXbSJv7yzXpaXHipk1R5rtoT83m,0025d633f88ba307,[0025d633f8],https://www.walletexplorer.com/wallet/0025d633f88ba307,ok,,2026-06-27T09:47:58.141555+00:00
1BPs9viWdgww9cgFFZreiZrPgR4EJf38jp,0025d633f88ba307,[0025d633f8],https://www.walletexplorer.com/wallet/0025d633f88ba307,ok,,2026-06-27T09:47:58.695756+00:00
15kAtEFoMRvVy488RhUcxETZgacCdFydrJ,0012ea9acfdf3b20,[0012ea9acf],https://www.walletexplorer.com/wallet/0012ea9acfdf3b20,ok,,2026-06-27T09:47:59.533346+00:00
12MSo8jR6G8k6uL9jLGLuAWZWfgMjNqvKT,0012ea9acfdf3b20,[0012ea9acf],https://www.walletexplorer.com/wallet/0012ea9acfdf3b20,ok,,2026-06-27T09:48:00.075857+00:00
1Br6Ms7EdVmRvFbFYEorBHDSK5PUpMGDPC,01975b1c9bd6985d,[01975b1c9b],https://www.walletexplorer.com/wallet/01975b1c9bd6985d,ok,,2026-06-27T09:48:00.610748+00:00
1TXbQgWauo2a48d3DAMxA1oD1s6NjoG6d,0025d633f88ba307,[0025d633f8],https://www.walletexplorer.com/wallet/0025d633f88ba307,ok,,2026-06-27T09:48:01.126083+00:00
1J13SCQ1e2hAGJKfmRo1g96mVeLwyGK8cf,0025d633f88ba307,[0025d633f8],https://www.walletexplorer.com/wallet/0025d633f88ba307,ok,,2026-06-27T09:48:01.651413+00:00
12rrwDfrcqR6zdqprrDYmgNrsxtygMAPGH,0005fc8fba054f33,[0005fc8fba],https://www.walletexplorer.com/wallet/0005fc8fba054f33,ok,,2026-06-27T09:48:02.178772+00:00
1PMjhSCBDXAC4zsdDc6E1ZaThEQTamDnF9,076c98afa3a9f36c,[076c98afa3],https://www.walletexplorer.com/wallet/076c98afa3a9f36c,ok,,2026-06-27T09:48:02.816921+00:00
1GCeX6A7jYBNgAWL2F5aCQ4a7GvMR1zcWS,0025d633f88ba307,[0025d633f8],https://www.walletexplorer.com/wallet/0025d633f88ba307,ok,,2026-06-27T09:48:03.414779+00:00
15QCULhJSRfyT7AcYZKjfNNwrR4B9dTPAr,0025d633f88ba307,[0025d633f8],https://www.walletexplorer.com/wallet/0025d633f88ba307,ok,,2026-06-27T09:48:03.978732+00:00
1JBtACk3bRDTzYoqKZg9B8z5XAcM4XmxRy,0025d633f88ba307,[0025d633f8],https://www.walletexplorer.com/wallet/0025d633f88ba307,ok,,2026-06-27T09:48:04.507687+00:00
1AnRmfs1pHKxYuSgk4McaFA6zH7pZTqzWY,0025d633f88ba307,[0025d633f8],https://www.walletexplorer.com/wallet/0025d633f88ba307,ok,,2026-06-27T09:48:05.103001+00:00
1CDqyTB5W7rfFqYxpHo5DEAo3fMjQh8pKN,05ea1b37bf572904,[05ea1b37bf],https://www.walletexplorer.com/wallet/05ea1b37bf572904,ok,,2026-06-27T09:48:05.663037+00:00
17VoCmZEsYFQqSQqH2UVq7WwtTvJ8TW1Vx,0025d633f88ba307,[0025d633f8],https://www.walletexplorer.com/wallet/0025d633f88ba307,ok,,2026-06-27T09:48:06.179465+00:00
1PiGbXKuSWXcoWzad1drrCDypxFE81rKcZ,0034af3f003e10be,[0034af3f00],https://www.walletexplorer.com/wallet/0034af3f003e10be,ok,,2026-06-27T09:48:06.682335+00:00
195Asr615N4puLN9FK1JSofFDLC5jiZSmt,84bc0d95adf6150f,[84bc0d95ad],https://www.walletexplorer.com/wallet/84bc0d95adf6150f,ok,,2026-06-27T09:48:07.241076+00:00
13cGpueiYQ3cPcebtBWS8uCaWuioz5nEP1,0025d633f88ba307,[0025d633f8],https://www.walletexplorer.com/wallet/0025d633f88ba307,ok,,2026-06-27T09:48:07.746552+00:00
15j4CibBnBMPMEWx9TZN7dfKuowdW9BkCf,f497a2dec55a9e49,[f497a2dec5],https://www.walletexplorer.com/wallet/f497a2dec55a9e49,ok,,2026-06-27T09:48:08.256573+00:00
1PHX6Qy9JtgvQeDshqx4yw3gV3a3VM5fLg,0025d633f88ba307,[0025d633f8],https://www.walletexplorer.com/wallet/0025d633f88ba307,ok,,2026-06-27T09:48:08.784377+00:00
1GhFYE6HCtPRWXBgwK99oZF1pFEUBJ5fsF,0025d633f88ba307,[0025d633f8],https://www.walletexplorer.com/wallet/0025d633f88ba307,ok,,2026-06-27T09:48:09.446989+00:00
1MHbDqCXXp1asgHRMs9gLtiMQq3EU1qsLH,0025d633f88ba307,[0025d633f8],https://www.walletexplorer.com/wallet/0025d633f88ba307,ok,,2026-06-27T09:48:09.920898+00:00
1NQUBiztsoJY4J94xVPP4Atx3jRPbW8yxr,0025d633f88ba307,[0025d633f8],https://www.walletexplorer.com/wallet/0025d633f88ba307,ok,,2026-06-27T09:48:10.432078+00:00
19xXWzoPT4vbL8sxVSvvAUQA3jrWnXFXn2,0025d633f88ba307,[0025d633f8],https://www.walletexplorer.com/wallet/0025d633f88ba307,ok,,2026-06-27T09:48:10.962738+00:00
13Wu5cMtgzZh6S1EhiF1xFf7LQqiJmxZ57,0025d633f88ba307,[0025d633f8],https://www.walletexplorer.com/wallet/0025d633f88ba307,ok,,2026-06-27T09:48:11.495498+00:00
1AXEvW7QrgczHmH7RcdEizHD6ez7XxhwAf,0025d633f88ba307,[0025d633f8],https://www.walletexplorer.com/wallet/0025d633f88ba307,ok,,2026-06-27T09:48:12.024551+00:00
1HvrWA9WVMnZXQXvKpkMpsGuj8cFFd1Z7e,0025d633f88ba307,[0025d633f8],https://www.walletexplorer.com/wallet/0025d633f88ba307,ok,,2026-06-27T09:48:12.561046+00:00
19qRkefa2hjJr8F3GBwT7gMeXY5BX1EdDH,0012ea9acfdf3b20,[0012ea9acf],https://www.walletexplorer.com/wallet/0012ea9acfdf3b20,ok,,2026-06-27T09:48:13.120322+00:00
1Myeys4Sx5jVj4NMHrXWVFj4kr9NP1mVA9,0025d633f88ba307,[0025d633f8],https://www.walletexplorer.com/wallet/0025d633f88ba307,ok,,2026-06-27T09:48:13.657171+00:00
17vULCw2waZsozARTB1nyziwqma1WKyg6e,0025d633f88ba307,[0025d633f8],https://www.walletexplorer.com/wallet/0025d633f88ba307,ok,,2026-06-27T09:48:14.199883+00:00
1EooFC9qJ4TPFkGxXYL5e48M6c54X7QMu5,0056d09c06d2d948,[0056d09c06],https://www.walletexplorer.com/wallet/0056d09c06d2d948,ok,,2026-06-27T09:48:14.735500+00:00
1EBzmx8WAGQYCxstSmVktepPjXmVPvTJ2y,0012ea9acfdf3b20,[0012ea9acf],https://www.walletexplorer.com/wallet/0012ea9acfdf3b20,ok,,2026-06-27T09:48:15.253279+00:00
1Ngp9aGKZGAqKm4Un6n5LDAH3W8UUEhNEm,0005fc8fba054f33,[0005fc8fba],https://www.walletexplorer.com/wallet/0005fc8fba054f33,ok,,2026-06-27T09:48:16.010566+00:00
1QLC5akKb5dAr2mDxvfWymEKDQ9PjUbVAa,0025d633f88ba307,[0025d633f8],https://www.walletexplorer.com/wallet/0025d633f88ba307,ok,,2026-06-27T09:48:16.564548+00:00
1PLNr3yGGmc7DuCCqbfhE5YvK2C5JnTPNN,0056d09c06d2d948,[0056d09c06],https://www.walletexplorer.com/wallet/0056d09c06d2d948,ok,,2026-06-27T09:48:17.114548+00:00
125LPXGKBgVw6DZnST5aAGvHFY78N9xNMg,0025d633f88ba307,[0025d633f8],https://www.walletexplorer.com/wallet/0025d633f88ba307,ok,,2026-06-27T09:48:17.619631+00:00
1PiCaEzJqF8NhnEDV6j6ZiBM1aoAZZx35K,0025d633f88ba307,[0025d633f8],https://www.walletexplorer.com/wallet/0025d633f88ba307,ok,,2026-06-27T09:48:18.143638+00:00
1GpWt9avoG9XUvdwrNrFKcmHX6UiSqbkG6,0025d633f88ba307,[0025d633f8],https://www.walletexplorer.com/wallet/0025d633f88ba307,ok,,2026-06-27T09:48:18.690817+00:00
17Ndwtc7kncjri4ciNq4JQwR5dMuaysR8x,0005fc8fba054f33,[0005fc8fba],https://www.walletexplorer.com/wallet/0005fc8fba054f33,ok,,2026-06-27T09:48:19.209161+00:00
1JCdDprx1xJjMcufd9qFeDwBqkRWmuHnRM,0005fc8fba054f33,[0005fc8fba],https://www.walletexplorer.com/wallet/0005fc8fba054f33,ok,,2026-06-27T09:48:19.895334+00:00
1PtwWs5aPw5F93A5SGhvJwada8xSqr71SS,0034af3f003e10be,[0034af3f00],https://www.walletexplorer.com/wallet/0034af3f003e10be,ok,,2026-06-27T09:48:20.651386+00:00
12zjpCVDquMkZ25zMPridPgs2EtWTmSWNS,0025d633f88ba307,[0025d633f8],https://www.walletexplorer.com/wallet/0025d633f88ba307,ok,,2026-06-27T09:48:21.163901+00:00
18xUBSHrBBFLrR7RbBnzSu7176aVJjvhs8,0012ea9acfdf3b20,[0012ea9acf],https://www.walletexplorer.com/wallet/0012ea9acfdf3b20,ok,,2026-06-27T09:48:21.673214+00:00
1BkUZf6XoCz3UMJEiW7qyabbycaAXbBL2n,0025d633f88ba307,[0025d633f8],https://www.walletexplorer.com/wallet/0025d633f88ba307,ok,,2026-06-27T09:48:22.262411+00:00
1Ni4s6jRE2BPaQ8A9owP1hjeaf6UwhXuvP,0025d633f88ba307,[0025d633f8],https://www.walletexplorer.com/wallet/0025d633f88ba307,ok,,2026-06-27T09:48:22.855763+00:00
1FXtjebkPLyu4va1BY3drJMXodHzs7KniX,0012ea9acfdf3b20,[0012ea9acf],https://www.walletexplorer.com/wallet/0012ea9acfdf3b20,ok,,2026-06-27T09:48:23.706526+00:00
1AoWvKNNxJjJAJtwXB5JwAEagzvGJnwsrB,0025d633f88ba307,[0025d633f8],https://www.walletexplorer.com/wallet/0025d633f88ba307,ok,,2026-06-27T09:48:24.309064+00:00
1Am2455ZWZzizvmt4eEzhnWTzTqePwq3ys,0025d633f88ba307,[0025d633f8],https://www.walletexplorer.com/wallet/0025d633f88ba307,ok,,2026-06-27T09:48:25.116163+00:00
1EeDnktM2N3CUgxJdZdu2pcSmXyKGze3ta,0005fc8fba054f33,[0005fc8fba],https://www.walletexplorer.com/wallet/0005fc8fba054f33,ok,,2026-06-27T09:48:25.666304+00:00
15c22sb5KUhywJvMaRLwBCEFiUSUB5v88E,0025d633f88ba307,[0025d633f8],https://www.walletexplorer.com/wallet/0025d633f88ba307,ok,,2026-06-27T09:48:26.275752+00:00
14UzZkDTH53tWQGPgYVQyygCqSTMEaftND,0056d09c06d2d948,[0056d09c06],https://www.walletexplorer.com/wallet/0056d09c06d2d948,ok,,2026-06-27T09:48:27.084002+00:00
1KG6rau4pbJJ3gHkjsPZL7wqNCHUYMAQiR,0005fc8fba054f33,[0005fc8fba],https://www.walletexplorer.com/wallet/0005fc8fba054f33,ok,,2026-06-27T09:48:27.632496+00:00
1F7fQMFXaKcdMkZsXD4XZBmFwzTP9erYks,0005fc8fba054f33,[0005fc8fba],https://www.walletexplorer.com/wallet/0005fc8fba054f33,ok,,2026-06-27T09:48:28.168934+00:00
1FZaLCXtkDQxn19NeyTjW3hJEbaqmVttUj,01975b1c9bd6985d,[01975b1c9b],https://www.walletexplorer.com/wallet/01975b1c9bd6985d,ok,,2026-06-27T09:48:28.713705+00:00
19KieDCCrCyUKhirPb9fCPWiZp1r2Yaxgh,1cf41917f6e6d11f,[1cf41917f6],https://www.walletexplorer.com/wallet/1cf41917f6e6d11f,ok,,2026-06-27T09:48:29.236933+00:00
121EcyMRGY1FjAZJF9SnVJsZKpY8MUcRYM,0056d09c06d2d948,[0056d09c06],https://www.walletexplorer.com/wallet/0056d09c06d2d948,ok,,2026-06-27T09:48:29.784097+00:00
19tYJ6ab7fPX84U96UzhEvWBwSJmwHEEs9,0025d633f88ba307,[0025d633f8],https://www.walletexplorer.com/wallet/0025d633f88ba307,ok,,2026-06-27T09:48:30.320995+00:00
1FsSgLu2pCfGshMvUFQ8Lvs79hh1iAbUDG,5d2832e9254ed346,[5d2832e925],https://www.walletexplorer.com/wallet/5d2832e9254ed346,ok,,2026-06-27T09:48:30.845968+00:00
193XqmtN2NHZqjHuMnm4AyzzGaXdLs8Gn7,0025d633f88ba307,[0025d633f8],https://www.walletexplorer.com/wallet/0025d633f88ba307,ok,,2026-06-27T09:48:31.425649+00:00
1MZxZMFKA7qoPkUDLdrDd1nHANxSnc84cJ,0025d633f88ba307,[0025d633f8],https://www.walletexplorer.com/wallet/0025d633f88ba307,ok,,2026-06-27T09:48:31.982128+00:00
17zWmY5H1wuEBvWFvhPX4k1TPwg4Z6LzDr,0025d633f88ba307,[0025d633f8],https://www.walletexplorer.com/wallet/0025d633f88ba307,ok,,2026-06-27T09:48:32.523567+00:00
1EDRBS6jC3qSz7ECh35wMCTrvaV1V2cVRs,0025d633f88ba307,[0025d633f8],https://www.walletexplorer.com/wallet/0025d633f88ba307,ok,,2026-06-27T09:48:33.031242+00:00
169YF7oeUuPMj1voDBJjSj9p4YHGKt1hyB,0025d633f88ba307,[0025d633f8],https://www.walletexplorer.com/wallet/0025d633f88ba307,ok,,2026-06-27T09:48:33.539456+00:00
1EoCZSHve1AKjSgcE6XVVLceV1ZwLRvqRb,0025d633f88ba307,[0025d633f8],https://www.walletexplorer.com/wallet/0025d633f88ba307,ok,,2026-06-27T09:48:34.189519+00:00
17pdiw6DhTSZm4Y3L5aRURVQGSgd4cpC8b,0025d633f88ba307,[0025d633f8],https://www.walletexplorer.com/wallet/0025d633f88ba307,ok,,2026-06-27T09:48:34.751623+00:00
1KWo6XRfYNkBWUouDASpWSGdbbq4Pf5Lsq,0025d633f88ba307,[0025d633f8],https://www.walletexplorer.com/wallet/0025d633f88ba307,ok,,2026-06-27T09:48:35.231547+00:00
199MnWxfrqtUnvXADvbrrx1FTyALwF2pgV,0005fc8fba054f33,[0005fc8fba],https://www.walletexplorer.com/wallet/0005fc8fba054f33,ok,,2026-06-27T09:48:35.783118+00:00
1AzH26giKMt4PX8pdEhApBgJ5yZCo9ybt3,0025d633f88ba307,[0025d633f8],https://www.walletexplorer.com/wallet/0025d633f88ba307,ok,,2026-06-27T09:48:36.295044+00:00
13SbndUWj4VPJExWdHLo4grainTft2iwsg,0005fc8fba054f33,[0005fc8fba],https://www.walletexplorer.com/wallet/0005fc8fba054f33,ok,,2026-06-27T09:48:36.826953+00:00
1Eohyiejwrbi1rHaMKCDYmRh7RMQVHzYhc,0025d633f88ba307,[0025d633f8],https://www.walletexplorer.com/wallet/0025d633f88ba307,ok,,2026-06-27T09:48:37.344804+00:00
1JiCVqQRC5rveUHQQatABJuxVKGiE18VDq,0025d633f88ba307,[0025d633f8],https://www.walletexplorer.com/wallet/0025d633f88ba307,ok,,2026-06-27T09:48:37.897241+00:00
1MxWViE3hiwQApDJt6SojHo7Q7nQbj2vHA,0025d633f88ba307,[0025d633f8],https://www.walletexplorer.com/wallet/0025d633f88ba307,ok,,2026-06-27T09:48:38.445814+00:00
18FpEcRhbyMnLTxKx9MVxWX96WUC8hmeuH,a2bf0cc525054efc,[a2bf0cc525],https://www.walletexplorer.com/wallet/a2bf0cc525054efc,ok,,2026-06-27T09:48:38.971316+00:00
1HtJ9m9wmJp1ip3PxJgzQqo1FUtpWvsfrX,0025d633f88ba307,[0025d633f8],https://www.walletexplorer.com/wallet/0025d633f88ba307,ok,,2026-06-27T09:48:39.524487+00:00
18BvydcSttsEqrMnKQznfVLj1DWvT4XW6r,0025d633f88ba307,[0025d633f8],https://www.walletexplorer.com/wallet/0025d633f88ba307,ok,,2026-06-27T09:48:40.127304+00:00
1KATrPhpUGgRgnC2fQsGTfSVpiiek8DxZm,0005fc8fba054f33,[0005fc8fba],https://www.walletexplorer.com/wallet/0005fc8fba054f33,ok,,2026-06-27T09:48:40.669475+00:00
13EKLhoEpqdSFsMwyYu2Ub2W7SBzneDHWF,0025d633f88ba307,[0025d633f8],https://www.walletexplorer.com/wallet/0025d633f88ba307,ok,,2026-06-27T09:48:41.214924+00:00
19w14VZU9GaF23h2CgsHhajUq5eKcT8QGF,0005fc8fba054f33,[0005fc8fba],https://www.walletexplorer.com/wallet/0005fc8fba054f33,ok,,2026-06-27T09:48:41.748912+00:00
1CweheV6vQyBFCXH51gAMpbM5YkqgSHwsf,01975b1c9bd6985d,[01975b1c9b],https://www.walletexplorer.com/wallet/01975b1c9bd6985d,ok,,2026-06-27T09:48:42.270593+00:00
1BmpnweoSvbJ8h8AXZGnJFFbwpvNTL25NL,0025d633f88ba307,[0025d633f8],https://www.walletexplorer.com/wallet/0025d633f88ba307,ok,,2026-06-27T09:48:42.831542+00:00
18898tyjKW47bkdB9hVRtzxBptwQGWnw1n,0056d09c06d2d948,[0056d09c06],https://www.walletexplorer.com/wallet/0056d09c06d2d948,ok,,2026-06-27T09:48:43.374530+00:00
1HPkuUd6Hspf6tYk75N39iFsCTaEf8Vjcd,0025d633f88ba307,[0025d633f8],https://www.walletexplorer.com/wallet/0025d633f88ba307,ok,,2026-06-27T09:48:43.904775+00:00
132b2M98yKS3Uyh2MdU4AbcDnJfxBHhBeX,0025d633f88ba307,[0025d633f8],https://www.walletexplorer.com/wallet/0025d633f88ba307,ok,,2026-06-27T09:48:44.450517+00:00
17TQc62nCnSpi6YEqrTivTUqmzA2CCwn9A,a1ca23a2f0be5205,[a1ca23a2f0],https://www.walletexplorer.com/wallet/a1ca23a2f0be5205,ok,,2026-06-27T09:48:44.998757+00:00
1Q6RqKmmhbeT3ZaGWNUDQfVr9MUM34Arxm,0025d633f88ba307,[0025d633f8],https://www.walletexplorer.com/wallet/0025d633f88ba307,ok,,2026-06-27T09:48:45.605507+00:00
1C168AQe4ZXPpXBn33D468A41JfzXYBLQ4,0025d633f88ba307,[0025d633f8],https://www.walletexplorer.com/wallet/0025d633f88ba307,ok,,2026-06-27T09:48:46.250051+00:00
1KMWmvt3V9D8U5UQVSJBkuo2w6Bc8r9Tpc,0025d633f88ba307,[0025d633f8],https://www.walletexplorer.com/wallet/0025d633f88ba307,ok,,2026-06-27T09:48:46.801591+00:00
1CC8cH7GG49k26XUq7DTsR2MynuURSjMpg,0012ea9acfdf3b20,[0012ea9acf],https://www.walletexplorer.com/wallet/0012ea9acfdf3b20,ok,,2026-06-27T09:48:48.610050+00:00
1AxPPn84W47csHFUZriQwZ1VqDKVjAyDak,0005fc8fba054f33,[0005fc8fba],https://www.walletexplorer.com/wallet/0005fc8fba054f33,ok,,2026-06-27T09:48:49.851775+00:00
15joiNY6w9BZkeowrCeyUNwCmXci7JpDje,0005fc8fba054f33,[0005fc8fba],https://www.walletexplorer.com/wallet/0005fc8fba054f33,ok,,2026-06-27T09:48:50.408489+00:00
144VJeVWdZhznEvBLTExdhBnSbgBDnCHhh,0005fc8fba054f33,[0005fc8fba],https://www.walletexplorer.com/wallet/0005fc8fba054f33,ok,,2026-06-27T09:48:50.991127+00:00
19FyTzvk4tjRA9yrd5JugdcxVaV27x2Ay,4b1186d3134afd21,[4b1186d313],https://www.walletexplorer.com/wallet/4b1186d3134afd21,ok,,2026-06-27T09:48:51.562980+00:00
1GsKGqSPADucNe3GAwxsnK61EzyhzKaaS6,0025d633f88ba307,[0025d633f8],https://www.walletexplorer.com/wallet/0025d633f88ba307,ok,,2026-06-27T09:48:52.221849+00:00
1MQ1ESzZhov47YW1iqS4RR9PrhBG8f9Ndq,0005fc8fba054f33,[0005fc8fba],https://www.walletexplorer.com/wallet/0005fc8fba054f33,ok,,2026-06-27T09:48:52.809285+00:00
1A7Hp5ap995ArAojQknvKDZHkSdnY99169,0025d633f88ba307,[0025d633f8],https://www.walletexplorer.com/wallet/0025d633f88ba307,ok,,2026-06-27T09:48:53.357251+00:00
1C75bc9M5puVQ9JAAs67USAnNPtTikqddy,0025d633f88ba307,[0025d633f8],https://www.walletexplorer.com/wallet/0025d633f88ba307,ok,,2026-06-27T09:48:53.885124+00:00
1DXEMnmWXLD4m8ujFcduj3QxBJC1W6kfLa,0025d633f88ba307,[0025d633f8],https://www.walletexplorer.com/wallet/0025d633f88ba307,ok,,2026-06-27T09:48:54.431539+00:00
1F87yZvWNLRKm8U8gtcWUBAXxFArgJwb2Y,0025d633f88ba307,[0025d633f8],https://www.walletexplorer.com/wallet/0025d633f88ba307,ok,,2026-06-27T09:48:54.982448+00:00
16Un5qCCwH87goPfLLKuaHVWBptU4c12J8,0025d633f88ba307,[0025d633f8],https://www.walletexplorer.com/wallet/0025d633f88ba307,ok,,2026-06-27T09:48:55.523657+00:00
1CRAUi2vVBuGwum6rt6uRdPftUrVd5cHo9,fdcac44570cf2667,[fdcac44570],https://www.walletexplorer.com/wallet/fdcac44570cf2667,ok,,2026-06-27T09:48:56.100607+00:00
16ZRhgMp5RkAjSHFLSZJqxj19Li9FymHdq,0056d09c06d2d948,[0056d09c06],https://www.walletexplorer.com/wallet/0056d09c06d2d948,ok,,2026-06-27T09:48:56.679467+00:00
1BPstxKQXrUU9sobfgnLaY63vmVx73b4qr,0025d633f88ba307,[0025d633f8],https://www.walletexplorer.com/wallet/0025d633f88ba307,ok,,2026-06-27T09:48:57.209460+00:00
1276dz8opwNxBNbYVBRHNYo5nsnUANKJNq,0025d633f88ba307,[0025d633f8],https://www.walletexplorer.com/wallet/0025d633f88ba307,ok,,2026-06-27T09:48:57.726934+00:00
1AzhdPgTfBUW9meUMNYWXsU9gqAnFnM1Hy,0025d633f88ba307,[0025d633f8],https://www.walletexplorer.com/wallet/0025d633f88ba307,ok,,2026-06-27T09:48:58.340234+00:00
1FirxGAHruvcMAhsj1M4Y9QYoj68CK7hLP,691c77b521c6867b,[691c77b521],https://www.walletexplorer.com/wallet/691c77b521c6867b,ok,,2026-06-27T09:48:58.882317+00:00
17biGA4mmbvYDvTagZ1V62TJPQLMvR7ocW,0025d633f88ba307,[0025d633f8],https://www.walletexplorer.com/wallet/0025d633f88ba307,ok,,2026-06-27T09:48:59.413830+00:00
1FZQ7dwdtTCEEU2pc1AT73frtsVihGzZud,0025d633f88ba307,[0025d633f8],https://www.walletexplorer.com/wallet/0025d633f88ba307,ok,,2026-06-27T09:48:59.918699+00:00
13VaGyrEw1ofnCUtNvsiKHhQzFjwHGN77F,0025d633f88ba307,[0025d633f8],https://www.walletexplorer.com/wallet/0025d633f88ba307,ok,,2026-06-27T09:49:00.447184+00:00
13o6Z55XAXBoMctF6UR8AFsN3bGphi2djB,0025d633f88ba307,[0025d633f8],https://www.walletexplorer.com/wallet/0025d633f88ba307,ok,,2026-06-27T09:49:00.983076+00:00
1BbbnN4eAURaohWSWnZTwx2ENkvrK9TwTJ,0005fc8fba054f33,[0005fc8fba],https://www.walletexplorer.com/wallet/0005fc8fba054f33,ok,,2026-06-27T09:49:01.550444+00:00
1KvH5q7Yf3k5BkZAnNGsqEYf73NarP2xPZ,0025d633f88ba307,[0025d633f8],https://www.walletexplorer.com/wallet/0025d633f88ba307,ok,,2026-06-27T09:49:02.083310+00:00
17vSV3496Wv26CiEHiViNuUbjZ2aiBykGi,0025d633f88ba307,[0025d633f8],https://www.walletexplorer.com/wallet/0025d633f88ba307,ok,,2026-06-27T09:49:02.733910+00:00
1JfyPRJonGLR3NopmG8QYUhsmxGHkLvEcE,0025d633f88ba307,[0025d633f8],https://www.walletexplorer.com/wallet/0025d633f88ba307,ok,,2026-06-27T09:49:03.317122+00:00
1L8RdtmXur8DrDQt8TgSMTGKbtdJS5kofS,2b8d03dc544c3653,[2b8d03dc54],https://www.walletexplorer.com/wallet/2b8d03dc544c3653,ok,,2026-06-27T09:49:03.864009+00:00
1MpZ5NUwcoQKL5BVx97uRqhYcCgNKnrEMr,0025d633f88ba307,[0025d633f8],https://www.walletexplorer.com/wallet/0025d633f88ba307,ok,,2026-06-27T09:49:04.577975+00:00
1Bn27ZEeZg2THvqJfFEu3aDsDFv34RpCZu,0005fc8fba054f33,[0005fc8fba],https://www.walletexplorer.com/wallet/0005fc8fba054f33,ok,,2026-06-27T09:49:05.086515+00:00
1GDbojeKZF4AKqYCbhGVPj8MkukvbZ4m29,0025d633f88ba307,[0025d633f8],https://www.walletexplorer.com/wallet/0025d633f88ba307,ok,,2026-06-27T09:49:05.637210+00:00
13h3HtkjfjA1rNH4EoABfgoKDFkaGKtskP,3999c7abd2e5be4c,[3999c7abd2],https://www.walletexplorer.com/wallet/3999c7abd2e5be4c,ok,,2026-06-27T09:49:06.159324+00:00
1DdYmKf3rL8zEEdSh1gB8UtSQooRhZEWXZ,0025d633f88ba307,[0025d633f8],https://www.walletexplorer.com/wallet/0025d633f88ba307,ok,,2026-06-27T09:49:06.774732+00:00
14eB863F9QSH1P2oh9nxf8Rzuo999cyqmQ,0025d633f88ba307,[0025d633f8],https://www.walletexplorer.com/wallet/0025d633f88ba307,ok,,2026-06-27T09:49:07.310049+00:00
12ZEshd41FWX2a2wg2V7MrngsSae7bDs1A,0005fc8fba054f33,[0005fc8fba],https://www.walletexplorer.com/wallet/0005fc8fba054f33,ok,,2026-06-27T09:49:07.813331+00:00
1pNDx3L2FzFb2TW52A1KKZRwiyhEm3ijX,0025d633f88ba307,[0025d633f8],https://www.walletexplorer.com/wallet/0025d633f88ba307,ok,,2026-06-27T09:49:08.356359+00:00
152dVkeAuZvwsPUv6cyF9231gcF43AA1b5,0025d633f88ba307,[0025d633f8],https://www.walletexplorer.com/wallet/0025d633f88ba307,ok,,2026-06-27T09:49:08.901398+00:00
1Mscs8T4JMKhuYEDnHTSamYrfCVLsp1knA,0025d633f88ba307,[0025d633f8],https://www.walletexplorer.com/wallet/0025d633f88ba307,ok,,2026-06-27T09:49:09.533888+00:00
15KXoFGdAhzxNNDWq4hL6Komjrhoj5z9Nm,0025d633f88ba307,[0025d633f8],https://www.walletexplorer.com/wallet/0025d633f88ba307,ok,,2026-06-27T09:49:10.065788+00:00
1FqSjsqokyXPCkrEDHNbWHFcJ4JWUvY72H,0025d633f88ba307,[0025d633f8],https://www.walletexplorer.com/wallet/0025d633f88ba307,ok,,2026-06-27T09:49:10.711571+00:00
17x2eUMkAWBFSvff7gijAVakMUhofRTVpa,0012ea9acfdf3b20,[0012ea9acf],https://www.walletexplorer.com/wallet/0012ea9acfdf3b20,ok,,2026-06-27T09:49:11.315999+00:00
1A5VGt3YiS9bAgAwqVRrwuQYkFLYEJmXFk,0025d633f88ba307,[0025d633f8],https://www.walletexplorer.com/wallet/0025d633f88ba307,ok,,2026-06-27T09:49:11.987486+00:00
17qrFo6CEtEWHiAoRMbSLxL5L5h23DLZQd,0025d633f88ba307,[0025d633f8],https://www.walletexplorer.com/wallet/0025d633f88ba307,ok,,2026-06-27T09:49:12.545656+00:00
1CDnRhodqQ3ENRcV9ryey6SXQcNjoh3Lwo,0005fc8fba054f33,[0005fc8fba],https://www.walletexplorer.com/wallet/0005fc8fba054f33,ok,,2026-06-27T09:49:13.068001+00:00
15gfbuMJqEP5oCXKQNd5Kq82EPrCiXFkFb,0005fc8fba054f33,[0005fc8fba],https://www.walletexplorer.com/wallet/0005fc8fba054f33,ok,,2026-06-27T09:49:13.607809+00:00
1EHkzYrH8Kdahv8tzAbxucT6aP6hpkRxKZ,0025d633f88ba307,[0025d633f8],https://www.walletexplorer.com/wallet/0025d633f88ba307,ok,,2026-06-27T09:49:14.155348+00:00
17ScpfBxq8UhcB56Btkbd26Tzjy5VWv1o1,0005fc8fba054f33,[0005fc8fba],https://www.walletexplorer.com/wallet/0005fc8fba054f33,ok,,2026-06-27T09:49:14.691023+00:00
1CfZ37Fk322LQnxrZP1mgePPXaWvbuW4qd,0025d633f88ba307,[0025d633f8],https://www.walletexplorer.com/wallet/0025d633f88ba307,ok,,2026-06-27T09:49:15.186533+00:00
1B3ebG2PTzSksrTdvRs8gc27HeP7jHCHSV,0012ea9acfdf3b20,[0012ea9acf],https://www.walletexplorer.com/wallet/0012ea9acfdf3b20,ok,,2026-06-27T09:49:15.732080+00:00
1MwHckDeWRZbFifzGgrt9Vvj1XZLUM22uS,0034af3f003e10be,[0034af3f00],https://www.walletexplorer.com/wallet/0034af3f003e10be,ok,,2026-06-27T09:49:16.258273+00:00
1DZivYrEozyaCg2FXj5ifUMiAKjRwHZgGx,0005fc8fba054f33,[0005fc8fba],https://www.walletexplorer.com/wallet/0005fc8fba054f33,ok,,2026-06-27T09:49:16.906119+00:00
1Bg7Vob2zTBWP5HRXy4ttDHJ1fgPtHWwat,0005fc8fba054f33,[0005fc8fba],https://www.walletexplorer.com/wallet/0005fc8fba054f33,ok,,2026-06-27T09:49:17.418696+00:00
1KTZmM7WjZAfH1rE8G212hFt8UBg6GfqUG,0025d633f88ba307,[0025d633f8],https://www.walletexplorer.com/wallet/0025d633f88ba307,ok,,2026-06-27T09:49:17.968281+00:00
1A8KA7tn9EkryTW6sAbVbbcBFFC5VLiW6q,0025d633f88ba307,[0025d633f8],https://www.walletexplorer.com/wallet/0025d633f88ba307,ok,,2026-06-27T09:49:18.501635+00:00
1AJ1ubpiWhBZuySLJn3aNcBkHECNjvSUbB,0025d633f88ba307,[0025d633f8],https://www.walletexplorer.com/wallet/0025d633f88ba307,ok,,2026-06-27T09:49:19.019477+00:00
1DQ6rbVYTLcxwPQAfcSTE4oGzKULgvf6J2,0025d633f88ba307,[0025d633f8],https://www.walletexplorer.com/wallet/0025d633f88ba307,ok,,2026-06-27T09:49:19.557917+00:00
1697p1BAprQRvKT7EVqyjGxR6DG1VHrko3,ff7157679b61a897,[ff7157679b],https://www.walletexplorer.com/wallet/ff7157679b61a897,ok,,2026-06-27T09:49:20.072678+00:00
1AwNu3qhGjZUiTQgoQqCDxYhrtrxFhuqxZ,0025d633f88ba307,[0025d633f8],https://www.walletexplorer.com/wallet/0025d633f88ba307,ok,,2026-06-27T09:49:20.622959+00:00
1BzbSdhtBxamkMGsHfETjmoCAUHgy6LA1f,0025d633f88ba307,[0025d633f8],https://www.walletexplorer.com/wallet/0025d633f88ba307,ok,,2026-06-27T09:49:21.176418+00:00
1MCL1Qi3dewac5A3ax67UKRiVg3atBHEjP,0025d633f88ba307,[0025d633f8],https://www.walletexplorer.com/wallet/0025d633f88ba307,ok,,2026-06-27T09:49:21.728031+00:00
1Kn131LhA9m3gx47SeTmX9DfZBFuj1snkS,0025d633f88ba307,[0025d633f8],https://www.walletexplorer.com/wallet/0025d633f88ba307,ok,,2026-06-27T09:49:22.240958+00:00
149miCmrzD6izGqc5ePTLbfYxL45zn9xBR,c7167f115a788e2b,[c7167f115a],https://www.walletexplorer.com/wallet/c7167f115a788e2b,ok,,2026-06-27T09:49:22.943821+00:00
1J68c8iu3WY5Lm8DHtrME78R7eJraYHYmK,ba46c0320b0f3c8b,[ba46c0320b],https://www.walletexplorer.com/wallet/ba46c0320b0f3c8b,ok,,2026-06-27T09:49:23.474874+00:00
18etsLA4mc6TAwwBjitTWtqxi4aWraqbGz,0005fc8fba054f33,[0005fc8fba],https://www.walletexplorer.com/wallet/0005fc8fba054f33,ok,,2026-06-27T09:49:24.033381+00:00
1JSzKvnnGkaxxHrVYPG1uNXmD1yWRN6w9T,0012ea9acfdf3b20,[0012ea9acf],https://www.walletexplorer.com/wallet/0012ea9acfdf3b20,ok,,2026-06-27T09:49:24.567564+00:00
1Pxg5Dqpa9SMjVCAf2fNyZdv2KKS22HPHo,0005fc8fba054f33,[0005fc8fba],https://www.walletexplorer.com/wallet/0005fc8fba054f33,ok,,2026-06-27T09:49:25.077512+00:00
1PVHLpvpLL58fkiJefgMS5Y6r36JnzrmNV,b5732e2f19c374f7,[b5732e2f19],https://www.walletexplorer.com/wallet/b5732e2f19c374f7,ok,,2026-06-27T09:49:25.622384+00:00
1CdAYrREtEygarEKR2zufuusGfytB3prWe,0056d09c06d2d948,[0056d09c06],https://www.walletexplorer.com/wallet/0056d09c06d2d948,ok,,2026-06-27T09:49:26.162612+00:00
14he7QeARxJJYdsKt4CZTRFpqWoLRpGvJV,0025d633f88ba307,[0025d633f8],https://www.walletexplorer.com/wallet/0025d633f88ba307,ok,,2026-06-27T09:49:26.921412+00:00
14MGTKBeHBC7KaTzJFv5rj7bGiLyfV4KYf,0025d633f88ba307,[0025d633f8],https://www.walletexplorer.com/wallet/0025d633f88ba307,ok,,2026-06-27T09:49:27.716941+00:00
13nUcjD5mUELNSNkEwDvZLXHEGRsUzY5Es,0025d633f88ba307,[0025d633f8],https://www.walletexplorer.com/wallet/0025d633f88ba307,ok,,2026-06-27T09:49:28.381370+00:00
1HpRHiF8msg6rhHFunmArfwq4QE4CnoKMp,0025d633f88ba307,[0025d633f8],https://www.walletexplorer.com/wallet/0025d633f88ba307,ok,,2026-06-27T09:49:29.050712+00:00
1KwyxPVYwuWd5HN4RBhdSqJGsFvwGVPvYV,0025d633f88ba307,[0025d633f8],https://www.walletexplorer.com/wallet/0025d633f88ba307,ok,,2026-06-27T09:49:29.682918+00:00
1FZuvtMCMgGRpMRJpJebMMHP4zLAMY5Roe,ffd5959cf88281c6,[ffd5959cf8],https://www.walletexplorer.com/wallet/ffd5959cf88281c6,ok,,2026-06-27T09:49:30.184268+00:00
1J8aPAbdoJCRE3V4grpUWesr5eX4JmDfKF,0025d633f88ba307,[0025d633f8],https://www.walletexplorer.com/wallet/0025d633f88ba307,ok,,2026-06-27T09:49:30.784672+00:00
16jzkAf4EpTAQbT1tje7DVhVcUvvdHnzSs,071a732202d56f73,[071a732202],https://www.walletexplorer.com/wallet/071a732202d56f73,ok,,2026-06-27T09:49:31.516398+00:00
1G2V4t7AbLQtmZTpi5svATELqjXzbh7JZ5,0025d633f88ba307,[0025d633f8],https://www.walletexplorer.com/wallet/0025d633f88ba307,ok,,2026-06-27T09:49:32.113541+00:00
1NwehTp9FbirHCit4r2YKVtu2CT6MHdNMg,0056d09c06d2d948,[0056d09c06],https://www.walletexplorer.com/wallet/0056d09c06d2d948,ok,,2026-06-27T09:49:32.657115+00:00
14R3Zg6JUeJfvnPo76H2kZvX1Dsjj69Pr7,0025d633f88ba307,[0025d633f8],https://www.walletexplorer.com/wallet/0025d633f88ba307,ok,,2026-06-27T09:49:33.250213+00:00
17rp6TSnHnit6f6KMsmkeo22DYLAUFxpDv,0025d633f88ba307,[0025d633f8],https://www.walletexplorer.com/wallet/0025d633f88ba307,ok,,2026-06-27T09:49:33.873415+00:00
1DS8dNvFw8ws4KwM9A4DUWNca3t76r4Tap,0005fc8fba054f33,[0005fc8fba],https://www.walletexplorer.com/wallet/0005fc8fba054f33,ok,,2026-06-27T09:49:34.405551+00:00
12vDx98u5gwKSzATzZkKPPwAgXEzUWJEKa,0025d633f88ba307,[0025d633f8],https://www.walletexplorer.com/wallet/0025d633f88ba307,ok,,2026-06-27T09:49:35.072006+00:00
1KKLXQY8SUm6b2wb2BZrSAyo2BifB2xv7s,0012ea9acfdf3b20,[0012ea9acf],https://www.walletexplorer.com/wallet/0012ea9acfdf3b20,ok,,2026-06-27T09:49:35.732403+00:00
1AbMYQSeaZs1BfKw8BNzJJaSbRyQWJCQMe,0025d633f88ba307,[0025d633f8],https://www.walletexplorer.com/wallet/0025d633f88ba307,ok,,2026-06-27T09:49:36.439761+00:00
1LFuWCKeK18ufrEZQqPJhgecAcJJrD5VPY,f03b07247be34c37,[f03b07247b],https://www.walletexplorer.com/wallet/f03b07247be34c37,ok,,2026-06-27T09:49:37.017310+00:00
1BdZDDPvMmXCKY28Jtgyxs7KxTBW4YzQwu,0025d633f88ba307,[0025d633f8],https://www.walletexplorer.com/wallet/0025d633f88ba307,ok,,2026-06-27T09:49:37.579850+00:00
12usqAKe89wYsTRhF6qd9R2yc9QboBV3ux,0025d633f88ba307,[0025d633f8],https://www.walletexplorer.com/wallet/0025d633f88ba307,ok,,2026-06-27T09:49:38.146403+00:00
12CKMGjEoYniADRKeNHKctYBmL76h4La2W,0025d633f88ba307,[0025d633f8],https://www.walletexplorer.com/wallet/0025d633f88ba307,ok,,2026-06-27T09:49:38.717771+00:00
1AaBDxq6B153kEVG9Fc7yfWKnyCPppGnNr,0025d633f88ba307,[0025d633f8],https://www.walletexplorer.com/wallet/0025d633f88ba307,ok,,2026-06-27T09:49:39.202729+00:00
1J83PxPHTRfhUbDMnQB93ztsgD1BnLYrU7,0012ea9acfdf3b20,[0012ea9acf],https://www.walletexplorer.com/wallet/0012ea9acfdf3b20,ok,,2026-06-27T09:49:39.768919+00:00
1N7CYHpsKGhgXfxJYYZVRGvdLaJazRMHHh,0005fc8fba054f33,[0005fc8fba],https://www.walletexplorer.com/wallet/0005fc8fba054f33,ok,,2026-06-27T09:49:40.359622+00:00
155Fx6dL6wxW5VEKGSCAGoxhJTBMZh2r9f,0025d633f88ba307,[0025d633f8],https://www.walletexplorer.com/wallet/0025d633f88ba307,ok,,2026-06-27T09:49:40.916588+00:00
113NwPSrPZLdon2Dv24Cr7tA8wB7bZUtJC,0012ea9acfdf3b20,[0012ea9acf],https://www.walletexplorer.com/wallet/0012ea9acfdf3b20,ok,,2026-06-27T09:49:41.484501+00:00
1Bry4ppEjwzBGXxBdSAgTNocH8WqrNiSE1,0005fc8fba054f33,[0005fc8fba],https://www.walletexplorer.com/wallet/0005fc8fba054f33,ok,,2026-06-27T09:49:42.046838+00:00
13Ssb4DdCK4yQie3ZHNGZ8YCgjAhwBkjqm,0025d633f88ba307,[0025d633f8],https://www.walletexplorer.com/wallet/0025d633f88ba307,ok,,2026-06-27T09:49:42.587506+00:00
15bjR3QHNQTgC7r8kpESf2e7hiez8P5sgp,0005fc8fba054f33,[0005fc8fba],https://www.walletexplorer.com/wallet/0005fc8fba054f33,ok,,2026-06-27T09:49:43.233959+00:00
138u87rqvEkbzy7rkwRwAevp6SB6Kycqks,0025d633f88ba307,[0025d633f8],https://www.walletexplorer.com/wallet/0025d633f88ba307,ok,,2026-06-27T09:49:43.827260+00:00
14Jz8ercvZeTsaestXa87sd3pZouM1RTrB,0025d633f88ba307,[0025d633f8],https://www.walletexplorer.com/wallet/0025d633f88ba307,ok,,2026-06-27T09:49:44.391661+00:00
1CQ31A9tGEot92cXHLP9HpcTrqaEN6xX5V,44a787ab4284eef9,[44a787ab42],https://www.walletexplorer.com/wallet/44a787ab4284eef9,ok,,2026-06-27T09:49:44.950583+00:00
18FnmaLXehAMx8okgdNajmusGtzK3yzy39,0025d633f88ba307,[0025d633f8],https://www.walletexplorer.com/wallet/0025d633f88ba307,ok,,2026-06-27T09:49:45.518630+00:00
1LYrnZvpsBmQQHyVZBvQJWEQ2XH4AUD835,0025d633f88ba307,[0025d633f8],https://www.walletexplorer.com/wallet/0025d633f88ba307,ok,,2026-06-27T09:49:46.102565+00:00
1PBVv5aEHJBcos18odgkxiUHMfDnyS3XAu,0025d633f88ba307,[0025d633f8],https://www.walletexplorer.com/wallet/0025d633f88ba307,ok,,2026-06-27T09:49:46.668567+00:00
1Piz61bb8TNN8aPn9QNgamFYK5qYRAjXRm,0025d633f88ba307,[0025d633f8],https://www.walletexplorer.com/wallet/0025d633f88ba307,ok,,2026-06-27T09:49:47.203020+00:00
14qzhjrSXMbki6tBJ1acQ1rkAVVK3zQpuC,0005fc8fba054f33,[0005fc8fba],https://www.walletexplorer.com/wallet/0005fc8fba054f33,ok,,2026-06-27T09:49:47.851464+00:00
19bsmtHxqXEY2c8W6WujDcZyjEGnfW5t9w,0005fc8fba054f33,[0005fc8fba],https://www.walletexplorer.com/wallet/0005fc8fba054f33,ok,,2026-06-27T09:49:48.406819+00:00
1HzRmthwPrZfbAaGDyF7md7qYf3T1TEubJ,0025d633f88ba307,[0025d633f8],https://www.walletexplorer.com/wallet/0025d633f88ba307,ok,,2026-06-27T09:49:49.036017+00:00
182BGtmgpBQPWXKQpmKYPxxu5SF6W1tRmD,0025d633f88ba307,[0025d633f8],https://www.walletexplorer.com/wallet/0025d633f88ba307,ok,,2026-06-27T09:49:49.720899+00:00
16gBjzsp5BY1YxvaF4rnnpLEKkPhpGRy6j,0025d633f88ba307,[0025d633f8],https://www.walletexplorer.com/wallet/0025d633f88ba307,ok,,2026-06-27T09:49:50.342533+00:00
18CKoq7LzpKwtNohMJyauEFRxAnYXFcVz3,0025d633f88ba307,[0025d633f8],https://www.walletexplorer.com/wallet/0025d633f88ba307,ok,,2026-06-27T09:49:50.936876+00:00
1D3UgugD5ayyR2wjyiP9KrCpmgNqGRdhsr,0025d633f88ba307,[0025d633f8],https://www.walletexplorer.com/wallet/0025d633f88ba307,ok,,2026-06-27T09:49:51.502477+00:00
1CdHFxYeYnkC4DmPqyB4s6LcuGMgx52tkH,0025d633f88ba307,[0025d633f8],https://www.walletexplorer.com/wallet/0025d633f88ba307,ok,,2026-06-27T09:49:52.074690+00:00
1CQgspa3odMcgakphXVCS2QzEN5tqBFUht,0005fc8fba054f33,[0005fc8fba],https://www.walletexplorer.com/wallet/0005fc8fba054f33,ok,,2026-06-27T09:49:52.673932+00:00
18JyHXhcbG6JtJ5eVcQcu4H6haZaRREhLY,0005fc8fba054f33,[0005fc8fba],https://www.walletexplorer.com/wallet/0005fc8fba054f33,ok,,2026-06-27T09:49:53.250098+00:00
12eUkqdfoL9yG6uFbazeJe7PNrXJAULdPN,01824c0e48c13d9a,[01824c0e48],https://www.walletexplorer.com/wallet/01824c0e48c13d9a,ok,,2026-06-27T09:49:53.830384+00:00
1EAsFq7hgLL7qPoqJMhTEJw73CALXb4Sst,0005fc8fba054f33,[0005fc8fba],https://www.walletexplorer.com/wallet/0005fc8fba054f33,ok,,2026-06-27T09:49:54.441318+00:00
1NpPbkoEVbKVCVAkV37EJY3H9pTsBuNDY,0005fc8fba054f33,[0005fc8fba],https://www.walletexplorer.com/wallet/0005fc8fba054f33,ok,,2026-06-27T09:49:55.030910+00:00
1KxVi3yLFRYKpaN4wegrdSKSzZomXdj64G,0025d633f88ba307,[0025d633f8],https://www.walletexplorer.com/wallet/0025d633f88ba307,ok,,2026-06-27T09:49:55.568398+00:00
1C1chgzj4i5Ko8dbB4w4Z9Fa4EnZFJ4YQ4,0005fc8fba054f33,[0005fc8fba],https://www.walletexplorer.com/wallet/0005fc8fba054f33,ok,,2026-06-27T09:49:56.110362+00:00
1PFpbW3UNW1AQjuTGYBCUhdujKfb4Z6GKB,01824c0e48c13d9a,[01824c0e48],https://www.walletexplorer.com/wallet/01824c0e48c13d9a,ok,,2026-06-27T09:49:56.677580+00:00
1F4Q11Qy4wx3U4f5bnLuGq2qRSvzgk8jJz,0025d633f88ba307,[0025d633f8],https://www.walletexplorer.com/wallet/0025d633f88ba307,ok,,2026-06-27T09:49:57.405766+00:00
1981wLG2iJVJkWsPGin9BDYbL2N9VFWeJq,0025d633f88ba307,[0025d633f8],https://www.walletexplorer.com/wallet/0025d633f88ba307,ok,,2026-06-27T09:49:57.997242+00:00
16anAr1NRYhwp3HpDrjHCoFf8uTwBXuG29,0005fc8fba054f33,[0005fc8fba],https://www.walletexplorer.com/wallet/0005fc8fba054f33,ok,,2026-06-27T09:49:58.567709+00:00
148h6eX1R13gpa2tyiKAPYdx8UMPUQe5ah,0025d633f88ba307,[0025d633f8],https://www.walletexplorer.com/wallet/0025d633f88ba307,ok,,2026-06-27T09:49:59.188639+00:00
1K1fMrLADgBEJn1qKi1mcTDSzVh2b648nV,0025d633f88ba307,[0025d633f8],https://www.walletexplorer.com/wallet/0025d633f88ba307,ok,,2026-06-27T09:49:59.745592+00:00
183NNU1zKWR6LPYVW1yypu4iJwseyyNfi5,0012ea9acfdf3b20,[0012ea9acf],https://www.walletexplorer.com/wallet/0012ea9acfdf3b20,ok,,2026-06-27T09:50:00.313256+00:00
1Dr3HPpdL1qLTKxdXfLfB54V7TmpgJR57K,0025d633f88ba307,[0025d633f8],https://www.walletexplorer.com/wallet/0025d633f88ba307,ok,,2026-06-27T09:50:00.906529+00:00
1CxXagz9rXR7ZEzXa1GG2zC2ngpLTY57YQ,0005fc8fba054f33,[0005fc8fba],https://www.walletexplorer.com/wallet/0005fc8fba054f33,ok,,2026-06-27T09:50:01.476179+00:00
1DWd1HQppTMcSV4zsbPsouvjhs9BxQnst,0025d633f88ba307,[0025d633f8],https://www.walletexplorer.com/wallet/0025d633f88ba307,ok,,2026-06-27T09:50:02.055082+00:00
1JsXFwHuJBbgbwGF6PDjbUgTHmyk7xsR3U,0025d633f88ba307,[0025d633f8],https://www.walletexplorer.com/wallet/0025d633f88ba307,ok,,2026-06-27T09:50:02.629189+00:00
1A4WLSkZRCdLeNTaY3LXfGatRxCUkgPk9C,0025d633f88ba307,[0025d633f8],https://www.walletexplorer.com/wallet/0025d633f88ba307,ok,,2026-06-27T09:50:03.198540+00:00
1NWmXW2RAy9Li2tBMLVdfboJU7bij4PSE6,0005fc8fba054f33,[0005fc8fba],https://www.walletexplorer.com/wallet/0005fc8fba054f33,ok,,2026-06-27T09:50:03.758339+00:00
13cUqZ2gw3LPw9TWcdQKhhzHM8T9HLXJy4,0025d633f88ba307,[0025d633f8],https://www.walletexplorer.com/wallet/0025d633f88ba307,ok,,2026-06-27T09:50:04.377860+00:00
18j41sHdKHLcQkGVmZYN3tRhXv99tUuaa2,0025d633f88ba307,[0025d633f8],https://www.walletexplorer.com/wallet/0025d633f88ba307,ok,,2026-06-27T09:50:04.947948+00:00
1Ns6mnvWVi8cpvsvT5cwFbcC6Xv72w5eiy,0025d633f88ba307,[0025d633f8],https://www.walletexplorer.com/wallet/0025d633f88ba307,ok,,2026-06-27T09:50:05.544992+00:00
1E5nQLQWop7RnAkGmRC4x3NKQfA28b9Xf7,0025d633f88ba307,[0025d633f8],https://www.walletexplorer.com/wallet/0025d633f88ba307,ok,,2026-06-27T09:50:06.076965+00:00
1NGujrgEQFi75A9nNj84C1eQTQhd5NXCHJ,0025d633f88ba307,[0025d633f8],https://www.walletexplorer.com/wallet/0025d633f88ba307,ok,,2026-06-27T09:50:06.631157+00:00
17Y6pnCfkdpx4XMBgh74hYHodk1VGaiY38,0025d633f88ba307,[0025d633f8],https://www.walletexplorer.com/wallet/0025d633f88ba307,ok,,2026-06-27T09:50:07.144738+00:00
14qb7bdFf53DAFfazSUqbfh5McRR1hHrx9,0025d633f88ba307,[0025d633f8],https://www.walletexplorer.com/wallet/0025d633f88ba307,ok,,2026-06-27T09:50:07.607659+00:00
1BdBp8wMnoiNg3b1WYQcrDaLYeM22m1pDn,0025d633f88ba307,[0025d633f8],https://www.walletexplorer.com/wallet/0025d633f88ba307,ok,,2026-06-27T09:50:08.214643+00:00
1NcCEZndYaWqkjWy3MMPV1TwHRkFkWaT9z,0025d633f88ba307,[0025d633f8],https://www.walletexplorer.com/wallet/0025d633f88ba307,ok,,2026-06-27T09:50:08.779561+00:00
17FMvLytRehZ5DqkqVs4J1X5G4wn2jW5ha,0025d633f88ba307,[0025d633f8],https://www.walletexplorer.com/wallet/0025d633f88ba307,ok,,2026-06-27T09:50:09.350992+00:00
1NpUcWRZCZn8sg3333vWbWKd2wDzYkAtmC,01975b1c9bd6985d,[01975b1c9b],https://www.walletexplorer.com/wallet/01975b1c9bd6985d,ok,,2026-06-27T09:50:09.881618+00:00
1LMPkGi9HLNBcVwEQqFfudxK5wYn9oxGrg,0025d633f88ba307,[0025d633f8],https://www.walletexplorer.com/wallet/0025d633f88ba307,ok,,2026-06-27T09:50:10.574352+00:00
1GycYDo9269ssatVyWLryG8WEunDJSqxfJ,0005fc8fba054f33,[0005fc8fba],https://www.walletexplorer.com/wallet/0005fc8fba054f33,ok,,2026-06-27T09:50:11.126393+00:00
12kJ5LmJRRFjEtdinnsLy2vijQkU3VJRVW,0034af3f003e10be,[0034af3f00],https://www.walletexplorer.com/wallet/0034af3f003e10be,ok,,2026-06-27T09:50:11.691206+00:00
19a1pst2DpPigMNEectnhnG9svT7rGFZR3,0025d633f88ba307,[0025d633f8],https://www.walletexplorer.com/wallet/0025d633f88ba307,ok,,2026-06-27T09:50:12.255391+00:00
15Ra1rVgNoeCa6xNdRukS4STWrp7ixFQAT,0025d633f88ba307,[0025d633f8],https://www.walletexplorer.com/wallet/0025d633f88ba307,ok,,2026-06-27T09:50:12.796736+00:00
17iYKZMgWLWqkBTjJhGuDk5tesQSU1q4rF,05ea1b37bf572904,[05ea1b37bf],https://www.walletexplorer.com/wallet/05ea1b37bf572904,ok,,2026-06-27T09:50:13.368396+00:00
12Hy6kFXaPr9KPxfTyMPChL32G46vz1RUF,0034af3f003e10be,[0034af3f00],https://www.walletexplorer.com/wallet/0034af3f003e10be,ok,,2026-06-27T09:50:13.953332+00:00
17NJ1Btr4ztzPmuNGpUqUnLMPG1gRPNDaS,0005fc8fba054f33,[0005fc8fba],https://www.walletexplorer.com/wallet/0005fc8fba054f33,ok,,2026-06-27T09:50:14.559472+00:00
1AhmASgSfEDSjxNfuFKXwMRqzCry6EXni8,0025d633f88ba307,[0025d633f8],https://www.walletexplorer.com/wallet/0025d633f88ba307,ok,,2026-06-27T09:50:15.157638+00:00
12yUmJ9YHAJuYtxJVvwpeGV9pkKB1ee3qH,0056d09c06d2d948,[0056d09c06],https://www.walletexplorer.com/wallet/0056d09c06d2d948,ok,,2026-06-27T09:50:15.784617+00:00
12iy9b4f8i5Uave7XNs98XzrwcULhpqyBH,076c98afa3a9f36c,[076c98afa3],https://www.walletexplorer.com/wallet/076c98afa3a9f36c,ok,,2026-06-27T09:50:16.350978+00:00
14PB7exCMk4Uf1SB3wqtGDWr6CeaQUAPm8,0025d633f88ba307,[0025d633f8],https://www.walletexplorer.com/wallet/0025d633f88ba307,ok,,2026-06-27T09:50:16.994827+00:00
1CUnSp39P4Z6Ae3GSzn6v7W4SC5yX7Wdau,0025d633f88ba307,[0025d633f8],https://www.walletexplorer.com/wallet/0025d633f88ba307,ok,,2026-06-27T09:50:17.575852+00:00
1FXZ8uNifJJkntqZmy3QskMbMSPUsNiiAV,0056d09c06d2d948,[0056d09c06],https://www.walletexplorer.com/wallet/0056d09c06d2d948,ok,,2026-06-27T09:50:18.140408+00:00
1LwUrjXVcdzPhuafa1FeYSF4V4BzAwQYdT,0025d633f88ba307,[0025d633f8],https://www.walletexplorer.com/wallet/0025d633f88ba307,ok,,2026-06-27T09:50:18.697765+00:00
1Nsx7pUPp5v1AzS5iyPRkiujt73Xtkuiyf,0056d09c06d2d948,[0056d09c06],https://www.walletexplorer.com/wallet/0056d09c06d2d948,ok,,2026-06-27T09:50:19.237252+00:00
1Axj2JjAz5LpX9iR16wpN3TiG9BHvfXCVj,0025d633f88ba307,[0025d633f8],https://www.walletexplorer.com/wallet/0025d633f88ba307,ok,,2026-06-27T09:50:19.861985+00:00
17chW8CKLBT6H4QSeS2UKsdYv4gjq4xcuY,0025d633f88ba307,[0025d633f8],https://www.walletexplorer.com/wallet/0025d633f88ba307,ok,,2026-06-27T09:50:20.469420+00:00
184zD7amPt7Junm4U2R9oa6Jaekmjp943r,0025d633f88ba307,[0025d633f8],https://www.walletexplorer.com/wallet/0025d633f88ba307,ok,,2026-06-27T09:50:21.044356+00:00
1GGP2LnUMq7ZiFXBprnn2LeSQiuPVYAkg7,0012ea9acfdf3b20,[0012ea9acf],https://www.walletexplorer.com/wallet/0012ea9acfdf3b20,ok,,2026-06-27T09:50:21.641409+00:00
1L3UgPnZA97fgKcM1XSttDNAihg1jfXccv,0025d633f88ba307,[0025d633f8],https://www.walletexplorer.com/wallet/0025d633f88ba307,ok,,2026-06-27T09:50:22.160604+00:00
1AgBmRB9mhGtCa4z7U1x8FLabMKZMm37W7,0025d633f88ba307,[0025d633f8],https://www.walletexplorer.com/wallet/0025d633f88ba307,ok,,2026-06-27T09:50:22.723683+00:00
17VsgnqnxU2FfU8xLMXvxTZnkTjM2jsj63,0025d633f88ba307,[0025d633f8],https://www.walletexplorer.com/wallet/0025d633f88ba307,ok,,2026-06-27T09:50:23.424050+00:00
1Do86CU6cG6UuP4DsmQxy7Em3eGnMV6M58,0056d09c06d2d948,[0056d09c06],https://www.walletexplorer.com/wallet/0056d09c06d2d948,ok,,2026-06-27T09:50:23.995172+00:00
1Gz7vMjqDWkTvSe5iPmAedT3AjaHQDa8ot,04137269e64be293,[04137269e6],https://www.walletexplorer.com/wallet/04137269e64be293,ok,,2026-06-27T09:50:24.568461+00:00
198mX4noXsv7FZxfiVenFn3YnGgeSW9Eqo,0005fc8fba054f33,[0005fc8fba],https://www.walletexplorer.com/wallet/0005fc8fba054f33,ok,,2026-06-27T09:50:25.120906+00:00
1USvffhn5tvv7og4kK7errmAKn43gxhZM,0005fc8fba054f33,[0005fc8fba],https://www.walletexplorer.com/wallet/0005fc8fba054f33,ok,,2026-06-27T09:50:25.694745+00:00
1EQfzF82JGuZwHq1CT9vL9pqgqWdazZgfA,9eae8d6670350090,[9eae8d6670],https://www.walletexplorer.com/wallet/9eae8d6670350090,ok,,2026-06-27T09:50:26.323535+00:00
1Ps8xjBWCAtWgZDmsr8yBJbrEv3S4Qs78e,0025d633f88ba307,[0025d633f8],https://www.walletexplorer.com/wallet/0025d633f88ba307,ok,,2026-06-27T09:50:26.965083+00:00
1AXQHuQqcyZDi9iNsmk2HpjBoZHCEBf1TB,0025d633f88ba307,[0025d633f8],https://www.walletexplorer.com/wallet/0025d633f88ba307,ok,,2026-06-27T09:50:27.661058+00:00
1KySkXKX9q1nbUaD4bxjoWzbBsPbjLto2n,0025d633f88ba307,[0025d633f8],https://www.walletexplorer.com/wallet/0025d633f88ba307,ok,,2026-06-27T09:50:28.251541+00:00
1HX6DfaBoCv1rPtibmJnwL1cymhGHbv6y7,0025d633f88ba307,[0025d633f8],https://www.walletexplorer.com/wallet/0025d633f88ba307,ok,,2026-06-27T09:50:28.846981+00:00
1AjUAgykc4svazfYUNMgFJKvrWJAsEeu93,0025d633f88ba307,[0025d633f8],https://www.walletexplorer.com/wallet/0025d633f88ba307,ok,,2026-06-27T09:50:29.455161+00:00
112Z7w37P7QiAJCaumy9xtFMFzsocYq6RD,0056d09c06d2d948,[0056d09c06],https://www.walletexplorer.com/wallet/0056d09c06d2d948,ok,,2026-06-27T09:50:30.157270+00:00
1KWKcf1F9dZyTGqYTX2oWX54A6QYcTcXuH,0025d633f88ba307,[0025d633f8],https://www.walletexplorer.com/wallet/0025d633f88ba307,ok,,2026-06-27T09:50:30.681466+00:00
1B8FpfwqiCLt9qgynmDmwtEwvsi5Eh1EgR,0005fc8fba054f33,[0005fc8fba],https://www.walletexplorer.com/wallet/0005fc8fba054f33,ok,,2026-06-27T09:50:31.270158+00:00
1LDUBemugdicEVJs5gbxN3wBAGeoXEPWJx,0025d633f88ba307,[0025d633f8],https://www.walletexplorer.com/wallet/0025d633f88ba307,ok,,2026-06-27T09:50:31.831226+00:00
12XqxvC4ctyceRmu2K3sy9WYJF5nkFnRbx,076c98afa3a9f36c,[076c98afa3],https://www.walletexplorer.com/wallet/076c98afa3a9f36c,ok,,2026-06-27T09:50:32.384761+00:00
1C48qX4egYCCWiyGxzEsaire1q2BREDYiH,0005fc8fba054f33,[0005fc8fba],https://www.walletexplorer.com/wallet/0005fc8fba054f33,ok,,2026-06-27T09:50:32.919679+00:00
13mVENE6dhqnmb32sSS8884j44Sey63g6r,0025d633f88ba307,[0025d633f8],https://www.walletexplorer.com/wallet/0025d633f88ba307,ok,,2026-06-27T09:50:33.528447+00:00
15sSvTRJNuW4haF1JiMUCsuHKiGG6z5P8D,0025d633f88ba307,[0025d633f8],https://www.walletexplorer.com/wallet/0025d633f88ba307,ok,,2026-06-27T09:50:34.078335+00:00
12xumgvnfSXRwZF2QD62Sbr2ADp8tDJ7mT,0025d633f88ba307,[0025d633f8],https://www.walletexplorer.com/wallet/0025d633f88ba307,ok,,2026-06-27T09:50:34.760245+00:00
18wri61tv24nzv3W2vZqqVcoFZkkyfvVe5,0025d633f88ba307,[0025d633f8],https://www.walletexplorer.com/wallet/0025d633f88ba307,ok,,2026-06-27T09:50:35.338099+00:00
15tWW7WGPebsGD1xPqvpqWoR3Ezp2j9ivG,0025d633f88ba307,[0025d633f8],https://www.walletexplorer.com/wallet/0025d633f88ba307,ok,,2026-06-27T09:50:35.890567+00:00
14hWZBSMba4UBLfpQDynHxfr7N4W7UHJTG,0025d633f88ba307,[0025d633f8],https://www.walletexplorer.com/wallet/0025d633f88ba307,ok,,2026-06-27T09:50:36.502476+00:00
1GQz3CU6QUVybgb3YvqT3LDcnFYNA5bUKp,04137269e64be293,[04137269e6],https://www.walletexplorer.com/wallet/04137269e64be293,ok,,2026-06-27T09:50:37.102978+00:00
1M3wxbeoGpJRx1bHqdv2QX4tzXQxUxdqKy,0025d633f88ba307,[0025d633f8],https://www.walletexplorer.com/wallet/0025d633f88ba307,ok,,2026-06-27T09:50:37.681847+00:00
18uews58ZnYRRZjKw1RXMi1ptP8pBVirgC,0005fc8fba054f33,[0005fc8fba],https://www.walletexplorer.com/wallet/0005fc8fba054f33,ok,,2026-06-27T09:50:38.213170+00:00
1Efk4NvtGHHkCxY4HARpP3XZnmPhnocHTs,0005fc8fba054f33,[0005fc8fba],https://www.walletexplorer.com/wallet/0005fc8fba054f33,ok,,2026-06-27T09:50:38.829911+00:00
1DYDoeDKeLXFH5G2DfrJdJtEBLhUUHKbAe,0025d633f88ba307,[0025d633f8],https://www.walletexplorer.com/wallet/0025d633f88ba307,ok,,2026-06-27T09:50:39.384133+00:00
15a4HAnsmitwnWU7hx4gSq3S4rRHsUwHNV,0012ea9acfdf3b20,[0012ea9acf],https://www.walletexplorer.com/wallet/0012ea9acfdf3b20,ok,,2026-06-27T09:50:39.949508+00:00
1CjJ7tJ8rERX653KkGZMX73suGGAHCJULG,0012ea9acfdf3b20,[0012ea9acf],https://www.walletexplorer.com/wallet/0012ea9acfdf3b20,ok,,2026-06-27T09:50:40.524640+00:00
12w7CYti7VLgG6cToQ5NRuayRMDeL37eD9,0025d633f88ba307,[0025d633f8],https://www.walletexplorer.com/wallet/0025d633f88ba307,ok,,2026-06-27T09:50:41.106568+00:00
125CAfhwBaUZ9zFA1ViUBPUUyiGEMhi8gY,0005fc8fba054f33,[0005fc8fba],https://www.walletexplorer.com/wallet/0005fc8fba054f33,ok,,2026-06-27T09:50:41.762310+00:00
17odQcJcrC6Jop4iS6H5j8sUoZriKsbRae,0025d633f88ba307,[0025d633f8],https://www.walletexplorer.com/wallet/0025d633f88ba307,ok,,2026-06-27T09:50:42.291346+00:00
13sYFXjoaSJVjg7jdW74wHWUK94QXM2vqV,0025d633f88ba307,[0025d633f8],https://www.walletexplorer.com/wallet/0025d633f88ba307,ok,,2026-06-27T09:50:43.019011+00:00
18jHqoscjubRqRQw5D4wHovEeqbkyTeFET,0025d633f88ba307,[0025d633f8],https://www.walletexplorer.com/wallet/0025d633f88ba307,ok,,2026-06-27T09:50:43.589601+00:00
1GkP5xpW2aXKcgdejfMWFsWxk7HRXzrz5z,0025d633f88ba307,[0025d633f8],https://www.walletexplorer.com/wallet/0025d633f88ba307,ok,,2026-06-27T09:50:44.152871+00:00
1B7WDB1RKk7Sjy74QJZwtZ2NHmPTMvK6Xx,0025d633f88ba307,[0025d633f8],https://www.walletexplorer.com/wallet/0025d633f88ba307,ok,,2026-06-27T09:50:44.751364+00:00
1G4ouz3roFfLn8qtR3DTfi5K5JgdU1VR1o,0025d633f88ba307,[0025d633f8],https://www.walletexplorer.com/wallet/0025d633f88ba307,ok,,2026-06-27T09:50:45.351856+00:00
13oXJQj6iS5jvj2EfGGCyWqiPqrstKGwZA,0025d633f88ba307,[0025d633f8],https://www.walletexplorer.com/wallet/0025d633f88ba307,ok,,2026-06-27T09:50:45.947240+00:00
18JPz3hKjtp5mv5hN391BmCPgiULcLu91o,0025d633f88ba307,[0025d633f8],https://www.walletexplorer.com/wallet/0025d633f88ba307,ok,,2026-06-27T09:50:46.508898+00:00
18vmyzxkWyWdhZUyuaqZwEvThAUZxDJphU,076c98afa3a9f36c,[076c98afa3],https://www.walletexplorer.com/wallet/076c98afa3a9f36c,ok,,2026-06-27T09:50:47.069648+00:00
1MoxN5NxtmDTmTeF3SytGzwRQbbEQvgi3m,0025d633f88ba307,[0025d633f8],https://www.walletexplorer.com/wallet/0025d633f88ba307,ok,,2026-06-27T09:50:47.683774+00:00
1JAX7Y97S8TqZDEwScykYnoRnwQKyT1gQA,01975b1c9bd6985d,[01975b1c9b],https://www.walletexplorer.com/wallet/01975b1c9bd6985d,ok,,2026-06-27T09:50:48.399930+00:00
1ADo8Dj8TaHJcmWnUHtrQJZt1uABaAttJX,0025d633f88ba307,[0025d633f8],https://www.walletexplorer.com/wallet/0025d633f88ba307,ok,,2026-06-27T09:50:49.008083+00:00
1Q7YHmx89zRSawNidfcbziq3LFznpB4R6z,0025d633f88ba307,[0025d633f8],https://www.walletexplorer.com/wallet/0025d633f88ba307,ok,,2026-06-27T09:50:49.580252+00:00
16qrTCjUNBQiumotWQpr5y1HkfKAFGd9te,0005fc8fba054f33,[0005fc8fba],https://www.walletexplorer.com/wallet/0005fc8fba054f33,ok,,2026-06-27T09:50:50.440694+00:00
1M1ZApJnUi6wTb9htNfR6rHSAn1qbg8HWQ,0025d633f88ba307,[0025d633f8],https://www.walletexplorer.com/wallet/0025d633f88ba307,ok,,2026-06-27T09:50:51.026947+00:00
1PyvM8mpNY5AGnc59LvuF6423kp1qGP5Go,0025d633f88ba307,[0025d633f8],https://www.walletexplorer.com/wallet/0025d633f88ba307,ok,,2026-06-27T09:50:51.624190+00:00
1PX8RGDnDNnCAq9SdpDmpSgAgkixAaiqkS,0025d633f88ba307,[0025d633f8],https://www.walletexplorer.com/wallet/0025d633f88ba307,ok,,2026-06-27T09:50:52.221682+00:00
13rauvttLHK1Nw7Fszw5oLVLysinb5k8Ty,05ea1b37bf572904,[05ea1b37bf],https://www.walletexplorer.com/wallet/05ea1b37bf572904,ok,,2026-06-27T09:50:52.836088+00:00
1K4itjV5y28sEe2eWZUermtWdur8LYBRas,0025d633f88ba307,[0025d633f8],https://www.walletexplorer.com/wallet/0025d633f88ba307,ok,,2026-06-27T09:50:53.440422+00:00
14aGGg32nqL1V2zqc2KaATDdD4PcijxVZX,0056d09c06d2d948,[0056d09c06],https://www.walletexplorer.com/wallet/0056d09c06d2d948,ok,,2026-06-27T09:50:54.081094+00:00
1njueoL3xTQ6bxcwhHu5HLYeHrNrMV14a,0025d633f88ba307,[0025d633f8],https://www.walletexplorer.com/wallet/0025d633f88ba307,ok,,2026-06-27T09:50:54.786264+00:00
1Cugdy1PLXurYaXug7a4zyTvShT2nfirzd,0025d633f88ba307,[0025d633f8],https://www.walletexplorer.com/wallet/0025d633f88ba307,ok,,2026-06-27T09:50:55.492105+00:00
1J6j1eYQvkaWDMWDNjcWmDySPuvbM33qdb,0025d633f88ba307,[0025d633f8],https://www.walletexplorer.com/wallet/0025d633f88ba307,ok,,2026-06-27T09:50:56.119916+00:00
1Ntb4zKEZvsbktBuzRUfwbnUqSgnLL69gs,0025d633f88ba307,[0025d633f8],https://www.walletexplorer.com/wallet/0025d633f88ba307,ok,,2026-06-27T09:50:57.002423+00:00
1EAaqw6344yEqgWEbFXrMvUN6848Trg3xK,0025d633f88ba307,[0025d633f8],https://www.walletexplorer.com/wallet/0025d633f88ba307,ok,,2026-06-27T09:50:57.657721+00:00
113HzAhCaaPtWAG52KqQxngLXtM5PxHhi8,0005fc8fba054f33,[0005fc8fba],https://www.walletexplorer.com/wallet/0005fc8fba054f33,ok,,2026-06-27T09:50:58.266248+00:00
1MzZx2RNRWBF62pUgvx4dsUjBvjkk41MAj,0012ea9acfdf3b20,[0012ea9acf],https://www.walletexplorer.com/wallet/0012ea9acfdf3b20,ok,,2026-06-27T09:50:58.973451+00:00
1Cu9xxJzN9TXyHk5cVoggVKk7dRBUyj8VA,0005fc8fba054f33,[0005fc8fba],https://www.walletexplorer.com/wallet/0005fc8fba054f33,ok,,2026-06-27T09:50:59.636675+00:00
1PcB9D8qkJ68xb8Ce4rkr3i3Az8SAy9Ugg,0025d633f88ba307,[0025d633f8],https://www.walletexplorer.com/wallet/0025d633f88ba307,ok,,2026-06-27T09:51:00.214468+00:00
1B7hyhUpBfohsHsf1nHpVC6hsDSXRLu5Qa,05ea1b37bf572904,[05ea1b37bf],https://www.walletexplorer.com/wallet/05ea1b37bf572904,ok,,2026-06-27T09:51:00.742610+00:00
17ay2CDdPq1rdYiwacjBULNenTm4WwfvSv,0012ea9acfdf3b20,[0012ea9acf],https://www.walletexplorer.com/wallet/0012ea9acfdf3b20,ok,,2026-06-27T09:51:01.256839+00:00
1FnP7NWAa7xopSGsfEuFUHMRvx5cew5BQW,0025d633f88ba307,[0025d633f8],https://www.walletexplorer.com/wallet/0025d633f88ba307,ok,,2026-06-27T09:51:01.820641+00:00
1CPtWwoW1wtv4u6NdvXrX9Xm4YfyD8rFgh,0025d633f88ba307,[0025d633f8],https://www.walletexplorer.com/wallet/0025d633f88ba307,ok,,2026-06-27T09:51:02.381025+00:00
1HsHiPoPjLkn99SuSxGNRbmCCsYRC7uqHN,0025d633f88ba307,[0025d633f8],https://www.walletexplorer.com/wallet/0025d633f88ba307,ok,,2026-06-27T09:51:02.930881+00:00
15eDrku1FDdKwzMQ72nck5fqhfnMU69UDP,ffbfe73c457234d6,[ffbfe73c45],https://www.walletexplorer.com/wallet/ffbfe73c457234d6,ok,,2026-06-27T09:51:03.553408+00:00
14QzdKZ8tVbkuw2xngAYoUUqJ5yR8A5QfQ,0025d633f88ba307,[0025d633f8],https://www.walletexplorer.com/wallet/0025d633f88ba307,ok,,2026-06-27T09:51:04.144540+00:00
1B2ifaYTwxBsnFJLKWmhgkXsrfFwpAzD3V,0005fc8fba054f33,[0005fc8fba],https://www.walletexplorer.com/wallet/0005fc8fba054f33,ok,,2026-06-27T09:51:04.937052+00:00
1E3phB5W2e3EVuWq1ZDgE9VgxTx6594YzZ,071a732202d56f73,[071a732202],https://www.walletexplorer.com/wallet/071a732202d56f73,ok,,2026-06-27T09:51:05.485077+00:00
1MmVXFwgTRSW3FdNHwvK1Ept3HeGdyvZNF,0025d633f88ba307,[0025d633f8],https://www.walletexplorer.com/wallet/0025d633f88ba307,ok,,2026-06-27T09:51:06.009346+00:00
1AmdbUvyXYbJv8TUDU9asXvk4DExRpLDsH,0025d633f88ba307,[0025d633f8],https://www.walletexplorer.com/wallet/0025d633f88ba307,ok,,2026-06-27T09:51:06.582869+00:00
1GGRMrFfSdoASWb14fRTqbkz5Kxsr5HJVK,0056d09c06d2d948,[0056d09c06],https://www.walletexplorer.com/wallet/0056d09c06d2d948,ok,,2026-06-27T09:51:07.102747+00:00
1A2yufgGwniTTUbgZ4jZQbp3XgyZ41Rjp4,0025d633f88ba307,[0025d633f8],https://www.walletexplorer.com/wallet/0025d633f88ba307,ok,,2026-06-27T09:51:07.787881+00:00
1EoB24QtFgintGc6CnivhX4fbRehL4BRrm,0025d633f88ba307,[0025d633f8],https://www.walletexplorer.com/wallet/0025d633f88ba307,ok,,2026-06-27T09:51:33.871856+00:00
12qEUTdUjdpLG7gSMZKmWfWTB8BHuF2CdA,05f23d399c5086eb,[05f23d399c],https://www.walletexplorer.com/wallet/05f23d399c5086eb,ok,,2026-06-27T09:51:34.836017+00:00
1PbfrTYu6sRtnhxSphnx7qXFpdvib7LSoW,0025d633f88ba307,[0025d633f8],https://www.walletexplorer.com/wallet/0025d633f88ba307,ok,,2026-06-27T09:51:35.272029+00:00
1N1ydyUx3vEknnMguzUpty4RwADAVHLRv5,0034af3f003e10be,[0034af3f00],https://www.walletexplorer.com/wallet/0034af3f003e10be,ok,,2026-06-27T09:51:35.709734+00:00
1Lzp9eicP6MbGUHsicDoxK167tcG1nCtE4,0541447c0b6b66e0,[0541447c0b],https://www.walletexplorer.com/wallet/0541447c0b6b66e0,ok,,2026-06-27T09:51:36.325737+00:00
1L7BQmmTLtkKV2qTG3uXNMnn69n8PBQnFC,04137269e64be293,[04137269e6],https://www.walletexplorer.com/wallet/04137269e64be293,ok,,2026-06-27T09:51:36.817625+00:00
1NmyKFSUUaNNnQWEq7AVR3ZCxRtJVBkZ35,0025d633f88ba307,[0025d633f8],https://www.walletexplorer.com/wallet/0025d633f88ba307,ok,,2026-06-27T09:51:37.338390+00:00
1FHCp1aryP8cpBm8GGuCE1jvRNSuzGoCjZ,0005fc8fba054f33,[0005fc8fba],https://www.walletexplorer.com/wallet/0005fc8fba054f33,ok,,2026-06-27T09:51:37.853044+00:00
1JE6ZF5cRNzf4MBj2T766rZ89iegRryNfW,0025d633f88ba307,[0025d633f8],https://www.walletexplorer.com/wallet/0025d633f88ba307,ok,,2026-06-27T09:51:38.289400+00:00
1Nz7vonJo1uzinfwQHP4tk2yxY5GByMbws,0025d633f88ba307,[0025d633f8],https://www.walletexplorer.com/wallet/0025d633f88ba307,ok,,2026-06-27T09:51:38.757954+00:00
1ANU8M2bxPB6NoB8Xd79Qejb1c9PR78rNG,0025d633f88ba307,[0025d633f8],https://www.walletexplorer.com/wallet/0025d633f88ba307,ok,,2026-06-27T09:51:39.188340+00:00
1JKa6NpqjR9nN7Gq3NfQyRU5KMVzfjJtL9,0025d633f88ba307,[0025d633f8],https://www.walletexplorer.com/wallet/0025d633f88ba307,ok,,2026-06-27T09:51:39.694400+00:00
14xyXVfiLGuncUYAXemtuaiuGbeTX1syGF,0025d633f88ba307,[0025d633f8],https://www.walletexplorer.com/wallet/0025d633f88ba307,ok,,2026-06-27T09:51:40.139357+00:00
15H5THZ3V81dHYGo2h7K4YeNMUsHAwcGdB,0025d633f88ba307,[0025d633f8],https://www.walletexplorer.com/wallet/0025d633f88ba307,ok,,2026-06-27T09:51:40.597871+00:00
14iff9aUjGYNTULTjkA8JLGseoKKbEZ3Bk,0025d633f88ba307,[0025d633f8],https://www.walletexplorer.com/wallet/0025d633f88ba307,ok,,2026-06-27T09:51:41.120505+00:00
13m8xTzucru99k6DjUEM1LcTNx8wvnhP2K,0025d633f88ba307,[0025d633f8],https://www.walletexplorer.com/wallet/0025d633f88ba307,ok,,2026-06-27T09:51:41.599896+00:00
17jWXd6RaQYGM5WyAgKAXifTuWG1BS2Po8,0025d633f88ba307,[0025d633f8],https://www.walletexplorer.com/wallet/0025d633f88ba307,ok,,2026-06-27T09:51:42.036148+00:00
12CBtfnkHDFZQoX3SGYKbTFDtuyJSZ3JSj,0025d633f88ba307,[0025d633f8],https://www.walletexplorer.com/wallet/0025d633f88ba307,ok,,2026-06-27T09:51:42.511027+00:00
14ho2noq3cb4QLLDFZpj5p2nCz8KfTY5Zf,0025d633f88ba307,[0025d633f8],https://www.walletexplorer.com/wallet/0025d633f88ba307,ok,,2026-06-27T09:51:43.136757+00:00
1BJTMBS8mowV5QvcDTq8shAH2PDH7JSyWo,0012ea9acfdf3b20,[0012ea9acf],https://www.walletexplorer.com/wallet/0012ea9acfdf3b20,ok,,2026-06-27T09:51:43.629390+00:00
1NLtPscJUN3z3SLgQ2jTcsCUcpmV5V78K7,0025d633f88ba307,[0025d633f8],https://www.walletexplorer.com/wallet/0025d633f88ba307,ok,,2026-06-27T09:51:44.049071+00:00
18LH15yXuGZ1dBDvrAEBfCuNTDWZo3uzjf,0012ea9acfdf3b20,[0012ea9acf],https://www.walletexplorer.com/wallet/0012ea9acfdf3b20,ok,,2026-06-27T09:51:44.545555+00:00
1Ewo3nGBCLxKBJhLvByVgYAHqNN4wAuusi,0025d633f88ba307,[0025d633f8],https://www.walletexplorer.com/wallet/0025d633f88ba307,ok,,2026-06-27T09:51:45.067987+00:00
161JYKbNVVTR9PTWNwmQy25sNhiSTDN7KH,9116c202003571f7,[9116c20200],https://www.walletexplorer.com/wallet/9116c202003571f7,ok,,2026-06-27T09:51:45.701819+00:00
1D8ZDHrFDoxNSkwogCz3hgSqt3RLJBRBHF,0005fc8fba054f33,[0005fc8fba],https://www.walletexplorer.com/wallet/0005fc8fba054f33,ok,,2026-06-27T09:51:46.102663+00:00
1KbhCJ4tTBDAjZQQVR3Kc6Exx9HrQLzGA4,0025d633f88ba307,[0025d633f8],https://www.walletexplorer.com/wallet/0025d633f88ba307,ok,,2026-06-27T09:51:46.550045+00:00
166cgArzhZwS1Yz1xEVZ66Wtrwpqt8peQs,0005fc8fba054f33,[0005fc8fba],https://www.walletexplorer.com/wallet/0005fc8fba054f33,ok,,2026-06-27T09:51:47.026025+00:00
17fFu8aRZEeH81oNqSsFUByHzgtYTXusU6,0025d633f88ba307,[0025d633f8],https://www.walletexplorer.com/wallet/0025d633f88ba307,ok,,2026-06-27T09:51:47.518307+00:00
1BnoGUzN7BeQHAzgL9q1fy8ToVMTHfndJY,0025d633f88ba307,[0025d633f8],https://www.walletexplorer.com/wallet/0025d633f88ba307,ok,,2026-06-27T09:51:47.944711+00:00
1GW9YuQ3UCHyzpyhzYBMkiaUdsnxPKHQPh,0025d633f88ba307,[0025d633f8],https://www.walletexplorer.com/wallet/0025d633f88ba307,ok,,2026-06-27T09:51:48.396803+00:00
17xr83BhHDE2Es8ZsJRu1uFcSZjj8bb4k8,0025d633f88ba307,[0025d633f8],https://www.walletexplorer.com/wallet/0025d633f88ba307,ok,,2026-06-27T09:51:48.888138+00:00
12vCaRx5NvJfoLqHDjcR9AVkHDPcTS8PQE,0025d633f88ba307,[0025d633f8],https://www.walletexplorer.com/wallet/0025d633f88ba307,ok,,2026-06-27T09:51:49.360336+00:00
18y3ZaU3iPkBBzs1E54ic1rgNcybwuqgRc,0005fc8fba054f33,[0005fc8fba],https://www.walletexplorer.com/wallet/0005fc8fba054f33,ok,,2026-06-27T09:51:49.816314+00:00
12povURhnio6gHdETgKqHrPihDiZ4kdezd,0025d633f88ba307,[0025d633f8],https://www.walletexplorer.com/wallet/0025d633f88ba307,ok,,2026-06-27T09:51:50.499942+00:00
16uCxx5HoqTjbtLL3BWJYRwS5qDwyG3TFH,0025d633f88ba307,[0025d633f8],https://www.walletexplorer.com/wallet/0025d633f88ba307,ok,,2026-06-27T09:51:51.018107+00:00
19TZTzwULQYHJ4PkpQXdk6KQ3UV4zxYiYY,076c98afa3a9f36c,[076c98afa3],https://www.walletexplorer.com/wallet/076c98afa3a9f36c,ok,,2026-06-27T09:51:51.479328+00:00
1HKuDQRzogRa8eAWEenoXfBkYJLPxrnneN,0005fc8fba054f33,[0005fc8fba],https://www.walletexplorer.com/wallet/0005fc8fba054f33,ok,,2026-06-27T09:51:51.898970+00:00
1NmZxDiRgp6hkk3f7by7GSDMF4K5oCzeAL,0025d633f88ba307,[0025d633f8],https://www.walletexplorer.com/wallet/0025d633f88ba307,ok,,2026-06-27T09:51:52.318758+00:00
1EkhytpoNM4UGnr8o6Emzea9NfDsRkMS7z,0005fc8fba054f33,[0005fc8fba],https://www.walletexplorer.com/wallet/0005fc8fba054f33,ok,,2026-06-27T09:51:52.753818+00:00
1Cqu8KwvHPMNGCc7bJjF8cwdgvW2hvUXb2,0005fc8fba054f33,[0005fc8fba],https://www.walletexplorer.com/wallet/0005fc8fba054f33,ok,,2026-06-27T09:51:53.302816+00:00
1Cskinr6573uR9NdNHA5YYyCyD3btf9hw8,0025d633f88ba307,[0025d633f8],https://www.walletexplorer.com/wallet/0025d633f88ba307,ok,,2026-06-27T09:51:53.667976+00:00
1KLhFFHwQGVvoyxPxe5rTWc16uVK31UEDH,0025d633f88ba307,[0025d633f8],https://www.walletexplorer.com/wallet/0025d633f88ba307,ok,,2026-06-27T09:51:54.092249+00:00
12HEE5BDbjP6Jc9NWE8c9jQQuMuE3vXZVd,0034af3f003e10be,[0034af3f00],https://www.walletexplorer.com/wallet/0034af3f003e10be,ok,,2026-06-27T09:51:54.505019+00:00
1B1UTkqYsy1x8Y4GeFYtFh76d4qb28yafU,0012ea9acfdf3b20,[0012ea9acf],https://www.walletexplorer.com/wallet/0012ea9acfdf3b20,ok,,2026-06-27T09:51:54.948112+00:00
1H1fkSaBbdQ3p3TVZkd9YV4Z6mqv3Rwyb9,0025d633f88ba307,[0025d633f8],https://www.walletexplorer.com/wallet/0025d633f88ba307,ok,,2026-06-27T09:51:55.339936+00:00
1JsHKsDs1cV8abLQKbg1nckQNhNZQpA7eM,0025d633f88ba307,[0025d633f8],https://www.walletexplorer.com/wallet/0025d633f88ba307,ok,,2026-06-27T09:51:55.771675+00:00
11nxy6ZLW826WaG3g5cHfmTbYuUWj9B4T,0025d633f88ba307,[0025d633f8],https://www.walletexplorer.com/wallet/0025d633f88ba307,ok,,2026-06-27T09:51:56.192030+00:00
1AKn2pKyt7V6tMU36awkkgw64yByWArCVp,0025d633f88ba307,[0025d633f8],https://www.walletexplorer.com/wallet/0025d633f88ba307,ok,,2026-06-27T09:51:56.635860+00:00
1J73XBoEQGRJr5KnCwqerp5UFKX3w1fd3n,0025d633f88ba307,[0025d633f8],https://www.walletexplorer.com/wallet/0025d633f88ba307,ok,,2026-06-27T09:51:57.093235+00:00
1N8X5RzQ2bC2yssg615j9HNddQqBr7tG7i,e97d0b753e58c3eb,[e97d0b753e],https://www.walletexplorer.com/wallet/e97d0b753e58c3eb,ok,,2026-06-27T09:51:57.510818+00:00
1LTDi47xspMVJGVBNaYLQVc7bZw5rk38QJ,0056d09c06d2d948,[0056d09c06],https://www.walletexplorer.com/wallet/0056d09c06d2d948,ok,,2026-06-27T09:51:57.959030+00:00
1DmyNstiKbEYJaBLPKG82U8SRFgvroH73Q,0056d09c06d2d948,[0056d09c06],https://www.walletexplorer.com/wallet/0056d09c06d2d948,ok,,2026-06-27T09:51:58.465215+00:00
133TVrLVRtrcRkzmSF5HwPfhoxcN7C1YQM,0025d633f88ba307,[0025d633f8],https://www.walletexplorer.com/wallet/0025d633f88ba307,ok,,2026-06-27T09:51:58.888735+00:00
1HPB14TqskQWtXAe1HbW8JwzFoFLWqv76u,0025d633f88ba307,[0025d633f8],https://www.walletexplorer.com/wallet/0025d633f88ba307,ok,,2026-06-27T09:51:59.307444+00:00
1FRnRhgJ1fVCjVLgf599jdbaEjstJgnpYo,0025d633f88ba307,[0025d633f8],https://www.walletexplorer.com/wallet/0025d633f88ba307,ok,,2026-06-27T09:51:59.714117+00:00
1ES9bAcnJVVHykCSGV9pHceCdMWhnEVEkQ,0025d633f88ba307,[0025d633f8],https://www.walletexplorer.com/wallet/0025d633f88ba307,ok,,2026-06-27T09:52:00.073366+00:00
13JFBwBbYx91ET34N4vNoF73pELnQCYYoi,0005fc8fba054f33,[0005fc8fba],https://www.walletexplorer.com/wallet/0005fc8fba054f33,ok,,2026-06-27T09:52:00.481386+00:00
14BAdnJnyhU99H479Q8WRF3TAhqTbCd92Y,0025d633f88ba307,[0025d633f8],https://www.walletexplorer.com/wallet/0025d633f88ba307,ok,,2026-06-27T09:52:00.891834+00:00
13xSvgVKkKFfQYhaJv9Wjtfd52EGwYLe9x,0025d633f88ba307,[0025d633f8],https://www.walletexplorer.com/wallet/0025d633f88ba307,ok,,2026-06-27T09:52:01.302615+00:00
1MX78cU5ackSgfXyAXmjx8wx3JSyBHqnF4,0025d633f88ba307,[0025d633f8],https://www.walletexplorer.com/wallet/0025d633f88ba307,ok,,2026-06-27T09:52:01.746378+00:00
1GGShJBgBRFCZUiwp3WmNx5HkMAnSj84it,076c98afa3a9f36c,[076c98afa3],https://www.walletexplorer.com/wallet/076c98afa3a9f36c,ok,,2026-06-27T09:52:02.139516+00:00
1MMmBfZZZeikrze9ThG1V23eKugSkXUnEx,0025d633f88ba307,[0025d633f8],https://www.walletexplorer.com/wallet/0025d633f88ba307,ok,,2026-06-27T09:52:02.534329+00:00
1PHJu38qJBxMBBmTnmViGvfY7WPmTwcvUs,0025d633f88ba307,[0025d633f8],https://www.walletexplorer.com/wallet/0025d633f88ba307,ok,,2026-06-27T09:52:03.017188+00:00
1GMbKcfkELvDCGnyPsbuwFostju6L9FpJ1,0025d633f88ba307,[0025d633f8],https://www.walletexplorer.com/wallet/0025d633f88ba307,ok,,2026-06-27T09:52:03.499899+00:00
1F1VoT83GgJnj7CDAZwKJ1ws9HR44tEgJ3,0025d633f88ba307,[0025d633f8],https://www.walletexplorer.com/wallet/0025d633f88ba307,ok,,2026-06-27T09:52:03.976280+00:00
1DZtWAYBAKN3DVWSaKNG6mvFPipRjs7Phb,0056d09c06d2d948,[0056d09c06],https://www.walletexplorer.com/wallet/0056d09c06d2d948,ok,,2026-06-27T09:52:04.447667+00:00
1BGKhcYkuC5QbAqahPtKxQrshNLKDMzntm,0025d633f88ba307,[0025d633f8],https://www.walletexplorer.com/wallet/0025d633f88ba307,ok,,2026-06-27T09:52:04.868037+00:00
1GEHuJvXknmmL7CpqvprAACjfGjXTgqHQL,0034af3f003e10be,[0034af3f00],https://www.walletexplorer.com/wallet/0034af3f003e10be,ok,,2026-06-27T09:52:05.304242+00:00
1CrWC3fExH2WwW9MRuEFPxLSgTKewCK1AA,0056d09c06d2d948,[0056d09c06],https://www.walletexplorer.com/wallet/0056d09c06d2d948,ok,,2026-06-27T09:52:05.771604+00:00
1GJTReMMH7TQb7FGtjkVFsgYwZiWYXthiG,0025d633f88ba307,[0025d633f8],https://www.walletexplorer.com/wallet/0025d633f88ba307,ok,,2026-06-27T09:52:06.465642+00:00
1ByvnuMfCg4GPsQCBQijEv5eBVjZuWu5GD,0025d633f88ba307,[0025d633f8],https://www.walletexplorer.com/wallet/0025d633f88ba307,ok,,2026-06-27T09:52:06.919638+00:00
1KBRXCYknVkbEa9cJacK9fsCKyrXGYJSzQ,0056d09c06d2d948,[0056d09c06],https://www.walletexplorer.com/wallet/0056d09c06d2d948,ok,,2026-06-27T09:52:07.332102+00:00
12aMZoDLDmitfix1wQg6gUkRUqoQ9B8fJx,0005fc8fba054f33,[0005fc8fba],https://www.walletexplorer.com/wallet/0005fc8fba054f33,ok,,2026-06-27T09:52:07.756674+00:00
13WsFj48nyWzE4AVCGj1NSPmF9cC4fgLXD,0025d633f88ba307,[0025d633f8],https://www.walletexplorer.com/wallet/0025d633f88ba307,ok,,2026-06-27T09:52:08.219947+00:00
1NsuCEripYxiRXsQFEf38SSRjh2opAmj7g,0025d633f88ba307,[0025d633f8],https://www.walletexplorer.com/wallet/0025d633f88ba307,ok,,2026-06-27T09:52:08.657788+00:00
13tuuhMF6fPGn2VbaumEgJLg1w5uEUG473,0025d633f88ba307,[0025d633f8],https://www.walletexplorer.com/wallet/0025d633f88ba307,ok,,2026-06-27T09:52:09.171351+00:00
13W7EN2NKuYadvgyTMXkb49SBBVSiXmmsA,0025d633f88ba307,[0025d633f8],https://www.walletexplorer.com/wallet/0025d633f88ba307,ok,,2026-06-27T09:52:09.569157+00:00
1Ee8LCn82jM8aJUVRjNTcFgZcCbfEtXY4,0025d633f88ba307,[0025d633f8],https://www.walletexplorer.com/wallet/0025d633f88ba307,ok,,2026-06-27T09:52:09.965543+00:00
17QcqojSLC3F4pjpZsSdao8PBiPAZWLdLT,0025d633f88ba307,[0025d633f8],https://www.walletexplorer.com/wallet/0025d633f88ba307,ok,,2026-06-27T09:52:10.514095+00:00
181XDWt9uveSVdZ2GART4tEfs9ZXeXw4dB,0025d633f88ba307,[0025d633f8],https://www.walletexplorer.com/wallet/0025d633f88ba307,ok,,2026-06-27T09:52:10.950619+00:00
17Ry8JMW4E5AUAnDHCqe93Yeq3ckppk6TX,0025d633f88ba307,[0025d633f8],https://www.walletexplorer.com/wallet/0025d633f88ba307,ok,,2026-06-27T09:52:11.397679+00:00
1NNTV9ptLCUyVhdFkt6SZfD8WFxMTMMNyt,071a732202d56f73,[071a732202],https://www.walletexplorer.com/wallet/071a732202d56f73,ok,,2026-06-27T09:52:11.833626+00:00
1PCz4bmQL8vYXRMLWbcDr5Tupg4Nq9EsaG,0012ea9acfdf3b20,[0012ea9acf],https://www.walletexplorer.com/wallet/0012ea9acfdf3b20,ok,,2026-06-27T09:52:12.270527+00:00
1PNpAt7UGfTe38WqUVU5jxyCasc3ahRpFW,0005fc8fba054f33,[0005fc8fba],https://www.walletexplorer.com/wallet/0005fc8fba054f33,ok,,2026-06-27T09:52:12.718073+00:00
1QA8bSVDhPkb3b9uyu7Vz9qaVE1SqUUT6g,0025d633f88ba307,[0025d633f8],https://www.walletexplorer.com/wallet/0025d633f88ba307,ok,,2026-06-27T09:52:13.172126+00:00
1CJrnUUyDTfCDe3NbswGirLLyJTU9YFwHc,0025d633f88ba307,[0025d633f8],https://www.walletexplorer.com/wallet/0025d633f88ba307,ok,,2026-06-27T09:52:13.619518+00:00
1KqN6tt9jTYR1sCnSTdgur9b2doRRrScQ3,0025d633f88ba307,[0025d633f8],https://www.walletexplorer.com/wallet/0025d633f88ba307,ok,,2026-06-27T09:52:14.011395+00:00
123reXkmZWE3hucSJhDQEjC3ka7ivMzT52,0012ea9acfdf3b20,[0012ea9acf],https://www.walletexplorer.com/wallet/0012ea9acfdf3b20,ok,,2026-06-27T09:52:14.460113+00:00
1Ld3sFjFncBximeZ9uBLm5EyBtw3aJkhTm,0025d633f88ba307,[0025d633f8],https://www.walletexplorer.com/wallet/0025d633f88ba307,ok,,2026-06-27T09:52:15.039583+00:00
16MJFWGaY2Bx4GfhmpBsAqSYxhcMBFRoAW,0025d633f88ba307,[0025d633f8],https://www.walletexplorer.com/wallet/0025d633f88ba307,ok,,2026-06-27T09:52:15.449571+00:00
1PSfdzjEbinsgFyd4xJ9KZRFxoH39PZxEp,0005fc8fba054f33,[0005fc8fba],https://www.walletexplorer.com/wallet/0005fc8fba054f33,ok,,2026-06-27T09:52:15.910306+00:00
1BQgraZz15JyZsirBtBcFCjnr3NeKNjzpj,0025d633f88ba307,[0025d633f8],https://www.walletexplorer.com/wallet/0025d633f88ba307,ok,,2026-06-27T09:52:16.353447+00:00
1A7hK7VZBQ7Fh6LYb2FNtysCoBiHjZBLuv,01824c0e48c13d9a,[01824c0e48],https://www.walletexplorer.com/wallet/01824c0e48c13d9a,ok,,2026-06-27T09:52:16.799697+00:00
1Lexq9BFHxCAyvJxUUNWQ7mfeHNXvCy4VC,74eb70ebc9726c69,[74eb70ebc9],https://www.walletexplorer.com/wallet/74eb70ebc9726c69,ok,,2026-06-27T09:52:17.237789+00:00
1NXWKkKTQaJukxD6KMWrksa3qbgUnXXaKE,0034af3f003e10be,[0034af3f00],https://www.walletexplorer.com/wallet/0034af3f003e10be,ok,,2026-06-27T09:52:17.681271+00:00
1Eoaknrgkx7T2uydrsH8NPkCuAbSoGKave,74eb70ebc9726c69,[74eb70ebc9],https://www.walletexplorer.com/wallet/74eb70ebc9726c69,ok,,2026-06-27T09:52:18.105358+00:00
1KeFdv4jJwChPdTxrMdVqnEehRBDj86gjY,0005fc8fba054f33,[0005fc8fba],https://www.walletexplorer.com/wallet/0005fc8fba054f33,ok,,2026-06-27T09:52:18.516165+00:00
16PX9byoW1PVWh8kuYV2tnMVLPJrgRpzT5,05f23d399c5086eb,[05f23d399c],https://www.walletexplorer.com/wallet/05f23d399c5086eb,ok,,2026-06-27T09:52:18.987101+00:00
16MFcw7UqKtFSm2zqxXDSRZ7Qj1A3q5XWw,0025d633f88ba307,[0025d633f8],https://www.walletexplorer.com/wallet/0025d633f88ba307,ok,,2026-06-27T09:52:19.413345+00:00
14mC6LGttrZMpVMvE3i6cp8xvPUpgpMpSJ,0025d633f88ba307,[0025d633f8],https://www.walletexplorer.com/wallet/0025d633f88ba307,ok,,2026-06-27T09:52:19.880173+00:00
15EUgJiL7no9Vynk39DpjdynByYtd4fhnC,0025d633f88ba307,[0025d633f8],https://www.walletexplorer.com/wallet/0025d633f88ba307,ok,,2026-06-27T09:52:20.329259+00:00
19dqfT6rk9XWHh3sgmpChawWnKG5nPDk5a,0025d633f88ba307,[0025d633f8],https://www.walletexplorer.com/wallet/0025d633f88ba307,ok,,2026-06-27T09:52:20.784929+00:00
1J4U3sFRy8vsDnXdtWzabv6mquRMRbJiDB,0025d633f88ba307,[0025d633f8],https://www.walletexplorer.com/wallet/0025d633f88ba307,ok,,2026-06-27T09:52:21.360869+00:00
155rywK7RYipbrt9BtNN6T6WoSf2MaNSZS,0025d633f88ba307,[0025d633f8],https://www.walletexplorer.com/wallet/0025d633f88ba307,ok,,2026-06-27T09:52:21.785935+00:00
169AopSG3e8ksoFrNEfstR8bkg1SxwySQc,0025d633f88ba307,[0025d633f8],https://www.walletexplorer.com/wallet/0025d633f88ba307,ok,,2026-06-27T09:52:22.361193+00:00
1JZgTQ9gKk7arQ8gaJ7JBuQofdrGM5itnU,0005fc8fba054f33,[0005fc8fba],https://www.walletexplorer.com/wallet/0005fc8fba054f33,ok,,2026-06-27T09:52:22.811453+00:00
1M4nymQGjRczsr76wuX5pScHw2xdZJcdBc,0025d633f88ba307,[0025d633f8],https://www.walletexplorer.com/wallet/0025d633f88ba307,ok,,2026-06-27T09:52:23.239642+00:00
13vavNSM4TzvM6RAG4uEf7qMEcMMK6cSsP,0025d633f88ba307,[0025d633f8],https://www.walletexplorer.com/wallet/0025d633f88ba307,ok,,2026-06-27T09:52:23.676220+00:00
18nahJZTSJt2FhpT2xTyVHjU6UiRj78Dhz,0025d633f88ba307,[0025d633f8],https://www.walletexplorer.com/wallet/0025d633f88ba307,ok,,2026-06-27T09:52:24.193825+00:00
19wKYWh4Aumad8YKFieYNFE26X35J3nQmZ,0190f037e8e03128,[0190f037e8],https://www.walletexplorer.com/wallet/0190f037e8e03128,ok,,2026-06-27T09:52:24.655997+00:00
18nvnTnHVzujctBimJhsKDM8rFHLCfZPk2,0025d633f88ba307,[0025d633f8],https://www.walletexplorer.com/wallet/0025d633f88ba307,ok,,2026-06-27T09:52:25.101149+00:00
152jB4kTDZFQb5HSQnF3QUbaDqZN5fA8DP,04137269e64be293,[04137269e6],https://www.walletexplorer.com/wallet/04137269e64be293,ok,,2026-06-27T09:52:25.551482+00:00
1E8ikJhgsqWrPCHQqeXfqLD78ZJ3DaNJri,0005fc8fba054f33,[0005fc8fba],https://www.walletexplorer.com/wallet/0005fc8fba054f33,ok,,2026-06-27T09:52:25.980812+00:00
1GMRaeVvd9Aea9saSDTVjFNc122n8rq5ig,05ea1b37bf572904,[05ea1b37bf],https://www.walletexplorer.com/wallet/05ea1b37bf572904,ok,,2026-06-27T09:52:26.377162+00:00
1BG9RW1rY62PxonecrtymWVMT4N4KuGLGu,0025d633f88ba307,[0025d633f8],https://www.walletexplorer.com/wallet/0025d633f88ba307,ok,,2026-06-27T09:52:26.769820+00:00
17nGWSG5NqWQd82G9Yni4xZAuZRNmHM4u,0025d633f88ba307,[0025d633f8],https://www.walletexplorer.com/wallet/0025d633f88ba307,ok,,2026-06-27T09:52:27.153925+00:00
1EcDRe2LoRyeg1uAFUQoPNrRJZsK9cD6xL,0025d633f88ba307,[0025d633f8],https://www.walletexplorer.com/wallet/0025d633f88ba307,ok,,2026-06-27T09:52:27.605828+00:00
1N8Ak7AcPsQ35xVeh8ZYhp85YNe2Hvcdg9,6cd6d370347de55a,[6cd6d37034],https://www.walletexplorer.com/wallet/6cd6d370347de55a,ok,,2026-06-27T09:52:28.141705+00:00
1BSP7AjE3zDKsdNkxvs4k7PTQs4vpgRyv6,0025d633f88ba307,[0025d633f8],https://www.walletexplorer.com/wallet/0025d633f88ba307,ok,,2026-06-27T09:52:28.587879+00:00
13hAc9pPJgLunEosJJZwfCRCMg25dUBt9v,04137269e64be293,[04137269e6],https://www.walletexplorer.com/wallet/04137269e64be293,ok,,2026-06-27T09:52:29.076663+00:00
1DAjPaP7xSCW4NpmsobWzj8DpaX1uo3bmp,0025d633f88ba307,[0025d633f8],https://www.walletexplorer.com/wallet/0025d633f88ba307,ok,,2026-06-27T09:52:29.577569+00:00
19TCnd3UZbZhiM6gCpDKeaPBF2moybXwcz,5320881f02e2396e,[5320881f02],https://www.walletexplorer.com/wallet/5320881f02e2396e,ok,,2026-06-27T09:52:30.024026+00:00
1N1bAoWqBhC1nD36zkLhEecpHnfTBd7kVk,05f23d399c5086eb,[05f23d399c],https://www.walletexplorer.com/wallet/05f23d399c5086eb,ok,,2026-06-27T09:52:30.452430+00:00
18kTDs9e51YFbF1fuG1JpSQVpgN5VJAc28,0025d633f88ba307,[0025d633f8],https://www.walletexplorer.com/wallet/0025d633f88ba307,ok,,2026-06-27T09:52:31.305818+00:00
1QBxmc78VrpwrkWbtiTLNKTRzs5rVrLB5H,0025d633f88ba307,[0025d633f8],https://www.walletexplorer.com/wallet/0025d633f88ba307,ok,,2026-06-27T09:52:31.735674+00:00
17nQ3YpghGjUK2wQcJyddGDwGKCnFWiQrG,0025d633f88ba307,[0025d633f8],https://www.walletexplorer.com/wallet/0025d633f88ba307,ok,,2026-06-27T09:52:32.165765+00:00
1Ftyswr4brpmZaAZMw8WSoioQwn19P4RZ2,0025d633f88ba307,[0025d633f8],https://www.walletexplorer.com/wallet/0025d633f88ba307,ok,,2026-06-27T09:52:32.593747+00:00
14kHvu63ZCvCdbCshxDMS9XM5bptpqnYUM,0025d633f88ba307,[0025d633f8],https://www.walletexplorer.com/wallet/0025d633f88ba307,ok,,2026-06-27T09:52:33.022886+00:00
13Vq9Pc3FPxDTfne3xY37AwpdGS9MPwa7a,0005fc8fba054f33,[0005fc8fba],https://www.walletexplorer.com/wallet/0005fc8fba054f33,ok,,2026-06-27T09:52:33.477693+00:00
1AUGctyBRpT14oFKouF3dLe21VDHfh4LS9,0025d633f88ba307,[0025d633f8],https://www.walletexplorer.com/wallet/0025d633f88ba307,ok,,2026-06-27T09:52:34.057942+00:00
1RxC7bHs88njJrnJsQyin1Rf1ysCBGnPs,0025d633f88ba307,[0025d633f8],https://www.walletexplorer.com/wallet/0025d633f88ba307,ok,,2026-06-27T09:52:34.488648+00:00
19aH4czzZFskz14vGeRfxdWaxFcYXgFu5i,0025d633f88ba307,[0025d633f8],https://www.walletexplorer.com/wallet/0025d633f88ba307,ok,,2026-06-27T09:52:35.455092+00:00
1FX65KpE5iH7oJwqX3LEiCAUsVUg8zaQ7m,0025d633f88ba307,[0025d633f8],https://www.walletexplorer.com/wallet/0025d633f88ba307,ok,,2026-06-27T09:52:36.060139+00:00
1LXt4aEYinKyLU7FquLbzpDaYRMioR297A,0025d633f88ba307,[0025d633f8],https://www.walletexplorer.com/wallet/0025d633f88ba307,ok,,2026-06-27T09:52:36.490755+00:00
1FJ74suZvWJEbLdEEu4CqZpL2qDbF3fT8n,071a732202d56f73,[071a732202],https://www.walletexplorer.com/wallet/071a732202d56f73,ok,,2026-06-27T09:52:36.920842+00:00
1Nyj2RejrQfJV8bPhFDxFaDaUpL1WJ9oWJ,3e2054ca643bc832,[3e2054ca64],https://www.walletexplorer.com/wallet/3e2054ca643bc832,ok,,2026-06-27T09:52:37.389963+00:00
1MJu7t4fxoyME2yRPawTjSRRP7MdfFkctS,288a3c0b015cc904,[288a3c0b01],https://www.walletexplorer.com/wallet/288a3c0b015cc904,ok,,2026-06-27T09:52:37.841123+00:00
15J7TMxWNnhk91ZFNQJdMxMhmtHjmYPhXz,efbed5dea5e18971,[efbed5dea5],https://www.walletexplorer.com/wallet/efbed5dea5e18971,ok,,2026-06-27T09:52:38.265345+00:00
1F3A9Bzy1fhYFEJwjB8izeEhZosDujzumH,0025d633f88ba307,[0025d633f8],https://www.walletexplorer.com/wallet/0025d633f88ba307,ok,,2026-06-27T09:52:38.735787+00:00
1QKd5Y4pB7ASh2G8qjjjeUwKdtFMPNLdZr,0025d633f88ba307,[0025d633f8],https://www.walletexplorer.com/wallet/0025d633f88ba307,ok,,2026-06-27T09:52:39.200058+00:00
1bmjiaW3VzcXAFoJiFZmBVsjdX5KKAnjq,071a732202d56f73,[071a732202],https://www.walletexplorer.com/wallet/071a732202d56f73,ok,,2026-06-27T09:52:39.640146+00:00
1CebH3Qt6SC45nYB78y5uHKsB53AA2yZ9b,0025d633f88ba307,[0025d633f8],https://www.walletexplorer.com/wallet/0025d633f88ba307,ok,,2026-06-27T09:52:40.066065+00:00
13K9YdaUfUJgxHRffYTYgnS9ZVqeiCnp7G,0025d633f88ba307,[0025d633f8],https://www.walletexplorer.com/wallet/0025d633f88ba307,ok,,2026-06-27T09:52:40.532130+00:00
1MMvgxEhjvJeTXg7S3AHTp5WEAomGnEyJG,0056d09c06d2d948,[0056d09c06],https://www.walletexplorer.com/wallet/0056d09c06d2d948,ok,,2026-06-27T09:52:41.057557+00:00
19Gw8pFKpprA6GyJREX54FpSL4SuMd9sxJ,2b03d9d7588c096f,[2b03d9d758],https://www.walletexplorer.com/wallet/2b03d9d7588c096f,ok,,2026-06-27T09:52:41.531039+00:00
18c1ie7HrwvMvrCCxjDUHVmfLNyttjFrmH,0005fc8fba054f33,[0005fc8fba],https://www.walletexplorer.com/wallet/0005fc8fba054f33,ok,,2026-06-27T09:52:42.002297+00:00
1Nwj8JD2tC72EPCWrNQLHV7CtapfsYDe2C,0025d633f88ba307,[0025d633f8],https://www.walletexplorer.com/wallet/0025d633f88ba307,ok,,2026-06-27T09:52:42.444851+00:00
1Fwp88o9G6jzrY3AmCqRABpVTmJM6h1nEK,0025d633f88ba307,[0025d633f8],https://www.walletexplorer.com/wallet/0025d633f88ba307,ok,,2026-06-27T09:52:42.889071+00:00
1B4h6zQVvLXxneDeRGFpPySMUhwhxPt9J7,0025d633f88ba307,[0025d633f8],https://www.walletexplorer.com/wallet/0025d633f88ba307,ok,,2026-06-27T09:52:43.930095+00:00
1rQqgX77rRZucoCujAZ5p5H3ZD4F5EtZG,0025d633f88ba307,[0025d633f8],https://www.walletexplorer.com/wallet/0025d633f88ba307,ok,,2026-06-27T09:52:44.334101+00:00
1BxfZeHonCMoE4ue6Fcqawbvfmg1zjRKBj,04137269e64be293,[04137269e6],https://www.walletexplorer.com/wallet/04137269e64be293,ok,,2026-06-27T09:52:44.784838+00:00
1YzxUuwc1pNzFySiKLqn7b9EztDUFcAZt,0025d633f88ba307,[0025d633f8],https://www.walletexplorer.com/wallet/0025d633f88ba307,ok,,2026-06-27T09:52:45.255713+00:00
1GQsG5UbeEx2s6hjY3CtgmrhQurQxxJcvm,0025d633f88ba307,[0025d633f8],https://www.walletexplorer.com/wallet/0025d633f88ba307,ok,,2026-06-27T09:52:45.673151+00:00
1FuW6CB9esFRNovozZFkkNW55oAYZzMs8R,0005fc8fba054f33,[0005fc8fba],https://www.walletexplorer.com/wallet/0005fc8fba054f33,ok,,2026-06-27T09:52:46.105543+00:00
1GmDc2weGk7Jk24mEw3chZpjGqKVxyo3zo,0005fc8fba054f33,[0005fc8fba],https://www.walletexplorer.com/wallet/0005fc8fba054f33,ok,,2026-06-27T09:52:47.779151+00:00
1r6aEwk6vCSjyznhxBKNPzKt1RGhGBXLe,df847f06ad6b4ed4,[df847f06ad],https://www.walletexplorer.com/wallet/df847f06ad6b4ed4,ok,,2026-06-27T09:52:48.347794+00:00
15mq8zhjkww9Xgqg8eYSmTxBz94f7PuxSP,0025d633f88ba307,[0025d633f8],https://www.walletexplorer.com/wallet/0025d633f88ba307,ok,,2026-06-27T09:52:48.839165+00:00
1NyCHhTcqs4QTKGSdySWcFVxRQqKfb7nwQ,01975b1c9bd6985d,[01975b1c9b],https://www.walletexplorer.com/wallet/01975b1c9bd6985d,ok,,2026-06-27T09:52:49.299598+00:00
1J3kBC7cHVCahgjPQRrD8BHLfVpJ7gzAw,0025d633f88ba307,[0025d633f8],https://www.walletexplorer.com/wallet/0025d633f88ba307,ok,,2026-06-27T09:52:49.771343+00:00
15ZoMPUpcDUZ3FSxkXsq8PAEEjHi5fLygS,0025d633f88ba307,[0025d633f8],https://www.walletexplorer.com/wallet/0025d633f88ba307,ok,,2026-06-27T09:52:50.181148+00:00
19cXivvujH8qWgWDw8yJh4VdBSFz6f6ywe,1cf41917f6e6d11f,[1cf41917f6],https://www.walletexplorer.com/wallet/1cf41917f6e6d11f,ok,,2026-06-27T09:52:50.600476+00:00
19kUMk8NAqYmfVtjeEXH3iUyFm5GWBVTgk,0005fc8fba054f33,[0005fc8fba],https://www.walletexplorer.com/wallet/0005fc8fba054f33,ok,,2026-06-27T09:52:51.160108+00:00
1MfddDTVYFLpxL4X1RXoGeZ5xJ9oFw11W2,0005fc8fba054f33,[0005fc8fba],https://www.walletexplorer.com/wallet/0005fc8fba054f33,ok,,2026-06-27T09:52:51.582179+00:00
19n9rp6TieXhHf84hpCD2n4raUYof6XPpk,6d951ccdc4f9a7df,[6d951ccdc4],https://www.walletexplorer.com/wallet/6d951ccdc4f9a7df,ok,,2026-06-27T09:52:51.955666+00:00
1NSEAMwabc8Qmhe4z5m4Sj7dkfWeDCLYqP,0190f037e8e03128,[0190f037e8],https://www.walletexplorer.com/wallet/0190f037e8e03128,ok,,2026-06-27T09:52:52.367927+00:00
15EeGuoLXD3iwpP7Sb4gjky3KxES5r41Wr,0005fc8fba054f33,[0005fc8fba],https://www.walletexplorer.com/wallet/0005fc8fba054f33,ok,,2026-06-27T09:52:52.815249+00:00
1AJZFuFRV3Lg2BGgj9LQtamcaQuHv7gFqT,0056d09c06d2d948,[0056d09c06],https://www.walletexplorer.com/wallet/0056d09c06d2d948,ok,,2026-06-27T09:52:53.284187+00:00
1M29d6xjWmHGMQKbmy5uti3X5qX4VURn8n,0005fc8fba054f33,[0005fc8fba],https://www.walletexplorer.com/wallet/0005fc8fba054f33,ok,,2026-06-27T09:52:53.895069+00:00
12h2h5jzPeCZ5UEt1N5z81pJmtZxWyEKsz,0005fc8fba054f33,[0005fc8fba],https://www.walletexplorer.com/wallet/0005fc8fba054f33,ok,,2026-06-27T09:52:54.334813+00:00
1A6AowHcpMpeWPTPTdYW5TTgLPtMC4wJ8R,0025d633f88ba307,[0025d633f8],https://www.walletexplorer.com/wallet/0025d633f88ba307,ok,,2026-06-27T09:52:54.784389+00:00
19RnUZtVqhSMGCFo3aazTcZts79RnpwgKP,0005fc8fba054f33,[0005fc8fba],https://www.walletexplorer.com/wallet/0005fc8fba054f33,ok,,2026-06-27T09:52:55.189296+00:00
1AfSGRTfkFc2j6L8csQhaQrAw6hq1ErBj3,0005fc8fba054f33,[0005fc8fba],https://www.walletexplorer.com/wallet/0005fc8fba054f33,ok,,2026-06-27T09:52:55.626874+00:00
1Dy8a2XyvhX4MZxuvQ4Pj9UK7kvKPx8WYJ,b66ce0965d688b79,[b66ce0965d],https://www.walletexplorer.com/wallet/b66ce0965d688b79,ok,,2026-06-27T09:52:56.051435+00:00
14Up1NPyeHiTVFB12GXFbnWRmUwwU9Y9Fi,0005fc8fba054f33,[0005fc8fba],https://www.walletexplorer.com/wallet/0005fc8fba054f33,ok,,2026-06-27T09:52:56.496668+00:00
1DPuxS8KmscnJgucFPAemJbYxijowcVAQv,0034af3f003e10be,[0034af3f00],https://www.walletexplorer.com/wallet/0034af3f003e10be,ok,,2026-06-27T09:52:56.923276+00:00
16RFn3oAi1k2nSNnxbXcK2SZJmCbwbmL3i,0005fc8fba054f33,[0005fc8fba],https://www.walletexplorer.com/wallet/0005fc8fba054f33,ok,,2026-06-27T09:52:57.493725+00:00
1Bqdjss62mv49jmkWaEns8p2RdhbjjsVGE,0025d633f88ba307,[0025d633f8],https://www.walletexplorer.com/wallet/0025d633f88ba307,ok,,2026-06-27T09:52:57.917908+00:00
1DiQXmDc6CnBPrHFS97Rsx5LBJHP2XueHs,1347fd994482b1c3,[1347fd9944],https://www.walletexplorer.com/wallet/1347fd994482b1c3,ok,,2026-06-27T09:52:58.326588+00:00
1HcjoHeUXMB83DC1EWhwAdcqJ5js5cMbyT,0005fc8fba054f33,[0005fc8fba],https://www.walletexplorer.com/wallet/0005fc8fba054f33,ok,,2026-06-27T09:52:58.773659+00:00
1QZ392nvGrF1VpFLebr9ZvSo6mAYvRnma,0025d633f88ba307,[0025d633f8],https://www.walletexplorer.com/wallet/0025d633f88ba307,ok,,2026-06-27T09:52:59.244755+00:00
1E69Y42nZtxNchkyyCktpmNvn6TAVet67d,0005fc8fba054f33,[0005fc8fba],https://www.walletexplorer.com/wallet/0005fc8fba054f33,ok,,2026-06-27T09:52:59.677881+00:00
1KepyXBuUg52YYwW1pY6tBPbLH7beMd18,0025d633f88ba307,[0025d633f8],https://www.walletexplorer.com/wallet/0025d633f88ba307,ok,,2026-06-27T09:53:00.145887+00:00
17NonYLuFqN8Jtf2a4HvpjQ79ds2imD8Jz,01975b1c9bd6985d,[01975b1c9b],https://www.walletexplorer.com/wallet/01975b1c9bd6985d,ok,,2026-06-27T09:53:00.630793+00:00
1PxU3CCvNTZMzGAC3HGTAsurGfyAXadAo2,0005fc8fba054f33,[0005fc8fba],https://www.walletexplorer.com/wallet/0005fc8fba054f33,ok,,2026-06-27T09:53:01.064570+00:00
1LNaAxGHFFufuH4iZU5MsXTxqn8LP9pLfj,16021ee78dbfdc52,[16021ee78d],https://www.walletexplorer.com/wallet/16021ee78dbfdc52,ok,,2026-06-27T09:53:01.529862+00:00
1s5hvhSyorS94B9qqmAJkNxDhZ4bx3k6T,0012ea9acfdf3b20,[0012ea9acf],https://www.walletexplorer.com/wallet/0012ea9acfdf3b20,ok,,2026-06-27T09:53:01.992707+00:00
15qnrGjAmgTDnfJiwSrRDWnTjhiSfH2dJz,0005fc8fba054f33,[0005fc8fba],https://www.walletexplorer.com/wallet/0005fc8fba054f33,ok,,2026-06-27T09:53:02.468409+00:00
1S81LWFDnNvCWQycRVNdUQp28V2Ad9AAH,0034af3f003e10be,[0034af3f00],https://www.walletexplorer.com/wallet/0034af3f003e10be,ok,,2026-06-27T09:53:03.586516+00:00
1NG2Ln97tmGXt7yuB1HVYjHiye3gWdAkuc,040da49cd631340d,[040da49cd6],https://www.walletexplorer.com/wallet/040da49cd631340d,ok,,2026-06-27T09:53:04.055545+00:00
19G3p4wckT2eS4cWKrLUeK3xsr4DHFKKut,0056d09c06d2d948,[0056d09c06],https://www.walletexplorer.com/wallet/0056d09c06d2d948,ok,,2026-06-27T09:53:04.514123+00:00
1DCDSzxo97fQ8ysk9Rh3Bb8hoDM5ieG9cv,0025d633f88ba307,[0025d633f8],https://www.walletexplorer.com/wallet/0025d633f88ba307,ok,,2026-06-27T09:53:04.920652+00:00
13eQ1hEYzJFJjwMHC3W2jR2g4oPMXfZT7W,0056d09c06d2d948,[0056d09c06],https://www.walletexplorer.com/wallet/0056d09c06d2d948,ok,,2026-06-27T09:53:05.346010+00:00
1CW68txuiNWdjnHthqhwHrY9jazfvzBep2,0012ea9acfdf3b20,[0012ea9acf],https://www.walletexplorer.com/wallet/0012ea9acfdf3b20,ok,,2026-06-27T09:53:05.806902+00:00
18xzj1s1sywntCsfnp2JQF1TupxwaKouHL,6a0f800abd8a3c7d,[6a0f800abd],https://www.walletexplorer.com/wallet/6a0f800abd8a3c7d,ok,,2026-06-27T09:53:06.251168+00:00
1Km93GbL9gL8dw4exHmWLaC3gwVS8oqtL2,eaa78f27c9630508,[eaa78f27c9],https://www.walletexplorer.com/wallet/eaa78f27c9630508,ok,,2026-06-27T09:53:06.709105+00:00
1BypBnFRzhhEnrmCHtkrnTsPPQmGYvxk8,0025d633f88ba307,[0025d633f8],https://www.walletexplorer.com/wallet/0025d633f88ba307,ok,,2026-06-27T09:53:07.157847+00:00
1CG8S8znX2n3RA45MyyRPw3dvBxtiVsypM,0005fc8fba054f33,[0005fc8fba],https://www.walletexplorer.com/wallet/0005fc8fba054f33,ok,,2026-06-27T09:53:07.616936+00:00
19YzeiHNdGsx2L36395LU2sBrNZAaDPJAc,0005fc8fba054f33,[0005fc8fba],https://www.walletexplorer.com/wallet/0005fc8fba054f33,ok,,2026-06-27T09:53:08.060157+00:00
1LUrpP4NefhYkhGrQq7EvMJcqRJk5t71sy,0012ea9acfdf3b20,[0012ea9acf],https://www.walletexplorer.com/wallet/0012ea9acfdf3b20,ok,,2026-06-27T09:53:08.502644+00:00
19vpXB9iFwWvj2zXFKRc8VZmQvLBpRnKKn,0012ea9acfdf3b20,[0012ea9acf],https://www.walletexplorer.com/wallet/0012ea9acfdf3b20,ok,,2026-06-27T09:53:08.964713+00:00
1DukNHfPNHfsEQRwKd8HverWd5LRADXiAP,0005fc8fba054f33,[0005fc8fba],https://www.walletexplorer.com/wallet/0005fc8fba054f33,ok,,2026-06-27T09:53:09.462495+00:00
1EkMFZn46Mwegr7uBsqMrLXcjkmBhBR5cY,0005fc8fba054f33,[0005fc8fba],https://www.walletexplorer.com/wallet/0005fc8fba054f33,ok,,2026-06-27T09:53:09.966245+00:00
17xeSxdaQ2HjQW7Pb81rdfRxveupo8qcqb,0025d633f88ba307,[0025d633f8],https://www.walletexplorer.com/wallet/0025d633f88ba307,ok,,2026-06-27T09:53:10.440674+00:00
159qStKL1pK6h5pWZ6avv2SSnEucoZQHrj,0190f037e8e03128,[0190f037e8],https://www.walletexplorer.com/wallet/0190f037e8e03128,ok,,2026-06-27T09:53:10.882763+00:00
1JvgcPGJagJk3UTxbtZyxPJyhDWsxPGfcc,0005fc8fba054f33,[0005fc8fba],https://www.walletexplorer.com/wallet/0005fc8fba054f33,ok,,2026-06-27T09:53:11.375820+00:00
1H53Z1ahYNbHsjpXaSENfPstSXHhG2NcLZ,04137269e64be293,[04137269e6],https://www.walletexplorer.com/wallet/04137269e64be293,ok,,2026-06-27T09:53:11.828372+00:00
1MDHoRfUg5MPRcNTzsCPApJhHZ6FsRGzDZ,0005fc8fba054f33,[0005fc8fba],https://www.walletexplorer.com/wallet/0005fc8fba054f33,ok,,2026-06-27T09:53:12.288524+00:00
1A2NCfvS1t4GgJLYgiHPUh2QRXLNGnkHPe,0056d09c06d2d948,[0056d09c06],https://www.walletexplorer.com/wallet/0056d09c06d2d948,ok,,2026-06-27T09:53:12.755980+00:00
1P6xdwvdhuVmGS53o1XnZxyoG392FUNNsF,0034af3f003e10be,[0034af3f00],https://www.walletexplorer.com/wallet/0034af3f003e10be,ok,,2026-06-27T09:53:13.252466+00:00
168StJMjiyrNvDBCjHRHbsZMNKNhJMbGjB,6d4af7986954b0fb,[6d4af79869],https://www.walletexplorer.com/wallet/6d4af7986954b0fb,ok,,2026-06-27T09:53:13.855395+00:00
149d6oBDKDaFN4LdNT1w3YuCXPH51qscAo,0012ea9acfdf3b20,[0012ea9acf],https://www.walletexplorer.com/wallet/0012ea9acfdf3b20,ok,,2026-06-27T09:53:14.591451+00:00
1MbePjHaff6PBLsexFJJQthF2pfJHAtLFz,0034af3f003e10be,[0034af3f00],https://www.walletexplorer.com/wallet/0034af3f003e10be,ok,,2026-06-27T09:53:15.049002+00:00
1Cnyh7asy4DL4mnbJfRs8aKjEz7nNXDt91,05f23d399c5086eb,[05f23d399c],https://www.walletexplorer.com/wallet/05f23d399c5086eb,ok,,2026-06-27T09:53:15.544536+00:00
126noQnKpUTif2qhAPW8nrF1eo6V2tFgez,0025d633f88ba307,[0025d633f8],https://www.walletexplorer.com/wallet/0025d633f88ba307,ok,,2026-06-27T09:53:16.036503+00:00
1Bn5vSScXGf9jLLCZkAtQQmzSAsZEs7BaH,0056d09c06d2d948,[0056d09c06],https://www.walletexplorer.com/wallet/0056d09c06d2d948,ok,,2026-06-27T09:53:16.571915+00:00
1AhbHU8xrFANFEaJKeoKgZdaGMWwoVpLvC,0005fc8fba054f33,[0005fc8fba],https://www.walletexplorer.com/wallet/0005fc8fba054f33,ok,,2026-06-27T09:53:17.069808+00:00
1GhNV8duC8fVMQzT4yBqMKTpxsHbwG3wyu,0005fc8fba054f33,[0005fc8fba],https://www.walletexplorer.com/wallet/0005fc8fba054f33,ok,,2026-06-27T09:53:17.522988+00:00
1EJEKiKSVvDyuEjrRLdjrNbJH2AmD4VAb5,0056d09c06d2d948,[0056d09c06],https://www.walletexplorer.com/wallet/0056d09c06d2d948,ok,,2026-06-27T09:53:18.036673+00:00
12TZtSK5KVx2bCwcMG9xgqYqBfYNbs8N5A,0025d633f88ba307,[0025d633f8],https://www.walletexplorer.com/wallet/0025d633f88ba307,ok,,2026-06-27T09:53:18.453321+00:00
1CGmVRsfmrLY6QEGZ5NBFZo4H6LWUzCvDq,071a732202d56f73,[071a732202],https://www.walletexplorer.com/wallet/071a732202d56f73,ok,,2026-06-27T09:53:19.050222+00:00
19WhT3VVf1gnpAXcqViYFqcKCaehpSgTmG,fbf892be110c6a56,[fbf892be11],https://www.walletexplorer.com/wallet/fbf892be110c6a56,ok,,2026-06-27T09:53:19.501949+00:00
195h9nFWQN428HEusBbE7UTYsBqhNeLtz1,0005fc8fba054f33,[0005fc8fba],https://www.walletexplorer.com/wallet/0005fc8fba054f33,ok,,2026-06-27T09:53:20.036191+00:00
1Nd7mz7qs2DTiJK6R2Q1xMndDvDKVo64EP,04137269e64be293,[04137269e6],https://www.walletexplorer.com/wallet/04137269e64be293,ok,,2026-06-27T09:53:20.608211+00:00
1HBN3moK8KbzT8PNMhoZ8uMzFZ2QwZTVrr,0056d09c06d2d948,[0056d09c06],https://www.walletexplorer.com/wallet/0056d09c06d2d948,ok,,2026-06-27T09:53:21.267766+00:00
1N1RV1EYzS8nQGPVaM1YjcM5ESAfQZDazK,0056d09c06d2d948,[0056d09c06],https://www.walletexplorer.com/wallet/0056d09c06d2d948,ok,,2026-06-27T09:53:21.755581+00:00
1EoC96eMuy1ozZNw3bKAUDnBujW2BYm411,0012ea9acfdf3b20,[0012ea9acf],https://www.walletexplorer.com/wallet/0012ea9acfdf3b20,ok,,2026-06-27T09:53:22.359266+00:00
12r7H9NHZAhnY4PGZQRtfJYBGSR5s11sG2,193a39920757d89a,[193a399207],https://www.walletexplorer.com/wallet/193a39920757d89a,ok,,2026-06-27T09:53:22.856432+00:00
19wZoGsP3R8QewHn6wTHnj62tsRREhNX17,25df99394a49ca5f,[25df99394a],https://www.walletexplorer.com/wallet/25df99394a49ca5f,ok,,2026-06-27T09:53:23.266377+00:00
18SWu7CuSP3HBfDdrSPy5eMTgbuaXJ7AZp,0025d633f88ba307,[0025d633f8],https://www.walletexplorer.com/wallet/0025d633f88ba307,ok,,2026-06-27T09:53:23.740565+00:00
1Kw8ZPiQDq42KyBZKB3UawVw2ydL5PS3me,071a732202d56f73,[071a732202],https://www.walletexplorer.com/wallet/071a732202d56f73,ok,,2026-06-27T09:53:24.239794+00:00
14KgD4JuBMZGX7NiosgQAPYD5h66qQNPdz,0056d09c06d2d948,[0056d09c06],https://www.walletexplorer.com/wallet/0056d09c06d2d948,ok,,2026-06-27T09:53:24.782639+00:00
17CdhE7hx3F7LTbhewDcbZJo3ncMybcdgP,01824c0e48c13d9a,[01824c0e48],https://www.walletexplorer.com/wallet/01824c0e48c13d9a,ok,,2026-06-27T09:53:25.321990+00:00
1HxrMeKk1brSSYuuzaCgQSDy8aks15JjdZ,0012ea9acfdf3b20,[0012ea9acf],https://www.walletexplorer.com/wallet/0012ea9acfdf3b20,ok,,2026-06-27T09:53:25.806886+00:00
19NSwxJ6dCTZTWWFEtni35JGFw9BjDgJFa,0005fc8fba054f33,[0005fc8fba],https://www.walletexplorer.com/wallet/0005fc8fba054f33,ok,,2026-06-27T09:53:26.342450+00:00
19AkooyyDaf5Mj8ScPopZ7FpzJR9PeNViC,b1c6761ce7aedabd,[b1c6761ce7],https://www.walletexplorer.com/wallet/b1c6761ce7aedabd,ok,,2026-06-27T09:53:26.854517+00:00
16vvrycQkcWmeJ17RfVBWRPh5gA7V24jz7,0025d633f88ba307,[0025d633f8],https://www.walletexplorer.com/wallet/0025d633f88ba307,ok,,2026-06-27T09:53:27.345804+00:00
149KD8axoY2ezu6ZQT28K6kcsKJZz5pW6E,0025d633f88ba307,[0025d633f8],https://www.walletexplorer.com/wallet/0025d633f88ba307,ok,,2026-06-27T09:53:27.791709+00:00
17cCizJHRHUczDQvDSoqHN9i66sQUgkpjG,0034af3f003e10be,[0034af3f00],https://www.walletexplorer.com/wallet/0034af3f003e10be,ok,,2026-06-27T09:53:28.412511+00:00
1C76T4mDnxajYD4xCt4eizfPuMcFfxiNQJ,01975b1c9bd6985d,[01975b1c9b],https://www.walletexplorer.com/wallet/01975b1c9bd6985d,ok,,2026-06-27T09:53:29.009707+00:00
15csdq2cdtTopNWx4jzqfaFsAMeVGfQfwP,0190f037e8e03128,[0190f037e8],https://www.walletexplorer.com/wallet/0190f037e8e03128,ok,,2026-06-27T09:53:29.478792+00:00
1BwWttWLB2HMRPs457d4BzKzwXAH8EWVH5,0005fc8fba054f33,[0005fc8fba],https://www.walletexplorer.com/wallet/0005fc8fba054f33,ok,,2026-06-27T09:53:29.972303+00:00
19BgdAsAojSPpsjaEakRFL1SG7JSCbSAwk,0056d09c06d2d948,[0056d09c06],https://www.walletexplorer.com/wallet/0056d09c06d2d948,ok,,2026-06-27T09:53:30.447682+00:00
1JgnqEUFnhuipAizDTNVxEdFxhjdQDTpT7,0005fc8fba054f33,[0005fc8fba],https://www.walletexplorer.com/wallet/0005fc8fba054f33,ok,,2026-06-27T09:53:31.142891+00:00
1Kvr6mJBuEWVN6Mp2oNdkmyMRcQiwUvyzQ,01975b1c9bd6985d,[01975b1c9b],https://www.walletexplorer.com/wallet/01975b1c9bd6985d,ok,,2026-06-27T09:53:31.760332+00:00
1Q3oSxipBUfDeBY9CXcJPZvSt5hkbfShiY,0012ea9acfdf3b20,[0012ea9acf],https://www.walletexplorer.com/wallet/0012ea9acfdf3b20,ok,,2026-06-27T09:53:32.316163+00:00
1KovjWB78NpYzxmFNmQosC9H7gDvMckKWu,0056d09c06d2d948,[0056d09c06],https://www.walletexplorer.com/wallet/0056d09c06d2d948,ok,,2026-06-27T09:53:32.818169+00:00
1GEq3VCZF6JkDbk8sPW9dvPmAdBPG9FuRi,0034af3f003e10be,[0034af3f00],https://www.walletexplorer.com/wallet/0034af3f003e10be,ok,,2026-06-27T09:53:33.297604+00:00
1QLRLU7KJABUCgEL5xajqf4HNV8R6yS3ie,7db1b46b1d81bbcd,[7db1b46b1d],https://www.walletexplorer.com/wallet/7db1b46b1d81bbcd,ok,,2026-06-27T09:53:33.794519+00:00
1JoYJkZaU5eAqtEXNPmnM8vsLnSZSkd55Q,0056d09c06d2d948,[0056d09c06],https://www.walletexplorer.com/wallet/0056d09c06d2d948,ok,,2026-06-27T09:53:34.257091+00:00
14BrxbAZTzN6JrhbTSUnm3Nk1RCzufmfjr,05f23d399c5086eb,[05f23d399c],https://www.walletexplorer.com/wallet/05f23d399c5086eb,ok,,2026-06-27T09:53:34.741223+00:00
152SU2FtvwbthiEm77p6wzigqDEnjupaXW,0025d633f88ba307,[0025d633f8],https://www.walletexplorer.com/wallet/0025d633f88ba307,ok,,2026-06-27T09:53:35.231716+00:00
1A9ymGtqrDD7iBuvDToyCNSHsFUFdayTua,0005fc8fba054f33,[0005fc8fba],https://www.walletexplorer.com/wallet/0005fc8fba054f33,ok,,2026-06-27T09:53:35.723327+00:00
1AGtEauJRwn2W2YcMWNEiJQvqNM5VWYUB4,0005fc8fba054f33,[0005fc8fba],https://www.walletexplorer.com/wallet/0005fc8fba054f33,ok,,2026-06-27T09:53:36.389822+00:00
1CihRzKVRuMGT31mUatWw2KukkaGzkN3KJ,01824c0e48c13d9a,[01824c0e48],https://www.walletexplorer.com/wallet/01824c0e48c13d9a,ok,,2026-06-27T09:53:36.833767+00:00
1JoSPTrzQMhrh7eBCwBMex2YeEFznqAHjc,0012ea9acfdf3b20,[0012ea9acf],https://www.walletexplorer.com/wallet/0012ea9acfdf3b20,ok,,2026-06-27T09:53:37.554095+00:00
1BkYK69seBabFsZewo75gH5pARrQu8Ep8M,25fe25f7f6cdc45f,[25fe25f7f6],https://www.walletexplorer.com/wallet/25fe25f7f6cdc45f,ok,,2026-06-27T09:53:38.081348+00:00
1CoMHuXeqzHqSkkNdzBp6TG4ZhnTZ6SyHt,05f23d399c5086eb,[05f23d399c],https://www.walletexplorer.com/wallet/05f23d399c5086eb,ok,,2026-06-27T09:53:38.582005+00:00
1C4UyKsq2hoQKr6YFDCKyUQn8pTTWZQvRe,0005fc8fba054f33,[0005fc8fba],https://www.walletexplorer.com/wallet/0005fc8fba054f33,ok,,2026-06-27T09:53:39.021468+00:00
1EuB55HkVGbMif8aNEzXzgMSGDbahxeGWC,0005fc8fba054f33,[0005fc8fba],https://www.walletexplorer.com/wallet/0005fc8fba054f33,ok,,2026-06-27T09:53:39.546936+00:00
12gPhteehUYZsZNMYUhbixPHapqNYrs5oA,95b815bca938f9d9,[95b815bca9],https://www.walletexplorer.com/wallet/95b815bca938f9d9,ok,,2026-06-27T09:53:40.021825+00:00
1MrbPtguSdwzRUG3cyNmrEk58RZULWpTz8,0005fc8fba054f33,[0005fc8fba],https://www.walletexplorer.com/wallet/0005fc8fba054f33,ok,,2026-06-27T09:53:40.515670+00:00
15b6Y5UgSHXHUHcz7ghzP9jcEvAK6UZxjL,0056d09c06d2d948,[0056d09c06],https://www.walletexplorer.com/wallet/0056d09c06d2d948,ok,,2026-06-27T09:53:41.052404+00:00
14JVFBn7bQXDtEpPHMSuWNwZPHdRTa2fJF,0005fc8fba054f33,[0005fc8fba],https://www.walletexplorer.com/wallet/0005fc8fba054f33,ok,,2026-06-27T09:53:41.548482+00:00
1E8HxQ89JSpp3XiPfAqcEAXA9Sc7s3838d,12f4d04c310c0be6,[12f4d04c31],https://www.walletexplorer.com/wallet/12f4d04c310c0be6,ok,,2026-06-27T09:53:41.999656+00:00
1FFpqENgpSnfHmLboenH422cbgHq5UpdVP,05ea1b37bf572904,[05ea1b37bf],https://www.walletexplorer.com/wallet/05ea1b37bf572904,ok,,2026-06-27T09:53:42.418997+00:00
18cZ5T19RmX7uKqBowX1Ej3ajQ1cXGYysQ,0005fc8fba054f33,[0005fc8fba],https://www.walletexplorer.com/wallet/0005fc8fba054f33,ok,,2026-06-27T09:53:43.175824+00:00
1FRtsCkbi3NPBCu5QedKafYa7Z9QQuif7z,0005fc8fba054f33,[0005fc8fba],https://www.walletexplorer.com/wallet/0005fc8fba054f33,ok,,2026-06-27T09:53:43.717428+00:00
1LCxy667g2nCKXrvcabqTGprdgNCPEXvAW,0034af3f003e10be,[0034af3f00],https://www.walletexplorer.com/wallet/0034af3f003e10be,ok,,2026-06-27T09:53:44.184872+00:00
1QDLHmMFnAzC8UjXJ1UWzCxPVfJEtZT9mj,583b2f5443c987b3,[583b2f5443],https://www.walletexplorer.com/wallet/583b2f5443c987b3,ok,,2026-06-27T09:53:44.669906+00:00
1NCadTGCE5fZ31Nt9puZzo4nTqmVqL2tzb,5d6b659950168a73,[5d6b659950],https://www.walletexplorer.com/wallet/5d6b659950168a73,ok,,2026-06-27T09:53:45.147505+00:00
1PaeCoukgG9XQb3ZeoJyKoE8Bi1nbt3dWP,0056d09c06d2d948,[0056d09c06],https://www.walletexplorer.com/wallet/0056d09c06d2d948,ok,,2026-06-27T09:53:45.650670+00:00
13hrpF1PF5fPX4Yda2WXujhCgAWVYHCJHY,05ea1b37bf572904,[05ea1b37bf],https://www.walletexplorer.com/wallet/05ea1b37bf572904,ok,,2026-06-27T09:53:46.141785+00:00
1EmkkB16qkw4FKmLP5e9pD5V73QzTwMuMh,0012ea9acfdf3b20,[0012ea9acf],https://www.walletexplorer.com/wallet/0012ea9acfdf3b20,ok,,2026-06-27T09:53:46.602438+00:00
1DNBAcWk17YYkoLxJL9JaZhh1qtjwMp6fJ,0005fc8fba054f33,[0005fc8fba],https://www.walletexplorer.com/wallet/0005fc8fba054f33,ok,,2026-06-27T09:53:47.028815+00:00
1CX2YVYsarZJRs884fwKzBRYPe9hq9zWfK,0056d09c06d2d948,[0056d09c06],https://www.walletexplorer.com/wallet/0056d09c06d2d948,ok,,2026-06-27T09:53:47.403941+00:00
1Gt66tCN91NzpnnnxuoVg6hpdmKjkDCZTc,ea88515d5255da26,[ea88515d52],https://www.walletexplorer.com/wallet/ea88515d5255da26,ok,,2026-06-27T09:53:47.854379+00:00
1LidrULBXjLEdnuDzkQFWMUBBDJs7cJ3w1,0034af3f003e10be,[0034af3f00],https://www.walletexplorer.com/wallet/0034af3f003e10be,ok,,2026-06-27T09:53:48.323818+00:00
1CREdGN7mL9E3662G72jQ1KaXsfgTA6JXU,0056d09c06d2d948,[0056d09c06],https://www.walletexplorer.com/wallet/0056d09c06d2d948,ok,,2026-06-27T09:53:48.924105+00:00
19Po69mm9ubpfohzgvbzyJNYFoWgPGLn41,2377cfaf5aee5775,[2377cfaf5a],https://www.walletexplorer.com/wallet/2377cfaf5aee5775,ok,,2026-06-27T09:53:49.389367+00:00
14UwnHqhsSrAC4wxJAridRF9o1vpkH1SJK,0025d633f88ba307,[0025d633f8],https://www.walletexplorer.com/wallet/0025d633f88ba307,ok,,2026-06-27T09:53:50.086751+00:00
18XRXuyKgDcimBUujGQ5Fr9hvKRRkrNZ5D,0012ea9acfdf3b20,[0012ea9acf],https://www.walletexplorer.com/wallet/0012ea9acfdf3b20,ok,,2026-06-27T09:53:50.587699+00:00
18mqpf7b2cHMjbNAJTkAUuDm1n4KGuGxJz,0005fc8fba054f33,[0005fc8fba],https://www.walletexplorer.com/wallet/0005fc8fba054f33,ok,,2026-06-27T09:53:51.006988+00:00
1ChbgtqCiHVduyzVfzwUPd2e6cf7PnWbiD,f4cc66f7e6c758db,[f4cc66f7e6],https://www.walletexplorer.com/wallet/f4cc66f7e6c758db,ok,,2026-06-27T09:53:51.494585+00:00
16RxqaeMfBxzCXX7isZcKG975QzMJhEzKA,0005fc8fba054f33,[0005fc8fba],https://www.walletexplorer.com/wallet/0005fc8fba054f33,ok,,2026-06-27T09:53:51.994925+00:00
1C83zX7tGTDvnCZxhH19k9tywDGXsFhCEY,01824c0e48c13d9a,[01824c0e48],https://www.walletexplorer.com/wallet/01824c0e48c13d9a,ok,,2026-06-27T09:53:52.434366+00:00
1Gc4aFN7ziQt34BjbNKoPYJGBQPEhytDf9,0012ea9acfdf3b20,[0012ea9acf],https://www.walletexplorer.com/wallet/0012ea9acfdf3b20,ok,,2026-06-27T09:53:52.900928+00:00
17j28mftswNjGa5x6RCpoMiHGRmg29YSni,0034af3f003e10be,[0034af3f00],https://www.walletexplorer.com/wallet/0034af3f003e10be,ok,,2026-06-27T09:53:53.347824+00:00
1Cfa3t2bKnkhp3qygzLc3FsU8UjXWqzae6,92cbeca0dd82b3d2,[92cbeca0dd],https://www.walletexplorer.com/wallet/92cbeca0dd82b3d2,ok,,2026-06-27T09:53:53.864645+00:00
17PNVFRCyFwj79enzGxmpFz3dir8EqxQCi,01824c0e48c13d9a,[01824c0e48],https://www.walletexplorer.com/wallet/01824c0e48c13d9a,ok,,2026-06-27T09:53:54.356005+00:00
19YVpEPHvbaCP3tQJTWNX9mFmw4p9nqpbh,3c0136538cb20aeb,[3c0136538c],https://www.walletexplorer.com/wallet/3c0136538cb20aeb,ok,,2026-06-27T09:53:54.820196+00:00
13jAKBSY72YMSVKPmmWeMcv8pPMBSZijBD,0005fc8fba054f33,[0005fc8fba],https://www.walletexplorer.com/wallet/0005fc8fba054f33,ok,,2026-06-27T09:53:55.347310+00:00
1Hxz7F4fHJ885GfqHeRTviQ4RVtNjY5NqT,0012ea9acfdf3b20,[0012ea9acf],https://www.walletexplorer.com/wallet/0012ea9acfdf3b20,ok,,2026-06-27T09:53:55.867323+00:00
17VwMWVC5qxnKzN7MYv7J34hceTZ96wPgX,0005fc8fba054f33,[0005fc8fba],https://www.walletexplorer.com/wallet/0005fc8fba054f33,ok,,2026-06-27T09:53:56.453303+00:00
16vRja7bWPYvjtxZS3FUJdcqV8ARAVfddB,0005fc8fba054f33,[0005fc8fba],https://www.walletexplorer.com/wallet/0005fc8fba054f33,ok,,2026-06-27T09:53:56.984502+00:00
17QjfZCUuQtnUJC6zQGUha6XPPzk53KAff,0005fc8fba054f33,[0005fc8fba],https://www.walletexplorer.com/wallet/0005fc8fba054f33,ok,,2026-06-27T09:53:57.660377+00:00
17GX98Lv3HRtzttFETKeF5u7wUKSCBMs7W,0012ea9acfdf3b20,[0012ea9acf],https://www.walletexplorer.com/wallet/0012ea9acfdf3b20,ok,,2026-06-27T09:53:58.302944+00:00
1LMF4xfgvwn59aj8BoMVAyZpEK8zkwsEm3,ae8dab6ae409bfac,[ae8dab6ae4],https://www.walletexplorer.com/wallet/ae8dab6ae409bfac,ok,,2026-06-27T09:53:58.810243+00:00
16SLz4LausR2vkxqcj4yaJe3aXQdvicMZE,0034af3f003e10be,[0034af3f00],https://www.walletexplorer.com/wallet/0034af3f003e10be,ok,,2026-06-27T09:53:59.248774+00:00
1G6V2KB3mAhpJ5d5PZCP3M3YXvEtjHfESw,0034af3f003e10be,[0034af3f00],https://www.walletexplorer.com/wallet/0034af3f003e10be,ok,,2026-06-27T09:53:59.745056+00:00
14HrPU1DTMGmujKG8z8opaQ2DZmWtcgrR3,e64ad5b49a7a05a8,[e64ad5b49a],https://www.walletexplorer.com/wallet/e64ad5b49a7a05a8,ok,,2026-06-27T09:54:00.237234+00:00
195UBjqr1cGTBV9yPrEPVay4c95XhszEni,0056d09c06d2d948,[0056d09c06],https://www.walletexplorer.com/wallet/0056d09c06d2d948,ok,,2026-06-27T09:54:00.805834+00:00
1LmMKb4pj6NnSEjtFetPP7JiYFxuqPxSRs,0005fc8fba054f33,[0005fc8fba],https://www.walletexplorer.com/wallet/0005fc8fba054f33,ok,,2026-06-27T09:54:01.299327+00:00
1NtyoiYUzKCxU94ptJ7pUzmLqXj28Rup58,9f15a911b4a5cbef,[9f15a911b4],https://www.walletexplorer.com/wallet/9f15a911b4a5cbef,ok,,2026-06-27T09:54:01.906744+00:00
1PggTFkQYxcaemsBMoy1KcPvQ34e3H6Aph,0034af3f003e10be,[0034af3f00],https://www.walletexplorer.com/wallet/0034af3f003e10be,ok,,2026-06-27T09:54:02.448265+00:00
135Lo3DbUwEpeoE5EKs819hmvtjTk78Waa,05f23d399c5086eb,[05f23d399c],https://www.walletexplorer.com/wallet/05f23d399c5086eb,ok,,2026-06-27T09:54:03.346734+00:00
1Pzzs9w25fx3VKqSD8BpUKsMKrQDP4phEH,05ea1b37bf572904,[05ea1b37bf],https://www.walletexplorer.com/wallet/05ea1b37bf572904,ok,,2026-06-27T09:54:03.788801+00:00
17ruVEEcbWR1vvBSuyHmMjN6qxn4FDHmCJ,071a732202d56f73,[071a732202],https://www.walletexplorer.com/wallet/071a732202d56f73,ok,,2026-06-27T09:54:04.252034+00:00
1AGet7b6HQrdnV5Lfbqc4tysYbxxFL2E21,00002c4379b1827f,[00002c4379],https://www.walletexplorer.com/wallet/00002c4379b1827f,ok,,2026-06-27T09:54:04.684838+00:00
1DdkkzuBAegoTcWnqQiD8qcJSBEiWW3rZQ,00002c4379b1827f,[00002c4379],https://www.walletexplorer.com/wallet/00002c4379b1827f,ok,,2026-06-27T09:54:05.124244+00:00
1HpdA4Q738Dkee4L1ZdBUpdSghXiomhC47,00002c4379b1827f,[00002c4379],https://www.walletexplorer.com/wallet/00002c4379b1827f,ok,,2026-06-27T09:54:05.553965+00:00
1HiNFdjiDZNtdPbidGn5ysp7PZfgMcfFbJ,00002c4379b1827f,[00002c4379],https://www.walletexplorer.com/wallet/00002c4379b1827f,ok,,2026-06-27T09:54:05.938523+00:00
19UgQtMn3zzhSR2eTB3r1CqxhQVoj7eZU4,00002c4379b1827f,[00002c4379],https://www.walletexplorer.com/wallet/00002c4379b1827f,ok,,2026-06-27T09:54:06.463382+00:00
14nWTKZ5wZ1neLYb65mfNdrd5wJSZZjLiK,00002c4379b1827f,[00002c4379],https://www.walletexplorer.com/wallet/00002c4379b1827f,ok,,2026-06-27T09:54:07.049443+00:00
1GQ33SJkQk1uaPga9Q4AqP8XuKdwHoTM5b,00002c4379b1827f,[00002c4379],https://www.walletexplorer.com/wallet/00002c4379b1827f,ok,,2026-06-27T09:54:07.508553+00:00
1fS4jthuptwee8TLpWT29mz5WqVgYTKaN,00002c4379b1827f,[00002c4379],https://www.walletexplorer.com/wallet/00002c4379b1827f,ok,,2026-06-27T09:54:08.017774+00:00
1Ezyh6RfPHQbYemzAq6h2dTzfqhEUQ4h2W,00002c4379b1827f,[00002c4379],https://www.walletexplorer.com/wallet/00002c4379b1827f,ok,,2026-06-27T09:54:08.571861+00:00
14mwhzu756FzcdoTLDpDAdjoqYGMUCLhaZ,00002c4379b1827f,[00002c4379],https://www.walletexplorer.com/wallet/00002c4379b1827f,ok,,2026-06-27T09:54:09.120219+00:00
19eRRc7wauMJLbyCbPCXkQBgWYJqhmjTyL,00002c4379b1827f,[00002c4379],https://www.walletexplorer.com/wallet/00002c4379b1827f,ok,,2026-06-27T09:54:09.583012+00:00
1PXUdrybGzsv3gx6V2P3krJhmNUTs7k8fS,00002c4379b1827f,[00002c4379],https://www.walletexplorer.com/wallet/00002c4379b1827f,ok,,2026-06-27T09:54:10.037286+00:00
1JUP7AQ3ogKPkJumjDFT3dRcgsyaFZDg1j,00002c4379b1827f,[00002c4379],https://www.walletexplorer.com/wallet/00002c4379b1827f,ok,,2026-06-27T09:54:10.675805+00:00
165utU1sSx7ftBaVn4ZZhqFbQKqQZtB6WU,00002c4379b1827f,[00002c4379],https://www.walletexplorer.com/wallet/00002c4379b1827f,ok,,2026-06-27T09:54:11.372865+00:00
1DZNRHLRqaHr3Lfj5eAtxEJ3AaECvHtr42,00002c4379b1827f,[00002c4379],https://www.walletexplorer.com/wallet/00002c4379b1827f,ok,,2026-06-27T09:54:12.077336+00:00
1KCQeWuHN2AaWUV9ejQNcJuq8Mx657HoRC,00002c4379b1827f,[00002c4379],https://www.walletexplorer.com/wallet/00002c4379b1827f,ok,,2026-06-27T09:54:12.576366+00:00
13yzhSXS3vpVYJgKqzXcm6xMYy7jVPJgWU,00002c4379b1827f,[00002c4379],https://www.walletexplorer.com/wallet/00002c4379b1827f,ok,,2026-06-27T09:54:13.056502+00:00
12kcsLbt5yubQG5F5fG7WxkYTn1jmmE9RD,00002c4379b1827f,[00002c4379],https://www.walletexplorer.com/wallet/00002c4379b1827f,ok,,2026-06-27T09:54:13.709595+00:00
18ZDE6FNAvn4AGhRNK7ardZ7Z2Kvvx8yKp,00002c4379b1827f,[00002c4379],https://www.walletexplorer.com/wallet/00002c4379b1827f,ok,,2026-06-27T09:54:14.307906+00:00
1HmrrXC8zYtQd2cHPSjakoFUCwaZhDmpzR,00002c4379b1827f,[00002c4379],https://www.walletexplorer.com/wallet/00002c4379b1827f,ok,,2026-06-27T09:54:14.836293+00:00
169zdLuSmFZpQEfPn1ZaijPuiVhm6mJaj3,00002c4379b1827f,[00002c4379],https://www.walletexplorer.com/wallet/00002c4379b1827f,ok,,2026-06-27T09:54:15.318672+00:00
17ow5Rcp6P9pvfH3NTvrHRiBT3L9TjXdJn,00002c4379b1827f,[00002c4379],https://www.walletexplorer.com/wallet/00002c4379b1827f,ok,,2026-06-27T09:54:15.780223+00:00
1HJKUk2GnxxP5aqcAw59J5weJ1oKfpbGFN,00002c4379b1827f,[00002c4379],https://www.walletexplorer.com/wallet/00002c4379b1827f,ok,,2026-06-27T09:54:16.337764+00:00
1NxanYzqxvDvDRunLcEZVqc8xXbwZiKnNJ,00002c4379b1827f,[00002c4379],https://www.walletexplorer.com/wallet/00002c4379b1827f,ok,,2026-06-27T09:54:17.020126+00:00
1HHSLNzVsjWUxVQELaR3vJMB8hV3JaMB4y,00002c4379b1827f,[00002c4379],https://www.walletexplorer.com/wallet/00002c4379b1827f,ok,,2026-06-27T09:54:17.484049+00:00
1MiDXag4LTp9t7UWHwGmW8QDcYPbJ8NSD7,00002c4379b1827f,[00002c4379],https://www.walletexplorer.com/wallet/00002c4379b1827f,ok,,2026-06-27T09:54:18.030682+00:00
1A7ydeJ6GZHLThmTqUwky52Jt56ZKzobQk,00002c4379b1827f,[00002c4379],https://www.walletexplorer.com/wallet/00002c4379b1827f,ok,,2026-06-27T09:54:18.626379+00:00
12fCyqDmiE8DS5NPRj67i1bFRuqtXHB5kE,00002c4379b1827f,[00002c4379],https://www.walletexplorer.com/wallet/00002c4379b1827f,ok,,2026-06-27T09:54:19.150299+00:00
16rCrjvmNowfW2Mn9tWUrhnyhQjM29r8k7,00002c4379b1827f,[00002c4379],https://www.walletexplorer.com/wallet/00002c4379b1827f,ok,,2026-06-27T09:54:19.676252+00:00
1ApaFo34gpwXDsbbkEXighVzCqwsSUrkPv,00002c4379b1827f,[00002c4379],https://www.walletexplorer.com/wallet/00002c4379b1827f,ok,,2026-06-27T09:54:20.141176+00:00
1NbpvjjrXCDK7YGNxnRUbesGV28Zy7WJee,00002c4379b1827f,[00002c4379],https://www.walletexplorer.com/wallet/00002c4379b1827f,ok,,2026-06-27T09:54:20.586860+00:00
1GBmTYBPZ8Keup6hX3Ygn8vBjcrkeR34j2,00002c4379b1827f,[00002c4379],https://www.walletexplorer.com/wallet/00002c4379b1827f,ok,,2026-06-27T09:54:21.218172+00:00
1HARbVZJXwJzWczg3Q1dzSHFuStq8sawjB,00002c4379b1827f,[00002c4379],https://www.walletexplorer.com/wallet/00002c4379b1827f,ok,,2026-06-27T09:54:21.691828+00:00
1Eow5VyoHMcKjxQjiDxt5Z4Qqati1vnvL2,00002c4379b1827f,[00002c4379],https://www.walletexplorer.com/wallet/00002c4379b1827f,ok,,2026-06-27T09:54:22.148117+00:00
1GpDf8pCgLWCg1owyjmAQYqdgJU299ZNzS,00002c4379b1827f,[00002c4379],https://www.walletexplorer.com/wallet/00002c4379b1827f,ok,,2026-06-27T09:54:22.596878+00:00
1A2swqgo7ZSDGNn8gSgyaKn8TiSWtg3yyF,00002c4379b1827f,[00002c4379],https://www.walletexplorer.com/wallet/00002c4379b1827f,ok,,2026-06-27T09:54:23.055152+00:00
19Z2MUvN2QCBqXGCYPz8AX1kjWs1dAr9fH,00002c4379b1827f,[00002c4379],https://www.walletexplorer.com/wallet/00002c4379b1827f,ok,,2026-06-27T09:54:23.557246+00:00
13xjBcF7QQe1jZwK5UN9cszxygaE9JXabN,00002c4379b1827f,[00002c4379],https://www.walletexplorer.com/wallet/00002c4379b1827f,ok,,2026-06-27T09:54:24.052228+00:00
1FQJSbhDqMizMXZ9SAoKdgJffN9d3op1ps,00002c4379b1827f,[00002c4379],https://www.walletexplorer.com/wallet/00002c4379b1827f,ok,,2026-06-27T09:54:24.575651+00:00
19XjkJesW3VCTd5rk67jdWcg57S6MZ1ram,00002c4379b1827f,[00002c4379],https://www.walletexplorer.com/wallet/00002c4379b1827f,ok,,2026-06-27T09:54:25.275785+00:00
1B6xsapR23hXnngUK1e7jgYTXmDyFk1FzA,00002c4379b1827f,[00002c4379],https://www.walletexplorer.com/wallet/00002c4379b1827f,ok,,2026-06-27T09:54:25.787134+00:00
1AAnHZUwxUc6bmUPn8cyjK19u2hYXLDyVS,00002c4379b1827f,[00002c4379],https://www.walletexplorer.com/wallet/00002c4379b1827f,ok,,2026-06-27T09:54:26.305187+00:00
1MR3CJeBLpeC7RTFcaJT2ux2reRyr52zVf,00002c4379b1827f,[00002c4379],https://www.walletexplorer.com/wallet/00002c4379b1827f,ok,,2026-06-27T09:54:27.015929+00:00
12HT5kZgcYiX4pDPsQzrWYpgcrFTk9GJGU,00002c4379b1827f,[00002c4379],https://www.walletexplorer.com/wallet/00002c4379b1827f,ok,,2026-06-27T09:54:27.566641+00:00
1Ea7kPFQqfbb2kGFYsVDtzAJw1GUEN7Bxn,00002c4379b1827f,[00002c4379],https://www.walletexplorer.com/wallet/00002c4379b1827f,ok,,2026-06-27T09:54:28.136378+00:00
14At95opgBg9tEFKnW74oopEjRqrnetb1P,00002c4379b1827f,[00002c4379],https://www.walletexplorer.com/wallet/00002c4379b1827f,ok,,2026-06-27T09:54:28.574438+00:00
1AAFTAMT1KASUzb2acnF6EBUqcsecfng5a,00002c4379b1827f,[00002c4379],https://www.walletexplorer.com/wallet/00002c4379b1827f,ok,,2026-06-27T09:54:29.084164+00:00
1E7V4jB1TdSCNStGLHJCdtRCwAoFGxiSvw,00002c4379b1827f,[00002c4379],https://www.walletexplorer.com/wallet/00002c4379b1827f,ok,,2026-06-27T09:54:29.550609+00:00
1Lr7AjbKsnVkS21hh9ASmWjgf1z1GxYA4a,00002c4379b1827f,[00002c4379],https://www.walletexplorer.com/wallet/00002c4379b1827f,ok,,2026-06-27T09:54:30.229195+00:00
12khqYtJc8vgnZMerjUWRCEEwYBgwLgWer,00002c4379b1827f,[00002c4379],https://www.walletexplorer.com/wallet/00002c4379b1827f,ok,,2026-06-27T09:54:31.222018+00:00
1336dekQoFQary36J1YAnvtRKK1mMHFenp,00002c4379b1827f,[00002c4379],https://www.walletexplorer.com/wallet/00002c4379b1827f,ok,,2026-06-27T09:54:32.126518+00:00
18XWq2SSQmjHzv9NG8uK3NnJdo3JfFrRdK,00002c4379b1827f,[00002c4379],https://www.walletexplorer.com/wallet/00002c4379b1827f,ok,,2026-06-27T09:54:32.876184+00:00
15X4gxc7vqgr3hNquuLduURMFnhzJCfVMC,00002c4379b1827f,[00002c4379],https://www.walletexplorer.com/wallet/00002c4379b1827f,ok,,2026-06-27T09:54:33.572832+00:00
19Y8e6XyCN4U7KW2kjfXD4Edbb6T1L4D34,00002c4379b1827f,[00002c4379],https://www.walletexplorer.com/wallet/00002c4379b1827f,ok,,2026-06-27T09:54:34.237485+00:00
1FvLCubu7T9t2mCuHbGWcgnAf1QZZLX4ts,00002c4379b1827f,[00002c4379],https://www.walletexplorer.com/wallet/00002c4379b1827f,ok,,2026-06-27T09:54:34.901593+00:00
16DspH7WE5b1SrvK4Pi3H3biQXidRi9xTM,00002c4379b1827f,[00002c4379],https://www.walletexplorer.com/wallet/00002c4379b1827f,ok,,2026-06-27T09:54:35.406187+00:00
1PKamfpSKtdLJNdYRPDfJ8dbqQJZKtUwMP,00002c4379b1827f,[00002c4379],https://www.walletexplorer.com/wallet/00002c4379b1827f,ok,,2026-06-27T09:54:35.852402+00:00
1CQxVA1y7HhaVYRUo2qkdqqMjgqjeZ93Bv,00002c4379b1827f,[00002c4379],https://www.walletexplorer.com/wallet/00002c4379b1827f,ok,,2026-06-27T09:54:36.292232+00:00
12qP45WyJTLKbVCsFuTDGmAdi8hWrwj6MX,00002c4379b1827f,[00002c4379],https://www.walletexplorer.com/wallet/00002c4379b1827f,ok,,2026-06-27T09:54:36.779383+00:00
15oNrPZMJdQnC8AyyyXSpJd36pSKPBmBMp,00002c4379b1827f,[00002c4379],https://www.walletexplorer.com/wallet/00002c4379b1827f,ok,,2026-06-27T09:54:37.278742+00:00
1MDtmFkQSv4dJy6hkSa1y3fo1N7K4VbzxX,00002c4379b1827f,[00002c4379],https://www.walletexplorer.com/wallet/00002c4379b1827f,ok,,2026-06-27T09:54:37.792232+00:00
194LFUW9Ld635VX68NUK7NwpSRoiERfR8T,00002c4379b1827f,[00002c4379],https://www.walletexplorer.com/wallet/00002c4379b1827f,ok,,2026-06-27T09:54:38.807480+00:00
1HNdGm9t1roCZNoPk33C6UDqorX5Tgzt6h,00002c4379b1827f,[00002c4379],https://www.walletexplorer.com/wallet/00002c4379b1827f,ok,,2026-06-27T09:54:39.476246+00:00
19MvMx2houWDUkuBsoTnuPVFFCVxvf1dzn,00002c4379b1827f,[00002c4379],https://www.walletexplorer.com/wallet/00002c4379b1827f,ok,,2026-06-27T09:54:40.029842+00:00
1KfswzJihum1GMV6sxiZxN5SRBKG7JSy1m,00002c4379b1827f,[00002c4379],https://www.walletexplorer.com/wallet/00002c4379b1827f,ok,,2026-06-27T09:54:40.525055+00:00
1FJgsajWKLjnf6UY2JETFSBSGsY5V4uY3y,00002c4379b1827f,[00002c4379],https://www.walletexplorer.com/wallet/00002c4379b1827f,ok,,2026-06-27T09:54:41.108964+00:00
1CUsJjkWzKbfBvjkUvNpqjoNSEjKFWcqSo,00002c4379b1827f,[00002c4379],https://www.walletexplorer.com/wallet/00002c4379b1827f,ok,,2026-06-27T09:54:41.624924+00:00
17R1cLXe7mRi2Wc3ouKZvMbqvsU6KVVhZh,00002c4379b1827f,[00002c4379],https://www.walletexplorer.com/wallet/00002c4379b1827f,ok,,2026-06-27T09:54:42.127264+00:00
19bipA9yHMmunL9gJpf3FJAiLJpqxw2cbZ,00002c4379b1827f,[00002c4379],https://www.walletexplorer.com/wallet/00002c4379b1827f,ok,,2026-06-27T09:54:42.633826+00:00
19QxZb53WHhYrwu8sYPK5T47ifsB3v9k8J,00002c4379b1827f,[00002c4379],https://www.walletexplorer.com/wallet/00002c4379b1827f,ok,,2026-06-27T09:54:43.469618+00:00
1FN8UHY5f4NQwwDzdmx7kWufUrFhU3vTy4,00002c4379b1827f,[00002c4379],https://www.walletexplorer.com/wallet/00002c4379b1827f,ok,,2026-06-27T09:54:44.121988+00:00
1KR4tNbqJbwKomX3vH7uN9zhnLRQAzngEP,00002c4379b1827f,[00002c4379],https://www.walletexplorer.com/wallet/00002c4379b1827f,ok,,2026-06-27T09:54:44.620181+00:00
1GxQa1YEExBMo1Cg7tq18WiRZcytkf6Zkw,00002c4379b1827f,[00002c4379],https://www.walletexplorer.com/wallet/00002c4379b1827f,ok,,2026-06-27T09:54:45.158801+00:00
1PxpFdJaxUnYD3sMfUn73HTLNwgMmWAR57,00002c4379b1827f,[00002c4379],https://www.walletexplorer.com/wallet/00002c4379b1827f,ok,,2026-06-27T09:54:45.701572+00:00
179rT6PCWEdtY7FivKUZniZMVChUvKamJv,00002c4379b1827f,[00002c4379],https://www.walletexplorer.com/wallet/00002c4379b1827f,ok,,2026-06-27T09:54:46.339658+00:00
1ABVKmAf4aa4Qv2d48MhTyS97TGsNaAC1R,00002c4379b1827f,[00002c4379],https://www.walletexplorer.com/wallet/00002c4379b1827f,ok,,2026-06-27T09:54:47.313030+00:00
1FUHgo6Y7ZGDW8fYCuuC3yyhSDES2UjVD,00002c4379b1827f,[00002c4379],https://www.walletexplorer.com/wallet/00002c4379b1827f,ok,,2026-06-27T09:54:47.891643+00:00
14wC4eKepGdAuq7yCfMUwCngXnmHZCFgrV,00002c4379b1827f,[00002c4379],https://www.walletexplorer.com/wallet/00002c4379b1827f,ok,,2026-06-27T09:54:48.516765+00:00
1FFToN91dvsM3BYLPE7NnGeXCmCDYupHjL,00002c4379b1827f,[00002c4379],https://www.walletexplorer.com/wallet/00002c4379b1827f,ok,,2026-06-27T09:54:49.124385+00:00
15q6a5jPNvudco8vxzJbHKLUVW9UAm8GwB,00002c4379b1827f,[00002c4379],https://www.walletexplorer.com/wallet/00002c4379b1827f,ok,,2026-06-27T09:54:49.682230+00:00
1BGm2dLiH92uQRxN2kgJpAXNm92LRqWwpW,00002c4379b1827f,[00002c4379],https://www.walletexplorer.com/wallet/00002c4379b1827f,ok,,2026-06-27T09:54:50.253693+00:00
134ADhHhqX8U3CbSh63eiRGUgX79NcHZF5,00002c4379b1827f,[00002c4379],https://www.walletexplorer.com/wallet/00002c4379b1827f,ok,,2026-06-27T09:54:50.767631+00:00
14GaYVSFEwvbHZzjycHnxBNPNdkcZLT2kQ,00002c4379b1827f,[00002c4379],https://www.walletexplorer.com/wallet/00002c4379b1827f,ok,,2026-06-27T09:54:51.935871+00:00
14QN6xWZbZHQKbNTfQjWUFpxaw3kxQ6L3s,00002c4379b1827f,[00002c4379],https://www.walletexplorer.com/wallet/00002c4379b1827f,ok,,2026-06-27T09:54:52.561743+00:00
1MW4SYhYSxbHWZK7xTuewTbeqMU1UNuFva,00002c4379b1827f,[00002c4379],https://www.walletexplorer.com/wallet/00002c4379b1827f,ok,,2026-06-27T09:54:53.019216+00:00
1AN22GkxSGvVuj2MdvxaAxSgLh7yHhwdH1,00002c4379b1827f,[00002c4379],https://www.walletexplorer.com/wallet/00002c4379b1827f,ok,,2026-06-27T09:54:53.505990+00:00
1AhmykqpMKhuettXrE1qkh8P7xhSxzKmJK,00002c4379b1827f,[00002c4379],https://www.walletexplorer.com/wallet/00002c4379b1827f,ok,,2026-06-27T09:54:54.033681+00:00
12WMPt4pdwT54Q1u7N2bGszF8Fap59MwW9,00002c4379b1827f,[00002c4379],https://www.walletexplorer.com/wallet/00002c4379b1827f,ok,,2026-06-27T09:54:54.542444+00:00
1BVFvFMFtcbcYJxCcx9wFP87ooWA4uJeHR,00002c4379b1827f,[00002c4379],https://www.walletexplorer.com/wallet/00002c4379b1827f,ok,,2026-06-27T09:54:55.733102+00:00
14aqxLfq3ZEBtpUsc4iYuFiHUX7sxCuS9N,00002c4379b1827f,[00002c4379],https://www.walletexplorer.com/wallet/00002c4379b1827f,ok,,2026-06-27T09:54:56.673530+00:00
16SytA1QSZc5Ca5QgZS5QjXrZDgP6XzFk8,00002c4379b1827f,[00002c4379],https://www.walletexplorer.com/wallet/00002c4379b1827f,ok,,2026-06-27T09:54:57.199798+00:00
19qmp6bhaLypdQoyrEWFYdHN3KvFqM1eoc,00002c4379b1827f,[00002c4379],https://www.walletexplorer.com/wallet/00002c4379b1827f,ok,,2026-06-27T09:54:57.728099+00:00
18zCktszK9k4nM1YUCWaMtYQraxS2MojgW,00002c4379b1827f,[00002c4379],https://www.walletexplorer.com/wallet/00002c4379b1827f,ok,,2026-06-27T09:54:58.391941+00:00
1DgC4xhdiHXGpDp6o9SaSC8QQjtWRr3qqR,00002c4379b1827f,[00002c4379],https://www.walletexplorer.com/wallet/00002c4379b1827f,ok,,2026-06-27T09:54:59.236533+00:00
16ZhbEhTdvynFHhAz5ELSAZWdpP2WTxGX1,00002c4379b1827f,[00002c4379],https://www.walletexplorer.com/wallet/00002c4379b1827f,ok,,2026-06-27T09:55:00.003890+00:00
194yumqBPcBYBbGioKXBg8erTBt2fs35Bw,00002c4379b1827f,[00002c4379],https://www.walletexplorer.com/wallet/00002c4379b1827f,ok,,2026-06-27T09:55:00.483685+00:00
17FpoHdEphTBjjgmzDeDbgN7dPGWHfzgoB,00002c4379b1827f,[00002c4379],https://www.walletexplorer.com/wallet/00002c4379b1827f,ok,,2026-06-27T09:55:01.010347+00:00
1MmYftqx5aMReMDJ4F7Lus6U36YZQAX72k,00002c4379b1827f,[00002c4379],https://www.walletexplorer.com/wallet/00002c4379b1827f,ok,,2026-06-27T09:55:01.721940+00:00
1L1PpfMpVcMdXVdrv9ax5DQxHnz2utgP1L,00002c4379b1827f,[00002c4379],https://www.walletexplorer.com/wallet/00002c4379b1827f,ok,,2026-06-27T09:55:02.265056+00:00
1MoXaYBZZjdjoA7JwkNi8pxQ61m1T5K3F6,00002c4379b1827f,[00002c4379],https://www.walletexplorer.com/wallet/00002c4379b1827f,ok,,2026-06-27T09:55:02.767821+00:00
1J4KD5z8Woza2kNBWAXDXhty2RE9AZzEJj,00002c4379b1827f,[00002c4379],https://www.walletexplorer.com/wallet/00002c4379b1827f,ok,,2026-06-27T09:55:03.258377+00:00
1HRoQT38jibuZ5KrsL8r7P5oArgLWy22Q5,00002c4379b1827f,[00002c4379],https://www.walletexplorer.com/wallet/00002c4379b1827f,ok,,2026-06-27T09:55:03.849394+00:00
17tK4ry4XX8sxZGtApDN1WTvwtH6aymoPP,00002c4379b1827f,[00002c4379],https://www.walletexplorer.com/wallet/00002c4379b1827f,ok,,2026-06-27T09:55:04.370539+00:00
19RcdtkFUV6hqjAZka3h2hXEvmn7PR4CPz,00002c4379b1827f,[00002c4379],https://www.walletexplorer.com/wallet/00002c4379b1827f,ok,,2026-06-27T09:55:04.878375+00:00
1M9jALGzyNaayHWGFTE3FuKdXCgTR4fh9s,00002c4379b1827f,[00002c4379],https://www.walletexplorer.com/wallet/00002c4379b1827f,ok,,2026-06-27T09:55:05.395772+00:00
12k7uRUjs47KWBduzCYAAqA9s4zUYXSVv8,00002c4379b1827f,[00002c4379],https://www.walletexplorer.com/wallet/00002c4379b1827f,ok,,2026-06-27T09:55:05.923811+00:00
15tmKnXPRbfJNC2LkiYXnPNLKbKc2euzS9,00002c4379b1827f,[00002c4379],https://www.walletexplorer.com/wallet/00002c4379b1827f,ok,,2026-06-27T09:55:06.424073+00:00
1FN3PNG7P2rKLa1ExxdQDZvmmyhy3nrBkX,00002c4379b1827f,[00002c4379],https://www.walletexplorer.com/wallet/00002c4379b1827f,ok,,2026-06-27T09:55:06.921472+00:00
1824bSVKtwfwiMK4kGRuWkf3dM88yHM1Yp,00002c4379b1827f,[00002c4379],https://www.walletexplorer.com/wallet/00002c4379b1827f,ok,,2026-06-27T09:55:07.580028+00:00
13gKAHhkcBfQAKgoME3z3Jf9UGidioJbH2,00002c4379b1827f,[00002c4379],https://www.walletexplorer.com/wallet/00002c4379b1827f,ok,,2026-06-27T09:55:08.053292+00:00
1Pix7T1Q96qc3h2w52TT5Kwy8BNy4L7gbF,00002c4379b1827f,[00002c4379],https://www.walletexplorer.com/wallet/00002c4379b1827f,ok,,2026-06-27T09:55:08.550705+00:00
17u6wfyZDu6dArT9exVoUhdU2vMYv4vaTM,00002c4379b1827f,[00002c4379],https://www.walletexplorer.com/wallet/00002c4379b1827f,ok,,2026-06-27T09:55:09.060358+00:00
13SNWnq3ejwCMVwxxz2maqTbNm7WdzGyA3,00002c4379b1827f,[00002c4379],https://www.walletexplorer.com/wallet/00002c4379b1827f,ok,,2026-06-27T09:55:09.562475+00:00
1BJr7A5qZffgyYGZNcMrHyMo73R29obiHs,00002c4379b1827f,[00002c4379],https://www.walletexplorer.com/wallet/00002c4379b1827f,ok,,2026-06-27T09:55:10.085923+00:00
14vMCyJELovJsxzHdgo4uwQ5MXfg7qFMro,00002c4379b1827f,[00002c4379],https://www.walletexplorer.com/wallet/00002c4379b1827f,ok,,2026-06-27T09:55:10.614609+00:00
1PU1i1xsdNJXyg25MeBV2jNHbYi7EskQL6,00002c4379b1827f,[00002c4379],https://www.walletexplorer.com/wallet/00002c4379b1827f,ok,,2026-06-27T09:55:11.570417+00:00
1F1edpB11HWt8W6Rox23AaZNbqqnXEfajc,00002c4379b1827f,[00002c4379],https://www.walletexplorer.com/wallet/00002c4379b1827f,ok,,2026-06-27T09:55:12.105018+00:00
15yc58X8cgXX93b1jkKoQYfUjRSo11CcT1,00002c4379b1827f,[00002c4379],https://www.walletexplorer.com/wallet/00002c4379b1827f,ok,,2026-06-27T09:55:12.642446+00:00
13cN6AebqZqZEZJWZb3n9KKokkt9jkadup,00002c4379b1827f,[00002c4379],https://www.walletexplorer.com/wallet/00002c4379b1827f,ok,,2026-06-27T09:55:13.154030+00:00
1LAAv1CwggHvubFM7Q4wpZwYX9cjSefsM4,00002c4379b1827f,[00002c4379],https://www.walletexplorer.com/wallet/00002c4379b1827f,ok,,2026-06-27T09:55:13.801361+00:00
1DVBD69h8nRxqrCmvFdbzqEzBCHXmSbtSq,00002c4379b1827f,[00002c4379],https://www.walletexplorer.com/wallet/00002c4379b1827f,ok,,2026-06-27T09:55:14.447367+00:00
1DfJrBhQKk45MaLfCgsxZXqWt7ma6zR7My,00002c4379b1827f,[00002c4379],https://www.walletexplorer.com/wallet/00002c4379b1827f,ok,,2026-06-27T09:55:15.003027+00:00
18n2J6C4c4qnyAkvjwkJAGsxD3FtKBbsds,00002c4379b1827f,[00002c4379],https://www.walletexplorer.com/wallet/00002c4379b1827f,ok,,2026-06-27T09:55:15.497850+00:00
1DekU6i29yoEbtmSWX7yowmVkMkipwSkpX,00002c4379b1827f,[00002c4379],https://www.walletexplorer.com/wallet/00002c4379b1827f,ok,,2026-06-27T09:55:16.009553+00:00
17YadCytwoPFNUdzb3tqP8fD4H53hKvGW3,00002c4379b1827f,[00002c4379],https://www.walletexplorer.com/wallet/00002c4379b1827f,ok,,2026-06-27T09:55:16.544785+00:00
1EgRR5KrjefA8YrGiFgRuW49UAZns439EZ,00002c4379b1827f,[00002c4379],https://www.walletexplorer.com/wallet/00002c4379b1827f,ok,,2026-06-27T09:55:17.033421+00:00
1DHyiNVKk9yjRJb2e7hEiLEB4yMfSTMCu2,00002c4379b1827f,[00002c4379],https://www.walletexplorer.com/wallet/00002c4379b1827f,ok,,2026-06-27T09:55:17.578644+00:00
1BE7HRxJ8ucWo8Q2ZWcGCwmLGySee57AKM,00002c4379b1827f,[00002c4379],https://www.walletexplorer.com/wallet/00002c4379b1827f,ok,,2026-06-27T09:55:18.138477+00:00
16NSwAu3dBzo2BwysZU6zhRYRcTrJga7Pz,00002c4379b1827f,[00002c4379],https://www.walletexplorer.com/wallet/00002c4379b1827f,ok,,2026-06-27T09:55:18.745724+00:00
1QGzPyUYThza7kNNKFekgKmcsLZBgNui6b,00002c4379b1827f,[00002c4379],https://www.walletexplorer.com/wallet/00002c4379b1827f,ok,,2026-06-27T09:55:19.625649+00:00
1GxMEfeFmSX6yPJMb3LnsAJuXxSfzoDVij,00002c4379b1827f,[00002c4379],https://www.walletexplorer.com/wallet/00002c4379b1827f,ok,,2026-06-27T09:55:20.239674+00:00
1JSiRzaxjYv23KQDNk5iaJmCMMW8JFV1Bk,00002c4379b1827f,[00002c4379],https://www.walletexplorer.com/wallet/00002c4379b1827f,ok,,2026-06-27T09:55:20.777254+00:00
166mf6N81NgGXqvzLAm4NVktfs9yATmPwA,00002c4379b1827f,[00002c4379],https://www.walletexplorer.com/wallet/00002c4379b1827f,ok,,2026-06-27T09:55:21.441345+00:00
1LP9BQhf8q2oQfCsgrnu9uqRR1kgZ3MiMx,00002c4379b1827f,[00002c4379],https://www.walletexplorer.com/wallet/00002c4379b1827f,ok,,2026-06-27T09:55:22.050290+00:00
1PJJ1ZRSYoQNtFSpQXSrrpJXoE1Zz644HC,00002c4379b1827f,[00002c4379],https://www.walletexplorer.com/wallet/00002c4379b1827f,ok,,2026-06-27T09:55:22.531249+00:00
1PaSWWVHeW82gwifRpw7hBvu15E14bDUSR,00002c4379b1827f,[00002c4379],https://www.walletexplorer.com/wallet/00002c4379b1827f,ok,,2026-06-27T09:55:23.336662+00:00
14KNPBGVGvUXSpUEJvUdQtyX8Ymt4M6JnX,00002c4379b1827f,[00002c4379],https://www.walletexplorer.com/wallet/00002c4379b1827f,ok,,2026-06-27T09:55:23.785545+00:00
13Ej5o7iZf5hvtwzcbG29cWwg8tW2yWs2p,00002c4379b1827f,[00002c4379],https://www.walletexplorer.com/wallet/00002c4379b1827f,ok,,2026-06-27T09:55:24.288702+00:00
19giskPvbEs5jq3icau9y9FoLVY1y2Xnkk,00002c4379b1827f,[00002c4379],https://www.walletexplorer.com/wallet/00002c4379b1827f,ok,,2026-06-27T09:55:24.746293+00:00
1ACQrtvsVrHr4c8FQN8bEJMwuZ1YmtMfei,00002c4379b1827f,[00002c4379],https://www.walletexplorer.com/wallet/00002c4379b1827f,ok,,2026-06-27T09:55:25.208411+00:00
1MRXdoEakWcdyVuLxzucmQxNki1MuZNjF2,00002c4379b1827f,[00002c4379],https://www.walletexplorer.com/wallet/00002c4379b1827f,ok,,2026-06-27T09:55:25.884335+00:00
1F2ZVYStL8PjfVtKayLDKVv1c2nixapjHR,00002c4379b1827f,[00002c4379],https://www.walletexplorer.com/wallet/00002c4379b1827f,ok,,2026-06-27T09:55:26.738377+00:00
179tQWWLnU6ZeZmt4PWCrzfspuqePRTEN8,00002c4379b1827f,[00002c4379],https://www.walletexplorer.com/wallet/00002c4379b1827f,ok,,2026-06-27T09:55:27.353823+00:00
13q5Ds9HgCnmAMv5ZEdfh5s1rJEUDQB6RS,00002c4379b1827f,[00002c4379],https://www.walletexplorer.com/wallet/00002c4379b1827f,ok,,2026-06-27T09:55:27.818025+00:00
1LVSUrgVsr5KG56RmqopEGYrAXbLcDn4LZ,00002c4379b1827f,[00002c4379],https://www.walletexplorer.com/wallet/00002c4379b1827f,ok,,2026-06-27T09:55:28.307049+00:00
12194KoFB5B4hgsiGQfx791UGScfZxPhEF,00002c4379b1827f,[00002c4379],https://www.walletexplorer.com/wallet/00002c4379b1827f,ok,,2026-06-27T09:55:28.828635+00:00
1HkSWe9YhYEJeR3N8kWYu28ddtcSto8UCU,00002c4379b1827f,[00002c4379],https://www.walletexplorer.com/wallet/00002c4379b1827f,ok,,2026-06-27T09:55:29.372677+00:00
17ofCAAmEN4JNdm388jYfjz922m9WdUs1d,00002c4379b1827f,[00002c4379],https://www.walletexplorer.com/wallet/00002c4379b1827f,ok,,2026-06-27T09:55:29.869099+00:00
1Ck4p7SfikevE37cvGuKUvvv23spCBCjJf,00002c4379b1827f,[00002c4379],https://www.walletexplorer.com/wallet/00002c4379b1827f,ok,,2026-06-27T09:55:30.355050+00:00
1NqM9RhgoYKMpEbJBXyFDnMhbMrJ5zrUkx,00002c4379b1827f,[00002c4379],https://www.walletexplorer.com/wallet/00002c4379b1827f,ok,,2026-06-27T09:55:30.838630+00:00
1GWcw2T57HmrmLt8r1ghg47d6JKvXCz9Yd,00002c4379b1827f,[00002c4379],https://www.walletexplorer.com/wallet/00002c4379b1827f,ok,,2026-06-27T09:55:31.329129+00:00
1EpovNqrwW4qyfoLA9nXQsZSi8VsKU9hnq,00002c4379b1827f,[00002c4379],https://www.walletexplorer.com/wallet/00002c4379b1827f,ok,,2026-06-27T09:55:32.057667+00:00
17tUkspKEDENYp5XEhaHuDZ5yqk54nuRF4,00002c4379b1827f,[00002c4379],https://www.walletexplorer.com/wallet/00002c4379b1827f,ok,,2026-06-27T09:55:32.704080+00:00
1AHBETacDLwaXtGJwy92SZVzKCPr4Uuo9K,00002c4379b1827f,[00002c4379],https://www.walletexplorer.com/wallet/00002c4379b1827f,ok,,2026-06-27T09:55:33.218887+00:00
1KACFfa2F35Q84YFdYAaiUDeTH6U5PEYGR,00002c4379b1827f,[00002c4379],https://www.walletexplorer.com/wallet/00002c4379b1827f,ok,,2026-06-27T09:55:33.750301+00:00
1Ng1ZFUFPynxxbPozMffgweqVS6YkG4Kpw,00002c4379b1827f,[00002c4379],https://www.walletexplorer.com/wallet/00002c4379b1827f,ok,,2026-06-27T09:55:34.260129+00:00
1BrrA3hVF4jQ5Ft9egGHvsmcCQMWG1VF1X,00002c4379b1827f,[00002c4379],https://www.walletexplorer.com/wallet/00002c4379b1827f,ok,,2026-06-27T09:55:34.765411+00:00
18G5zitmFwWdkKcPpMyMdTEPWKZcaaErw1,00002c4379b1827f,[00002c4379],https://www.walletexplorer.com/wallet/00002c4379b1827f,ok,,2026-06-27T09:55:35.458846+00:00
1BVi5cqn6MrC7rhrGh72cSeAjUVgYRaj3b,00002c4379b1827f,[00002c4379],https://www.walletexplorer.com/wallet/00002c4379b1827f,ok,,2026-06-27T09:55:35.983475+00:00
1AZypEVMvZEfBTpHYhfafSHCH6Pgp6fyhw,00002c4379b1827f,[00002c4379],https://www.walletexplorer.com/wallet/00002c4379b1827f,ok,,2026-06-27T09:55:36.529606+00:00
1Frh8crcxeScanfW1VaL45CEJrv92AfXLz,00002c4379b1827f,[00002c4379],https://www.walletexplorer.com/wallet/00002c4379b1827f,ok,,2026-06-27T09:55:37.129644+00:00
1DavPpLcQ1y3qXcG75AZcPubNXNyhiasJ9,00002c4379b1827f,[00002c4379],https://www.walletexplorer.com/wallet/00002c4379b1827f,ok,,2026-06-27T09:55:37.778815+00:00
1cjEe4eR2msB3w811vNw5pttvQ9m7CsQe,00002c4379b1827f,[00002c4379],https://www.walletexplorer.com/wallet/00002c4379b1827f,ok,,2026-06-27T09:55:38.354041+00:00
1L6hGK5en1jo3o93zJ4pRKHUjNde9ktcbg,00002c4379b1827f,[00002c4379],https://www.walletexplorer.com/wallet/00002c4379b1827f,ok,,2026-06-27T09:55:38.923300+00:00
13BibaKbJZeRykABkoLVFnSLau7wTNFWmc,00002c4379b1827f,[00002c4379],https://www.walletexplorer.com/wallet/00002c4379b1827f,ok,,2026-06-27T09:55:39.470109+00:00
15YE1UYucAYiyioXeHaKvfgEhtdsvwqmHL,00002c4379b1827f,[00002c4379],https://www.walletexplorer.com/wallet/00002c4379b1827f,ok,,2026-06-27T09:55:39.999600+00:00
1DSHfK8SaNSYZkKamgFDwCBzDtBcX1PQia,00002c4379b1827f,[00002c4379],https://www.walletexplorer.com/wallet/00002c4379b1827f,ok,,2026-06-27T09:55:40.540495+00:00
1FdMNhwPwjSCmMVhT6NvzAFZAS1pjsEfbg,00002c4379b1827f,[00002c4379],https://www.walletexplorer.com/wallet/00002c4379b1827f,ok,,2026-06-27T09:55:41.085313+00:00
1LM9H41u2ohYn4KFecS82Z4WmPyciXQdQF,00002c4379b1827f,[00002c4379],https://www.walletexplorer.com/wallet/00002c4379b1827f,ok,,2026-06-27T09:55:41.663971+00:00
13g95SBmcHMUeXrfkSHKDHjJi6x1XFZcvD,00002c4379b1827f,[00002c4379],https://www.walletexplorer.com/wallet/00002c4379b1827f,ok,,2026-06-27T09:55:42.324975+00:00
1CLDdeBSEAkNG7kA7gEouHkuhsXWhkR4VR,00002c4379b1827f,[00002c4379],https://www.walletexplorer.com/wallet/00002c4379b1827f,ok,,2026-06-27T09:55:43.461870+00:00
1PWA1uPeCAW9ahxwkR2QEvKihTNyooJdU5,00002c4379b1827f,[00002c4379],https://www.walletexplorer.com/wallet/00002c4379b1827f,ok,,2026-06-27T09:55:44.217609+00:00
1PUep7wppCxWeeEg2cjAgtvStV8FrbQiz8,00002c4379b1827f,[00002c4379],https://www.walletexplorer.com/wallet/00002c4379b1827f,ok,,2026-06-27T09:55:44.738674+00:00
1PEzUiG2bvA1zL9tuJruMxF47jo5YoxQ2B,00002c4379b1827f,[00002c4379],https://www.walletexplorer.com/wallet/00002c4379b1827f,ok,,2026-06-27T09:55:45.241404+00:00
12jQS5B416FoXwWCF3ywdpYuT2GGP3p6Nn,00002c4379b1827f,[00002c4379],https://www.walletexplorer.com/wallet/00002c4379b1827f,ok,,2026-06-27T09:55:45.790400+00:00
1MChUVmRf5UcnTRCVWHXsyN98M6Mg7jFCV,00002c4379b1827f,[00002c4379],https://www.walletexplorer.com/wallet/00002c4379b1827f,ok,,2026-06-27T09:55:46.439310+00:00
1E5JiT5c2nj2e1W2aCo8mhTjgk3kGz524o,00002c4379b1827f,[00002c4379],https://www.walletexplorer.com/wallet/00002c4379b1827f,ok,,2026-06-27T09:55:47.229428+00:00
13Q49FqmMZE7YnQ6KCXXG36he5DpCWA977,00002c4379b1827f,[00002c4379],https://www.walletexplorer.com/wallet/00002c4379b1827f,ok,,2026-06-27T09:55:48.045309+00:00
1NT3mEZE5yPhfEwHiz8EEaDNfMu3r3H9Mj,00002c4379b1827f,[00002c4379],https://www.walletexplorer.com/wallet/00002c4379b1827f,ok,,2026-06-27T09:55:48.758134+00:00
1BiHu4LmL3aiLRQ7Ke6fgxDomevGrBFAaZ,00002c4379b1827f,[00002c4379],https://www.walletexplorer.com/wallet/00002c4379b1827f,ok,,2026-06-27T09:55:49.280328+00:00
1NMfGWTrBFiMKhazWhmyGGmo5Fbevi7Ton,00002c4379b1827f,[00002c4379],https://www.walletexplorer.com/wallet/00002c4379b1827f,ok,,2026-06-27T09:55:49.774583+00:00
18rVjNGF8xL3eduHt2WrsnssKCyYgAv257,00002c4379b1827f,[00002c4379],https://www.walletexplorer.com/wallet/00002c4379b1827f,ok,,2026-06-27T09:55:50.464876+00:00
13cUBAXTYqi6gA3m7x34bqqwZ4PWU4GpQV,00002c4379b1827f,[00002c4379],https://www.walletexplorer.com/wallet/00002c4379b1827f,ok,,2026-06-27T09:55:51.446041+00:00
1Q36NepDkpEcstBiTEG1ZFK7PQPkNyysYd,00002c4379b1827f,[00002c4379],https://www.walletexplorer.com/wallet/00002c4379b1827f,ok,,2026-06-27T09:55:52.160230+00:00
18SJBCPAFGoQ1iwPh5cBML2LWGJZQjhQSt,00002c4379b1827f,[00002c4379],https://www.walletexplorer.com/wallet/00002c4379b1827f,ok,,2026-06-27T09:55:52.696169+00:00
12bAXNu9r6K329AXoTNfjnRw9JjwyB1Wiv,00002c4379b1827f,[00002c4379],https://www.walletexplorer.com/wallet/00002c4379b1827f,ok,,2026-06-27T09:55:53.524687+00:00
17SMyB3Pore5KYFR9gV6Njx5ckq4ipg2t,00002c4379b1827f,[00002c4379],https://www.walletexplorer.com/wallet/00002c4379b1827f,ok,,2026-06-27T09:55:54.090197+00:00
1w15dbgxzyonZLCpPaZutZSYMPuBCshnq,00002c4379b1827f,[00002c4379],https://www.walletexplorer.com/wallet/00002c4379b1827f,ok,,2026-06-27T09:55:55.217534+00:00
1fL4A2PjUUpoxFABT8cJPVG5rXVSZmegc,00002c4379b1827f,[00002c4379],https://www.walletexplorer.com/wallet/00002c4379b1827f,ok,,2026-06-27T09:55:55.864796+00:00
1F39NWQzWaYx1GzhxQqq5pdmVxHiPbC6Pp,00002c4379b1827f,[00002c4379],https://www.walletexplorer.com/wallet/00002c4379b1827f,ok,,2026-06-27T09:55:56.350610+00:00
1HfBdu8J5DU4vytjVNeeatpKeJ8uBv4wCF,00002c4379b1827f,[00002c4379],https://www.walletexplorer.com/wallet/00002c4379b1827f,ok,,2026-06-27T09:55:56.815918+00:00
1HXmVTnjxamVKCjEK67sdgfPs591LcAK8g,00002c4379b1827f,[00002c4379],https://www.walletexplorer.com/wallet/00002c4379b1827f,ok,,2026-06-27T09:55:57.845826+00:00
14FHAcSNuoV3e1T6RWWz3Q633vHc1kpzDL,00002c4379b1827f,[00002c4379],https://www.walletexplorer.com/wallet/00002c4379b1827f,ok,,2026-06-27T09:55:58.652481+00:00
1DrEacnBjoFF69MPUrLUGu2o5ZfXMikbg6,00002c4379b1827f,[00002c4379],https://www.walletexplorer.com/wallet/00002c4379b1827f,ok,,2026-06-27T09:55:59.290364+00:00
12rv9SbT6TFEUvr6Rha64guELgmkEDzeQc,00002c4379b1827f,[00002c4379],https://www.walletexplorer.com/wallet/00002c4379b1827f,ok,,2026-06-27T09:55:59.906648+00:00
19pGi7578jK9SyzttPi5a3yJm2qHETWKLT,00002c4379b1827f,[00002c4379],https://www.walletexplorer.com/wallet/00002c4379b1827f,ok,,2026-06-27T09:56:00.408538+00:00
1ASNQRMD1XE2gvBk6GyqWrLfUjbLV8MoRK,00002c4379b1827f,[00002c4379],https://www.walletexplorer.com/wallet/00002c4379b1827f,ok,,2026-06-27T09:56:01.038542+00:00
17WnsCJCN3Fo3cK5qKxfCob62aHZVUtgGe,00002c4379b1827f,[00002c4379],https://www.walletexplorer.com/wallet/00002c4379b1827f,ok,,2026-06-27T09:56:01.632424+00:00
1BSdL96PmcAAevFvPJxr8WdP7eakjjhkm1,00002c4379b1827f,[00002c4379],https://www.walletexplorer.com/wallet/00002c4379b1827f,ok,,2026-06-27T09:56:02.262311+00:00
15G2UYr8gRDeZpU1JKf5ZaRU24T8yBdvXD,00002c4379b1827f,[00002c4379],https://www.walletexplorer.com/wallet/00002c4379b1827f,ok,,2026-06-27T09:56:02.808580+00:00
1A4orcPr4zFpUofzjQeVjwXPYbsgXsWufE,00002c4379b1827f,[00002c4379],https://www.walletexplorer.com/wallet/00002c4379b1827f,ok,,2026-06-27T09:56:03.332848+00:00
18edfAHnRtgVWdPTBZ3ptjFDwVzbkN4pTe,00002c4379b1827f,[00002c4379],https://www.walletexplorer.com/wallet/00002c4379b1827f,ok,,2026-06-27T09:56:03.903803+00:00
15QZpEkaDVttbk2HfzNxvb47ncvVVCgcYP,00002c4379b1827f,[00002c4379],https://www.walletexplorer.com/wallet/00002c4379b1827f,ok,,2026-06-27T09:56:04.720701+00:00
1LSTFxXZjfDPb1STENBnLWN9DnujnnvvAk,00002c4379b1827f,[00002c4379],https://www.walletexplorer.com/wallet/00002c4379b1827f,ok,,2026-06-27T09:56:05.380547+00:00
1PjgGJ7z2SsUjJf9E2Udn7v7aChfuuDEzp,00002c4379b1827f,[00002c4379],https://www.walletexplorer.com/wallet/00002c4379b1827f,ok,,2026-06-27T09:56:06.011002+00:00
1MUzKNr28pyd3tcqvDyvuDnQfP5DZEot86,00002c4379b1827f,[00002c4379],https://www.walletexplorer.com/wallet/00002c4379b1827f,ok,,2026-06-27T09:56:06.653922+00:00
13fik1HRuBN9fUtVuTmRPiP57Pf6WekpEB,00002c4379b1827f,[00002c4379],https://www.walletexplorer.com/wallet/00002c4379b1827f,ok,,2026-06-27T09:56:07.144568+00:00
1Kqu2d1HZ6nJ9KSw6k8hhxb3WaME9Ytpnu,00002c4379b1827f,[00002c4379],https://www.walletexplorer.com/wallet/00002c4379b1827f,ok,,2026-06-27T09:56:07.732316+00:00
1DA7iU7ybcsbcVVw38XDYWL472wcbAYsEJ,00002c4379b1827f,[00002c4379],https://www.walletexplorer.com/wallet/00002c4379b1827f,ok,,2026-06-27T09:56:08.244854+00:00
1LToN5GKM4hk2JwGQQm33gbaVjf85RPr3K,00002c4379b1827f,[00002c4379],https://www.walletexplorer.com/wallet/00002c4379b1827f,ok,,2026-06-27T09:56:08.914781+00:00
1Kqb4XEDdghza2pUgFTvdh1wP9ZkgUuq4q,00002c4379b1827f,[00002c4379],https://www.walletexplorer.com/wallet/00002c4379b1827f,ok,,2026-06-27T09:56:09.483751+00:00
12L5twQ9vh2QRLPsrXfSHjFdaDJeZrxx3q,00002c4379b1827f,[00002c4379],https://www.walletexplorer.com/wallet/00002c4379b1827f,ok,,2026-06-27T09:56:10.080299+00:00
1PpVGAzdtJ7GS3yd3bf6LpqUUiGqP1QaNb,00002c4379b1827f,[00002c4379],https://www.walletexplorer.com/wallet/00002c4379b1827f,ok,,2026-06-27T09:56:10.790602+00:00
1N7PZt9cqhEjYjrobCwrEXUfcWvSuXUPws,00002c4379b1827f,[00002c4379],https://www.walletexplorer.com/wallet/00002c4379b1827f,ok,,2026-06-27T09:56:11.417843+00:00
1GxWYPxYBtNogVdm7UexnnMvTvvMM2GCyw,00002c4379b1827f,[00002c4379],https://www.walletexplorer.com/wallet/00002c4379b1827f,ok,,2026-06-27T09:56:11.978210+00:00
1AxP9rEsKmdhii2YH9XPcf6WeudJDJCj8V,00002c4379b1827f,[00002c4379],https://www.walletexplorer.com/wallet/00002c4379b1827f,ok,,2026-06-27T09:56:12.570404+00:00
16VPrEzb4P4kLSYamxukgtRKqSReqY3DeD,00002c4379b1827f,[00002c4379],https://www.walletexplorer.com/wallet/00002c4379b1827f,ok,,2026-06-27T09:56:13.016236+00:00
17V64oyy12RbJBNbiddX4xZMn3ZVSddvph,00002c4379b1827f,[00002c4379],https://www.walletexplorer.com/wallet/00002c4379b1827f,ok,,2026-06-27T09:56:13.567851+00:00
1MhAQSDbWi8xQPhUCW27XQLpNeWkVNCMfi,00002c4379b1827f,[00002c4379],https://www.walletexplorer.com/wallet/00002c4379b1827f,ok,,2026-06-27T09:56:14.105469+00:00
1PTtLaQAbRsCVKHjAUbA8ZYJp3fcnxUzBt,00002c4379b1827f,[00002c4379],https://www.walletexplorer.com/wallet/00002c4379b1827f,ok,,2026-06-27T09:56:15.062009+00:00
13EMnkqJV3hcddsoi9aDjVphjuCRfjyLAV,00002c4379b1827f,[00002c4379],https://www.walletexplorer.com/wallet/00002c4379b1827f,ok,,2026-06-27T09:56:15.677523+00:00
1ELgm1UAepCyc6beaXHbSFyzgjhAHvyEmR,00002c4379b1827f,[00002c4379],https://www.walletexplorer.com/wallet/00002c4379b1827f,ok,,2026-06-27T09:56:16.287513+00:00
1Q6XFpqKHoNXFNxh4cVai55z4P8ZC4Ezkv,00002c4379b1827f,[00002c4379],https://www.walletexplorer.com/wallet/00002c4379b1827f,ok,,2026-06-27T09:56:16.798088+00:00
1MtnKSvAnXg2eDaLpKEeBK3kXT7DiQTvRb,00002c4379b1827f,[00002c4379],https://www.walletexplorer.com/wallet/00002c4379b1827f,ok,,2026-06-27T09:56:17.349409+00:00
1BfpNvkTGeHwaXQGUbWd8czmhK7JHwmWcz,00002c4379b1827f,[00002c4379],https://www.walletexplorer.com/wallet/00002c4379b1827f,ok,,2026-06-27T09:56:17.970953+00:00
1DxXuHAtGrsDiuyHo3zakoexqHE4zC1pGv,00002c4379b1827f,[00002c4379],https://www.walletexplorer.com/wallet/00002c4379b1827f,ok,,2026-06-27T09:56:18.586993+00:00
1N9V8GqKY2dNcMwo42zrSMZkU4CWApY2XE,00002c4379b1827f,[00002c4379],https://www.walletexplorer.com/wallet/00002c4379b1827f,ok,,2026-06-27T09:56:19.208689+00:00
1PJqXyDbz445RwvQKNJk89GSJWCzBaNhqJ,00002c4379b1827f,[00002c4379],https://www.walletexplorer.com/wallet/00002c4379b1827f,ok,,2026-06-27T09:56:19.767266+00:00
1PhzFkN1uki9xRVmFY6vJ3c2hfxdhRFTuE,00002c4379b1827f,[00002c4379],https://www.walletexplorer.com/wallet/00002c4379b1827f,ok,,2026-06-27T09:56:20.325448+00:00
1Q1p91Anz9TkBnWaFMCENm5YvLfFfVkinm,00002c4379b1827f,[00002c4379],https://www.walletexplorer.com/wallet/00002c4379b1827f,ok,,2026-06-27T09:56:20.989097+00:00
16J1M74XrHUBFnoZZY64PoQJynpZb27qDn,00002c4379b1827f,[00002c4379],https://www.walletexplorer.com/wallet/00002c4379b1827f,ok,,2026-06-27T09:56:21.547902+00:00
14N2hrALFAsnAnAn6NsLbE2feZfsUvu68Y,00002c4379b1827f,[00002c4379],https://www.walletexplorer.com/wallet/00002c4379b1827f,ok,,2026-06-27T09:56:22.139364+00:00
1FQy7zgoqHX75nufqUuWAwwDyiUBPYfaQq,00002c4379b1827f,[00002c4379],https://www.walletexplorer.com/wallet/00002c4379b1827f,ok,,2026-06-27T09:56:22.674781+00:00
17ZTnzAUsNcSm7R1eRj6mGrPmNToM5TUQ1,00002c4379b1827f,[00002c4379],https://www.walletexplorer.com/wallet/00002c4379b1827f,ok,,2026-06-27T09:56:23.182706+00:00
1QLBkDbsd51uzhdSZguBQ9bmjW7qcd7tfa,00002c4379b1827f,[00002c4379],https://www.walletexplorer.com/wallet/00002c4379b1827f,ok,,2026-06-27T09:56:23.696527+00:00
17c5dkFTYYvL4v9nr6RGhq5GVKxNLmp2DW,00002c4379b1827f,[00002c4379],https://www.walletexplorer.com/wallet/00002c4379b1827f,ok,,2026-06-27T09:56:24.192068+00:00
12V3pM6wtcpnfvoz2egxN5yLeSY9RmQ8aC,00002c4379b1827f,[00002c4379],https://www.walletexplorer.com/wallet/00002c4379b1827f,ok,,2026-06-27T09:56:24.713293+00:00
1K3J9KTjQ57EHo2qE8e2dL5yamFW9vTRhC,00002c4379b1827f,[00002c4379],https://www.walletexplorer.com/wallet/00002c4379b1827f,ok,,2026-06-27T09:56:25.250891+00:00
1EqUaM1LwsyWgFPdMQAfgVMsrxNFCLLiee,00002c4379b1827f,[00002c4379],https://www.walletexplorer.com/wallet/00002c4379b1827f,ok,,2026-06-27T09:56:25.765039+00:00
1KXyLz1i3gNmJAjEjsnzd58EozWpukhXwd,00002c4379b1827f,[00002c4379],https://www.walletexplorer.com/wallet/00002c4379b1827f,ok,,2026-06-27T09:56:26.296923+00:00
1393uonusyi51JCGB3ZfjirinRxespS9oV,00002c4379b1827f,[00002c4379],https://www.walletexplorer.com/wallet/00002c4379b1827f,ok,,2026-06-27T09:56:26.894717+00:00
1FaaPCHRNfwSeagYc8tAbHpBzZCcN7k9zk,00002c4379b1827f,[00002c4379],https://www.walletexplorer.com/wallet/00002c4379b1827f,ok,,2026-06-27T09:56:27.644397+00:00
15deHMPQP4t6mPGxaxpNPvxWyN2LbkHG3P,00002c4379b1827f,[00002c4379],https://www.walletexplorer.com/wallet/00002c4379b1827f,ok,,2026-06-27T09:56:28.103938+00:00
1v91D2xtensVTNmtxy75mjuHVTV5LTvG8,00002c4379b1827f,[00002c4379],https://www.walletexplorer.com/wallet/00002c4379b1827f,ok,,2026-06-27T09:56:28.704224+00:00
1CLJkimXJhKetPYPS7SxwTa2jJ5hdgTqbk,00002c4379b1827f,[00002c4379],https://www.walletexplorer.com/wallet/00002c4379b1827f,ok,,2026-06-27T09:56:29.381035+00:00
12odBWiXowNN5fosbAhXCN75zC6dv1p4LP,00002c4379b1827f,[00002c4379],https://www.walletexplorer.com/wallet/00002c4379b1827f,ok,,2026-06-27T09:56:29.832355+00:00
1PzMH3SCXaxUSvEAnd3ZFMpPCDjZYKXecB,00002c4379b1827f,[00002c4379],https://www.walletexplorer.com/wallet/00002c4379b1827f,ok,,2026-06-27T09:56:30.303581+00:00
1LToSVC7FQkQJ184H2gjKgyV92VyTXW7u,00002c4379b1827f,[00002c4379],https://www.walletexplorer.com/wallet/00002c4379b1827f,ok,,2026-06-27T09:56:30.779151+00:00
1BjvJiDZBTeNFchahPGUvYZ6zycKoQoB6B,00002c4379b1827f,[00002c4379],https://www.walletexplorer.com/wallet/00002c4379b1827f,ok,,2026-06-27T09:56:31.315071+00:00
1GS8uU6j7k32Qa2LzeP3MT1yijeKskR9n5,00002c4379b1827f,[00002c4379],https://www.walletexplorer.com/wallet/00002c4379b1827f,ok,,2026-06-27T09:56:31.850334+00:00
1DBwFFJaaix7r2LR5YNXLTjGraCmC9AVq3,00002c4379b1827f,[00002c4379],https://www.walletexplorer.com/wallet/00002c4379b1827f,ok,,2026-06-27T09:56:32.363561+00:00
1JjiBzFYAiAPxgE1FfQTBH3fSAs6UxopEF,00002c4379b1827f,[00002c4379],https://www.walletexplorer.com/wallet/00002c4379b1827f,ok,,2026-06-27T09:56:32.773019+00:00
1Cts5NvRR9FCvDr2wjyDcE3HM7uEfUevxq,00002c4379b1827f,[00002c4379],https://www.walletexplorer.com/wallet/00002c4379b1827f,ok,,2026-06-27T09:56:33.164105+00:00
182bFvETRT9NuQdQGmZL3NG3fjigpgYKdT,00002c4379b1827f,[00002c4379],https://www.walletexplorer.com/wallet/00002c4379b1827f,ok,,2026-06-27T09:56:33.638813+00:00
1Je1MGv96ffBXjUQpXFcBv6UowRM9TVMBr,00002c4379b1827f,[00002c4379],https://www.walletexplorer.com/wallet/00002c4379b1827f,ok,,2026-06-27T09:56:34.040287+00:00
18c6eQcBkEFTCYFxShMKa2Eqn9PUJArTvk,00002c4379b1827f,[00002c4379],https://www.walletexplorer.com/wallet/00002c4379b1827f,ok,,2026-06-27T09:56:34.546458+00:00
1JYp5A22UdtEf7776g8cDq8o6p6wuEkoLr,00002c4379b1827f,[00002c4379],https://www.walletexplorer.com/wallet/00002c4379b1827f,ok,,2026-06-27T09:56:34.951962+00:00
19juCxTLzD33tw675qi7JzojQcLiBQthH8,00002c4379b1827f,[00002c4379],https://www.walletexplorer.com/wallet/00002c4379b1827f,ok,,2026-06-27T09:56:35.381390+00:00
1CE69PuaveHKEt48ynCgGNmx7qjotwNHbn,00002c4379b1827f,[00002c4379],https://www.walletexplorer.com/wallet/00002c4379b1827f,ok,,2026-06-27T09:56:35.782474+00:00
14vjVJgX3pToT1WWhbnckRfYPmkA8peJyB,00002c4379b1827f,[00002c4379],https://www.walletexplorer.com/wallet/00002c4379b1827f,ok,,2026-06-27T09:56:36.188566+00:00
1Q72LZCtEvwvF4UjGx5zd9JofCUhna5wUB,00002c4379b1827f,[00002c4379],https://www.walletexplorer.com/wallet/00002c4379b1827f,ok,,2026-06-27T09:56:36.615973+00:00
1spNbjqWnSy4sdm9WJgZa5GfrxyULSRbb,00002c4379b1827f,[00002c4379],https://www.walletexplorer.com/wallet/00002c4379b1827f,ok,,2026-06-27T09:56:37.057048+00:00
1GysfkGqTjWp1nRzEK7R348rrYn9WGmZz4,00002c4379b1827f,[00002c4379],https://www.walletexplorer.com/wallet/00002c4379b1827f,ok,,2026-06-27T09:56:37.602415+00:00
19ngYgMoc2qGAGemQYKu7yiHYqSSc7vPwn,00002c4379b1827f,[00002c4379],https://www.walletexplorer.com/wallet/00002c4379b1827f,ok,,2026-06-27T09:56:38.167275+00:00
1NbYUVyxFfWBGhHmBwWxLRX3tMei6RPiNv,00002c4379b1827f,[00002c4379],https://www.walletexplorer.com/wallet/00002c4379b1827f,ok,,2026-06-27T09:56:38.616578+00:00
1JtXFZDWWdoWVRbXVv8UVHZVASgKdDYVvC,00002c4379b1827f,[00002c4379],https://www.walletexplorer.com/wallet/00002c4379b1827f,ok,,2026-06-27T09:56:39.034206+00:00
1HDp4abm4X9KHYmPtBJ12aqszcsbNmz6oC,00002c4379b1827f,[00002c4379],https://www.walletexplorer.com/wallet/00002c4379b1827f,ok,,2026-06-27T09:56:39.479614+00:00
17ZpQf4SWw6w5w6FQEx5o8rg5NEpaXu7aK,00002c4379b1827f,[00002c4379],https://www.walletexplorer.com/wallet/00002c4379b1827f,ok,,2026-06-27T09:56:39.905180+00:00
15fjTAA2uXSgY7T91MSfeZJmiUoAtm6mqD,00002c4379b1827f,[00002c4379],https://www.walletexplorer.com/wallet/00002c4379b1827f,ok,,2026-06-27T09:56:40.376421+00:00
13QUq4fGxuKwqCwYGSkHKXEALazRoV3nrU,00002c4379b1827f,[00002c4379],https://www.walletexplorer.com/wallet/00002c4379b1827f,ok,,2026-06-27T09:56:40.786297+00:00
16icLdMuYdMvr8VTeiCdmMK9mmb1UioR3H,00002c4379b1827f,[00002c4379],https://www.walletexplorer.com/wallet/00002c4379b1827f,ok,,2026-06-27T09:56:41.200685+00:00
1PoHpDJm7rjxYrUC1Sf1vZmYyv8XPK62Uw,00002c4379b1827f,[00002c4379],https://www.walletexplorer.com/wallet/00002c4379b1827f,ok,,2026-06-27T09:56:41.623421+00:00
14s4bNmWWFqnCpzvuFVHsYsUfz5PmTFB8A,00002c4379b1827f,[00002c4379],https://www.walletexplorer.com/wallet/00002c4379b1827f,ok,,2026-06-27T09:56:42.053726+00:00
1BRr1ZFR2kkU41FBKBRMuD6dayWxhymuWX,00002c4379b1827f,[00002c4379],https://www.walletexplorer.com/wallet/00002c4379b1827f,ok,,2026-06-27T09:56:42.480752+00:00
1Lb8ouHRbie9xRP47eL3kNuncoyPxWbpLX,00002c4379b1827f,[00002c4379],https://www.walletexplorer.com/wallet/00002c4379b1827f,ok,,2026-06-27T09:56:42.942833+00:00
1LKGQWxof8JdD1672dzcnf9HsU7JusZF6a,00002c4379b1827f,[00002c4379],https://www.walletexplorer.com/wallet/00002c4379b1827f,ok,,2026-06-27T09:56:43.469213+00:00
1HrukutCX83KHTnYJFNjd6QzcQDm3Zf1YC,00002c4379b1827f,[00002c4379],https://www.walletexplorer.com/wallet/00002c4379b1827f,ok,,2026-06-27T09:56:44.044730+00:00
1BoUnPMpnBYQgMmcXu3jEqFCyRmbjeF8cm,00002c4379b1827f,[00002c4379],https://www.walletexplorer.com/wallet/00002c4379b1827f,ok,,2026-06-27T09:56:44.507068+00:00
12FoDT44L8KTJ5SLmmaJmsc4YiJSxYYYEQ,00002c4379b1827f,[00002c4379],https://www.walletexplorer.com/wallet/00002c4379b1827f,ok,,2026-06-27T09:56:44.953995+00:00
1Eg997cNFkX8fiLG7Adv41f1TssdwmuuY8,00002c4379b1827f,[00002c4379],https://www.walletexplorer.com/wallet/00002c4379b1827f,ok,,2026-06-27T09:56:45.377350+00:00
1MSXxzTpKiETcKhDodGtrszX4VWovtFUQW,00002c4379b1827f,[00002c4379],https://www.walletexplorer.com/wallet/00002c4379b1827f,ok,,2026-06-27T09:56:45.781879+00:00
1Cqxd81nKHfeRnZJxeJFU2M7VSz3tcsbXj,00002c4379b1827f,[00002c4379],https://www.walletexplorer.com/wallet/00002c4379b1827f,ok,,2026-06-27T09:56:46.213760+00:00
1EHqjqABUe1GBmiVDFtBi1EWxtF7XeLsFS,00002c4379b1827f,[00002c4379],https://www.walletexplorer.com/wallet/00002c4379b1827f,ok,,2026-06-27T09:56:46.677525+00:00
1C4BsBCqrRuBeFxBMoBUN9ePnenFEZ9qgm,00002c4379b1827f,[00002c4379],https://www.walletexplorer.com/wallet/00002c4379b1827f,ok,,2026-06-27T09:56:47.122859+00:00
1L1fZonT7ojiiGSZoYJGBPDxSrdu3mu5k8,00002c4379b1827f,[00002c4379],https://www.walletexplorer.com/wallet/00002c4379b1827f,ok,,2026-06-27T09:56:47.565394+00:00
1JjNKg9STWB4QRkkp8mbrMquUiVHyug3rp,00002c4379b1827f,[00002c4379],https://www.walletexplorer.com/wallet/00002c4379b1827f,ok,,2026-06-27T09:56:48.046184+00:00
1HN9U8nofkFVwDkv7fGFyGXfZLUD8P5tM,00002c4379b1827f,[00002c4379],https://www.walletexplorer.com/wallet/00002c4379b1827f,ok,,2026-06-27T09:56:48.490708+00:00
1ESHozf2uFfLVMzyPyum12kewzdoKo3sLs,00002c4379b1827f,[00002c4379],https://www.walletexplorer.com/wallet/00002c4379b1827f,ok,,2026-06-27T09:56:48.868847+00:00
14LhzEt8bYurMmaGpZt2pKjuNiGSg7stLg,00002c4379b1827f,[00002c4379],https://www.walletexplorer.com/wallet/00002c4379b1827f,ok,,2026-06-27T09:56:49.295898+00:00
1729rRrR6rrXhETuiKPePwX7yFGzQrA3hf,00002c4379b1827f,[00002c4379],https://www.walletexplorer.com/wallet/00002c4379b1827f,ok,,2026-06-27T09:56:49.821999+00:00
1LvoFwcWr1DvvNHziTYr2zdXNTmkyJEekb,00002c4379b1827f,[00002c4379],https://www.walletexplorer.com/wallet/00002c4379b1827f,ok,,2026-06-27T09:56:50.262583+00:00
1LLj7Qsc29ZsiKcmT1C4qMS6KHw17yZoBv,00002c4379b1827f,[00002c4379],https://www.walletexplorer.com/wallet/00002c4379b1827f,ok,,2026-06-27T09:56:50.719825+00:00
1GPZcznxm3VqzYmyefg9SBXr9mSVWQTofi,00002c4379b1827f,[00002c4379],https://www.walletexplorer.com/wallet/00002c4379b1827f,ok,,2026-06-27T09:56:51.144602+00:00
1Q4jiWY7p99NnoY44vpM97qQDUfT97txbG,00002c4379b1827f,[00002c4379],https://www.walletexplorer.com/wallet/00002c4379b1827f,ok,,2026-06-27T09:56:51.632706+00:00
176kmJR4m77ttbNtgMCJFfCi3MVhvKbuU3,00002c4379b1827f,[00002c4379],https://www.walletexplorer.com/wallet/00002c4379b1827f,ok,,2026-06-27T09:56:52.051612+00:00
12TxNY8pNR5spdFC8ovF4btmqNPjuSFXtC,00002c4379b1827f,[00002c4379],https://www.walletexplorer.com/wallet/00002c4379b1827f,ok,,2026-06-27T09:56:52.623511+00:00
1F7wuxQ1NZNufUbFvWmwH3GNGZu2taENgw,00002c4379b1827f,[00002c4379],https://www.walletexplorer.com/wallet/00002c4379b1827f,ok,,2026-06-27T09:56:53.045697+00:00
12NTiWhoQQr1wnwsFMYcgN2pYTtSXB2hUA,00002c4379b1827f,[00002c4379],https://www.walletexplorer.com/wallet/00002c4379b1827f,ok,,2026-06-27T09:56:53.567409+00:00
166ZnxBYP2p2KUFPJEPxaK6QE5b5PYiLhD,00002c4379b1827f,[00002c4379],https://www.walletexplorer.com/wallet/00002c4379b1827f,ok,,2026-06-27T09:56:54.103012+00:00
1dBnTviTPd4inhmfECUmz4pPs2fNMxstQ,00002c4379b1827f,[00002c4379],https://www.walletexplorer.com/wallet/00002c4379b1827f,ok,,2026-06-27T09:56:54.580897+00:00
12EM6kmrXNm2ACqj8Fr996ba1s2ni7SaTU,00002c4379b1827f,[00002c4379],https://www.walletexplorer.com/wallet/00002c4379b1827f,ok,,2026-06-27T09:56:55.111396+00:00
16qLjm1csoPoCWSWwabduQiq7HDNg65sCc,00002c4379b1827f,[00002c4379],https://www.walletexplorer.com/wallet/00002c4379b1827f,ok,,2026-06-27T09:56:55.640201+00:00
1qRSTWuEznew6QTXW2hcXUXvVEz6CtdmY,00002c4379b1827f,[00002c4379],https://www.walletexplorer.com/wallet/00002c4379b1827f,ok,,2026-06-27T09:56:56.075718+00:00
13iPoZD5F425i7GsSSbTvwYsWxNufBuEVY,00002c4379b1827f,[00002c4379],https://www.walletexplorer.com/wallet/00002c4379b1827f,ok,,2026-06-27T09:56:56.515473+00:00
1KQ36xTe1RXjkfy1fMNmw1cbXKjdKkAXdu,00002c4379b1827f,[00002c4379],https://www.walletexplorer.com/wallet/00002c4379b1827f,ok,,2026-06-27T09:56:57.020384+00:00
1HKSBUd8U3NLbzAhCHyMvnREBELjnMWDZN,00002c4379b1827f,[00002c4379],https://www.walletexplorer.com/wallet/00002c4379b1827f,ok,,2026-06-27T09:56:57.520111+00:00
1FDtr2YkE216XbBxXNWZKvvqxEWvNzBdUs,00002c4379b1827f,[00002c4379],https://www.walletexplorer.com/wallet/00002c4379b1827f,ok,,2026-06-27T09:56:58.056459+00:00
1FaRvJT2j5izxFpRDv14zCzhAQwxUffoex,00002c4379b1827f,[00002c4379],https://www.walletexplorer.com/wallet/00002c4379b1827f,ok,,2026-06-27T09:56:58.551156+00:00
19MorWYXos1n5BeLkwVRau7mzm79zUnqn3,00002c4379b1827f,[00002c4379],https://www.walletexplorer.com/wallet/00002c4379b1827f,ok,,2026-06-27T09:56:58.949363+00:00
1P98Hkr3oo6G8KgnP3bpzjEEjosJ1Xxibm,00002c4379b1827f,[00002c4379],https://www.walletexplorer.com/wallet/00002c4379b1827f,ok,,2026-06-27T09:56:59.401161+00:00
1JwUJ63RV6WRrwsGGoarnG5pi1eRLp5ETi,00002c4379b1827f,[00002c4379],https://www.walletexplorer.com/wallet/00002c4379b1827f,ok,,2026-06-27T09:56:59.813538+00:00
1ArKrJkGp9QbY7FzdFe3pmkY3iNKgbEi1z,00002c4379b1827f,[00002c4379],https://www.walletexplorer.com/wallet/00002c4379b1827f,ok,,2026-06-27T09:57:00.258474+00:00
1MXcJYMasXi91xvaoD6RwEqYZU1warCZNm,00002c4379b1827f,[00002c4379],https://www.walletexplorer.com/wallet/00002c4379b1827f,ok,,2026-06-27T09:57:00.698606+00:00
1HiuannzDKHB57J2BnqNzZ5CXBejhi2oWu,00002c4379b1827f,[00002c4379],https://www.walletexplorer.com/wallet/00002c4379b1827f,ok,,2026-06-27T09:57:01.280249+00:00
1K7WKEmeEVWVR62MqWg8yfzRqkcB4hJtxF,00002c4379b1827f,[00002c4379],https://www.walletexplorer.com/wallet/00002c4379b1827f,ok,,2026-06-27T09:57:01.764068+00:00
1D5nQAKFnpYwEZ1H7wiZAd11exUVDnt2ZL,00002c4379b1827f,[00002c4379],https://www.walletexplorer.com/wallet/00002c4379b1827f,ok,,2026-06-27T09:57:02.350798+00:00
1MvQWYRpVpFPdcPHExEzeLeosw2eiPRfmW,00002c4379b1827f,[00002c4379],https://www.walletexplorer.com/wallet/00002c4379b1827f,ok,,2026-06-27T09:57:02.857548+00:00
1BJCq4dPjggZN1LQJ5DnARMdx9ZFJAT2F9,00002c4379b1827f,[00002c4379],https://www.walletexplorer.com/wallet/00002c4379b1827f,ok,,2026-06-27T09:57:03.339628+00:00
18JB3X6vKD5PHbJQXj8D8xULtMLk38Zfvv,00002c4379b1827f,[00002c4379],https://www.walletexplorer.com/wallet/00002c4379b1827f,ok,,2026-06-27T09:57:03.933067+00:00
17GEUZx452PTN9uojwqWLfDY2vZ3JLDX4B,00002c4379b1827f,[00002c4379],https://www.walletexplorer.com/wallet/00002c4379b1827f,ok,,2026-06-27T09:57:04.381412+00:00
13xeZiA2Q77FZTFFTWsNt62tWpL8VzNE9i,00002c4379b1827f,[00002c4379],https://www.walletexplorer.com/wallet/00002c4379b1827f,ok,,2026-06-27T09:57:04.837131+00:00
18ihEyX3F3K9MmqqtHvt2CQhKxo7agGdQL,00002c4379b1827f,[00002c4379],https://www.walletexplorer.com/wallet/00002c4379b1827f,ok,,2026-06-27T09:57:05.298808+00:00
1D7cLVntG8BFGtUyF9Z1o7DTbNYRUeFbUF,00002c4379b1827f,[00002c4379],https://www.walletexplorer.com/wallet/00002c4379b1827f,ok,,2026-06-27T09:57:05.781738+00:00
1GSsHXaaTYWseax3eTiqEg2XuJfaidqbuQ,00002c4379b1827f,[00002c4379],https://www.walletexplorer.com/wallet/00002c4379b1827f,ok,,2026-06-27T09:57:06.215277+00:00
1S3Luv6JmjsEcLU2zrWYKDhYbyDVA11Qr,00002c4379b1827f,[00002c4379],https://www.walletexplorer.com/wallet/00002c4379b1827f,ok,,2026-06-27T09:57:06.789707+00:00
1CBSen7Q3dpuEBzEkpHsWrLDw4MseXkVFA,00002c4379b1827f,[00002c4379],https://www.walletexplorer.com/wallet/00002c4379b1827f,ok,,2026-06-27T09:57:07.385795+00:00
1Q4Q7yqQjkymn2q1qQrjcL99ZdDGT3XUVh,00002c4379b1827f,[00002c4379],https://www.walletexplorer.com/wallet/00002c4379b1827f,ok,,2026-06-27T09:57:07.849421+00:00
16bSDW17LAxZXMApH1jGjLcPcaU7kY7HsZ,00002c4379b1827f,[00002c4379],https://www.walletexplorer.com/wallet/00002c4379b1827f,ok,,2026-06-27T09:57:08.390656+00:00
1qj8Qgpyb1fqZERDqhsw7XxtgV9xRKviR,00002c4379b1827f,[00002c4379],https://www.walletexplorer.com/wallet/00002c4379b1827f,ok,,2026-06-27T09:57:08.865982+00:00
1JAxPgKgwVzqSFyE3qwD4SpBBSoCwajAVv,00002c4379b1827f,[00002c4379],https://www.walletexplorer.com/wallet/00002c4379b1827f,ok,,2026-06-27T09:57:09.341615+00:00
1eACQMLzxZMDXzCfJTRdbyJtFZr8Xu8JM,00002c4379b1827f,[00002c4379],https://www.walletexplorer.com/wallet/00002c4379b1827f,ok,,2026-06-27T09:57:09.822629+00:00
1G4KpweuPX6JdrRXDiPghiCLgU8pyDscQ,00002c4379b1827f,[00002c4379],https://www.walletexplorer.com/wallet/00002c4379b1827f,ok,,2026-06-27T09:57:10.247775+00:00
19RCBEYC1SU78HofUmxYv1rfF186TUuADQ,00002c4379b1827f,[00002c4379],https://www.walletexplorer.com/wallet/00002c4379b1827f,ok,,2026-06-27T09:57:10.696610+00:00
17GbNGkc9NToWy7AD6bMuyb9V83fnPJ6yV,00002c4379b1827f,[00002c4379],https://www.walletexplorer.com/wallet/00002c4379b1827f,ok,,2026-06-27T09:57:13.281866+00:00
1PhiYQwcNt9fhYx1eTLrbH4KQzQXDSELFA,00002c4379b1827f,[00002c4379],https://www.walletexplorer.com/wallet/00002c4379b1827f,ok,,2026-06-27T09:57:13.715913+00:00
17JfLQTsMiK2nkeMuB2r4m1tnvMsrMFvrE,00002c4379b1827f,[00002c4379],https://www.walletexplorer.com/wallet/00002c4379b1827f,ok,,2026-06-27T09:57:14.147994+00:00
1QEz7neUR3JoWBbnd36RKb92JoJuubJaMC,00002c4379b1827f,[00002c4379],https://www.walletexplorer.com/wallet/00002c4379b1827f,ok,,2026-06-27T09:57:14.607708+00:00
1PFumzdqfZZ3G5waRhyxUap5VbRu3TJqTa,00002c4379b1827f,[00002c4379],https://www.walletexplorer.com/wallet/00002c4379b1827f,ok,,2026-06-27T09:57:15.050173+00:00
1Edm1MaKNtVTTbqvmQ7BA6Tq1GxTsF2wxE,00002c4379b1827f,[00002c4379],https://www.walletexplorer.com/wallet/00002c4379b1827f,ok,,2026-06-27T09:57:15.523006+00:00
1KS1k8qH1z7odQV8zWCKDe5VJaCKUZbDPj,00002c4379b1827f,[00002c4379],https://www.walletexplorer.com/wallet/00002c4379b1827f,ok,,2026-06-27T09:57:15.898750+00:00
1J4QeELi71si7uBJJ8AhRefQRTzatJeSDu,00002c4379b1827f,[00002c4379],https://www.walletexplorer.com/wallet/00002c4379b1827f,ok,,2026-06-27T09:57:16.375974+00:00
18UbncsKTXS6ZMLGcpY53ueqUGyS7T4n46,00002c4379b1827f,[00002c4379],https://www.walletexplorer.com/wallet/00002c4379b1827f,ok,,2026-06-27T09:57:16.840489+00:00
1KnDdYNyukSidKHjQb51nzNDcTSEFTneCq,00002c4379b1827f,[00002c4379],https://www.walletexplorer.com/wallet/00002c4379b1827f,ok,,2026-06-27T09:57:17.299734+00:00
1JQ5XKqHY8d9exMjbkBy8sgbpJKacJvXTU,00002c4379b1827f,[00002c4379],https://www.walletexplorer.com/wallet/00002c4379b1827f,ok,,2026-06-27T09:57:17.757359+00:00
1Ne5UBAKGEgjqchRqP4snkefYPVQM6HTPk,00002c4379b1827f,[00002c4379],https://www.walletexplorer.com/wallet/00002c4379b1827f,ok,,2026-06-27T09:57:18.183403+00:00
1N9PNpi6WWJLSTd6tjzZjvWU19cWTUqFkD,00002c4379b1827f,[00002c4379],https://www.walletexplorer.com/wallet/00002c4379b1827f,ok,,2026-06-27T09:57:18.817726+00:00
14X2cN4tmAq6R4onkwXFmkecH8wLZV5jXS,00002c4379b1827f,[00002c4379],https://www.walletexplorer.com/wallet/00002c4379b1827f,ok,,2026-06-27T09:57:19.363932+00:00
19LLonRo11MZdbs1m3cjTgcjdjcCDyfbX7,00002c4379b1827f,[00002c4379],https://www.walletexplorer.com/wallet/00002c4379b1827f,ok,,2026-06-27T09:57:19.795598+00:00
1NJSSu6Lu8BCusgjTbqD1BaQRWRWPi99ko,00002c4379b1827f,[00002c4379],https://www.walletexplorer.com/wallet/00002c4379b1827f,ok,,2026-06-27T09:57:20.198261+00:00
1NK3ZQEMiRresYXCwt4Q9j8BDWcQBS2DE3,00002c4379b1827f,[00002c4379],https://www.walletexplorer.com/wallet/00002c4379b1827f,ok,,2026-06-27T09:57:20.703350+00:00
17yYQjGF8uw8cTn6EvobpHEwsps1DeZmCz,00002c4379b1827f,[00002c4379],https://www.walletexplorer.com/wallet/00002c4379b1827f,ok,,2026-06-27T09:57:21.140102+00:00
1DzzWMTiVeVSA7nCjjCTg6ztS2Q3xyY468,00002c4379b1827f,[00002c4379],https://www.walletexplorer.com/wallet/00002c4379b1827f,ok,,2026-06-27T09:57:21.613127+00:00
15s87iGGU8m2wegWmzzhX72hCY12t8zyDw,00002c4379b1827f,[00002c4379],https://www.walletexplorer.com/wallet/00002c4379b1827f,ok,,2026-06-27T09:57:22.048824+00:00
1Gn35KKaQBpKSrSGLMTjBdioJXAFPRvZ7M,00002c4379b1827f,[00002c4379],https://www.walletexplorer.com/wallet/00002c4379b1827f,ok,,2026-06-27T09:57:22.643627+00:00
1LcaSTLb9aDmzHPsgqrPFgTgMzMJH2EJjr,00002c4379b1827f,[00002c4379],https://www.walletexplorer.com/wallet/00002c4379b1827f,ok,,2026-06-27T09:57:23.077593+00:00
1G2WDpdhjowYsNW5oJDspGWG8PBRXJRvGE,00002c4379b1827f,[00002c4379],https://www.walletexplorer.com/wallet/00002c4379b1827f,ok,,2026-06-27T09:57:23.512966+00:00
1K91GCiVZUGgqcc9kcXKT7E7G6cQw78GCY,00002c4379b1827f,[00002c4379],https://www.walletexplorer.com/wallet/00002c4379b1827f,ok,,2026-06-27T09:57:23.964185+00:00
1QHFgpXeXmHkjCkas6kDqE8m1NqJZTA4Jy,00002c4379b1827f,[00002c4379],https://www.walletexplorer.com/wallet/00002c4379b1827f,ok,,2026-06-27T09:57:24.602102+00:00
15Yb3V4SRHjoHuubDVkVFfV5VzQGSSW1Je,00002c4379b1827f,[00002c4379],https://www.walletexplorer.com/wallet/00002c4379b1827f,ok,,2026-06-27T09:57:24.983701+00:00
1MqTMo68NZtm8S2NMter1s9nfYrvsUEE2X,00002c4379b1827f,[00002c4379],https://www.walletexplorer.com/wallet/00002c4379b1827f,ok,,2026-06-27T09:57:25.421014+00:00
1FdpHyuHW9C2stTMvsvhTxKNUr3Cs4rsQg,00002c4379b1827f,[00002c4379],https://www.walletexplorer.com/wallet/00002c4379b1827f,ok,,2026-06-27T09:57:25.883981+00:00
1PtVydp73yuPft7SE6cmehA8MfDw2LCnPq,00002c4379b1827f,[00002c4379],https://www.walletexplorer.com/wallet/00002c4379b1827f,ok,,2026-06-27T09:57:26.365697+00:00
1Nq8dSJeFASuvRedCUWPD7WgapLNMoD6iq,00002c4379b1827f,[00002c4379],https://www.walletexplorer.com/wallet/00002c4379b1827f,ok,,2026-06-27T09:57:26.803707+00:00
14SLAcTA6pLwV2SpdmFZsnc2WmsfPdzvHb,00002c4379b1827f,[00002c4379],https://www.walletexplorer.com/wallet/00002c4379b1827f,ok,,2026-06-27T09:57:27.267957+00:00
1NwY6aCbr2U7GDTXomY8FZTZAoodJZ6NR7,00002c4379b1827f,[00002c4379],https://www.walletexplorer.com/wallet/00002c4379b1827f,ok,,2026-06-27T09:57:28.161993+00:00
1DsqZAQs1P5VdbnrDt2FU5vvur1dyL9yUy,00002c4379b1827f,[00002c4379],https://www.walletexplorer.com/wallet/00002c4379b1827f,ok,,2026-06-27T09:57:28.610386+00:00
1FvhfcibCJhgdAbTPQNWDS7uPZpPaCbJik,00002c4379b1827f,[00002c4379],https://www.walletexplorer.com/wallet/00002c4379b1827f,ok,,2026-06-27T09:57:29.055523+00:00
1Jd9t7gJLW6JAQAnbPhCwpPVV93FDX34jv,00002c4379b1827f,[00002c4379],https://www.walletexplorer.com/wallet/00002c4379b1827f,ok,,2026-06-27T09:57:29.543475+00:00
1cEzzkn3dGNABEVBNhTA1KqBg5Rp8RRBd,00002c4379b1827f,[00002c4379],https://www.walletexplorer.com/wallet/00002c4379b1827f,ok,,2026-06-27T09:57:29.984879+00:00
1LgPbAdSVDRv8fLqfsoXdWKdyWc7qXZizD,00002c4379b1827f,[00002c4379],https://www.walletexplorer.com/wallet/00002c4379b1827f,ok,,2026-06-27T09:57:30.628594+00:00
1N1YZqmMGUaNqJSEKVBQBJri1uKQrsipDB,00002c4379b1827f,[00002c4379],https://www.walletexplorer.com/wallet/00002c4379b1827f,ok,,2026-06-27T09:57:31.092634+00:00
18asnjbhyVHJDgxXuGWumRcCTDSd16aGXL,00002c4379b1827f,[00002c4379],https://www.walletexplorer.com/wallet/00002c4379b1827f,ok,,2026-06-27T09:57:31.667862+00:00
14Ust6YzBXfLYXfgEmnujUwwNRaMPVnBrq,00002c4379b1827f,[00002c4379],https://www.walletexplorer.com/wallet/00002c4379b1827f,ok,,2026-06-27T09:57:32.092500+00:00
18DY9Czc6WMXia4J6n96McwhYE9vTmswiu,00002c4379b1827f,[00002c4379],https://www.walletexplorer.com/wallet/00002c4379b1827f,ok,,2026-06-27T09:57:32.557713+00:00
14XGRqgJ5MUQPYk6YYHhW73paoGSMaPo1x,00002c4379b1827f,[00002c4379],https://www.walletexplorer.com/wallet/00002c4379b1827f,ok,,2026-06-27T09:57:32.990251+00:00
1BA3U2mtA7CxQC4GWdWxvFoxHcwgKMkipj,00002c4379b1827f,[00002c4379],https://www.walletexplorer.com/wallet/00002c4379b1827f,ok,,2026-06-27T09:57:33.471375+00:00
13E1gPp7R6BCZoX2asCsX2JLRNfYAmKemi,00002c4379b1827f,[00002c4379],https://www.walletexplorer.com/wallet/00002c4379b1827f,ok,,2026-06-27T09:57:33.881710+00:00
13b46s13NzMgmQyjGU4LAxN9KzUdzvA4uM,00002c4379b1827f,[00002c4379],https://www.walletexplorer.com/wallet/00002c4379b1827f,ok,,2026-06-27T09:57:34.314239+00:00
1CZEfe8kYmUxJ4qMPHPSeKKaihtE5sN1Mo,00002c4379b1827f,[00002c4379],https://www.walletexplorer.com/wallet/00002c4379b1827f,ok,,2026-06-27T09:57:34.806285+00:00
1Q45j6q2UgbnDVcQ1NNXfLMME2rqSvY4wh,00002c4379b1827f,[00002c4379],https://www.walletexplorer.com/wallet/00002c4379b1827f,ok,,2026-06-27T09:57:35.229590+00:00
1E21onGiZFsp8xdN5Qy4N8iqhKYHyJFPPR,00002c4379b1827f,[00002c4379],https://www.walletexplorer.com/wallet/00002c4379b1827f,ok,,2026-06-27T09:57:35.715211+00:00
1PKhiTT8x6JqedbtbZUsg1puUDKNJoCvVf,00002c4379b1827f,[00002c4379],https://www.walletexplorer.com/wallet/00002c4379b1827f,ok,,2026-06-27T09:57:36.186434+00:00
12dvoaJsfh15D3CLbgGFtWsQv9rBjhTrcw,00002c4379b1827f,[00002c4379],https://www.walletexplorer.com/wallet/00002c4379b1827f,ok,,2026-06-27T09:57:36.863837+00:00
192GdB7oBj7BmUnWTAFy99audBcqaSsiT1,00002c4379b1827f,[00002c4379],https://www.walletexplorer.com/wallet/00002c4379b1827f,ok,,2026-06-27T09:57:37.312948+00:00
1NcBnvaotpJzrJDTBJya15Ua5Mrrk4vZXa,00002c4379b1827f,[00002c4379],https://www.walletexplorer.com/wallet/00002c4379b1827f,ok,,2026-06-27T09:57:37.779244+00:00
18XU7S9beUkNsmJaRv8unvac1L9V5Do94m,00002c4379b1827f,[00002c4379],https://www.walletexplorer.com/wallet/00002c4379b1827f,ok,,2026-06-27T09:57:38.204012+00:00
19wZNqSXRdoDAMQZpTTn9esQdHLZznd6vr,00002c4379b1827f,[00002c4379],https://www.walletexplorer.com/wallet/00002c4379b1827f,ok,,2026-06-27T09:57:38.640300+00:00
1J5JsstgwNtdUJwBUPwhGfny8kZhoMGKbt,00002c4379b1827f,[00002c4379],https://www.walletexplorer.com/wallet/00002c4379b1827f,ok,,2026-06-27T09:57:39.070051+00:00
1BoE7aMjgH5NR76ES3wZuUfgwUHtZAQXsi,00002c4379b1827f,[00002c4379],https://www.walletexplorer.com/wallet/00002c4379b1827f,ok,,2026-06-27T09:57:39.523658+00:00
1PPaHwxmC6xpKqvfbkJSLk26CEWfVZbzaK,00002c4379b1827f,[00002c4379],https://www.walletexplorer.com/wallet/00002c4379b1827f,ok,,2026-06-27T09:57:40.010335+00:00
1PXtFTSRR4NoRVeDnZ5DrpKH3f39dhJHGz,00002c4379b1827f,[00002c4379],https://www.walletexplorer.com/wallet/00002c4379b1827f,ok,,2026-06-27T09:57:40.495195+00:00
165GQskEVMsp1e3F6StmHHePToYfoU6LWN,00002c4379b1827f,[00002c4379],https://www.walletexplorer.com/wallet/00002c4379b1827f,ok,,2026-06-27T09:57:40.951828+00:00
1A3X6ytUchLUGkSUXDNwEc88XKEZEgXcx9,00002c4379b1827f,[00002c4379],https://www.walletexplorer.com/wallet/00002c4379b1827f,ok,,2026-06-27T09:57:41.440852+00:00
16DHJf48WFUA7ozgEdR6SSpq8aWDJymv3z,00002c4379b1827f,[00002c4379],https://www.walletexplorer.com/wallet/00002c4379b1827f,ok,,2026-06-27T09:57:41.919685+00:00
1ADbXTRu9et6HKMQLwSsdrip7izERH1H3X,00002c4379b1827f,[00002c4379],https://www.walletexplorer.com/wallet/00002c4379b1827f,ok,,2026-06-27T09:57:42.858088+00:00
1ARonbLzqHyocSKhXgBSXTmA2NWPsHJhNk,00002c4379b1827f,[00002c4379],https://www.walletexplorer.com/wallet/00002c4379b1827f,ok,,2026-06-27T09:57:43.599299+00:00
1DEVu4sH8rYZaSczk6bbtn6TU7CptLGAiE,00002c4379b1827f,[00002c4379],https://www.walletexplorer.com/wallet/00002c4379b1827f,ok,,2026-06-27T09:57:44.056487+00:00
1JEGefP3PvoAoRMrGuFEGtGmw8LfkNLHGB,00002c4379b1827f,[00002c4379],https://www.walletexplorer.com/wallet/00002c4379b1827f,ok,,2026-06-27T09:57:44.489813+00:00
18JJbFG2YoFKgcWaxQdCrUJBM9RHD8ZEPM,00002c4379b1827f,[00002c4379],https://www.walletexplorer.com/wallet/00002c4379b1827f,ok,,2026-06-27T09:57:44.984224+00:00
1wvMrV8wZDRfB89zmoY5ATfdhp3zgzo2c,00002c4379b1827f,[00002c4379],https://www.walletexplorer.com/wallet/00002c4379b1827f,ok,,2026-06-27T09:57:45.431043+00:00
1AUQkTvC6Vu4qfwaroaUx9nBAzVyd9CTBi,00002c4379b1827f,[00002c4379],https://www.walletexplorer.com/wallet/00002c4379b1827f,ok,,2026-06-27T09:57:45.863609+00:00
1C4H28exwETvswnfoBSoxFZUKw8C5kYJm1,00002c4379b1827f,[00002c4379],https://www.walletexplorer.com/wallet/00002c4379b1827f,ok,,2026-06-27T09:57:46.292934+00:00
169D4cmFyn9BYcovS1bF4VBQ2PEiLiQkfZ,00002c4379b1827f,[00002c4379],https://www.walletexplorer.com/wallet/00002c4379b1827f,ok,,2026-06-27T09:57:46.746243+00:00
1EV1tXaVhfKmq9xUG6q2zmyZ1Vss3d3YtT,00002c4379b1827f,[00002c4379],https://www.walletexplorer.com/wallet/00002c4379b1827f,ok,,2026-06-27T09:57:47.213441+00:00
1AzqAmRS78RvWf4cHmEaSoHz5v7J7dyYFU,00002c4379b1827f,[00002c4379],https://www.walletexplorer.com/wallet/00002c4379b1827f,ok,,2026-06-27T09:57:48.168128+00:00
1Nmpj6eKF5iESfEc32kZaacjc7aXUghfoC,00002c4379b1827f,[00002c4379],https://www.walletexplorer.com/wallet/00002c4379b1827f,ok,,2026-06-27T09:57:48.630324+00:00
1FzCJ2CEDuZPLW49haDdorfELtgSM3NgWf,00002c4379b1827f,[00002c4379],https://www.walletexplorer.com/wallet/00002c4379b1827f,ok,,2026-06-27T09:57:49.256636+00:00
1Gv7mCvbc1vVHjuHmRbi6knTbZCZAxRxVm,00002c4379b1827f,[00002c4379],https://www.walletexplorer.com/wallet/00002c4379b1827f,ok,,2026-06-27T09:57:49.823018+00:00
15o9SQ8hVEpXcKw3NhiPogaXBVbekptiHV,00002c4379b1827f,[00002c4379],https://www.walletexplorer.com/wallet/00002c4379b1827f,ok,,2026-06-27T09:57:50.251336+00:00
12CMmXfemgo2Xj2X8E3znmLXJFj8CtdqjG,00002c4379b1827f,[00002c4379],https://www.walletexplorer.com/wallet/00002c4379b1827f,ok,,2026-06-27T09:57:50.746767+00:00
1BQnso3LdZjkRPH1gETqQJFC4fiBUnrJM5,00002c4379b1827f,[00002c4379],https://www.walletexplorer.com/wallet/00002c4379b1827f,ok,,2026-06-27T09:57:51.246168+00:00
19DRtkLoprwxhwyyX6G4vakHdWDCjcheZU,00002c4379b1827f,[00002c4379],https://www.walletexplorer.com/wallet/00002c4379b1827f,ok,,2026-06-27T09:57:51.712928+00:00
1BCMPvxHpoGMLHBwra4k1xHu1C4skHYD4s,00002c4379b1827f,[00002c4379],https://www.walletexplorer.com/wallet/00002c4379b1827f,ok,,2026-06-27T09:57:52.137140+00:00
17aqD62aUwiVZtgVcu1pgFrwFDaY2KmWzs,00002c4379b1827f,[00002c4379],https://www.walletexplorer.com/wallet/00002c4379b1827f,ok,,2026-06-27T09:57:52.601909+00:00
1GQc5i23hxNQFg6juvx1Vtn9WYv39qEbry,00002c4379b1827f,[00002c4379],https://www.walletexplorer.com/wallet/00002c4379b1827f,ok,,2026-06-27T09:57:53.116234+00:00
14g4LMUQydtkaaQcyTfD7gjy5WnV8v7YJe,00002c4379b1827f,[00002c4379],https://www.walletexplorer.com/wallet/00002c4379b1827f,ok,,2026-06-27T09:57:53.581273+00:00
1GfE2bwWAeoF7RsY2c5YnQwSVfv6WZcS4E,00002c4379b1827f,[00002c4379],https://www.walletexplorer.com/wallet/00002c4379b1827f,ok,,2026-06-27T09:57:53.986331+00:00
1HTwPmssoADBXRgzThzspewQgt9bwDeXzk,00002c4379b1827f,[00002c4379],https://www.walletexplorer.com/wallet/00002c4379b1827f,ok,,2026-06-27T09:57:54.417614+00:00
16bHcXQWGsq8PtEKWkawf4KxK9FGQWh9MY,00002c4379b1827f,[00002c4379],https://www.walletexplorer.com/wallet/00002c4379b1827f,ok,,2026-06-27T09:57:54.872605+00:00
1PaCLDBiScnGAa1kXZnjqYH7yxNbWZFbC9,00002c4379b1827f,[00002c4379],https://www.walletexplorer.com/wallet/00002c4379b1827f,ok,,2026-06-27T09:57:55.331398+00:00
1BLUjSfBaH1JF2HQRKPqp6SSoX8VmBAtBj,00002c4379b1827f,[00002c4379],https://www.walletexplorer.com/wallet/00002c4379b1827f,ok,,2026-06-27T09:57:55.914402+00:00
19z7JEMcFUoLkHjdmTcW26biCDHEarUHXR,00002c4379b1827f,[00002c4379],https://www.walletexplorer.com/wallet/00002c4379b1827f,ok,,2026-06-27T09:57:56.372009+00:00
1CJAgx4hxv6EKJfVgwRM7ZgNX7tWJdJdCb,00002c4379b1827f,[00002c4379],https://www.walletexplorer.com/wallet/00002c4379b1827f,ok,,2026-06-27T09:57:56.805779+00:00
16cqJuhWcuK2KxvU4uVFY66ZTkuWz6wSuD,00002c4379b1827f,[00002c4379],https://www.walletexplorer.com/wallet/00002c4379b1827f,ok,,2026-06-27T09:57:57.253620+00:00
15RdqJNK4cimamaqnnKPwfPykq8UK4BqZq,00002c4379b1827f,[00002c4379],https://www.walletexplorer.com/wallet/00002c4379b1827f,ok,,2026-06-27T09:57:57.742996+00:00
1MA3ErkrEvyVCJ7tFiMN1wSaRR8GDRmzqN,00002c4379b1827f,[00002c4379],https://www.walletexplorer.com/wallet/00002c4379b1827f,ok,,2026-06-27T09:57:58.208480+00:00
1QFytLhfSVHWeHXpzqbtUwHAc3ZDNv7u7w,00002c4379b1827f,[00002c4379],https://www.walletexplorer.com/wallet/00002c4379b1827f,ok,,2026-06-27T09:57:58.646370+00:00
1P4y27xVnfgeHecY2KeahHUTXEz2x4ayES,00002c4379b1827f,[00002c4379],https://www.walletexplorer.com/wallet/00002c4379b1827f,ok,,2026-06-27T09:57:59.081791+00:00
15g7aF3Rsx3zNrzqdn1bnvwMjTn5Cmd4Lj,00002c4379b1827f,[00002c4379],https://www.walletexplorer.com/wallet/00002c4379b1827f,ok,,2026-06-27T09:58:00.278348+00:00
1JR7zDc7heHVJvpgmpD5HRHUdSxgyYiFgu,00002c4379b1827f,[00002c4379],https://www.walletexplorer.com/wallet/00002c4379b1827f,ok,,2026-06-27T09:58:00.751917+00:00
1DirfusdrgF67qMPNcbCQMrR8hLjPMAxGx,00002c4379b1827f,[00002c4379],https://www.walletexplorer.com/wallet/00002c4379b1827f,ok,,2026-06-27T09:58:01.198002+00:00
1JJmpEQoVga3ryQp51FvxATiS2uVQ4V7pD,00002c4379b1827f,[00002c4379],https://www.walletexplorer.com/wallet/00002c4379b1827f,ok,,2026-06-27T09:58:01.822559+00:00
13UCsXftKoz6r3Nc1569pF49Qxm98t48hq,00002c4379b1827f,[00002c4379],https://www.walletexplorer.com/wallet/00002c4379b1827f,ok,,2026-06-27T09:58:02.277518+00:00
15Uy7DG3PuNoNjdkQWL9kQomFmy73TSejH,00002c4379b1827f,[00002c4379],https://www.walletexplorer.com/wallet/00002c4379b1827f,ok,,2026-06-27T09:58:03.036856+00:00
12goMWkNBp1byWpwUqKdPJRY57u1jM7zML,00002c4379b1827f,[00002c4379],https://www.walletexplorer.com/wallet/00002c4379b1827f,ok,,2026-06-27T09:58:03.707555+00:00
1DyQoTkxpueAyA9QKrwGCeLo3WTHKFJwBZ,00002c4379b1827f,[00002c4379],https://www.walletexplorer.com/wallet/00002c4379b1827f,ok,,2026-06-27T09:58:04.153664+00:00
14m7LmavdMSv7QXYJxjUumuoNCg85A2RLv,00002c4379b1827f,[00002c4379],https://www.walletexplorer.com/wallet/00002c4379b1827f,ok,,2026-06-27T09:58:04.675076+00:00
1ECvPrMPc5sfWHY4DUXgQMwb1WBBa1Qhv3,00002c4379b1827f,[00002c4379],https://www.walletexplorer.com/wallet/00002c4379b1827f,ok,,2026-06-27T09:58:05.128219+00:00
1MfcZGy7caTuAzwXkPE6gXRbkyB7LzfoXy,00002c4379b1827f,[00002c4379],https://www.walletexplorer.com/wallet/00002c4379b1827f,ok,,2026-06-27T09:58:06.050201+00:00
1AqySY6MWDtTfwrHWUrXpwjFYPit4HLJGi,00002c4379b1827f,[00002c4379],https://www.walletexplorer.com/wallet/00002c4379b1827f,ok,,2026-06-27T09:58:06.736805+00:00
1DUFAntM2nrzmQh7J43PYYnmmkzTa46VBD,00002c4379b1827f,[00002c4379],https://www.walletexplorer.com/wallet/00002c4379b1827f,ok,,2026-06-27T09:58:07.405503+00:00
1Mi6QafXtqLQwwS6ufmqyB68deaTLeiyHh,00002c4379b1827f,[00002c4379],https://www.walletexplorer.com/wallet/00002c4379b1827f,ok,,2026-06-27T09:58:08.159981+00:00
1KZsxZpaor2UeV5mXcs6urTWcKAKTfNqnk,0232cc21a9cc1d4c,[0232cc21a9],https://www.walletexplorer.com/wallet/0232cc21a9cc1d4c,ok,,2026-06-27T09:58:08.847977+00:00
19EyvmoLBmpSHWcDLdCXrH42eeG9prmHdy,0005fc8fba054f33,[0005fc8fba],https://www.walletexplorer.com/wallet/0005fc8fba054f33,ok,,2026-06-27T09:58:09.605825+00:00
1CXFA3RAbEjaMugPXjWqg3LH31RDKfy7g5,0005fc8fba054f33,[0005fc8fba],https://www.walletexplorer.com/wallet/0005fc8fba054f33,ok,,2026-06-27T09:58:10.499220+00:00
12gxtp3vXLHvEg2WCEsHVpkf1nuHyevpZF,0005fc8fba054f33,[0005fc8fba],https://www.walletexplorer.com/wallet/0005fc8fba054f33,ok,,2026-06-27T09:58:11.723322+00:00
1Hiq6gH8JB9SnJs55EyVM9vryiC1QywsWE,0025d633f88ba307,[0025d633f8],https://www.walletexplorer.com/wallet/0025d633f88ba307,ok,,2026-06-27T09:58:12.500011+00:00
1AAJt2fpgTmUNC492Zr2tJ41GL3LgYgh6T,0025d633f88ba307,[0025d633f8],https://www.walletexplorer.com/wallet/0025d633f88ba307,ok,,2026-06-27T09:58:13.293929+00:00
1NyiTDq2Dn3aRuFRf61zx1PnMFCvVYC4e5,0005fc8fba054f33,[0005fc8fba],https://www.walletexplorer.com/wallet/0005fc8fba054f33,ok,,2026-06-27T09:58:14.048251+00:00
1EYEoBN55SoGmMgUayrZWAh1ozZMvTfWPZ,0025d633f88ba307,[0025d633f8],https://www.walletexplorer.com/wallet/0025d633f88ba307,ok,,2026-06-27T09:58:15.644464+00:00
1V61RhNFqm77A9gJx8BKcBFceJDWZesH6,0025d633f88ba307,[0025d633f8],https://www.walletexplorer.com/wallet/0025d633f88ba307,ok,,2026-06-27T09:58:16.588408+00:00
19aUW5FLWfwQ8WFSrefMJPCdvnZChokvtz,0005fc8fba054f33,[0005fc8fba],https://www.walletexplorer.com/wallet/0005fc8fba054f33,ok,,2026-06-27T09:58:17.256547+00:00
1ALJgCzRyq6vEfUmCKRtQcZi8yLoBzGR7c,0025d633f88ba307,[0025d633f8],https://www.walletexplorer.com/wallet/0025d633f88ba307,ok,,2026-06-27T09:58:18.091081+00:00
12i9i1Kf9vu4Z2JUP3JYhKEX95uUeiYmvS,0005fc8fba054f33,[0005fc8fba],https://www.walletexplorer.com/wallet/0005fc8fba054f33,ok,,2026-06-27T09:58:18.874622+00:00
1Fda9MjXGpxHCi8aU2rsVRgn1f5DvvWkLg,0005fc8fba054f33,[0005fc8fba],https://www.walletexplorer.com/wallet/0005fc8fba054f33,ok,,2026-06-27T09:58:19.854082+00:00
1NniGEgxHBeoCv5dKQkNMz8vpftrBVoQuP,0005fc8fba054f33,[0005fc8fba],https://www.walletexplorer.com/wallet/0005fc8fba054f33,ok,,2026-06-27T09:58:20.595409+00:00
1Ef5jdSU7aTfkbiPkoZGhuGFCS3ucFnRfo,0025d633f88ba307,[0025d633f8],https://www.walletexplorer.com/wallet/0025d633f88ba307,ok,,2026-06-27T09:58:21.313765+00:00
1K5q5AwP9s9U9ygxEQFF2FAfdPme6zReoe,0025d633f88ba307,[0025d633f8],https://www.walletexplorer.com/wallet/0025d633f88ba307,ok,,2026-06-27T09:58:21.904212+00:00
1LwkzU8tX1DcgiptdyD38CHzwCXNjUcHQ7,0005fc8fba054f33,[0005fc8fba],https://www.walletexplorer.com/wallet/0005fc8fba054f33,ok,,2026-06-27T09:58:22.755119+00:00
14BfhhPFtBe67KQzQpEy2Mk7dJbXBsbe6g,0025d633f88ba307,[0025d633f8],https://www.walletexplorer.com/wallet/0025d633f88ba307,ok,,2026-06-27T09:58:23.916844+00:00
15BSWYSGPF1wUQrZtpjUwnxikyqKZXXSsg,0025d633f88ba307,[0025d633f8],https://www.walletexplorer.com/wallet/0025d633f88ba307,ok,,2026-06-27T09:58:24.597086+00:00
1MA4S3xu3osinVEWcF2Cq63VkmssmqYXLG,01db91e1b83e6324,[01db91e1b8],https://www.walletexplorer.com/wallet/01db91e1b83e6324,ok,,2026-06-27T09:58:25.263057+00:00
1P3pgSz4Whrn2PKWqv2CYXv6VQAVikuxKU,0025d633f88ba307,[0025d633f8],https://www.walletexplorer.com/wallet/0025d633f88ba307,ok,,2026-06-27T09:58:25.910565+00:00
1FCBYmzZbamujsU5kUhQsMd2CTBh7sEZNU,0005fc8fba054f33,[0005fc8fba],https://www.walletexplorer.com/wallet/0005fc8fba054f33,ok,,2026-06-27T09:58:27.338292+00:00
1ALcYnBypZXsaqsecDoYaFcJfDjsSDwh3d,0005fc8fba054f33,[0005fc8fba],https://www.walletexplorer.com/wallet/0005fc8fba054f33,ok,,2026-06-27T09:58:28.262516+00:00
1APLs1pMfyWW5VmUtzBNKBJBxb1DVR6Zv6,0025d633f88ba307,[0025d633f8],https://www.walletexplorer.com/wallet/0025d633f88ba307,ok,,2026-06-27T09:58:29.158816+00:00
17H3Lhi6KaLcsfkwoeyTw8EDaNc8cS6BpT,0025d633f88ba307,[0025d633f8],https://www.walletexplorer.com/wallet/0025d633f88ba307,ok,,2026-06-27T09:58:29.822755+00:00
1386yhZDJmyrNgPUHhmydsJ2nZBPaquTLe,0025d633f88ba307,[0025d633f8],https://www.walletexplorer.com/wallet/0025d633f88ba307,ok,,2026-06-27T09:58:30.804836+00:00
12n781arZEPZKQUzw6W6r4o33XzCWzs6z3,0025d633f88ba307,[0025d633f8],https://www.walletexplorer.com/wallet/0025d633f88ba307,ok,,2026-06-27T09:58:32.084345+00:00
1Gawq8UEwXbYw7egYa1EA7rtJszmQcjeo9,0025d633f88ba307,[0025d633f8],https://www.walletexplorer.com/wallet/0025d633f88ba307,ok,,2026-06-27T09:58:33.015048+00:00
18cWHULVMgqpHyKqVB1Wz7EJieeq7KoP4g,0025d633f88ba307,[0025d633f8],https://www.walletexplorer.com/wallet/0025d633f88ba307,ok,,2026-06-27T09:58:33.909157+00:00
1NJRpVn9i7ZQtoDvfBgqLXnE59ryDT1M95,0025d633f88ba307,[0025d633f8],https://www.walletexplorer.com/wallet/0025d633f88ba307,ok,,2026-06-27T09:58:34.625710+00:00
19JxZkgSVDpzbKYGCc8rA5xMkqX4n56j7S,0025d633f88ba307,[0025d633f8],https://www.walletexplorer.com/wallet/0025d633f88ba307,ok,,2026-06-27T09:58:35.415739+00:00
1BXy3Bqg3Vn5yw6NGPupV976hf2RuSSLau,0025d633f88ba307,[0025d633f8],https://www.walletexplorer.com/wallet/0025d633f88ba307,ok,,2026-06-27T09:58:36.150580+00:00
1B6WJowHXnztXXPFAjCo9wDo5YnbK27X1R,0025d633f88ba307,[0025d633f8],https://www.walletexplorer.com/wallet/0025d633f88ba307,ok,,2026-06-27T09:58:36.849719+00:00
168qJZMbM2rThuwt5iK8fQ5suwexq25ybo,0025d633f88ba307,[0025d633f8],https://www.walletexplorer.com/wallet/0025d633f88ba307,ok,,2026-06-27T09:58:37.480746+00:00
1DMh4feXFYPVZq61Aa6vrtgKy1cG21zteP,0005fc8fba054f33,[0005fc8fba],https://www.walletexplorer.com/wallet/0005fc8fba054f33,ok,,2026-06-27T09:58:37.994579+00:00
16WRQp1ULEa9ddZdVpgB7nGHBuvuPzfP9v,0025d633f88ba307,[0025d633f8],https://www.walletexplorer.com/wallet/0025d633f88ba307,ok,,2026-06-27T09:58:38.546872+00:00
13yWL8FXiBUytNjK1dukMa8op3nUpAUgRW,0025d633f88ba307,[0025d633f8],https://www.walletexplorer.com/wallet/0025d633f88ba307,ok,,2026-06-27T09:58:39.058827+00:00
1HcWFC6fRVJA4q3dbCAuzG8uobvxbQPX4J,0025d633f88ba307,[0025d633f8],https://www.walletexplorer.com/wallet/0025d633f88ba307,ok,,2026-06-27T09:58:39.920196+00:00
16stgTy4KTc1vbBKrEP37DemZLCtnM4DfK,0005fc8fba054f33,[0005fc8fba],https://www.walletexplorer.com/wallet/0005fc8fba054f33,ok,,2026-06-27T09:58:40.593429+00:00
1HXGcmRvjJGfqNmiuGndJbLWb153zJdQ8v,0025d633f88ba307,[0025d633f8],https://www.walletexplorer.com/wallet/0025d633f88ba307,ok,,2026-06-27T09:58:41.341893+00:00
1GYR7GS1FeBt3tZJZNTpWvEkV8hqP6qNS4,0025d633f88ba307,[0025d633f8],https://www.walletexplorer.com/wallet/0025d633f88ba307,ok,,2026-06-27T09:58:42.028776+00:00
1Hf11Cs9fD9z2v1hsFzMCBMZGpGEzDLWcV,0005fc8fba054f33,[0005fc8fba],https://www.walletexplorer.com/wallet/0005fc8fba054f33,ok,,2026-06-27T09:58:42.518670+00:00
1JwovqZRHr5fiiaiSLAxnG5HzdS4wXjgPz,0025d633f88ba307,[0025d633f8],https://www.walletexplorer.com/wallet/0025d633f88ba307,ok,,2026-06-27T09:58:43.095226+00:00
1Lcsb1zRHJvqm31vE1jvkRMKcXWeW5p1h3,183bdd6c2f110138,[183bdd6c2f],https://www.walletexplorer.com/wallet/183bdd6c2f110138,ok,,2026-06-27T09:58:43.601950+00:00
1Fc2E5qZJB6oss8NiXDgUMbsM9VCyWczFH,0025d633f88ba307,[0025d633f8],https://www.walletexplorer.com/wallet/0025d633f88ba307,ok,,2026-06-27T09:58:44.071977+00:00
1BGqfeK6L8PorbFBn3K5XeDgLLVXMxk5vb,0025d633f88ba307,[0025d633f8],https://www.walletexplorer.com/wallet/0025d633f88ba307,ok,,2026-06-27T09:58:44.610591+00:00
1LcSRgvfv7AeFrf786EZoZ8mtu3ojkRJCv,0025d633f88ba307,[0025d633f8],https://www.walletexplorer.com/wallet/0025d633f88ba307,ok,,2026-06-27T09:58:45.082265+00:00
1GqZ3LV53WcGJ2aU5p6bN254Rcdkm9oqDn,0025d633f88ba307,[0025d633f8],https://www.walletexplorer.com/wallet/0025d633f88ba307,ok,,2026-06-27T09:58:45.652846+00:00
1DAf4rRuqG6FRP6uytTGPsNPpFqp6Zt8D7,0025d633f88ba307,[0025d633f8],https://www.walletexplorer.com/wallet/0025d633f88ba307,ok,,2026-06-27T09:58:46.163247+00:00
16awk6kSUxjFs94svkQhtf9jWoi5JyNYXB,0025d633f88ba307,[0025d633f8],https://www.walletexplorer.com/wallet/0025d633f88ba307,ok,,2026-06-27T09:58:46.904839+00:00
1AQZGMyFgfdb14mUDEqZqo6Gb1GzSUoFTY,0025d633f88ba307,[0025d633f8],https://www.walletexplorer.com/wallet/0025d633f88ba307,ok,,2026-06-27T09:58:47.553792+00:00
16qbkMUW63nqY9XPzBqub4Rchj8Mnz7sCu,0005fc8fba054f33,[0005fc8fba],https://www.walletexplorer.com/wallet/0005fc8fba054f33,ok,,2026-06-27T09:58:48.182638+00:00
1MPK1DZLHurfmKU339MDtngV3TAbKrANTQ,0025d633f88ba307,[0025d633f8],https://www.walletexplorer.com/wallet/0025d633f88ba307,ok,,2026-06-27T09:58:48.754301+00:00
1BRAEH6YpjHatqNveZNcgxt5XyRN7jH8x5,0025d633f88ba307,[0025d633f8],https://www.walletexplorer.com/wallet/0025d633f88ba307,ok,,2026-06-27T09:58:49.271473+00:00
1LUrRbm6vgeQgcJe5hD65tXAvwKtUiacpu,0025d633f88ba307,[0025d633f8],https://www.walletexplorer.com/wallet/0025d633f88ba307,ok,,2026-06-27T09:58:49.920540+00:00
1A99NQeN483i7maLMh2wwgCCZe5sFsnbev,0025d633f88ba307,[0025d633f8],https://www.walletexplorer.com/wallet/0025d633f88ba307,ok,,2026-06-27T09:58:50.497274+00:00
13jW9VM1ej1VievN9Gwmt45mKc7dNRLSiS,0025d633f88ba307,[0025d633f8],https://www.walletexplorer.com/wallet/0025d633f88ba307,ok,,2026-06-27T09:58:51.111352+00:00
17weo2yRbphnpT8dQsUwMayfrSoYTYEGxV,0025d633f88ba307,[0025d633f8],https://www.walletexplorer.com/wallet/0025d633f88ba307,ok,,2026-06-27T09:58:51.812605+00:00
1MgKVfWjCgnCWQzZucZvfFHYySJa6X3Eg3,0025d633f88ba307,[0025d633f8],https://www.walletexplorer.com/wallet/0025d633f88ba307,ok,,2026-06-27T09:58:52.563518+00:00
1AhG1JQmTPjYgt26iwQ85s7jzxSJzFhSEZ,0025d633f88ba307,[0025d633f8],https://www.walletexplorer.com/wallet/0025d633f88ba307,ok,,2026-06-27T09:58:53.388086+00:00
1MHX9ozgiiAjQEPdQk9kbDc3KRcJkhNZCk,0025d633f88ba307,[0025d633f8],https://www.walletexplorer.com/wallet/0025d633f88ba307,ok,,2026-06-27T09:58:53.865271+00:00
1GVTNQBmF87CCPkdpNLaFhXgFoGHcU1Bh3,0005fc8fba054f33,[0005fc8fba],https://www.walletexplorer.com/wallet/0005fc8fba054f33,ok,,2026-06-27T09:58:54.453112+00:00
1NBcusifY22Hj4NxznHUw5KAt8B8Ur9fyU,0025d633f88ba307,[0025d633f8],https://www.walletexplorer.com/wallet/0025d633f88ba307,ok,,2026-06-27T09:58:54.908535+00:00
1BLEpen7vJK9T5xC19LvURF4KkiHKYQ9x7,0025d633f88ba307,[0025d633f8],https://www.walletexplorer.com/wallet/0025d633f88ba307,ok,,2026-06-27T09:58:55.456038+00:00
1936L1vbbA7dBvLoPG5qoYSjAc8ri8kLuH,0025d633f88ba307,[0025d633f8],https://www.walletexplorer.com/wallet/0025d633f88ba307,ok,,2026-06-27T09:58:56.149065+00:00
1LBNdCtZJ6R3LboDKGS9XGoftFd9LyNevf,0005fc8fba054f33,[0005fc8fba],https://www.walletexplorer.com/wallet/0005fc8fba054f33,ok,,2026-06-27T09:58:56.686660+00:00
1jVb75TCWjFfenn98bTYqFNdMEU96QRfx,0025d633f88ba307,[0025d633f8],https://www.walletexplorer.com/wallet/0025d633f88ba307,ok,,2026-06-27T09:58:57.273990+00:00
18R4TEndnhPdyYKeocQUnYJ3eeNMES8N9K,0025d633f88ba307,[0025d633f8],https://www.walletexplorer.com/wallet/0025d633f88ba307,ok,,2026-06-27T09:58:57.966423+00:00
13JquLtCKixUMSsRu6uALKUyo5ScAmsx1M,0005fc8fba054f33,[0005fc8fba],https://www.walletexplorer.com/wallet/0005fc8fba054f33,ok,,2026-06-27T09:58:59.618297+00:00
15n9vqKusWZrXgNro8wD1P4LhDHXnwyJLk,0025d633f88ba307,[0025d633f8],https://www.walletexplorer.com/wallet/0025d633f88ba307,ok,,2026-06-27T09:59:00.165476+00:00
192N1TzodpRf5mfPDXaquCFaWigVUieCMG,0025d633f88ba307,[0025d633f8],https://www.walletexplorer.com/wallet/0025d633f88ba307,ok,,2026-06-27T09:59:00.794367+00:00
1D1FPzjaRUhGEgt81fjnQRGtTat1LUkVqX,0025d633f88ba307,[0025d633f8],https://www.walletexplorer.com/wallet/0025d633f88ba307,ok,,2026-06-27T09:59:01.320238+00:00
1CBCNSYTbefCW2mLT5zpvSoR6WUbXGPx7h,0025d633f88ba307,[0025d633f8],https://www.walletexplorer.com/wallet/0025d633f88ba307,ok,,2026-06-27T09:59:01.820584+00:00
1GMAdmXf2yE648q9mu3mmvkQKypoaso4Ah,0025d633f88ba307,[0025d633f8],https://www.walletexplorer.com/wallet/0025d633f88ba307,ok,,2026-06-27T09:59:02.304429+00:00
18fN6PDrDAHYQ6x7VFL6rZzEeeFi6XGfBe,0025d633f88ba307,[0025d633f8],https://www.walletexplorer.com/wallet/0025d633f88ba307,ok,,2026-06-27T09:59:04.217792+00:00
13QLZvGsMFc9kSCjF6raN9Wav7VKyCm9wA,0025d633f88ba307,[0025d633f8],https://www.walletexplorer.com/wallet/0025d633f88ba307,ok,,2026-06-27T09:59:04.882478+00:00
18LTDmhn3p4XerntRE1uAt4mrfCkAgABT7,0025d633f88ba307,[0025d633f8],https://www.walletexplorer.com/wallet/0025d633f88ba307,ok,,2026-06-27T09:59:05.491263+00:00
14ngWZ1jrqNMWpmJZpWmbqCZKPY3F1riwF,0025d633f88ba307,[0025d633f8],https://www.walletexplorer.com/wallet/0025d633f88ba307,ok,,2026-06-27T09:59:05.957639+00:00
1JkLZnkv3Vz9mbhQHZJmfkNBgDQx5aunH8,0025d633f88ba307,[0025d633f8],https://www.walletexplorer.com/wallet/0025d633f88ba307,ok,,2026-06-27T09:59:06.473386+00:00
1F8qjkET8FevpkSBXyjxM33WuS8it3Y2zY,0025d633f88ba307,[0025d633f8],https://www.walletexplorer.com/wallet/0025d633f88ba307,ok,,2026-06-27T09:59:07.027627+00:00
1L3bsdT2bVnTS9GDwhCTbBstxC69kaeuoB,0025d633f88ba307,[0025d633f8],https://www.walletexplorer.com/wallet/0025d633f88ba307,ok,,2026-06-27T09:59:07.605471+00:00
18Svbohqo1LYubPcjxvNhkGQ8AT7uodfcT,0025d633f88ba307,[0025d633f8],https://www.walletexplorer.com/wallet/0025d633f88ba307,ok,,2026-06-27T09:59:08.067291+00:00
1Fd3p12nxUCgdV5uBUktUwPXhQ4g73JvWQ,0025d633f88ba307,[0025d633f8],https://www.walletexplorer.com/wallet/0025d633f88ba307,ok,,2026-06-27T09:59:08.625082+00:00
181LbJfbMNfnM2TrwFp58yM5t4KNzA7Zno,0025d633f88ba307,[0025d633f8],https://www.walletexplorer.com/wallet/0025d633f88ba307,ok,,2026-06-27T09:59:09.130165+00:00
1AzTBm8yL4WRB985TsB8fxxXNZKSfSbrTd,0025d633f88ba307,[0025d633f8],https://www.walletexplorer.com/wallet/0025d633f88ba307,ok,,2026-06-27T09:59:09.683033+00:00
1BbypzKyneizH9wmVr9Z4MCDXEt9pETVf3,0025d633f88ba307,[0025d633f8],https://www.walletexplorer.com/wallet/0025d633f88ba307,ok,,2026-06-27T09:59:10.206066+00:00
18otPzT4LjGXBThULBUsFEFxqr8hoxZqUp,0005fc8fba054f33,[0005fc8fba],https://www.walletexplorer.com/wallet/0005fc8fba054f33,ok,,2026-06-27T09:59:10.887115+00:00
1QKU7iJu2EuuYCcJHGehqrHLhP2iAHTvBF,0025d633f88ba307,[0025d633f8],https://www.walletexplorer.com/wallet/0025d633f88ba307,ok,,2026-06-27T09:59:11.917575+00:00
1F6whtxQ4wYdBL5uBGjGYRSfNffVDv88so,0025d633f88ba307,[0025d633f8],https://www.walletexplorer.com/wallet/0025d633f88ba307,ok,,2026-06-27T09:59:12.648459+00:00
1K5arsC2wMMmKq95kJnKgphR1TJLiXcebw,0005fc8fba054f33,[0005fc8fba],https://www.walletexplorer.com/wallet/0005fc8fba054f33,ok,,2026-06-27T09:59:13.157380+00:00
17cTcxiKYuxWABp6WipkGpK51nueFAtxha,0025d633f88ba307,[0025d633f8],https://www.walletexplorer.com/wallet/0025d633f88ba307,ok,,2026-06-27T09:59:13.620698+00:00
15DVSpjzcDW3sJdnd8HrzSspkw7SvQ5RNo,0025d633f88ba307,[0025d633f8],https://www.walletexplorer.com/wallet/0025d633f88ba307,ok,,2026-06-27T09:59:14.071587+00:00
1Mwp3Ta1AEymnbSJEPM1xbZP4RWN5u3zQw,0025d633f88ba307,[0025d633f8],https://www.walletexplorer.com/wallet/0025d633f88ba307,ok,,2026-06-27T09:59:14.579053+00:00
193tbiaLfN5YxnRpJFBwybqFrtYBBbAQyK,0025d633f88ba307,[0025d633f8],https://www.walletexplorer.com/wallet/0025d633f88ba307,ok,,2026-06-27T09:59:15.940157+00:00
1PJamHBzyPXExJv35CgfREJghTLarvPaed,0005fc8fba054f33,[0005fc8fba],https://www.walletexplorer.com/wallet/0005fc8fba054f33,ok,,2026-06-27T09:59:16.702893+00:00
1KQuzyQk3MeXamyUhxBNBraGLkaZ3f66vK,0025d633f88ba307,[0025d633f8],https://www.walletexplorer.com/wallet/0025d633f88ba307,ok,,2026-06-27T09:59:17.233768+00:00
1K7SqJQvH173nta2vHeSd4rxqfkABKihhU,0025d633f88ba307,[0025d633f8],https://www.walletexplorer.com/wallet/0025d633f88ba307,ok,,2026-06-27T09:59:17.878144+00:00
18BGBfrsNREcjGaYvvZE64yBmNyzz6zSpk,0005fc8fba054f33,[0005fc8fba],https://www.walletexplorer.com/wallet/0005fc8fba054f33,ok,,2026-06-27T09:59:18.653589+00:00
1AY6BziWG2AwNHHe9kAhgTG3kHjGtKwLBv,0025d633f88ba307,[0025d633f8],https://www.walletexplorer.com/wallet/0025d633f88ba307,ok,,2026-06-27T09:59:19.718269+00:00
1NuXaBD8DogqhmQzMJe6B7ADWLXC1ukx7m,0025d633f88ba307,[0025d633f8],https://www.walletexplorer.com/wallet/0025d633f88ba307,ok,,2026-06-27T09:59:20.371386+00:00
13CiDywx5JtPHr9PSRJxYEj7XRKZaNusvn,0005fc8fba054f33,[0005fc8fba],https://www.walletexplorer.com/wallet/0005fc8fba054f33,ok,,2026-06-27T09:59:20.918507+00:00
1CcFcjEec6WCtTyK519r7YduRGSb1jthpf,0025d633f88ba307,[0025d633f8],https://www.walletexplorer.com/wallet/0025d633f88ba307,ok,,2026-06-27T09:59:21.540635+00:00
1Ae5pxmA5KrXmLC1hXve1SzEWEbkUxKiJC,0025d633f88ba307,[0025d633f8],https://www.walletexplorer.com/wallet/0025d633f88ba307,ok,,2026-06-27T09:59:22.139266+00:00
1uWMjn5RfyeUf6YnXDds8XXfuSuRT6CjU,0005fc8fba054f33,[0005fc8fba],https://www.walletexplorer.com/wallet/0005fc8fba054f33,ok,,2026-06-27T09:59:22.762885+00:00
16tN8QSjUbNi6z9QG87QCJJy5RKmBWcC4b,0005fc8fba054f33,[0005fc8fba],https://www.walletexplorer.com/wallet/0005fc8fba054f33,ok,,2026-06-27T09:59:23.543800+00:00
1JrhXz7GtdESLFPVdxTGZ7LJRC64hcy3zp,0025d633f88ba307,[0025d633f8],https://www.walletexplorer.com/wallet/0025d633f88ba307,ok,,2026-06-27T09:59:24.200056+00:00
1DsNauGRd2LE44zyzL9gjL5RowvFpjJSg5,0025d633f88ba307,[0025d633f8],https://www.walletexplorer.com/wallet/0025d633f88ba307,ok,,2026-06-27T09:59:24.791006+00:00
1HGJeiGJoKhjozVsSmkt5BDRBWBigaLaQt,0025d633f88ba307,[0025d633f8],https://www.walletexplorer.com/wallet/0025d633f88ba307,ok,,2026-06-27T09:59:25.620301+00:00
1FjvG7MQm6Xsu5yv2KeSanhf5BxY4m5BCa,0025d633f88ba307,[0025d633f8],https://www.walletexplorer.com/wallet/0025d633f88ba307,ok,,2026-06-27T09:59:26.080035+00:00
19KaHajiArotrLdfrMryi3eKRXXZjaTRKo,0005fc8fba054f33,[0005fc8fba],https://www.walletexplorer.com/wallet/0005fc8fba054f33,ok,,2026-06-27T09:59:26.684855+00:00
17ERE4iXPzWVTb7wW9Dmt9M3L4Q5mjZUSW,0025d633f88ba307,[0025d633f8],https://www.walletexplorer.com/wallet/0025d633f88ba307,ok,,2026-06-27T09:59:27.297144+00:00
1Nay4SzH4WdgjLdV9T8Ei1i4or6zuCtxnX,0025d633f88ba307,[0025d633f8],https://www.walletexplorer.com/wallet/0025d633f88ba307,ok,,2026-06-27T09:59:27.875268+00:00
1NwKFM4F3nY7C6SrTXfsVf74PzmoVfr7po,0025d633f88ba307,[0025d633f8],https://www.walletexplorer.com/wallet/0025d633f88ba307,ok,,2026-06-27T09:59:28.616735+00:00
14pdavdA7uVcCgNJNkK1gG4uqoBxKsCJN7,0025d633f88ba307,[0025d633f8],https://www.walletexplorer.com/wallet/0025d633f88ba307,ok,,2026-06-27T09:59:29.134535+00:00
1BbBXu4kHSFwQ64WLBA83YpC2g1dKHeS7H,0025d633f88ba307,[0025d633f8],https://www.walletexplorer.com/wallet/0025d633f88ba307,ok,,2026-06-27T09:59:29.768685+00:00
1HUzRYmuWCaej11Prnps14gKa51ZVR2U7A,0025d633f88ba307,[0025d633f8],https://www.walletexplorer.com/wallet/0025d633f88ba307,ok,,2026-06-27T09:59:30.456135+00:00
15mByX8mr8jT4g8wRJuDnCd6GBd7XE6uHJ,0025d633f88ba307,[0025d633f8],https://www.walletexplorer.com/wallet/0025d633f88ba307,ok,,2026-06-27T09:59:31.007217+00:00
1KZxPxxom5zqreUVn1BVUafsw7u6RL5m2s,0005fc8fba054f33,[0005fc8fba],https://www.walletexplorer.com/wallet/0005fc8fba054f33,ok,,2026-06-27T09:59:31.623117+00:00
1P77P4prg7dWeuhC9D62qesL31xBFHr2cQ,0025d633f88ba307,[0025d633f8],https://www.walletexplorer.com/wallet/0025d633f88ba307,ok,,2026-06-27T09:59:32.125401+00:00
18oKdyCpFSMovNMie46PsMv62JNv2kEKDw,0005fc8fba054f33,[0005fc8fba],https://www.walletexplorer.com/wallet/0005fc8fba054f33,ok,,2026-06-27T09:59:32.621247+00:00
147brFiqMDPMcsWq5gAE6ZSGGbKGYAhKvn,0005fc8fba054f33,[0005fc8fba],https://www.walletexplorer.com/wallet/0005fc8fba054f33,ok,,2026-06-27T09:59:33.141045+00:00
13NKBqgqowQQaNs9EkejiCDcF6hYiHUWnK,0005fc8fba054f33,[0005fc8fba],https://www.walletexplorer.com/wallet/0005fc8fba054f33,ok,,2026-06-27T09:59:33.836300+00:00
15fTWimkR5j9ucK43DWEZUgr8eH9RPUgaG,0005fc8fba054f33,[0005fc8fba],https://www.walletexplorer.com/wallet/0005fc8fba054f33,ok,,2026-06-27T09:59:34.318669+00:00
18b71G4QF6s2ucyt2giJ9ZpNTQc5PCqyLh,0025d633f88ba307,[0025d633f8],https://www.walletexplorer.com/wallet/0025d633f88ba307,ok,,2026-06-27T09:59:34.795095+00:00
1EUjMhtqcpuVEpNHBEK3eCdeJQd4C7RcvM,0025d633f88ba307,[0025d633f8],https://www.walletexplorer.com/wallet/0025d633f88ba307,ok,,2026-06-27T09:59:35.309332+00:00
181oNK8djUxVebHDEXaYNb1eUbTqGCtzWT,0025d633f88ba307,[0025d633f8],https://www.walletexplorer.com/wallet/0025d633f88ba307,ok,,2026-06-27T09:59:35.828517+00:00
1LCUVRBNoggVYbJnaKN2WEZSYBBtP3QBmo,0025d633f88ba307,[0025d633f8],https://www.walletexplorer.com/wallet/0025d633f88ba307,ok,,2026-06-27T09:59:36.315878+00:00
1Gg9GmkxerMewwzhz1b2WkcruspMRdygvn,0025d633f88ba307,[0025d633f8],https://www.walletexplorer.com/wallet/0025d633f88ba307,ok,,2026-06-27T09:59:36.809699+00:00
1DPiodhH4zjJzGGL1wfuSGRfttbzWB2utZ,183bdd6c2f110138,[183bdd6c2f],https://www.walletexplorer.com/wallet/183bdd6c2f110138,ok,,2026-06-27T09:59:37.285263+00:00
1Q1Vq58XuNqga4EDJni68RLZJRjjdE9aAz,0025d633f88ba307,[0025d633f8],https://www.walletexplorer.com/wallet/0025d633f88ba307,ok,,2026-06-27T09:59:37.772870+00:00
1ExuiEjpd21AJqnkZ1B4BP413Kr3uYupeC,0025d633f88ba307,[0025d633f8],https://www.walletexplorer.com/wallet/0025d633f88ba307,ok,,2026-06-27T09:59:38.265255+00:00
1NhqvatPAU3w5MVL5EQzBEuNqZJKNUPscc,0025d633f88ba307,[0025d633f8],https://www.walletexplorer.com/wallet/0025d633f88ba307,ok,,2026-06-27T09:59:38.746351+00:00
12tqAipLHn3WvNXLPFADY5WPESy47ijnPv,0025d633f88ba307,[0025d633f8],https://www.walletexplorer.com/wallet/0025d633f88ba307,ok,,2026-06-27T09:59:39.231488+00:00
1CQkpGZNnT8x2L7ETf9rCeyuAJgfu6Z2fL,0005fc8fba054f33,[0005fc8fba],https://www.walletexplorer.com/wallet/0005fc8fba054f33,ok,,2026-06-27T09:59:39.915463+00:00
1NXezRp7261RSk3gaddRpm6Pj9nqwCdcV2,0025d633f88ba307,[0025d633f8],https://www.walletexplorer.com/wallet/0025d633f88ba307,ok,,2026-06-27T09:59:40.564912+00:00
1JcJAcdFRCcuf4WBMXCbTdVvoTDipUy1i6,0025d633f88ba307,[0025d633f8],https://www.walletexplorer.com/wallet/0025d633f88ba307,ok,,2026-06-27T09:59:41.063433+00:00
1JutkqhM25E4P5mmUkDNvFbSrjt7QdDnYb,0025d633f88ba307,[0025d633f8],https://www.walletexplorer.com/wallet/0025d633f88ba307,ok,,2026-06-27T09:59:41.570628+00:00
1LiY5q2Lxhz9Z6BmiYi4vR7LbqR8L8B3UL,0025d633f88ba307,[0025d633f8],https://www.walletexplorer.com/wallet/0025d633f88ba307,ok,,2026-06-27T09:59:42.065257+00:00
1NYfzLAiF2rSGsFLsSXq8c9QyAb17fmJdd,0025d633f88ba307,[0025d633f8],https://www.walletexplorer.com/wallet/0025d633f88ba307,ok,,2026-06-27T09:59:42.567821+00:00
18DSqnXdjXJd8Ed9RLtZnfmzTt3LEgacwv,0025d633f88ba307,[0025d633f8],https://www.walletexplorer.com/wallet/0025d633f88ba307,ok,,2026-06-27T09:59:43.014202+00:00
12WimNtzZY1fVJTiawRpVLyfXc5imxpVZv,0025d633f88ba307,[0025d633f8],https://www.walletexplorer.com/wallet/0025d633f88ba307,ok,,2026-06-27T09:59:43.482032+00:00
14MfMwyVeua77B5oukbHjezRGnYLtg7zm1,0025d633f88ba307,[0025d633f8],https://www.walletexplorer.com/wallet/0025d633f88ba307,ok,,2026-06-27T09:59:44.104274+00:00
12Aezv6EiUhTfgobhDERS7wHhA5pdNF9jW,0005fc8fba054f33,[0005fc8fba],https://www.walletexplorer.com/wallet/0005fc8fba054f33,ok,,2026-06-27T09:59:44.587001+00:00
14QhcNmxGd1SL6GCr1CwbKW989WXPsLdWf,0025d633f88ba307,[0025d633f8],https://www.walletexplorer.com/wallet/0025d633f88ba307,ok,,2026-06-27T09:59:45.251092+00:00
1DfvCJg6KUpNZ98KgnSoa8N2UtPzvZ5ndm,0025d633f88ba307,[0025d633f8],https://www.walletexplorer.com/wallet/0025d633f88ba307,ok,,2026-06-27T09:59:46.005069+00:00
14WxdSBCKVpZhTSJvidFvSWaYUDZnf2fiP,0005fc8fba054f33,[0005fc8fba],https://www.walletexplorer.com/wallet/0005fc8fba054f33,ok,,2026-06-27T09:59:46.672204+00:00
19swuAu41J1Uxjj2AT1gRoYVm68J9dFT8,0025d633f88ba307,[0025d633f8],https://www.walletexplorer.com/wallet/0025d633f88ba307,ok,,2026-06-27T09:59:47.405841+00:00
18Nuu4m3yBXeiYqN6jXiqjqmxXMBfB7jjt,0025d633f88ba307,[0025d633f8],https://www.walletexplorer.com/wallet/0025d633f88ba307,ok,,2026-06-27T09:59:47.975493+00:00
1CMXPdaK4KBGwLQincg3jrexVj3MVR52sE,0025d633f88ba307,[0025d633f8],https://www.walletexplorer.com/wallet/0025d633f88ba307,ok,,2026-06-27T09:59:48.501365+00:00
1Nz2uLmpziEaHcshNdUULGbMVCaLcay2ve,0025d633f88ba307,[0025d633f8],https://www.walletexplorer.com/wallet/0025d633f88ba307,ok,,2026-06-27T09:59:49.076049+00:00
133einyYFHCMSwZmpQy8hS2MjggRFKXDat,0025d633f88ba307,[0025d633f8],https://www.walletexplorer.com/wallet/0025d633f88ba307,ok,,2026-06-27T09:59:49.606850+00:00
1AfkMaBcS6C3LuxSWtFy5oy6onTCQBuUvf,0025d633f88ba307,[0025d633f8],https://www.walletexplorer.com/wallet/0025d633f88ba307,ok,,2026-06-27T09:59:50.063135+00:00
1okyz64GjZ71s34csrnd4VeJ7eFgvCA4H,0025d633f88ba307,[0025d633f8],https://www.walletexplorer.com/wallet/0025d633f88ba307,ok,,2026-06-27T09:59:50.582165+00:00
1GobH5Ccmbon1o3SESjipoaqyiJHUMwJ93,183bdd6c2f110138,[183bdd6c2f],https://www.walletexplorer.com/wallet/183bdd6c2f110138,ok,,2026-06-27T09:59:51.163351+00:00
19RRaVXt37df954PAWf9XzYKWtyTPYhaoB,0025d633f88ba307,[0025d633f8],https://www.walletexplorer.com/wallet/0025d633f88ba307,ok,,2026-06-27T09:59:51.692254+00:00
15QmwC6WyXhpRBRS94EJziL988hqkHuxmy,0025d633f88ba307,[0025d633f8],https://www.walletexplorer.com/wallet/0025d633f88ba307,ok,,2026-06-27T09:59:52.195774+00:00
1AR5TuM5AEkV3DK4wAHBstm664zQh9TYwj,0025d633f88ba307,[0025d633f8],https://www.walletexplorer.com/wallet/0025d633f88ba307,ok,,2026-06-27T09:59:52.721200+00:00
14ZT1ieeezpprcv86x2P1A9DNwBdTpGVUv,0025d633f88ba307,[0025d633f8],https://www.walletexplorer.com/wallet/0025d633f88ba307,ok,,2026-06-27T09:59:53.249328+00:00
1Fy7hsiHb51gp7B86AvYFphSQGcp7igaUn,0025d633f88ba307,[0025d633f8],https://www.walletexplorer.com/wallet/0025d633f88ba307,ok,,2026-06-27T09:59:53.828285+00:00
19M3uxn4egm4AghKSkmhbA1X3SUkHcb63r,0005fc8fba054f33,[0005fc8fba],https://www.walletexplorer.com/wallet/0005fc8fba054f33,ok,,2026-06-27T09:59:54.350876+00:00
1A9cd3UUHFzBBHBtiwmwHULSjPEsSdZAZB,0025d633f88ba307,[0025d633f8],https://www.walletexplorer.com/wallet/0025d633f88ba307,ok,,2026-06-27T09:59:54.863406+00:00
1HUbFARfTcEsxU45MzasyD8i7o8GWYjf9w,0005fc8fba054f33,[0005fc8fba],https://www.walletexplorer.com/wallet/0005fc8fba054f33,ok,,2026-06-27T09:59:55.355460+00:00
19e16pZ5vM2hTHjTg9mWG7Z86cGihckJm1,0025d633f88ba307,[0025d633f8],https://www.walletexplorer.com/wallet/0025d633f88ba307,ok,,2026-06-27T09:59:55.861902+00:00
1K8ryaBSF7inQZDYUSJAKBmqpm9V48r3gd,0025d633f88ba307,[0025d633f8],https://www.walletexplorer.com/wallet/0025d633f88ba307,ok,,2026-06-27T09:59:56.351132+00:00
14EJhsfsNK92oY9XcbTL5oQLgAQutTC5mf,0025d633f88ba307,[0025d633f8],https://www.walletexplorer.com/wallet/0025d633f88ba307,ok,,2026-06-27T09:59:56.862466+00:00
1FRRYrRx8yNUY7eDH1t8T9ex5W4tS5RkMP,0005fc8fba054f33,[0005fc8fba],https://www.walletexplorer.com/wallet/0005fc8fba054f33,ok,,2026-06-27T09:59:57.382177+00:00
1CzcUCiLGUzueg6goo38yogTsctFhiwiKj,0025d633f88ba307,[0025d633f8],https://www.walletexplorer.com/wallet/0025d633f88ba307,ok,,2026-06-27T09:59:57.948693+00:00
1C7TPbDU1PX9Nq6eCQWQVSJJ9JtCfc3KMF,0025d633f88ba307,[0025d633f8],https://www.walletexplorer.com/wallet/0025d633f88ba307,ok,,2026-06-27T09:59:58.665703+00:00
1FN1TN3XbT7zeosCtY5mphBuR5JQtMqESi,0005fc8fba054f33,[0005fc8fba],https://www.walletexplorer.com/wallet/0005fc8fba054f33,ok,,2026-06-27T09:59:59.156604+00:00
13RvAcjmPLUwdQ5L5mUxQGU1xaQ1iZ4NcP,0025d633f88ba307,[0025d633f8],https://www.walletexplorer.com/wallet/0025d633f88ba307,ok,,2026-06-27T09:59:59.663019+00:00
17tqsbfggYj1unLqDyE85YKbhWCadbQv7E,0025d633f88ba307,[0025d633f8],https://www.walletexplorer.com/wallet/0025d633f88ba307,ok,,2026-06-27T10:00:00.141816+00:00
1Awsywd9TcTLDfxiJuVbD1RKhg9UdBrZwv,0005fc8fba054f33,[0005fc8fba],https://www.walletexplorer.com/wallet/0005fc8fba054f33,ok,,2026-06-27T10:00:00.719074+00:00
1GwvsFFSLt38pL9Hb5v5uk4kkUQyZa6ceR,0025d633f88ba307,[0025d633f8],https://www.walletexplorer.com/wallet/0025d633f88ba307,ok,,2026-06-27T10:00:01.214200+00:00
1KvgoX1Ronc2zgg7XoCQXL1FrR2qyBeATd,0025d633f88ba307,[0025d633f8],https://www.walletexplorer.com/wallet/0025d633f88ba307,ok,,2026-06-27T10:00:01.773137+00:00
1DitQ2U32QGnzhMBNecyySbXxLC1t4AFbf,0025d633f88ba307,[0025d633f8],https://www.walletexplorer.com/wallet/0025d633f88ba307,ok,,2026-06-27T10:00:02.447944+00:00
1MQ1VFV8WNxF13NFbEaYVV4BocHWZ2Nzdx,0025d633f88ba307,[0025d633f8],https://www.walletexplorer.com/wallet/0025d633f88ba307,ok,,2026-06-27T10:00:03.051036+00:00
1Ltm1P8wRNZjXXgaQ7YbQAx574dFV99ThX,0025d633f88ba307,[0025d633f8],https://www.walletexplorer.com/wallet/0025d633f88ba307,ok,,2026-06-27T10:00:03.585042+00:00
19mdATLemgWmcU3VxofHidWLgoagpnFyD7,0025d633f88ba307,[0025d633f8],https://www.walletexplorer.com/wallet/0025d633f88ba307,ok,,2026-06-27T10:00:04.104493+00:00
1EeGkMkzQRE9awL8fNXh24QFs7qN2bRXoS,0025d633f88ba307,[0025d633f8],https://www.walletexplorer.com/wallet/0025d633f88ba307,ok,,2026-06-27T10:00:04.604863+00:00
1NJkJeWgVzySC2FBZhfBhtzB6UJyJvn4u6,0025d633f88ba307,[0025d633f8],https://www.walletexplorer.com/wallet/0025d633f88ba307,ok,,2026-06-27T10:00:05.224324+00:00
12cpp3xJmAETuRJdWFR1JRE8haxfyDkv3Q,0025d633f88ba307,[0025d633f8],https://www.walletexplorer.com/wallet/0025d633f88ba307,ok,,2026-06-27T10:00:05.767291+00:00
1PzRwWGUjMgHLZ5AqHUCFvCDpiWXtwiUHN,0025d633f88ba307,[0025d633f8],https://www.walletexplorer.com/wallet/0025d633f88ba307,ok,,2026-06-27T10:00:06.371512+00:00
1JKGkHzCKYUZrRvRhLWQt55DTRrk12B2j2,0025d633f88ba307,[0025d633f8],https://www.walletexplorer.com/wallet/0025d633f88ba307,ok,,2026-06-27T10:00:07.077616+00:00
1GdKcRRL6y5j9JoqXuCPGFuHCDNie2gsQc,0025d633f88ba307,[0025d633f8],https://www.walletexplorer.com/wallet/0025d633f88ba307,ok,,2026-06-27T10:00:07.686484+00:00
19fRTDF1riTE1RMhW7fg6Y5oLWfNKwTcFX,0025d633f88ba307,[0025d633f8],https://www.walletexplorer.com/wallet/0025d633f88ba307,ok,,2026-06-27T10:00:08.234807+00:00
1Eu3NpkvVhrg4R5cRZm28z8oyZfMfnVRgW,0025d633f88ba307,[0025d633f8],https://www.walletexplorer.com/wallet/0025d633f88ba307,ok,,2026-06-27T10:00:08.726975+00:00
1Bsg7kRT2Fr2WupTiSCV3zRXcjqXDcgDxb,0025d633f88ba307,[0025d633f8],https://www.walletexplorer.com/wallet/0025d633f88ba307,ok,,2026-06-27T10:00:09.298695+00:00
1ieKWJBEMqg5rNMsNYL73XQjW5xZDMr94,0025d633f88ba307,[0025d633f8],https://www.walletexplorer.com/wallet/0025d633f88ba307,ok,,2026-06-27T10:00:09.810813+00:00
1EJyH8kt4gGQfsZPTwcF51BEE3YrvNGQjT,0025d633f88ba307,[0025d633f8],https://www.walletexplorer.com/wallet/0025d633f88ba307,ok,,2026-06-27T10:00:10.325879+00:00
199KRyzdnoHeMzQHh8K9iUMH3rx7m4uNdr,0025d633f88ba307,[0025d633f8],https://www.walletexplorer.com/wallet/0025d633f88ba307,ok,,2026-06-27T10:00:10.829697+00:00
17SeSqev5mub5FoFZYGUvh8dsjJ88JP6Gz,0025d633f88ba307,[0025d633f8],https://www.walletexplorer.com/wallet/0025d633f88ba307,ok,,2026-06-27T10:00:11.370425+00:00
1MVrv4zdTHJC4gx6Q8J91pSeB7VyxbbDqw,0005fc8fba054f33,[0005fc8fba],https://www.walletexplorer.com/wallet/0005fc8fba054f33,ok,,2026-06-27T10:00:12.010410+00:00
1PKwNH8v17aGjLcD9ovUTM8Vvx8RXnDGFJ,0025d633f88ba307,[0025d633f8],https://www.walletexplorer.com/wallet/0025d633f88ba307,ok,,2026-06-27T10:00:12.663545+00:00
18HNa9cP3riybnJPn5eZGmyZNo9x5QS4hu,0025d633f88ba307,[0025d633f8],https://www.walletexplorer.com/wallet/0025d633f88ba307,ok,,2026-06-27T10:00:13.145188+00:00
1K7fKrZSZuSsj7weFGNhU5ygk9fQUAsWzT,0025d633f88ba307,[0025d633f8],https://www.walletexplorer.com/wallet/0025d633f88ba307,ok,,2026-06-27T10:00:13.634108+00:00
15Y79gcYdrUzbWQW9hmWbCqYsDzr68qAJV,0005fc8fba054f33,[0005fc8fba],https://www.walletexplorer.com/wallet/0005fc8fba054f33,ok,,2026-06-27T10:00:14.083750+00:00
1Er7UjXjxCs72F3SBM7QTvfevN1TWqW5GR,0025d633f88ba307,[0025d633f8],https://www.walletexplorer.com/wallet/0025d633f88ba307,ok,,2026-06-27T10:00:14.598294+00:00
1LHggY87jqALScaxhrgFqRqZi8Ahe2dAkh,0025d633f88ba307,[0025d633f8],https://www.walletexplorer.com/wallet/0025d633f88ba307,ok,,2026-06-27T10:00:15.125297+00:00
1ADdwvnAm9EEfs3d2mKCfrCZYVdrPnj21M,0025d633f88ba307,[0025d633f8],https://www.walletexplorer.com/wallet/0025d633f88ba307,ok,,2026-06-27T10:00:15.612446+00:00
12wRpQrX6i4spihrRgureSo3cWvPS5Ge6T,0025d633f88ba307,[0025d633f8],https://www.walletexplorer.com/wallet/0025d633f88ba307,ok,,2026-06-27T10:00:16.126646+00:00
1Q4NzFECaN527N5LRX6c1gtHPcmt8Wnohc,0025d633f88ba307,[0025d633f8],https://www.walletexplorer.com/wallet/0025d633f88ba307,ok,,2026-06-27T10:00:16.659691+00:00
1Jk944pA94R19EppYPSM68YWC6FFHCiPkN,0025d633f88ba307,[0025d633f8],https://www.walletexplorer.com/wallet/0025d633f88ba307,ok,,2026-06-27T10:00:17.215253+00:00
1BP7Q9TaCkkgyojwqx7TUbfPzDYRCNz4pv,0005fc8fba054f33,[0005fc8fba],https://www.walletexplorer.com/wallet/0005fc8fba054f33,ok,,2026-06-27T10:00:17.855376+00:00
15Ebe5QLZpkuV6jsN9ZUvRBgkNcAd35b1B,0025d633f88ba307,[0025d633f8],https://www.walletexplorer.com/wallet/0025d633f88ba307,ok,,2026-06-27T10:00:18.434638+00:00
1BzxKCda3jDZvefmQTLbhoY3qLDBEH3U3Z,0005fc8fba054f33,[0005fc8fba],https://www.walletexplorer.com/wallet/0005fc8fba054f33,ok,,2026-06-27T10:00:18.905812+00:00
1CTpQc8KM3Z3atEzVFMofcXrkshN4hKm6i,0005fc8fba054f33,[0005fc8fba],https://www.walletexplorer.com/wallet/0005fc8fba054f33,ok,,2026-06-27T10:00:19.396944+00:00
1PU8HE5TJzX6Mv7SMYXozkFgphkff3un3x,0025d633f88ba307,[0025d633f8],https://www.walletexplorer.com/wallet/0025d633f88ba307,ok,,2026-06-27T10:00:19.944758+00:00
1DyXPnhWXLmuZ51d4wcUGhPiWqCmvojzkp,0025d633f88ba307,[0025d633f8],https://www.walletexplorer.com/wallet/0025d633f88ba307,ok,,2026-06-27T10:00:20.475063+00:00
1PPaJsQc3H9U1eyuL3ghArLwHoE59vGT94,0025d633f88ba307,[0025d633f8],https://www.walletexplorer.com/wallet/0025d633f88ba307,ok,,2026-06-27T10:00:21.001511+00:00
13wRb544W82ncf1RFLmXiCc7VpyLtaAryW,0025d633f88ba307,[0025d633f8],https://www.walletexplorer.com/wallet/0025d633f88ba307,ok,,2026-06-27T10:00:21.531497+00:00
1KyKkEoNUKAGcs2y8p7jkCyF8xx89M89fD,0025d633f88ba307,[0025d633f8],https://www.walletexplorer.com/wallet/0025d633f88ba307,ok,,2026-06-27T10:00:22.024189+00:00
1EM2BSNxJ9DTLp7QCJVcYUVvKot95H6pC2,0005fc8fba054f33,[0005fc8fba],https://www.walletexplorer.com/wallet/0005fc8fba054f33,ok,,2026-06-27T10:00:22.536616+00:00
1K3wv9zCfUJzK4Pv8EzcjLxKcYh1ioU34x,0025d633f88ba307,[0025d633f8],https://www.walletexplorer.com/wallet/0025d633f88ba307,ok,,2026-06-27T10:00:23.051618+00:00
16hpuAEKDfh1Gb1G6W4rHmvuDFQwhMVMGc,0025d633f88ba307,[0025d633f8],https://www.walletexplorer.com/wallet/0025d633f88ba307,ok,,2026-06-27T10:00:23.636469+00:00
13GgXsQSaN3GJBtBoNqP7xMQ4Ttiw7GveM,0025d633f88ba307,[0025d633f8],https://www.walletexplorer.com/wallet/0025d633f88ba307,ok,,2026-06-27T10:00:24.233014+00:00
1Hh7yG1dohjREz21xVKFJYGDxt2QC8grN3,0025d633f88ba307,[0025d633f8],https://www.walletexplorer.com/wallet/0025d633f88ba307,ok,,2026-06-27T10:00:24.748795+00:00
1Pp3qycFmbjvpCaJoBtKW8AtUdLXoJRYpQ,0025d633f88ba307,[0025d633f8],https://www.walletexplorer.com/wallet/0025d633f88ba307,ok,,2026-06-27T10:00:25.331424+00:00
1HyztFQF1KKUmWthLdp3SDtxiGiJHN3c1X,0025d633f88ba307,[0025d633f8],https://www.walletexplorer.com/wallet/0025d633f88ba307,ok,,2026-06-27T10:00:25.902196+00:00
1MNLv5Dbeo1m66DRgpL5r14RU5dynXetHX,0025d633f88ba307,[0025d633f8],https://www.walletexplorer.com/wallet/0025d633f88ba307,ok,,2026-06-27T10:00:26.412974+00:00
1KjoGEErt39Yas1U9yLQAZ64ef7jcQyuL,0025d633f88ba307,[0025d633f8],https://www.walletexplorer.com/wallet/0025d633f88ba307,ok,,2026-06-27T10:00:26.837619+00:00
13CzP29vuE88CzWizPfPU3emCVJenUTiCV,0025d633f88ba307,[0025d633f8],https://www.walletexplorer.com/wallet/0025d633f88ba307,ok,,2026-06-27T10:00:27.213687+00:00
1EtDEZA31LYRNj8VL3rCzCUbK9wPESM7sM,0025d633f88ba307,[0025d633f8],https://www.walletexplorer.com/wallet/0025d633f88ba307,ok,,2026-06-27T10:00:27.724339+00:00
14Bg7Jr4ZGDz2gsRKs4K1TFv836LANprp7,0025d633f88ba307,[0025d633f8],https://www.walletexplorer.com/wallet/0025d633f88ba307,ok,,2026-06-27T10:00:28.415859+00:00
1FeLQswXpR64eMJZcTfCCPMKeJ4TdpxxBH,0025d633f88ba307,[0025d633f8],https://www.walletexplorer.com/wallet/0025d633f88ba307,ok,,2026-06-27T10:00:29.044401+00:00
1DwR3EHAE4gtG964PRSNCjDYr4ts9hubqW,0025d633f88ba307,[0025d633f8],https://www.walletexplorer.com/wallet/0025d633f88ba307,ok,,2026-06-27T10:00:29.587297+00:00
1NEz9h8myZfRKcS8iyddczYygjkgihJi6C,0025d633f88ba307,[0025d633f8],https://www.walletexplorer.com/wallet/0025d633f88ba307,ok,,2026-06-27T10:00:30.192320+00:00
1BWfhynyrzhJBLtN7t3uYTbyJi2YTbt67a,0025d633f88ba307,[0025d633f8],https://www.walletexplorer.com/wallet/0025d633f88ba307,ok,,2026-06-27T10:00:30.718275+00:00
1LtELHQyTHYYqo1q8W5xBAymKyLvgoAS4S,0025d633f88ba307,[0025d633f8],https://www.walletexplorer.com/wallet/0025d633f88ba307,ok,,2026-06-27T10:00:31.179127+00:00
1BudK4dJiVcBuJxgEh2yS3W3EKH7wgWrYn,0025d633f88ba307,[0025d633f8],https://www.walletexplorer.com/wallet/0025d633f88ba307,ok,,2026-06-27T10:00:31.703834+00:00
1GWYRoRtwn3i2Txft3XRwe5dVUcpaSqJAh,0025d633f88ba307,[0025d633f8],https://www.walletexplorer.com/wallet/0025d633f88ba307,ok,,2026-06-27T10:00:32.334487+00:00
19TbdBevcfbijvtSBkHS6EMnAHB2rrSocP,0025d633f88ba307,[0025d633f8],https://www.walletexplorer.com/wallet/0025d633f88ba307,ok,,2026-06-27T10:00:32.843539+00:00
18H4L9t3ojphi8u5gDHbPcQX5XvqJBs2Fs,0025d633f88ba307,[0025d633f8],https://www.walletexplorer.com/wallet/0025d633f88ba307,ok,,2026-06-27T10:00:33.358687+00:00
13EHaE78J68M3ezmZXYtdpGQnNrgxpLqr7,0025d633f88ba307,[0025d633f8],https://www.walletexplorer.com/wallet/0025d633f88ba307,ok,,2026-06-27T10:00:33.873841+00:00
17jm9xu53bA4dJS6atmqYwqLfbefajGYTu,4b2364bed90a7038,[4b2364bed9],https://www.walletexplorer.com/wallet/4b2364bed90a7038,ok,,2026-06-27T10:00:34.381610+00:00
16Mhdj9dEgtB8J6HwUiVdhKca5uxTzCdsb,0005fc8fba054f33,[0005fc8fba],https://www.walletexplorer.com/wallet/0005fc8fba054f33,ok,,2026-06-27T10:00:34.894251+00:00
14KzU5inAPGrByL7yZsVQj749S3EEXDi6F,0025d633f88ba307,[0025d633f8],https://www.walletexplorer.com/wallet/0025d633f88ba307,ok,,2026-06-27T10:00:35.390120+00:00
1K7uLgrhJxuKM8mcpNefj3SzSQQ6Sv7k12,0005fc8fba054f33,[0005fc8fba],https://www.walletexplorer.com/wallet/0005fc8fba054f33,ok,,2026-06-27T10:00:35.926064+00:00
13YaYSMkbmdahzpHeAt1sR1Dy7T6jSm3No,0005fc8fba054f33,[0005fc8fba],https://www.walletexplorer.com/wallet/0005fc8fba054f33,ok,,2026-06-27T10:00:36.530333+00:00
1HC2d2vzn69Qn8PDg9yT28QRNHmrETjStZ,0025d633f88ba307,[0025d633f8],https://www.walletexplorer.com/wallet/0025d633f88ba307,ok,,2026-06-27T10:00:37.059531+00:00
15K7MtmVoTGtwZR7mNhWTst5GRGXJg8RDQ,0025d633f88ba307,[0025d633f8],https://www.walletexplorer.com/wallet/0025d633f88ba307,ok,,2026-06-27T10:00:37.585005+00:00
1NEsiznrSza6MhadpzdoG2Q6wEBRs6Ge5Y,0025d633f88ba307,[0025d633f8],https://www.walletexplorer.com/wallet/0025d633f88ba307,ok,,2026-06-27T10:00:38.138975+00:00
16e57iX7Dif9nR6aBno1D2FuzWdVXd7uHT,0025d633f88ba307,[0025d633f8],https://www.walletexplorer.com/wallet/0025d633f88ba307,ok,,2026-06-27T10:00:38.647928+00:00
17i5hewwXYUUbWv8yGUKdrWPG2bAa9tw6N,0025d633f88ba307,[0025d633f8],https://www.walletexplorer.com/wallet/0025d633f88ba307,ok,,2026-06-27T10:00:39.156339+00:00
1Nk7jRnVGL3CJrzCSYfvYijK1HBdZmSCs1,0005fc8fba054f33,[0005fc8fba],https://www.walletexplorer.com/wallet/0005fc8fba054f33,ok,,2026-06-27T10:00:39.639674+00:00
13JTtH8BUU9Zj99WqeGsynoyMed1GV9smh,0025d633f88ba307,[0025d633f8],https://www.walletexplorer.com/wallet/0025d633f88ba307,ok,,2026-06-27T10:00:40.120776+00:00
1G5ar6Qnww5aHGiYKJgtt6vKpNUxEjjSsq,0005fc8fba054f33,[0005fc8fba],https://www.walletexplorer.com/wallet/0005fc8fba054f33,ok,,2026-06-27T10:00:40.622248+00:00
1HDX2xTovdQrEXBGSmQdVqkVuiarVfZMPs,0025d633f88ba307,[0025d633f8],https://www.walletexplorer.com/wallet/0025d633f88ba307,ok,,2026-06-27T10:00:41.118756+00:00
1PCZWWhXcSM5cRGMmBfQ8EobGRgQEBtvje,0005fc8fba054f33,[0005fc8fba],https://www.walletexplorer.com/wallet/0005fc8fba054f33,ok,,2026-06-27T10:00:41.651154+00:00
1K37sMrDXHegnRu8uftWNLTCMGcz7tag2v,0025d633f88ba307,[0025d633f8],https://www.walletexplorer.com/wallet/0025d633f88ba307,ok,,2026-06-27T10:00:42.326286+00:00
19HwfiXPsPCLGqVienwVdbbCAxQL6uqWsV,0025d633f88ba307,[0025d633f8],https://www.walletexplorer.com/wallet/0025d633f88ba307,ok,,2026-06-27T10:00:42.852611+00:00
1PCJsqwPUvG9dLMEHT8QuCZMdVM4tagWJD,0025d633f88ba307,[0025d633f8],https://www.walletexplorer.com/wallet/0025d633f88ba307,ok,,2026-06-27T10:00:43.325663+00:00
165WYmBZZfhmZEKN9Rc9JuZVsnNHmDd4Ah,0025d633f88ba307,[0025d633f8],https://www.walletexplorer.com/wallet/0025d633f88ba307,ok,,2026-06-27T10:00:43.878898+00:00
1DzfTP2rbXd9tLtjkgCmJwzchcch5hGxM6,0025d633f88ba307,[0025d633f8],https://www.walletexplorer.com/wallet/0025d633f88ba307,ok,,2026-06-27T10:00:44.402932+00:00
1Ac3mDesNEYPSwuXxpao6kZgqQetiLg9qj,0025d633f88ba307,[0025d633f8],https://www.walletexplorer.com/wallet/0025d633f88ba307,ok,,2026-06-27T10:00:45.033468+00:00
1LrfMQ7x96f2zAYvn1X8KKCY5EWLiqwkT1,0005fc8fba054f33,[0005fc8fba],https://www.walletexplorer.com/wallet/0005fc8fba054f33,ok,,2026-06-27T10:00:45.524566+00:00
1MhvfrnBFqRc9H3GHLP6R2gJWz5Bq8aFqE,0025d633f88ba307,[0025d633f8],https://www.walletexplorer.com/wallet/0025d633f88ba307,ok,,2026-06-27T10:00:46.040296+00:00
1DjTGxzCGgZBG4mkZ44rGpkuz2bejnigDi,0025d633f88ba307,[0025d633f8],https://www.walletexplorer.com/wallet/0025d633f88ba307,ok,,2026-06-27T10:00:46.532549+00:00
1D4VakyQF4PHja7LWv1z9MVp3DArarfSm9,0005fc8fba054f33,[0005fc8fba],https://www.walletexplorer.com/wallet/0005fc8fba054f33,ok,,2026-06-27T10:00:47.067701+00:00
12R4bTJrciGA9oi734aKHNLxxGrqGMfRZd,01db91e1b83e6324,[01db91e1b8],https://www.walletexplorer.com/wallet/01db91e1b83e6324,ok,,2026-06-27T10:00:47.566455+00:00
1JX7s9EYrwwk6z1nv5BPH6W31dXs759wmL,0025d633f88ba307,[0025d633f8],https://www.walletexplorer.com/wallet/0025d633f88ba307,ok,,2026-06-27T10:00:48.086345+00:00
1Lh4C4N61cwomquhUbjtyCGLfMC6ucZuT6,0025d633f88ba307,[0025d633f8],https://www.walletexplorer.com/wallet/0025d633f88ba307,ok,,2026-06-27T10:00:48.743230+00:00
1HCYPZCz8gnMMCybGcHugCHsb2DGx6X2rN,0005fc8fba054f33,[0005fc8fba],https://www.walletexplorer.com/wallet/0005fc8fba054f33,ok,,2026-06-27T10:00:49.273568+00:00
142XidMpyiSVTiyQHsiF7E3qDeopSCnNLL,0025d633f88ba307,[0025d633f8],https://www.walletexplorer.com/wallet/0025d633f88ba307,ok,,2026-06-27T10:00:49.802813+00:00
1JM8faniF48F5ENsRnhdhCqXmMqe1YHSzH,0025d633f88ba307,[0025d633f8],https://www.walletexplorer.com/wallet/0025d633f88ba307,ok,,2026-06-27T10:00:50.319426+00:00
1GQBDEgoecukBthRQi33ei5wvfY41YAUNR,0025d633f88ba307,[0025d633f8],https://www.walletexplorer.com/wallet/0025d633f88ba307,ok,,2026-06-27T10:00:50.877033+00:00
1KiKwdBqWZUyMwr9ejoHu86gyn6H43rfL2,0025d633f88ba307,[0025d633f8],https://www.walletexplorer.com/wallet/0025d633f88ba307,ok,,2026-06-27T10:00:51.369481+00:00
1PUh21axYiFezjFMiHnTfBAotwZXd7xxW9,0025d633f88ba307,[0025d633f8],https://www.walletexplorer.com/wallet/0025d633f88ba307,ok,,2026-06-27T10:00:51.871697+00:00
1CosRj6qNAjgJGgUVeBmbrQrXUXCnyN6id,0005fc8fba054f33,[0005fc8fba],https://www.walletexplorer.com/wallet/0005fc8fba054f33,ok,,2026-06-27T10:00:52.383771+00:00
1EakcvhLVEJ8KPbapXDvveKac9jpZAcM46,0025d633f88ba307,[0025d633f8],https://www.walletexplorer.com/wallet/0025d633f88ba307,ok,,2026-06-27T10:00:52.941671+00:00
1DoamiE45so6RgDcD2SeRR1Aizac1NVSZe,0025d633f88ba307,[0025d633f8],https://www.walletexplorer.com/wallet/0025d633f88ba307,ok,,2026-06-27T10:00:53.452635+00:00
1KGZtiSwXRysdg7p9jZGgzmT3dDofBeuMW,0025d633f88ba307,[0025d633f8],https://www.walletexplorer.com/wallet/0025d633f88ba307,ok,,2026-06-27T10:00:53.995363+00:00
17sT8yoRyxsD5LYeQtAxtnHvNWqw7KL93b,0025d633f88ba307,[0025d633f8],https://www.walletexplorer.com/wallet/0025d633f88ba307,ok,,2026-06-27T10:00:54.691867+00:00
1MhjyZA1hyQjPrzrebv1EeYwdh9QJ4AmRf,0025d633f88ba307,[0025d633f8],https://www.walletexplorer.com/wallet/0025d633f88ba307,ok,,2026-06-27T10:00:55.203399+00:00
1MGMeyNtzv1TfBgyKsYcWaNvzLNjSaBrRg,0025d633f88ba307,[0025d633f8],https://www.walletexplorer.com/wallet/0025d633f88ba307,ok,,2026-06-27T10:00:55.748291+00:00
18z93ke2VfRS7sM2GHZmkv2L4VBrAraHiE,0025d633f88ba307,[0025d633f8],https://www.walletexplorer.com/wallet/0025d633f88ba307,ok,,2026-06-27T10:00:56.260463+00:00
1NewEiubPTByBG4nwthat6fkHsDJe4FYcg,0005fc8fba054f33,[0005fc8fba],https://www.walletexplorer.com/wallet/0005fc8fba054f33,ok,,2026-06-27T10:00:56.842409+00:00
1HecGatX2eu8Cj6yReaPqncD8zki1fUqHq,0025d633f88ba307,[0025d633f8],https://www.walletexplorer.com/wallet/0025d633f88ba307,ok,,2026-06-27T10:00:57.481683+00:00
16foLsHnxA5ZUTcVNWA5TkKkGoGbXkLdgZ,0025d633f88ba307,[0025d633f8],https://www.walletexplorer.com/wallet/0025d633f88ba307,ok,,2026-06-27T10:00:58.008266+00:00
13tNUvYH3TNcBSipY5ARkMZAYWDuQSssXn,0025d633f88ba307,[0025d633f8],https://www.walletexplorer.com/wallet/0025d633f88ba307,ok,,2026-06-27T10:00:58.495518+00:00
12b5D9iZBY4hTDWQREWL8YPhR2fwbVwWuW,0025d633f88ba307,[0025d633f8],https://www.walletexplorer.com/wallet/0025d633f88ba307,ok,,2026-06-27T10:00:58.977834+00:00
1ABsC5hA8BQ7yQcCAgbc1MSJtLzk5ZcAQP,0025d633f88ba307,[0025d633f8],https://www.walletexplorer.com/wallet/0025d633f88ba307,ok,,2026-06-27T10:00:59.516191+00:00
1GhRpFJyiHEwV1TNNxJD7y7MTv15iZ1qF3,0025d633f88ba307,[0025d633f8],https://www.walletexplorer.com/wallet/0025d633f88ba307,ok,,2026-06-27T10:01:00.047711+00:00
1aUYpC22vhoEQ7jhwt9bSSMNCqtwdSjej,0025d633f88ba307,[0025d633f8],https://www.walletexplorer.com/wallet/0025d633f88ba307,ok,,2026-06-27T10:01:00.699985+00:00
1LJQpVN6GvPgdmA4xUi9Lo4ZAJ3HW6m3ne,0025d633f88ba307,[0025d633f8],https://www.walletexplorer.com/wallet/0025d633f88ba307,ok,,2026-06-27T10:01:01.121211+00:00
1KitwjhVRPFnXA9C2x1EuRbWQbPfitjwvj,0005fc8fba054f33,[0005fc8fba],https://www.walletexplorer.com/wallet/0005fc8fba054f33,ok,,2026-06-27T10:01:01.634275+00:00
1Fy9jVMPS8iP671Fj2NGY7EGDxxtje8phb,0025d633f88ba307,[0025d633f8],https://www.walletexplorer.com/wallet/0025d633f88ba307,ok,,2026-06-27T10:01:02.144992+00:00
1NJ3QGPBdW4sq3hqxvh1qWLiojuzyPss8C,0025d633f88ba307,[0025d633f8],https://www.walletexplorer.com/wallet/0025d633f88ba307,ok,,2026-06-27T10:01:02.673031+00:00
1LJnXFcaEXpxuw6dKMRgMfs46mhB8uVAYs,183bdd6c2f110138,[183bdd6c2f],https://www.walletexplorer.com/wallet/183bdd6c2f110138,ok,,2026-06-27T10:01:03.209029+00:00
14L5Mr4Dt1XUSjKscu3KNQyzdsht32x6gQ,0005fc8fba054f33,[0005fc8fba],https://www.walletexplorer.com/wallet/0005fc8fba054f33,ok,,2026-06-27T10:01:03.775166+00:00
15ApAaUJPDGvUR8FhQiqxJfgQSnNs3jWF6,0025d633f88ba307,[0025d633f8],https://www.walletexplorer.com/wallet/0025d633f88ba307,ok,,2026-06-27T10:01:04.440529+00:00
1Fngd4XT3b6f9AHqJ8GW7hwtH1XvbyoQiA,0025d633f88ba307,[0025d633f8],https://www.walletexplorer.com/wallet/0025d633f88ba307,ok,,2026-06-27T10:01:04.948119+00:00
1GLQ2fF6EDt66sRM7Q5ADY1WxBeHsQpTfv,0025d633f88ba307,[0025d633f8],https://www.walletexplorer.com/wallet/0025d633f88ba307,ok,,2026-06-27T10:01:05.456548+00:00
1CX9s7G9PyPtBLahtNBqGUHZDrRkaumd8p,0025d633f88ba307,[0025d633f8],https://www.walletexplorer.com/wallet/0025d633f88ba307,ok,,2026-06-27T10:01:05.989340+00:00
13wDws8qi74fE4DwTpAoEEokg9wtAqNoZY,0025d633f88ba307,[0025d633f8],https://www.walletexplorer.com/wallet/0025d633f88ba307,ok,,2026-06-27T10:01:06.476668+00:00
1A3D1kfm4L7dNc8qNZiDdFzegQLwpHpJc9,0025d633f88ba307,[0025d633f8],https://www.walletexplorer.com/wallet/0025d633f88ba307,ok,,2026-06-27T10:01:07.205706+00:00
1NES4aLmwsvNUQkmx4ixwbXjRbKSMKT5nv,0025d633f88ba307,[0025d633f8],https://www.walletexplorer.com/wallet/0025d633f88ba307,ok,,2026-06-27T10:01:07.772755+00:00
1LXTLsihZyn5udmGmKMXgicULx4pBRjNkv,0025d633f88ba307,[0025d633f8],https://www.walletexplorer.com/wallet/0025d633f88ba307,ok,,2026-06-27T10:01:08.234101+00:00
1BRXo3eqs1PN3rQaXAr39y9LezxpCmdEa5,0025d633f88ba307,[0025d633f8],https://www.walletexplorer.com/wallet/0025d633f88ba307,ok,,2026-06-27T10:01:08.771015+00:00
1CzDLfbM8Kt3VUy5thBk2QAHFkHpy4te1S,0025d633f88ba307,[0025d633f8],https://www.walletexplorer.com/wallet/0025d633f88ba307,ok,,2026-06-27T10:01:09.286945+00:00
182CS5fgNUwGcjdjE6E4MwNzot1dBoUKKf,0025d633f88ba307,[0025d633f8],https://www.walletexplorer.com/wallet/0025d633f88ba307,ok,,2026-06-27T10:01:09.850775+00:00
1H765TWAG61QiR1xN4PLxtDHLEmeZeMRRd,0025d633f88ba307,[0025d633f8],https://www.walletexplorer.com/wallet/0025d633f88ba307,ok,,2026-06-27T10:01:10.402731+00:00
1Kex8uD2x1trp7oMChZhL95okDotvxKxXv,0025d633f88ba307,[0025d633f8],https://www.walletexplorer.com/wallet/0025d633f88ba307,ok,,2026-06-27T10:01:10.964012+00:00
1NweKrrYArJDVpQsUhsCuLhkKKaJQgGwPf,0005fc8fba054f33,[0005fc8fba],https://www.walletexplorer.com/wallet/0005fc8fba054f33,ok,,2026-06-27T10:01:11.469790+00:00
1GZKkHrnpkkLLchUnkK2MgURUckpwc5BKD,0025d633f88ba307,[0025d633f8],https://www.walletexplorer.com/wallet/0025d633f88ba307,ok,,2026-06-27T10:01:12.018328+00:00
19y65BHuicpMXt4bk66sgeJWTZGzfMGMmB,0025d633f88ba307,[0025d633f8],https://www.walletexplorer.com/wallet/0025d633f88ba307,ok,,2026-06-27T10:01:12.530239+00:00
1Gayo17cwYbyrtstoHj5XWz3xrZXJJu6ks,0025d633f88ba307,[0025d633f8],https://www.walletexplorer.com/wallet/0025d633f88ba307,ok,,2026-06-27T10:01:13.164595+00:00
16ZfERpwXsFym5mbsi5wKLj1ecmAR1vS6V,0025d633f88ba307,[0025d633f8],https://www.walletexplorer.com/wallet/0025d633f88ba307,ok,,2026-06-27T10:01:13.710891+00:00
17hFYLZeyjGfRWjAxns3zKvNLRR1uhE3LQ,0005fc8fba054f33,[0005fc8fba],https://www.walletexplorer.com/wallet/0005fc8fba054f33,ok,,2026-06-27T10:01:14.238828+00:00
17H9wsAZPuxvFRi9QGAhnp4yRDvT1jBHzq,0025d633f88ba307,[0025d633f8],https://www.walletexplorer.com/wallet/0025d633f88ba307,ok,,2026-06-27T10:01:15.534910+00:00
16xFVqUVLQB7U62D5h5Nvhg9LiyiVE3XeY,0025d633f88ba307,[0025d633f8],https://www.walletexplorer.com/wallet/0025d633f88ba307,ok,,2026-06-27T10:01:16.131046+00:00
1DVpkaHqwST7on2a48MWVL1XsyYbDtGRgu,0025d633f88ba307,[0025d633f8],https://www.walletexplorer.com/wallet/0025d633f88ba307,ok,,2026-06-27T10:01:16.663137+00:00
1Ph1zq18iFGSNHu7xNmHbYqDYKHJqv6gVy,0025d633f88ba307,[0025d633f8],https://www.walletexplorer.com/wallet/0025d633f88ba307,ok,,2026-06-27T10:01:17.173800+00:00
1PMMdd8qsfA2L49PMZRhb7G9ZURtwsCUxj,0005fc8fba054f33,[0005fc8fba],https://www.walletexplorer.com/wallet/0005fc8fba054f33,ok,,2026-06-27T10:01:17.714206+00:00
1NosvJc6i1Ya4tzfs2yUZ1ZSqVazEE2Heb,0025d633f88ba307,[0025d633f8],https://www.walletexplorer.com/wallet/0025d633f88ba307,ok,,2026-06-27T10:01:18.217113+00:00
1MZrLfsoyW4wsrbRGfFHcQbXEzn526WyWT,0025d633f88ba307,[0025d633f8],https://www.walletexplorer.com/wallet/0025d633f88ba307,ok,,2026-06-27T10:01:18.845506+00:00
18nCZKJHL4rNErVFHCKGNDmnMF9GTx2nUD,0025d633f88ba307,[0025d633f8],https://www.walletexplorer.com/wallet/0025d633f88ba307,ok,,2026-06-27T10:01:19.665135+00:00
19qaKfc4Jwyvk6diCpjypiicRHfNkLTdVc,0025d633f88ba307,[0025d633f8],https://www.walletexplorer.com/wallet/0025d633f88ba307,ok,,2026-06-27T10:01:20.188461+00:00
1KFZJCo2ZX1a1xJSHrfgbG5zrY9pPEvDz,0025d633f88ba307,[0025d633f8],https://www.walletexplorer.com/wallet/0025d633f88ba307,ok,,2026-06-27T10:01:20.711062+00:00
1BiwkQ83cvfQasQNqAhGvf3rdm3j4gi7v6,0025d633f88ba307,[0025d633f8],https://www.walletexplorer.com/wallet/0025d633f88ba307,ok,,2026-06-27T10:01:21.245185+00:00
18FB2n81hHw5cLXdq8yvJZM8hQjNWRwtew,0025d633f88ba307,[0025d633f8],https://www.walletexplorer.com/wallet/0025d633f88ba307,ok,,2026-06-27T10:01:21.882412+00:00
1NeRbjXyaptBPudozPr9QWJ8MuAGUxgg9A,0025d633f88ba307,[0025d633f8],https://www.walletexplorer.com/wallet/0025d633f88ba307,ok,,2026-06-27T10:01:22.418326+00:00
1JcRPtrFJDNNcqbz2LuJ18oeNMG3Qwpjji,0025d633f88ba307,[0025d633f8],https://www.walletexplorer.com/wallet/0025d633f88ba307,ok,,2026-06-27T10:01:22.968896+00:00
1kYhJShJRP52yGtcPy92fHwDYx8fP3ZtJ,0025d633f88ba307,[0025d633f8],https://www.walletexplorer.com/wallet/0025d633f88ba307,ok,,2026-06-27T10:01:23.489186+00:00
14NGnnNqss3xmDLidj6wkuqexWdbfFHiJb,0025d633f88ba307,[0025d633f8],https://www.walletexplorer.com/wallet/0025d633f88ba307,ok,,2026-06-27T10:01:24.116099+00:00
1CcUu9X4UvcGWX6JvwTwSm6LmPZaXWpKGF,0025d633f88ba307,[0025d633f8],https://www.walletexplorer.com/wallet/0025d633f88ba307,ok,,2026-06-27T10:01:24.601156+00:00
12KFYJcuzDthbvFfr7wsfy538MeSvnvFtx,4b2364bed90a7038,[4b2364bed9],https://www.walletexplorer.com/wallet/4b2364bed90a7038,ok,,2026-06-27T10:01:25.105752+00:00
1EeEB6mVzhiJDL9XB8CqsSpEHtZzTFr4z2,0025d633f88ba307,[0025d633f8],https://www.walletexplorer.com/wallet/0025d633f88ba307,ok,,2026-06-27T10:01:25.693331+00:00
1FVEhzSakKQ6V5hU1Ezh3UqsMVBNbAoBqB,0025d633f88ba307,[0025d633f8],https://www.walletexplorer.com/wallet/0025d633f88ba307,ok,,2026-06-27T10:01:26.213995+00:00
1ABDiJmdoUXUFTRiVxo84rsSu4vEFs7CfT,0025d633f88ba307,[0025d633f8],https://www.walletexplorer.com/wallet/0025d633f88ba307,ok,,2026-06-27T10:01:26.760035+00:00
15yB1KnUGshKes7y5m5973rknkKoNVyLj8,0025d633f88ba307,[0025d633f8],https://www.walletexplorer.com/wallet/0025d633f88ba307,ok,,2026-06-27T10:01:27.242570+00:00
17MwEaAkwQMEgWpbqMJtY21xQvwAvjz5o5,0025d633f88ba307,[0025d633f8],https://www.walletexplorer.com/wallet/0025d633f88ba307,ok,,2026-06-27T10:01:27.853835+00:00
175Cy2Y8QcYjLJjUueQiBjoPjRWxjWwsAC,0025d633f88ba307,[0025d633f8],https://www.walletexplorer.com/wallet/0025d633f88ba307,ok,,2026-06-27T10:01:28.401098+00:00
16EetFXNj7s48GAa6o9jCUBmgrhy62MEVM,0025d633f88ba307,[0025d633f8],https://www.walletexplorer.com/wallet/0025d633f88ba307,ok,,2026-06-27T10:01:28.919826+00:00
1NJnTE5LPQA8vwFikVGoyA8uc7bqPEK56Q,0025d633f88ba307,[0025d633f8],https://www.walletexplorer.com/wallet/0025d633f88ba307,ok,,2026-06-27T10:01:29.457345+00:00
1rqNBSgsTMRbG9D8DKcRC5HABDDch7YdZ,0025d633f88ba307,[0025d633f8],https://www.walletexplorer.com/wallet/0025d633f88ba307,ok,,2026-06-27T10:01:29.970140+00:00
1Drzh2oQrKepm843tisunKy5EKh7owCz3G,0025d633f88ba307,[0025d633f8],https://www.walletexplorer.com/wallet/0025d633f88ba307,ok,,2026-06-27T10:01:30.482996+00:00
1P1BQNbJ51bxgwUD8EnzUbxMWs2d1W5mqZ,0005fc8fba054f33,[0005fc8fba],https://www.walletexplorer.com/wallet/0005fc8fba054f33,ok,,2026-06-27T10:01:31.309807+00:00
1FcRjkmcaaJY3CkkuiqCtg5MrWTki8M2SC,0025d633f88ba307,[0025d633f8],https://www.walletexplorer.com/wallet/0025d633f88ba307,ok,,2026-06-27T10:01:31.892851+00:00
1NGkrqYghyrQGYRTS91e2VpGYELJu6mpfz,01db91e1b83e6324,[01db91e1b8],https://www.walletexplorer.com/wallet/01db91e1b83e6324,ok,,2026-06-27T10:01:32.685918+00:00
1AVxEaLe2jGKFHHwPKodhEuanHTv8bLnsU,0005fc8fba054f33,[0005fc8fba],https://www.walletexplorer.com/wallet/0005fc8fba054f33,ok,,2026-06-27T10:01:33.278152+00:00
163W4ujNwwTTxgHsBWjQT2tDNGXVtJjpiT,0025d633f88ba307,[0025d633f8],https://www.walletexplorer.com/wallet/0025d633f88ba307,ok,,2026-06-27T10:01:33.912490+00:00
1KJrcPt7FBb8TZWVRYQd1hmNAvhAs8nMS5,0025d633f88ba307,[0025d633f8],https://www.walletexplorer.com/wallet/0025d633f88ba307,ok,,2026-06-27T10:01:34.481630+00:00
1HBFSQc7fLooaK3QFARVqrTReBzAMbBuMW,0025d633f88ba307,[0025d633f8],https://www.walletexplorer.com/wallet/0025d633f88ba307,ok,,2026-06-27T10:01:35.055632+00:00
1EW6FQ8MEvi1vqrgkcSvymDo9DESsYwbqG,0025d633f88ba307,[0025d633f8],https://www.walletexplorer.com/wallet/0025d633f88ba307,ok,,2026-06-27T10:01:35.817361+00:00
1H1DDo3SqBwkXiWstjDT3LdhMW3aaeju4w,0025d633f88ba307,[0025d633f8],https://www.walletexplorer.com/wallet/0025d633f88ba307,ok,,2026-06-27T10:01:36.462395+00:00
1MUs3qffx1DgjNnTkvpuATxV4wLA7L1xCz,0005fc8fba054f33,[0005fc8fba],https://www.walletexplorer.com/wallet/0005fc8fba054f33,ok,,2026-06-27T10:01:37.110516+00:00
1Dpzp34z38pnKHs1ig5rqNDoZo1SovcznK,0025d633f88ba307,[0025d633f8],https://www.walletexplorer.com/wallet/0025d633f88ba307,ok,,2026-06-27T10:01:37.853567+00:00
1Fpj1KFsA1zTbgcUEmm3m2ZdBjuemQcLfV,0025d633f88ba307,[0025d633f8],https://www.walletexplorer.com/wallet/0025d633f88ba307,ok,,2026-06-27T10:01:38.380747+00:00
1JGKEDkRanQ9jZpLstco349K5VCy6FmRwz,0025d633f88ba307,[0025d633f8],https://www.walletexplorer.com/wallet/0025d633f88ba307,ok,,2026-06-27T10:01:39.145161+00:00
1LjBVj6S5UewQd5xUb4t2i1WYK8csz4p11,183bdd6c2f110138,[183bdd6c2f],https://www.walletexplorer.com/wallet/183bdd6c2f110138,ok,,2026-06-27T10:01:39.900155+00:00
17bNzpW3RfAAnKt4wuFtUTUScQved3R4hk,0025d633f88ba307,[0025d633f8],https://www.walletexplorer.com/wallet/0025d633f88ba307,ok,,2026-06-27T10:01:40.463186+00:00
12Tn5svvozeR4Qx4dt1FQALroPRVMnrgb8,0025d633f88ba307,[0025d633f8],https://www.walletexplorer.com/wallet/0025d633f88ba307,ok,,2026-06-27T10:01:41.096803+00:00
1BsxuMPfXX2suCwUCSa4nLuitj8ZB5d3jg,0025d633f88ba307,[0025d633f8],https://www.walletexplorer.com/wallet/0025d633f88ba307,ok,,2026-06-27T10:01:41.685622+00:00
19M9K4d63rxdpwcZEWGnEr3225buicnmkw,0025d633f88ba307,[0025d633f8],https://www.walletexplorer.com/wallet/0025d633f88ba307,ok,,2026-06-27T10:01:42.121951+00:00
1BS6wStmzvUF6dQDeysMmPvMmkvB6D1xjX,000f35cb33c4d172,[000f35cb33],https://www.walletexplorer.com/wallet/000f35cb33c4d172,ok,,2026-06-27T10:08:55.435451+00:00
1KxyjJKXgcvxeuk2bAmYmD4gG7LW2AfaQx,000f35cb33c4d172,[000f35cb33],https://www.walletexplorer.com/wallet/000f35cb33c4d172,ok,,2026-06-27T10:08:58.654974+00:00
1L4BexyC6V59YjFsDFKz4SyNLPqC6rhx5o,000f35cb33c4d172,[000f35cb33],https://www.walletexplorer.com/wallet/000f35cb33c4d172,ok,,2026-06-27T10:08:59.014243+00:00
1JKSjwuyLd1ah9XcWwJMWJswXjkEPLPoa8,015560c27ef31026,[015560c27e],https://www.walletexplorer.com/wallet/015560c27ef31026,ok,,2026-06-27T10:08:59.481086+00:00
1JYzgpyMLjCUfXw3GuAiYh38wTQ3NF4kQM,043c1e5c311a9513,[043c1e5c31],https://www.walletexplorer.com/wallet/043c1e5c311a9513,ok,,2026-06-27T10:09:00.147461+00:00
15tbBAMg672KYgPYyxsPgjjwCQTFb84kYq,000f35cb33c4d172,[000f35cb33],https://www.walletexplorer.com/wallet/000f35cb33c4d172,ok,,2026-06-27T10:09:00.679087+00:00
1LFFUjKveeHYeMrs14R7zqALzqV91ew17o,000f35cb33c4d172,[000f35cb33],https://www.walletexplorer.com/wallet/000f35cb33c4d172,ok,,2026-06-27T10:09:01.203317+00:00
1Ggz2CSGhntD4aeQftsLJFKUd8AXMj6zWR,000f35cb33c4d172,[000f35cb33],https://www.walletexplorer.com/wallet/000f35cb33c4d172,ok,,2026-06-27T10:09:01.742282+00:00
19fkTufTQehCANvitWW9wp5yfYqrjfen4H,000f35cb33c4d172,[000f35cb33],https://www.walletexplorer.com/wallet/000f35cb33c4d172,ok,,2026-06-27T10:09:02.304157+00:00
159iQNpTHoiK65FGDZkzeLtR3nEfui7dR1,000f35cb33c4d172,[000f35cb33],https://www.walletexplorer.com/wallet/000f35cb33c4d172,ok,,2026-06-27T10:09:02.862572+00:00
13LQe5VnMgxudT1SCPzcxCvPDsENXfxeCY,000f35cb33c4d172,[000f35cb33],https://www.walletexplorer.com/wallet/000f35cb33c4d172,ok,,2026-06-27T10:09:03.321445+00:00
16D5wRKpob5kYLUnwcXhf9m3tDmoPXv9qM,000f35cb33c4d172,[000f35cb33],https://www.walletexplorer.com/wallet/000f35cb33c4d172,ok,,2026-06-27T10:09:03.769674+00:00
1KMTPHfa1ZqFSDCbV818Bth2TPS2MpFLm4,000f35cb33c4d172,[000f35cb33],https://www.walletexplorer.com/wallet/000f35cb33c4d172,ok,,2026-06-27T10:09:04.235371+00:00
1HPhFbTxP61xaXwMiGRECAKxfhpiUcLjMn,000f35cb33c4d172,[000f35cb33],https://www.walletexplorer.com/wallet/000f35cb33c4d172,ok,,2026-06-27T10:09:04.590096+00:00
16s4XYVN3q8DrfQZiYenm9yQMqz1JsFfk4,000f35cb33c4d172,[000f35cb33],https://www.walletexplorer.com/wallet/000f35cb33c4d172,ok,,2026-06-27T10:09:05.234992+00:00
1LVJ1LWtDiL66yaFWJKZcTpBt459hbrK4Y,000f35cb33c4d172,[000f35cb33],https://www.walletexplorer.com/wallet/000f35cb33c4d172,ok,,2026-06-27T10:09:05.680212+00:00
19Fn9zxwoE83udRDKDFNKrmscjN5UrA2PP,000f35cb33c4d172,[000f35cb33],https://www.walletexplorer.com/wallet/000f35cb33c4d172,ok,,2026-06-27T10:09:06.198313+00:00
1CEkwx4K2C8yUJ9AgdbDYJZSd3MNWrxJ72,000f35cb33c4d172,[000f35cb33],https://www.walletexplorer.com/wallet/000f35cb33c4d172,ok,,2026-06-27T10:09:06.680862+00:00
1PPduM4cuPcPg6QP6acwtRwC4Mqyenapri,015560c27ef31026,[015560c27e],https://www.walletexplorer.com/wallet/015560c27ef31026,ok,,2026-06-27T10:09:07.124242+00:00
1DL5ugT4FpLFPfqA6D3mxvYQ7i5K8YE7Se,000f35cb33c4d172,[000f35cb33],https://www.walletexplorer.com/wallet/000f35cb33c4d172,ok,,2026-06-27T10:09:07.569675+00:00
1LyGErNCGo2MZ83cwWfSLQyVStjiCc8Fqb,000f35cb33c4d172,[000f35cb33],https://www.walletexplorer.com/wallet/000f35cb33c4d172,ok,,2026-06-27T10:09:08.065802+00:00
1AsJwDJZLm9moEmSkKaZSnvv4Jk7nQqJDU,000f35cb33c4d172,[000f35cb33],https://www.walletexplorer.com/wallet/000f35cb33c4d172,ok,,2026-06-27T10:09:08.588033+00:00
19NmgkC6sRfTjacpM5UEEQLPUm29EUgS6,000f35cb33c4d172,[000f35cb33],https://www.walletexplorer.com/wallet/000f35cb33c4d172,ok,,2026-06-27T10:09:09.077565+00:00
1PFt1by8TqhWxYsRDWcHF1eW14j6zHNQbL,000f35cb33c4d172,[000f35cb33],https://www.walletexplorer.com/wallet/000f35cb33c4d172,ok,,2026-06-27T10:09:09.609018+00:00
19jHMgt8dNn3JnQJZjyUtS3wBWbcsh3AE1,000f35cb33c4d172,[000f35cb33],https://www.walletexplorer.com/wallet/000f35cb33c4d172,ok,,2026-06-27T10:09:10.152913+00:00
12SPfGTFkVJtXNdi8XW1d2UVCC4Sng6yR8,000f35cb33c4d172,[000f35cb33],https://www.walletexplorer.com/wallet/000f35cb33c4d172,ok,,2026-06-27T10:09:10.677566+00:00
1AfFGRarTHdRQBnctZ63AqRd6KaByG773V,000f35cb33c4d172,[000f35cb33],https://www.walletexplorer.com/wallet/000f35cb33c4d172,ok,,2026-06-27T10:09:11.288189+00:00
1DwDjd4UxqfRey5n8QQb4RgxWj63gsBQkN,015560c27ef31026,[015560c27e],https://www.walletexplorer.com/wallet/015560c27ef31026,ok,,2026-06-27T10:09:11.948322+00:00
1FBoKC9JYyofD3cfz1tE4z5tVb5AmNLvkx,000f35cb33c4d172,[000f35cb33],https://www.walletexplorer.com/wallet/000f35cb33c4d172,ok,,2026-06-27T10:09:12.794872+00:00
1J9cqgb6u2jTgjodF65GDYgiBHAhhiqnsD,000f35cb33c4d172,[000f35cb33],https://www.walletexplorer.com/wallet/000f35cb33c4d172,ok,,2026-06-27T10:09:13.313649+00:00
1ATYFynRy3NaNxpmJfAyq9Vck518sQpm7t,000f35cb33c4d172,[000f35cb33],https://www.walletexplorer.com/wallet/000f35cb33c4d172,ok,,2026-06-27T10:09:14.064675+00:00
14cKDg3TRfg5rne6F4Yxn4snPM6wesi9pt,000f35cb33c4d172,[000f35cb33],https://www.walletexplorer.com/wallet/000f35cb33c4d172,ok,,2026-06-27T10:09:14.616409+00:00
1HQZ5V1zF3pme9UrGYXW5GahvtEcbmaNUv,000f35cb33c4d172,[000f35cb33],https://www.walletexplorer.com/wallet/000f35cb33c4d172,ok,,2026-06-27T10:09:14.993701+00:00
1BzaH4cPLH1Eqikb9T7JodBiZ6YmeShMHd,000f35cb33c4d172,[000f35cb33],https://www.walletexplorer.com/wallet/000f35cb33c4d172,ok,,2026-06-27T10:09:15.548273+00:00
126XmPToefg6K2mB5sBakSsrZzCy6fsabB,000f35cb33c4d172,[000f35cb33],https://www.walletexplorer.com/wallet/000f35cb33c4d172,ok,,2026-06-27T10:09:16.088095+00:00
17x2C5895k5fV66pZW1r1QoncQHjmuzqSq,000f35cb33c4d172,[000f35cb33],https://www.walletexplorer.com/wallet/000f35cb33c4d172,ok,,2026-06-27T10:09:16.600104+00:00
17sujky8sbE78DJ1XEAzc72m1k9Ac1CJ89,000f35cb33c4d172,[000f35cb33],https://www.walletexplorer.com/wallet/000f35cb33c4d172,ok,,2026-06-27T10:09:17.078380+00:00
18sweqedkhxc94rw5ApvpCDVqnAne1veyM,000f35cb33c4d172,[000f35cb33],https://www.walletexplorer.com/wallet/000f35cb33c4d172,ok,,2026-06-27T10:09:17.671006+00:00
18R99fQf9AF6B1Gp9fDa81JDZy9H4JZqzN,000f35cb33c4d172,[000f35cb33],https://www.walletexplorer.com/wallet/000f35cb33c4d172,ok,,2026-06-27T10:09:18.353207+00:00
1Q1FPW5okt7T8QdAz3SGf3DVMScrntdLhA,000f35cb33c4d172,[000f35cb33],https://www.walletexplorer.com/wallet/000f35cb33c4d172,ok,,2026-06-27T10:09:18.857370+00:00
17pTYvEjPupesT2kJdb2bXnxFWjnZc3LQg,000f35cb33c4d172,[000f35cb33],https://www.walletexplorer.com/wallet/000f35cb33c4d172,ok,,2026-06-27T10:09:19.362653+00:00
1PZiZVbni4XN33k4k9jKoG6n8ZwnUur98u,015560c27ef31026,[015560c27e],https://www.walletexplorer.com/wallet/015560c27ef31026,ok,,2026-06-27T10:09:19.915297+00:00
178ScBtt3nN3nwhoCdbPfK6inPNEiXJwzs,000f35cb33c4d172,[000f35cb33],https://www.walletexplorer.com/wallet/000f35cb33c4d172,ok,,2026-06-27T10:09:20.568005+00:00
1NGXpULULowfUxYR9fvaDDF1fQUaJh3JLG,000f35cb33c4d172,[000f35cb33],https://www.walletexplorer.com/wallet/000f35cb33c4d172,ok,,2026-06-27T10:09:21.130468+00:00
1PF2dFD9Z4657J97yR9RWHUM69CUaSJKwG,000f35cb33c4d172,[000f35cb33],https://www.walletexplorer.com/wallet/000f35cb33c4d172,ok,,2026-06-27T10:09:21.736406+00:00
1Lpcdb9nhaAuNTNaDsXkToZr5aNsLTvyAj,015560c27ef31026,[015560c27e],https://www.walletexplorer.com/wallet/015560c27ef31026,ok,,2026-06-27T10:09:22.370440+00:00
1DVWr551kujCBNtAvcFNRjEwMd6k7EnB4D,015560c27ef31026,[015560c27e],https://www.walletexplorer.com/wallet/015560c27ef31026,ok,,2026-06-27T10:09:23.172526+00:00
1Kme6fiL8CFYU8Uo4HrrsNEWQXMyzL6Czi,000f35cb33c4d172,[000f35cb33],https://www.walletexplorer.com/wallet/000f35cb33c4d172,ok,,2026-06-27T10:09:23.661895+00:00
1N2tc14RpTHJgTu7Md4BxQYFmWzpUMEyBf,000f35cb33c4d172,[000f35cb33],https://www.walletexplorer.com/wallet/000f35cb33c4d172,ok,,2026-06-27T10:09:24.187224+00:00
1EYi95diSXPeveCLwCFXgdfy3qGoCoYgNZ,043c1e5c311a9513,[043c1e5c31],https://www.walletexplorer.com/wallet/043c1e5c311a9513,ok,,2026-06-27T10:09:24.646977+00:00
1JxEooFvsgxr6HeU64TiPhnDwgoAq5Jckx,000f35cb33c4d172,[000f35cb33],https://www.walletexplorer.com/wallet/000f35cb33c4d172,ok,,2026-06-27T10:09:25.143621+00:00
17UvT1uzqSmqXXzy6bVxEBSLcwGoBWcfe5,000f35cb33c4d172,[000f35cb33],https://www.walletexplorer.com/wallet/000f35cb33c4d172,ok,,2026-06-27T10:09:25.644106+00:00
155iLzAsMzrjYvpFqHtdzpnBVoGCqivvJH,000f35cb33c4d172,[000f35cb33],https://www.walletexplorer.com/wallet/000f35cb33c4d172,ok,,2026-06-27T10:09:26.208234+00:00
13bA5KAXnPFfZGX2NHTAMDTdTzZZzS5Szo,000f35cb33c4d172,[000f35cb33],https://www.walletexplorer.com/wallet/000f35cb33c4d172,ok,,2026-06-27T10:09:26.936654+00:00
1JB2q1kTMo2fL7QmvgfuJ1nJghPWk7LNtQ,000f35cb33c4d172,[000f35cb33],https://www.walletexplorer.com/wallet/000f35cb33c4d172,ok,,2026-06-27T10:09:27.709523+00:00
1BRvwmPnNwhNHfxfMN2m5Yy5VEcKov9gJC,015560c27ef31026,[015560c27e],https://www.walletexplorer.com/wallet/015560c27ef31026,ok,,2026-06-27T10:09:28.301371+00:00
1JsUtBvJVnuBS69BUoSBJo9sX2sqUJBLDJ,000f35cb33c4d172,[000f35cb33],https://www.walletexplorer.com/wallet/000f35cb33c4d172,ok,,2026-06-27T10:09:28.918624+00:00
1MYQNYR9jU75JGAAmca69joZ4jnw6SCaZV,000f35cb33c4d172,[000f35cb33],https://www.walletexplorer.com/wallet/000f35cb33c4d172,ok,,2026-06-27T10:09:29.643470+00:00
18ccLaqazh34GyKGnvtk8hfKF8Mkh1cSNE,000f35cb33c4d172,[000f35cb33],https://www.walletexplorer.com/wallet/000f35cb33c4d172,ok,,2026-06-27T10:09:30.155032+00:00
1AvibNPsoWMXT6t7VLKFQUXpJNjkHP1n2S,000f35cb33c4d172,[000f35cb33],https://www.walletexplorer.com/wallet/000f35cb33c4d172,ok,,2026-06-27T10:09:30.686045+00:00
1PRFMBavAnD7UN573ehktEtjf5FXbfnFWM,000f35cb33c4d172,[000f35cb33],https://www.walletexplorer.com/wallet/000f35cb33c4d172,ok,,2026-06-27T10:09:32.318411+00:00
182d2XuiJjsceKKzMHvzioAJbaFP4Cn7m5,000f35cb33c4d172,[000f35cb33],https://www.walletexplorer.com/wallet/000f35cb33c4d172,ok,,2026-06-27T10:09:32.830924+00:00
1FatRU1BuMsJtDGZDkPG96aqVceLWTon46,000f35cb33c4d172,[000f35cb33],https://www.walletexplorer.com/wallet/000f35cb33c4d172,ok,,2026-06-27T10:09:33.284803+00:00
1nuZBQ6Ttbm6gkCR6XoLuwzFR9AJqGnoL,000f35cb33c4d172,[000f35cb33],https://www.walletexplorer.com/wallet/000f35cb33c4d172,ok,,2026-06-27T10:09:33.823624+00:00
1L3yY2Eg74pAA2B1cPj2tGpTHDdzkRvwV,000f35cb33c4d172,[000f35cb33],https://www.walletexplorer.com/wallet/000f35cb33c4d172,ok,,2026-06-27T10:09:34.370548+00:00
16xKSr3aN8cbsNK6eBqTU81kJFYx7XKR5q,000f35cb33c4d172,[000f35cb33],https://www.walletexplorer.com/wallet/000f35cb33c4d172,ok,,2026-06-27T10:09:34.817398+00:00
1CrU2gkq8MjJ1Ff4PTkQJG7kVfejaegTpP,000f35cb33c4d172,[000f35cb33],https://www.walletexplorer.com/wallet/000f35cb33c4d172,ok,,2026-06-27T10:09:35.766912+00:00
137grJPiaqXb1gDUimqctBwyhRKEJ1CCqy,015560c27ef31026,[015560c27e],https://www.walletexplorer.com/wallet/015560c27ef31026,ok,,2026-06-27T10:09:36.239237+00:00
1QCMKYPr3LkhcqzYnBV7gQVA2A5joT8Zam,000f35cb33c4d172,[000f35cb33],https://www.walletexplorer.com/wallet/000f35cb33c4d172,ok,,2026-06-27T10:09:36.656259+00:00
1JtQpZi1Fo1WLFVXvzHZuqFyjd7WTxtGgE,000f35cb33c4d172,[000f35cb33],https://www.walletexplorer.com/wallet/000f35cb33c4d172,ok,,2026-06-27T10:09:37.223252+00:00
1F6fS5JndoyJMixCJeeuWBft3TrMmdX48Q,000f35cb33c4d172,[000f35cb33],https://www.walletexplorer.com/wallet/000f35cb33c4d172,ok,,2026-06-27T10:09:37.887812+00:00
1DpfN4aqFwHqqWw1MVATu8cBGTE1k4Drjw,000f35cb33c4d172,[000f35cb33],https://www.walletexplorer.com/wallet/000f35cb33c4d172,ok,,2026-06-27T10:09:38.492516+00:00
1Er3YhaarqTtqyU3Yd9K26kyzhNM8HMqsi,000f35cb33c4d172,[000f35cb33],https://www.walletexplorer.com/wallet/000f35cb33c4d172,ok,,2026-06-27T10:09:39.009833+00:00
1Kn8G5EG4LEhQxG9d7VEUWddCEATGxioFL,000f35cb33c4d172,[000f35cb33],https://www.walletexplorer.com/wallet/000f35cb33c4d172,ok,,2026-06-27T10:09:40.233366+00:00
1N3d4up1ZtqnRn1Ee2imeDvkF3cNwC5VEy,000f35cb33c4d172,[000f35cb33],https://www.walletexplorer.com/wallet/000f35cb33c4d172,ok,,2026-06-27T10:09:41.208194+00:00
1Ct2A64eTjSY7XzS6dMtjaE89QVYzvsrry,015560c27ef31026,[015560c27e],https://www.walletexplorer.com/wallet/015560c27ef31026,ok,,2026-06-27T10:09:41.779493+00:00
1NtoQP4euJBqL3toTvdG4wDksaFkrDD4qe,000f35cb33c4d172,[000f35cb33],https://www.walletexplorer.com/wallet/000f35cb33c4d172,ok,,2026-06-27T10:09:42.265551+00:00
1Cv4oGnBCwwxpmwBEgu8wtupfumYnjLDMg,000f35cb33c4d172,[000f35cb33],https://www.walletexplorer.com/wallet/000f35cb33c4d172,ok,,2026-06-27T10:09:42.820943+00:00
1Ke7sfC7dgF9iypGHEHiiNWmz1zj856qbQ,000f35cb33c4d172,[000f35cb33],https://www.walletexplorer.com/wallet/000f35cb33c4d172,ok,,2026-06-27T10:09:43.427781+00:00
1AUzrVQTRNr8J6b6CjDQCCEgRkBMpPZ3Ty,000f35cb33c4d172,[000f35cb33],https://www.walletexplorer.com/wallet/000f35cb33c4d172,ok,,2026-06-27T10:09:44.069774+00:00
1Hw3o2BR5wGg1wAZubMiPVx1tDinnRNMXm,000f35cb33c4d172,[000f35cb33],https://www.walletexplorer.com/wallet/000f35cb33c4d172,ok,,2026-06-27T10:09:44.536361+00:00
19waqacB8Fv2AwoK2A1x19CGWsn8yhVciA,000f35cb33c4d172,[000f35cb33],https://www.walletexplorer.com/wallet/000f35cb33c4d172,ok,,2026-06-27T10:09:45.054912+00:00
1NhYE6Skv4S7uhbu9msgxrSQ74yDwEMEyL,015560c27ef31026,[015560c27e],https://www.walletexplorer.com/wallet/015560c27ef31026,ok,,2026-06-27T10:09:45.566019+00:00
1KScJyMua9TPvrrxwiZuBwEc5r8WyzJq4h,000f35cb33c4d172,[000f35cb33],https://www.walletexplorer.com/wallet/000f35cb33c4d172,ok,,2026-06-27T10:09:46.074075+00:00
1FfushxJ13Uws2r315bfvjs8oYCEafT43u,000f35cb33c4d172,[000f35cb33],https://www.walletexplorer.com/wallet/000f35cb33c4d172,ok,,2026-06-27T10:09:46.650848+00:00
1LAm9jZNquZXBmgT6Eq7NijciJiTS1XkD2,000f35cb33c4d172,[000f35cb33],https://www.walletexplorer.com/wallet/000f35cb33c4d172,ok,,2026-06-27T10:09:47.188121+00:00
1J8hko2jwnnsZGdLShQ2EaaqiG6hqd7vTJ,000f35cb33c4d172,[000f35cb33],https://www.walletexplorer.com/wallet/000f35cb33c4d172,ok,,2026-06-27T10:09:47.741496+00:00
1KdQRuRk9yZuHrBXVhDxqdbG9jbd8YcWwr,000f35cb33c4d172,[000f35cb33],https://www.walletexplorer.com/wallet/000f35cb33c4d172,ok,,2026-06-27T10:09:48.311366+00:00
1AjuWJAvLXxNjWPJwyfK9Gj5sTKMRHaLje,015560c27ef31026,[015560c27e],https://www.walletexplorer.com/wallet/015560c27ef31026,ok,,2026-06-27T10:09:48.898971+00:00
1EwEV6jFhfeHtbRtTb2Nca67SNXyWCPSze,015560c27ef31026,[015560c27e],https://www.walletexplorer.com/wallet/015560c27ef31026,ok,,2026-06-27T10:09:49.398503+00:00
17uxBCcG5aogF2K3ZY8ep5aTvERHmXXY9C,015560c27ef31026,[015560c27e],https://www.walletexplorer.com/wallet/015560c27ef31026,ok,,2026-06-27T10:09:49.899312+00:00
17Vb9tg1M6uQBoUUkFU7TGfCTuQ4jdmX1r,000f35cb33c4d172,[000f35cb33],https://www.walletexplorer.com/wallet/000f35cb33c4d172,ok,,2026-06-27T10:09:50.385920+00:00
1357vpG5WLw3GNq14k27VfbovYVWMSqxS3,015560c27ef31026,[015560c27e],https://www.walletexplorer.com/wallet/015560c27ef31026,ok,,2026-06-27T10:09:50.832980+00:00
15TXbLar8iLUYYXVq1HWS7ibE8ACDmRJrm,015560c27ef31026,[015560c27e],https://www.walletexplorer.com/wallet/015560c27ef31026,ok,,2026-06-27T10:09:51.279863+00:00
15v8jYTxZ99J8hB2JGeozigsCJPL8a9T3B,000f35cb33c4d172,[000f35cb33],https://www.walletexplorer.com/wallet/000f35cb33c4d172,ok,,2026-06-27T10:09:51.626818+00:00
1DPHBShkKsEHZZsJgZv9fmEKqEasDn7TWJ,000f35cb33c4d172,[000f35cb33],https://www.walletexplorer.com/wallet/000f35cb33c4d172,ok,,2026-06-27T10:09:52.076852+00:00
16uR9fdqGtrxzUFFYL3a9wyAT65Sy2WVz1,000f35cb33c4d172,[000f35cb33],https://www.walletexplorer.com/wallet/000f35cb33c4d172,ok,,2026-06-27T10:09:52.518315+00:00
1Mw7buELdhmbqd8p8artYKwu8Fif4gbD4W,000f35cb33c4d172,[000f35cb33],https://www.walletexplorer.com/wallet/000f35cb33c4d172,ok,,2026-06-27T10:09:52.910148+00:00
1Juheh3SK47FSE6gxvNgsf5t5JbqR81ojb,000f35cb33c4d172,[000f35cb33],https://www.walletexplorer.com/wallet/000f35cb33c4d172,ok,,2026-06-27T10:09:53.343222+00:00
19s4iDQ9bxz8iDtvupXFY6eQGS6TFoEus6,015560c27ef31026,[015560c27e],https://www.walletexplorer.com/wallet/015560c27ef31026,ok,,2026-06-27T10:09:53.777302+00:00
1GDq1Ru6FoSu2PiFvtz9RxBZjn9AUXJsv5,000f35cb33c4d172,[000f35cb33],https://www.walletexplorer.com/wallet/000f35cb33c4d172,ok,,2026-06-27T10:09:54.214500+00:00
1YodNNFL3nh69YByZCXtSYEn1SbfEoz2A,000f35cb33c4d172,[000f35cb33],https://www.walletexplorer.com/wallet/000f35cb33c4d172,ok,,2026-06-27T10:09:54.671868+00:00
134WZSkRw3vEk6nrEjrMzfXtKd2kpHQZ7n,015560c27ef31026,[015560c27e],https://www.walletexplorer.com/wallet/015560c27ef31026,ok,,2026-06-27T10:09:55.263259+00:00
1MuqZXfS2CDK1ZRE3Sv4fqBCgjVReAxmUH,010d6f47a5c51fb1,[010d6f47a5],https://www.walletexplorer.com/wallet/010d6f47a5c51fb1,ok,,2026-06-27T10:09:55.654335+00:00
1KoUJcq8Dn9Giy5obTcZR87kdViKj7xsWz,000f35cb33c4d172,[000f35cb33],https://www.walletexplorer.com/wallet/000f35cb33c4d172,ok,,2026-06-27T10:09:56.157146+00:00
15p6ZfDaxA1RJhmkQrjYn82SpGEyAF5DWR,015560c27ef31026,[015560c27e],https://www.walletexplorer.com/wallet/015560c27ef31026,ok,,2026-06-27T10:09:56.663094+00:00
1B2J2p3MqR1W7xwkM29Qs17tMbgVa5UR4X,000f35cb33c4d172,[000f35cb33],https://www.walletexplorer.com/wallet/000f35cb33c4d172,ok,,2026-06-27T10:09:57.080805+00:00
14mhZ4iTtXPNobWsStix3Gqb76e1X4tmGA,015560c27ef31026,[015560c27e],https://www.walletexplorer.com/wallet/015560c27ef31026,ok,,2026-06-27T10:09:57.594794+00:00
1PgYBSX5mo79gLaFHxaSopu1JKX5i4VhvD,000f35cb33c4d172,[000f35cb33],https://www.walletexplorer.com/wallet/000f35cb33c4d172,ok,,2026-06-27T10:09:58.234617+00:00
1Cb1bXAjxfcUTv1ThrMsNuMbSA79NrMA3y,015560c27ef31026,[015560c27e],https://www.walletexplorer.com/wallet/015560c27ef31026,ok,,2026-06-27T10:09:58.781219+00:00
12DxAKse6kL7hNmgkfuBi36bbYb2hQTxW7,000f35cb33c4d172,[000f35cb33],https://www.walletexplorer.com/wallet/000f35cb33c4d172,ok,,2026-06-27T10:09:59.736260+00:00
1PbXgEFradtkXeVY8C7tWaqq4GHpGtLzS8,000f35cb33c4d172,[000f35cb33],https://www.walletexplorer.com/wallet/000f35cb33c4d172,ok,,2026-06-27T10:10:00.304736+00:00
1MnQZXopvejbeW2gXtxvc3w7mpwxYgidt8,000f35cb33c4d172,[000f35cb33],https://www.walletexplorer.com/wallet/000f35cb33c4d172,ok,,2026-06-27T10:10:00.737081+00:00
1AzuVd5NNoDog58SwLaa5BYu9AvgtgwFr,000f35cb33c4d172,[000f35cb33],https://www.walletexplorer.com/wallet/000f35cb33c4d172,ok,,2026-06-27T10:10:01.173486+00:00
19UXBMyUcUvWqaGL2wHtMUFKVW4yFaYLEA,000f35cb33c4d172,[000f35cb33],https://www.walletexplorer.com/wallet/000f35cb33c4d172,ok,,2026-06-27T10:10:01.600799+00:00
1PJtjsJdtwA7SjHws7DvrXnGSQK5JZggc8,000f35cb33c4d172,[000f35cb33],https://www.walletexplorer.com/wallet/000f35cb33c4d172,ok,,2026-06-27T10:10:02.061512+00:00
1GeAQMif9PZWx8EYyDT7CQENHqgFqxSiw7,000f35cb33c4d172,[000f35cb33],https://www.walletexplorer.com/wallet/000f35cb33c4d172,ok,,2026-06-27T10:10:02.484832+00:00
154kiqwh4srddqWTTxrAwXgEd45LrVS9mF,015560c27ef31026,[015560c27e],https://www.walletexplorer.com/wallet/015560c27ef31026,ok,,2026-06-27T10:10:03.013044+00:00
1CWVxEdDTT32VN15hsx6F6gAM9pTcPywFn,015560c27ef31026,[015560c27e],https://www.walletexplorer.com/wallet/015560c27ef31026,ok,,2026-06-27T10:10:03.373218+00:00
1ELXTzekrd4fbnFi1h41sD3yQSwawMkPDs,015560c27ef31026,[015560c27e],https://www.walletexplorer.com/wallet/015560c27ef31026,ok,,2026-06-27T10:10:03.789983+00:00
1LNq8kM1jG4imaMz397FFb9C72YasgWCEq,015560c27ef31026,[015560c27e],https://www.walletexplorer.com/wallet/015560c27ef31026,ok,,2026-06-27T10:10:04.228027+00:00
1DXZTNXSxMr536smkhdJWPpK4pVr7Yg2i4,015560c27ef31026,[015560c27e],https://www.walletexplorer.com/wallet/015560c27ef31026,ok,,2026-06-27T10:10:04.691866+00:00
1FYJDBiBEZa8KLtRGmgVBQbiwgvEGJVrhX,000f35cb33c4d172,[000f35cb33],https://www.walletexplorer.com/wallet/000f35cb33c4d172,ok,,2026-06-27T10:10:05.161120+00:00
192WQpEpMqFE3hkds94PUHCZ7rxHGrgcMp,015560c27ef31026,[015560c27e],https://www.walletexplorer.com/wallet/015560c27ef31026,ok,,2026-06-27T10:10:05.565170+00:00
1M2UWeEjt2FMK53CZaPVCJK7y2ZYEJzHEh,000f35cb33c4d172,[000f35cb33],https://www.walletexplorer.com/wallet/000f35cb33c4d172,ok,,2026-06-27T10:10:06.265635+00:00
1Mt3VypSPHdBGS21TfL7K4neVAhbwKkg1Z,000f35cb33c4d172,[000f35cb33],https://www.walletexplorer.com/wallet/000f35cb33c4d172,ok,,2026-06-27T10:10:06.821772+00:00
1MiXHRQ4oLD4rXWAfLy9AtGNQpouiAYwos,000f35cb33c4d172,[000f35cb33],https://www.walletexplorer.com/wallet/000f35cb33c4d172,ok,,2026-06-27T10:10:07.238663+00:00
1QDXi73Pm2h1HbVqvjRbKQTeNJj12aQecc,000f35cb33c4d172,[000f35cb33],https://www.walletexplorer.com/wallet/000f35cb33c4d172,ok,,2026-06-27T10:10:07.594672+00:00
13XEkdRZqQUxYKhjPzHZdNTa1kLYsr8Jau,000f35cb33c4d172,[000f35cb33],https://www.walletexplorer.com/wallet/000f35cb33c4d172,ok,,2026-06-27T10:10:07.971480+00:00
158jQUez6ZZ9jD1MjiCw2UKPbNwQiGCMod,000f35cb33c4d172,[000f35cb33],https://www.walletexplorer.com/wallet/000f35cb33c4d172,ok,,2026-06-27T10:10:08.391917+00:00
1ASHzYnypbTSxYjKXGeuMAnytTpzpmmAgy,000f35cb33c4d172,[000f35cb33],https://www.walletexplorer.com/wallet/000f35cb33c4d172,ok,,2026-06-27T10:10:08.870658+00:00
1Jk9gNLsjeqDnfguZhvKyytaGLo2c8dp8c,000f35cb33c4d172,[000f35cb33],https://www.walletexplorer.com/wallet/000f35cb33c4d172,ok,,2026-06-27T10:10:09.299198+00:00
1MVJDDieEZKjUZv93BpQYuyDH51M82GY8a,000f35cb33c4d172,[000f35cb33],https://www.walletexplorer.com/wallet/000f35cb33c4d172,ok,,2026-06-27T10:10:09.711291+00:00
1F6TW7rQRGxU1ykzd9R8geD1bTGY8M3igt,000f35cb33c4d172,[000f35cb33],https://www.walletexplorer.com/wallet/000f35cb33c4d172,ok,,2026-06-27T10:10:10.151946+00:00
1MsuqL5BSunph7SSjPVDsqZg61MK1Jg6Zj,000f35cb33c4d172,[000f35cb33],https://www.walletexplorer.com/wallet/000f35cb33c4d172,ok,,2026-06-27T10:10:10.614254+00:00
1B6JiGcE41fzqJsCkYs1oMopMXCTjtRiXg,015560c27ef31026,[015560c27e],https://www.walletexplorer.com/wallet/015560c27ef31026,ok,,2026-06-27T10:10:11.086618+00:00
1QGAcyLHt4N3PmLdSA35nNSKWfG7BPuyw5,000f35cb33c4d172,[000f35cb33],https://www.walletexplorer.com/wallet/000f35cb33c4d172,ok,,2026-06-27T10:10:11.523218+00:00
1PFv55G294FznJDrBjoLEE5vDvBcmhS8k9,015560c27ef31026,[015560c27e],https://www.walletexplorer.com/wallet/015560c27ef31026,ok,,2026-06-27T10:10:11.971610+00:00
1BiTYRRf2tg7nEb5XqsZEKuFZA6HM9ejP9,015560c27ef31026,[015560c27e],https://www.walletexplorer.com/wallet/015560c27ef31026,ok,,2026-06-27T10:10:12.584234+00:00
16AtHK75jDHfDXGJa4txjUZUAnu6GtBfdr,000f35cb33c4d172,[000f35cb33],https://www.walletexplorer.com/wallet/000f35cb33c4d172,ok,,2026-06-27T10:10:12.990653+00:00
1N4njqKB9XfCw6nZdH2TM6PR7HSVYC2fZ2,000f35cb33c4d172,[000f35cb33],https://www.walletexplorer.com/wallet/000f35cb33c4d172,ok,,2026-06-27T10:10:13.420097+00:00
12pboRyjkXwF3Ymed77QfSMqdkisCVf2Lb,000f35cb33c4d172,[000f35cb33],https://www.walletexplorer.com/wallet/000f35cb33c4d172,ok,,2026-06-27T10:10:13.999620+00:00
1MKTgT4CLPCiEYBvRpDn11VzB8w2inrY64,000f35cb33c4d172,[000f35cb33],https://www.walletexplorer.com/wallet/000f35cb33c4d172,ok,,2026-06-27T10:10:14.467880+00:00
1Bz9TaZRdCDsjYkqKuwWrGThhfec8zzNiR,015560c27ef31026,[015560c27e],https://www.walletexplorer.com/wallet/015560c27ef31026,ok,,2026-06-27T10:10:14.873759+00:00
1Ba7fEDcjtTh4V9FCTWydwYhwd3LXHLnoZ,015560c27ef31026,[015560c27e],https://www.walletexplorer.com/wallet/015560c27ef31026,ok,,2026-06-27T10:10:15.290791+00:00
1NHKAaLe6QEkeKah2T4e2xRHF7efv6tXaF,000f35cb33c4d172,[000f35cb33],https://www.walletexplorer.com/wallet/000f35cb33c4d172,ok,,2026-06-27T10:10:15.739868+00:00
16E2145jvNaFt1YERXfGbLfFVRs1u2196Y,015560c27ef31026,[015560c27e],https://www.walletexplorer.com/wallet/015560c27ef31026,ok,,2026-06-27T10:10:16.203317+00:00
173pdDX5nN9kEX2qqPQRduiYBF7awn7Z1N,015560c27ef31026,[015560c27e],https://www.walletexplorer.com/wallet/015560c27ef31026,ok,,2026-06-27T10:10:16.636994+00:00
19GqfsStcgaU5qEh5ZGp98tn4HbYXu7CFR,000f35cb33c4d172,[000f35cb33],https://www.walletexplorer.com/wallet/000f35cb33c4d172,ok,,2026-06-27T10:10:17.065540+00:00
1MXZbhRGUb3oBPYHWoLeb46E68X14SzXSj,015560c27ef31026,[015560c27e],https://www.walletexplorer.com/wallet/015560c27ef31026,ok,,2026-06-27T10:10:17.542905+00:00
17dJLq62u6k91zp8LvvR7JNfjkmtdaqson,000f35cb33c4d172,[000f35cb33],https://www.walletexplorer.com/wallet/000f35cb33c4d172,ok,,2026-06-27T10:10:17.971683+00:00
1CZS4an8RfYgCtTSCoqEPCJEeN4wtEDEbt,000f35cb33c4d172,[000f35cb33],https://www.walletexplorer.com/wallet/000f35cb33c4d172,ok,,2026-06-27T10:10:18.437384+00:00
1CFgddJpdRM5HzsmRX9uVv5YaDiU3Sf7Kf,000f35cb33c4d172,[000f35cb33],https://www.walletexplorer.com/wallet/000f35cb33c4d172,ok,,2026-06-27T10:10:19.015869+00:00
1Aik24azh32JJMNmxEnLntkBq3sYz36HFx,000f35cb33c4d172,[000f35cb33],https://www.walletexplorer.com/wallet/000f35cb33c4d172,ok,,2026-06-27T10:10:19.498045+00:00
159MMsawVbLscP64NzP79L8x26tBtQmaVz,000f35cb33c4d172,[000f35cb33],https://www.walletexplorer.com/wallet/000f35cb33c4d172,ok,,2026-06-27T10:10:19.931393+00:00
1JXPsEdE6N8fJ7BUeR8kd4jVUZbYyZWaPR,000f35cb33c4d172,[000f35cb33],https://www.walletexplorer.com/wallet/000f35cb33c4d172,ok,,2026-06-27T10:10:20.388320+00:00
1yKtngyHXU2RVeKjpQ9ZzRCPho2HmxDoE,000f35cb33c4d172,[000f35cb33],https://www.walletexplorer.com/wallet/000f35cb33c4d172,ok,,2026-06-27T10:10:20.849474+00:00
16Vtqc8iQRWQSbwEM35KU1SdzBDaniFqjY,000f35cb33c4d172,[000f35cb33],https://www.walletexplorer.com/wallet/000f35cb33c4d172,ok,,2026-06-27T10:10:21.416966+00:00
1KJg8tF4AJ4NmHkBHNao5HeQRzL7nSwbEN,000f35cb33c4d172,[000f35cb33],https://www.walletexplorer.com/wallet/000f35cb33c4d172,ok,,2026-06-27T10:10:21.850369+00:00
1E6V5Tr345pr6DJHspTRp3JjY5zRQL59Qu,015560c27ef31026,[015560c27e],https://www.walletexplorer.com/wallet/015560c27ef31026,ok,,2026-06-27T10:10:22.331907+00:00
1PJq8mDiffRFCoA5w8KxqZKWyUYXbbyzS5,000f35cb33c4d172,[000f35cb33],https://www.walletexplorer.com/wallet/000f35cb33c4d172,ok,,2026-06-27T10:10:22.809586+00:00
1xK1wL6NEM3FTXZtaX1y1cDjPjubwR78t,000f35cb33c4d172,[000f35cb33],https://www.walletexplorer.com/wallet/000f35cb33c4d172,ok,,2026-06-27T10:10:23.214321+00:00
1G7cQsSzJvqGUdDRvnxNfUHdSHAFPesWPW,000f35cb33c4d172,[000f35cb33],https://www.walletexplorer.com/wallet/000f35cb33c4d172,ok,,2026-06-27T10:10:23.629970+00:00
1BtcGFbhf4Hhd2BZFXsQXHpqTBSUfE31gm,000f35cb33c4d172,[000f35cb33],https://www.walletexplorer.com/wallet/000f35cb33c4d172,ok,,2026-06-27T10:10:24.082362+00:00
15TBFo5DLGHtZXGsXi2iKxdXKb8dJnPMdu,000f35cb33c4d172,[000f35cb33],https://www.walletexplorer.com/wallet/000f35cb33c4d172,ok,,2026-06-27T10:10:24.482749+00:00
1JU1r14StuZ4hwuWpNXRs5ZTnjyYAKPvy7,015560c27ef31026,[015560c27e],https://www.walletexplorer.com/wallet/015560c27ef31026,ok,,2026-06-27T10:10:24.930978+00:00
1JJR4UyF3JmusreM22pV9HHfGCzyWhn9ra,000f35cb33c4d172,[000f35cb33],https://www.walletexplorer.com/wallet/000f35cb33c4d172,ok,,2026-06-27T10:10:25.391479+00:00
1J9UAD5TFHcNy84VQTQFxpoyzwQ59qbfsX,000f35cb33c4d172,[000f35cb33],https://www.walletexplorer.com/wallet/000f35cb33c4d172,ok,,2026-06-27T10:10:25.882118+00:00
1Yw4LwEoagEaqfomhABtGJXhesR3Vf2pg,000f35cb33c4d172,[000f35cb33],https://www.walletexplorer.com/wallet/000f35cb33c4d172,ok,,2026-06-27T10:10:26.377021+00:00
1Mr3w14iowvtnGTXmCLYvDvDjf8cqHBpe8,015560c27ef31026,[015560c27e],https://www.walletexplorer.com/wallet/015560c27ef31026,ok,,2026-06-27T10:10:26.851523+00:00
1Dy7GqJMjthBX628wpLAFCcxeaBAbY7b1t,000f35cb33c4d172,[000f35cb33],https://www.walletexplorer.com/wallet/000f35cb33c4d172,ok,,2026-06-27T10:10:27.314091+00:00
15gs1D3xB4pmuCNitE5uQoMGDeU85qAH8G,000f35cb33c4d172,[000f35cb33],https://www.walletexplorer.com/wallet/000f35cb33c4d172,ok,,2026-06-27T10:10:27.760818+00:00
197DsUzzuTBNUQEgdKM9RF9AzYReNffwW9,015560c27ef31026,[015560c27e],https://www.walletexplorer.com/wallet/015560c27ef31026,ok,,2026-06-27T10:10:28.174106+00:00
19U9kJYyzT2XTc2v1AXPrGB6rZYLGW9Cs2,000f35cb33c4d172,[000f35cb33],https://www.walletexplorer.com/wallet/000f35cb33c4d172,ok,,2026-06-27T10:10:28.582486+00:00
1M3kP47Sywfdjy3nG29gAukkuVSESa1geW,000f35cb33c4d172,[000f35cb33],https://www.walletexplorer.com/wallet/000f35cb33c4d172,ok,,2026-06-27T10:10:29.262017+00:00
1MHe2QHcqaNouVJV5vv2WSZf3bnXTSEdis,000f35cb33c4d172,[000f35cb33],https://www.walletexplorer.com/wallet/000f35cb33c4d172,ok,,2026-06-27T10:10:29.659525+00:00
12hGYJJPgL99fxdwvQsLDGoEwdApuA7bAu,000f35cb33c4d172,[000f35cb33],https://www.walletexplorer.com/wallet/000f35cb33c4d172,ok,,2026-06-27T10:10:30.035348+00:00
15w62z4GqB9pBkvZkkTvhaNjVcvPidic3a,015560c27ef31026,[015560c27e],https://www.walletexplorer.com/wallet/015560c27ef31026,ok,,2026-06-27T10:10:30.430900+00:00
1FnpHwLExecVZx4s9B4jSvbE2d8hGt33sV,000f35cb33c4d172,[000f35cb33],https://www.walletexplorer.com/wallet/000f35cb33c4d172,ok,,2026-06-27T10:10:30.907529+00:00
12q8bo9pQRAKXfqhPMiiUSMgwaBrhhcPzZ,015560c27ef31026,[015560c27e],https://www.walletexplorer.com/wallet/015560c27ef31026,ok,,2026-06-27T10:10:31.346418+00:00
12hSRXabVmekDEgetxFV7zAR5v2t4y6KH8,000f35cb33c4d172,[000f35cb33],https://www.walletexplorer.com/wallet/000f35cb33c4d172,ok,,2026-06-27T10:10:31.750423+00:00
1FgpVRm784QXW38SybrVqiNRfdYVVHxhLM,015560c27ef31026,[015560c27e],https://www.walletexplorer.com/wallet/015560c27ef31026,ok,,2026-06-27T10:10:32.180552+00:00
1NCzNxc6sXaKjwws6MfQLeZEyiD6M4sN55,000f35cb33c4d172,[000f35cb33],https://www.walletexplorer.com/wallet/000f35cb33c4d172,ok,,2026-06-27T10:10:32.618417+00:00
169SPkmaTLYx44WFvXBTTLz8RK2jxgZ4ed,015560c27ef31026,[015560c27e],https://www.walletexplorer.com/wallet/015560c27ef31026,ok,,2026-06-27T10:10:33.062822+00:00
1NH7A1Jhmy1ibqFfsUZ36t4VpedEpnzgnR,000f35cb33c4d172,[000f35cb33],https://www.walletexplorer.com/wallet/000f35cb33c4d172,ok,,2026-06-27T10:10:33.503154+00:00
1CUC7wBLTn3nJGSvUoYD8Z6SYn4aZ5LHjn,015560c27ef31026,[015560c27e],https://www.walletexplorer.com/wallet/015560c27ef31026,ok,,2026-06-27T10:10:34.059356+00:00
1DaPFK4474sMbtqHa9a81TKEx9u4ijovDw,015560c27ef31026,[015560c27e],https://www.walletexplorer.com/wallet/015560c27ef31026,ok,,2026-06-27T10:10:34.464481+00:00
1CbTZDN6Ncy8L9gW6ftJiq4FhmuFqBaBzc,000f35cb33c4d172,[000f35cb33],https://www.walletexplorer.com/wallet/000f35cb33c4d172,ok,,2026-06-27T10:10:34.910298+00:00
19SdcQKkeqQygSt9mmohWJCzqsH3bABAgW,015560c27ef31026,[015560c27e],https://www.walletexplorer.com/wallet/015560c27ef31026,ok,,2026-06-27T10:10:35.353471+00:00
1KEDsj7senJNgKFQzXJJFm2RdFgHhu1H1c,000f35cb33c4d172,[000f35cb33],https://www.walletexplorer.com/wallet/000f35cb33c4d172,ok,,2026-06-27T10:10:35.728938+00:00
1KAXFiNFUn96TL71NmfFDaZWccCvbASS8H,000f35cb33c4d172,[000f35cb33],https://www.walletexplorer.com/wallet/000f35cb33c4d172,ok,,2026-06-27T10:10:36.195664+00:00
1GU9m3Bcn3QzRj2o5LjBzw7XKaQwfvGNb4,000f35cb33c4d172,[000f35cb33],https://www.walletexplorer.com/wallet/000f35cb33c4d172,ok,,2026-06-27T10:10:36.879299+00:00
1AEkBhvmwxBtLqcpkV2FvTNnGokjaVoC77,000f35cb33c4d172,[000f35cb33],https://www.walletexplorer.com/wallet/000f35cb33c4d172,ok,,2026-06-27T10:10:37.276289+00:00
1EXEbhJPyeJoreUkDsqFWWVtQwFHz72KVW,000f35cb33c4d172,[000f35cb33],https://www.walletexplorer.com/wallet/000f35cb33c4d172,ok,,2026-06-27T10:10:37.700549+00:00
19jmBc6kABbQxJznA2wyhVAHhwhZxnyxBb,000f35cb33c4d172,[000f35cb33],https://www.walletexplorer.com/wallet/000f35cb33c4d172,ok,,2026-06-27T10:10:38.170545+00:00
1DcMb8h8cxtq21e1nyBCnUpVHCD6JafJ36,000f35cb33c4d172,[000f35cb33],https://www.walletexplorer.com/wallet/000f35cb33c4d172,ok,,2026-06-27T10:10:38.570393+00:00
1JC7VpbfNFxmGNhDh4tSAVmpsDZybQ856p,000f35cb33c4d172,[000f35cb33],https://www.walletexplorer.com/wallet/000f35cb33c4d172,ok,,2026-06-27T10:10:38.971332+00:00
14RV5ehNQ3kwAUoas8oz1TC8Gfn4SkxRqq,000f35cb33c4d172,[000f35cb33],https://www.walletexplorer.com/wallet/000f35cb33c4d172,ok,,2026-06-27T10:10:39.401805+00:00
14edPvX56KcTUKdEW8KSfGUAjmPM22aBgm,000f35cb33c4d172,[000f35cb33],https://www.walletexplorer.com/wallet/000f35cb33c4d172,ok,,2026-06-27T10:10:39.974524+00:00
1GF24CjBJh2BjPfK8xeunxJgJZqGq6cUj3,015560c27ef31026,[015560c27e],https://www.walletexplorer.com/wallet/015560c27ef31026,ok,,2026-06-27T10:10:40.384175+00:00
1Er5wnXfjCFWduDu2438EFFy2r1BFCoQj3,015560c27ef31026,[015560c27e],https://www.walletexplorer.com/wallet/015560c27ef31026,ok,,2026-06-27T10:10:40.858273+00:00
1KeVKCAFqkvSSecbEqUvD41SWAEpU2VhXW,000f35cb33c4d172,[000f35cb33],https://www.walletexplorer.com/wallet/000f35cb33c4d172,ok,,2026-06-27T10:10:41.366615+00:00
1B8ZV6PiMYavjHRb4xNDsuCMmhCUe8B7ps,015560c27ef31026,[015560c27e],https://www.walletexplorer.com/wallet/015560c27ef31026,ok,,2026-06-27T10:10:41.889387+00:00
1K4DfC4imVjSXShZUMX2L8fJEjKHXy82xv,000f35cb33c4d172,[000f35cb33],https://www.walletexplorer.com/wallet/000f35cb33c4d172,ok,,2026-06-27T10:10:42.291119+00:00
1FYYBh8DJFB9a9EtexgR4N9t4nW128UVML,015560c27ef31026,[015560c27e],https://www.walletexplorer.com/wallet/015560c27ef31026,ok,,2026-06-27T10:10:42.705696+00:00
12mW7TZegmQgPovtq2RVQxnQAaMNgvVUsM,000f35cb33c4d172,[000f35cb33],https://www.walletexplorer.com/wallet/000f35cb33c4d172,ok,,2026-06-27T10:10:43.219958+00:00
1FMrCuxetaeugMnwE4nboRVLENKxoRo44,000f35cb33c4d172,[000f35cb33],https://www.walletexplorer.com/wallet/000f35cb33c4d172,ok,,2026-06-27T10:10:43.719158+00:00
1GAsbAtCCPKhwMQkm9GSpdiKFN1uFSkLGd,000f35cb33c4d172,[000f35cb33],https://www.walletexplorer.com/wallet/000f35cb33c4d172,ok,,2026-06-27T10:10:44.225012+00:00
18Emby21zwkEE63sbKFcMoPcuL3uj8ELWX,000f35cb33c4d172,[000f35cb33],https://www.walletexplorer.com/wallet/000f35cb33c4d172,ok,,2026-06-27T10:10:44.809106+00:00
16DAnfyCc1SnaBukGrnY5QTqnFJE2Wh3GC,000f35cb33c4d172,[000f35cb33],https://www.walletexplorer.com/wallet/000f35cb33c4d172,ok,,2026-06-27T10:10:45.465658+00:00
1LGNL7xxRaCfxH8BYPyEdyP98w7mP3A7Ye,000f35cb33c4d172,[000f35cb33],https://www.walletexplorer.com/wallet/000f35cb33c4d172,ok,,2026-06-27T10:10:46.174959+00:00
1P9xXNKpDYDUM15kdy4i82vY1GbQaBuKTN,000f35cb33c4d172,[000f35cb33],https://www.walletexplorer.com/wallet/000f35cb33c4d172,ok,,2026-06-27T10:10:46.752340+00:00
1NqCCXJNMCKG2NEyP3yjvbGAfLPu3tN6BS,000f35cb33c4d172,[000f35cb33],https://www.walletexplorer.com/wallet/000f35cb33c4d172,ok,,2026-06-27T10:10:47.352917+00:00
1GocmUAoUKstAc4SdzAgZVQ21QaQSnnqMo,000f35cb33c4d172,[000f35cb33],https://www.walletexplorer.com/wallet/000f35cb33c4d172,ok,,2026-06-27T10:10:47.895023+00:00
1DaRPL2pTDnbzCg3UpEEpoVaVTGo29fw3u,000f35cb33c4d172,[000f35cb33],https://www.walletexplorer.com/wallet/000f35cb33c4d172,ok,,2026-06-27T10:10:48.438144+00:00
13QoTHVFcxpWLmJXE3zRK4fdapXZBXFUR7,015560c27ef31026,[015560c27e],https://www.walletexplorer.com/wallet/015560c27ef31026,ok,,2026-06-27T10:10:48.899494+00:00
1Km5XVq3b5fR37ehvpUbh68f9R5vM2HvmZ,000f35cb33c4d172,[000f35cb33],https://www.walletexplorer.com/wallet/000f35cb33c4d172,ok,,2026-06-27T10:10:49.388330+00:00
1CapGG8YVBYzBK6k51Bca1ne7dnkDNKyK8,010d6f47a5c51fb1,[010d6f47a5],https://www.walletexplorer.com/wallet/010d6f47a5c51fb1,ok,,2026-06-27T10:10:49.906287+00:00
1CXQSui3bpeY7dohSx3UFbFRV3WaRxs2RL,000f35cb33c4d172,[000f35cb33],https://www.walletexplorer.com/wallet/000f35cb33c4d172,ok,,2026-06-27T10:10:50.457678+00:00
13Jzk7XSbNDSBShB4onUghtL7Ne5uSFi7U,000f35cb33c4d172,[000f35cb33],https://www.walletexplorer.com/wallet/000f35cb33c4d172,ok,,2026-06-27T10:10:50.973440+00:00
1QLh6NYe99Rdu5KFnMfTDN25sbtM5oazK,000f35cb33c4d172,[000f35cb33],https://www.walletexplorer.com/wallet/000f35cb33c4d172,ok,,2026-06-27T10:10:51.545779+00:00
1Nsvb8yBQapgaJovxrqf2HSwh4TMgJk7EG,000f35cb33c4d172,[000f35cb33],https://www.walletexplorer.com/wallet/000f35cb33c4d172,ok,,2026-06-27T10:10:52.031556+00:00
1Ho6JAXYjy4wwimusJMw8QMLzsZT2622ip,015560c27ef31026,[015560c27e],https://www.walletexplorer.com/wallet/015560c27ef31026,ok,,2026-06-27T10:10:52.593128+00:00
1D4TG8fF9YRbJprs1B3SLRawUsvLUAwQ4B,000f35cb33c4d172,[000f35cb33],https://www.walletexplorer.com/wallet/000f35cb33c4d172,ok,,2026-06-27T10:10:53.095836+00:00
1JAfWvskGUVVshBjinJVvivJgxD38jBs4C,000f35cb33c4d172,[000f35cb33],https://www.walletexplorer.com/wallet/000f35cb33c4d172,ok,,2026-06-27T10:10:53.719386+00:00
19erNemEmQTid4K5DRWW5aLvTQ8Lne3trZ,015560c27ef31026,[015560c27e],https://www.walletexplorer.com/wallet/015560c27ef31026,ok,,2026-06-27T10:10:54.314037+00:00
1Gmg1ghNpAnZAZ8tZrziPwYNjTHUW15yxu,000f35cb33c4d172,[000f35cb33],https://www.walletexplorer.com/wallet/000f35cb33c4d172,ok,,2026-06-27T10:10:54.847558+00:00
1MqNkvsZKtsxDXaBFtgXj6yRT6YKDjfzdB,000f35cb33c4d172,[000f35cb33],https://www.walletexplorer.com/wallet/000f35cb33c4d172,ok,,2026-06-27T10:10:55.298182+00:00
114u8Z9VaRRYeF2HGE9bvAPPzikHVweBuv,015560c27ef31026,[015560c27e],https://www.walletexplorer.com/wallet/015560c27ef31026,ok,,2026-06-27T10:10:55.809448+00:00
16wTjhkH3BcBRXzVeLa9Jvjvxjo568s8yT,000f35cb33c4d172,[000f35cb33],https://www.walletexplorer.com/wallet/000f35cb33c4d172,ok,,2026-06-27T10:10:56.333825+00:00
16AbcECPtUYUi4kSxwNCLkBiCvtMVEymFi,015560c27ef31026,[015560c27e],https://www.walletexplorer.com/wallet/015560c27ef31026,ok,,2026-06-27T10:10:56.888425+00:00
1EMTCcvLdCBV4VLp4Wzru9GWwfss4LKa6E,015560c27ef31026,[015560c27e],https://www.walletexplorer.com/wallet/015560c27ef31026,ok,,2026-06-27T10:10:57.409064+00:00
1GP2Dfqb3Hha3WaErEBhx4AjW4MiEVraAn,000f35cb33c4d172,[000f35cb33],https://www.walletexplorer.com/wallet/000f35cb33c4d172,ok,,2026-06-27T10:10:57.971640+00:00
1CcN16gFEjcLs7e9Rdfr6xd2dvMWjV3pHg,000f35cb33c4d172,[000f35cb33],https://www.walletexplorer.com/wallet/000f35cb33c4d172,ok,,2026-06-27T10:10:58.445412+00:00
1K3wu1rqc6UefJDuNgr5qjm2ymEoMFUVcL,000f35cb33c4d172,[000f35cb33],https://www.walletexplorer.com/wallet/000f35cb33c4d172,ok,,2026-06-27T10:10:58.868933+00:00
17fX2YUADoGjGwro6wC7bi9oQHBf9hAKXh,015560c27ef31026,[015560c27e],https://www.walletexplorer.com/wallet/015560c27ef31026,ok,,2026-06-27T10:10:59.381102+00:00
18Zwi8mFndk5d3XtK6mbbHsSVJyzKkgApn,015560c27ef31026,[015560c27e],https://www.walletexplorer.com/wallet/015560c27ef31026,ok,,2026-06-27T10:11:00.108435+00:00
1GYqkGDmoQQo7Yk245R2QNDiia1tEPSgPv,000f35cb33c4d172,[000f35cb33],https://www.walletexplorer.com/wallet/000f35cb33c4d172,ok,,2026-06-27T10:11:00.572374+00:00
1JbzhamiPxaNVNG3kMs7ehs5o6rZiW1BBW,000f35cb33c4d172,[000f35cb33],https://www.walletexplorer.com/wallet/000f35cb33c4d172,ok,,2026-06-27T10:11:01.106329+00:00
1B45fyA5pTWM2Qskta77NAgdg4aHqvb87n,015560c27ef31026,[015560c27e],https://www.walletexplorer.com/wallet/015560c27ef31026,ok,,2026-06-27T10:11:01.638558+00:00
1C5NLG2jXzrDqnLkVvDYoDUY7twkwxqorD,000f35cb33c4d172,[000f35cb33],https://www.walletexplorer.com/wallet/000f35cb33c4d172,ok,,2026-06-27T10:11:02.186633+00:00
19b7HbHrjvwWxscgaCVd3y7tUXmzn5poZi,015560c27ef31026,[015560c27e],https://www.walletexplorer.com/wallet/015560c27ef31026,ok,,2026-06-27T10:11:03.203467+00:00
193VZwqhB5sWwBrnYZtBkzqmKdbVTUFZqm,015560c27ef31026,[015560c27e],https://www.walletexplorer.com/wallet/015560c27ef31026,ok,,2026-06-27T10:11:03.867659+00:00
1EPKnjVyunDNZVWPtpDennGuTtG6kV17Hh,015560c27ef31026,[015560c27e],https://www.walletexplorer.com/wallet/015560c27ef31026,ok,,2026-06-27T10:11:04.366686+00:00
17SQiQfpFLd6avVrvAi3p83YaQmaPk86zz,000f35cb33c4d172,[000f35cb33],https://www.walletexplorer.com/wallet/000f35cb33c4d172,ok,,2026-06-27T10:11:04.952784+00:00
145D6st95a8voP6Xhb4eAzv5Rcr52d9wjX,000f35cb33c4d172,[000f35cb33],https://www.walletexplorer.com/wallet/000f35cb33c4d172,ok,,2026-06-27T10:11:05.480806+00:00
1A4cC8AjWU1HCYitD4QnYbESWkm2PMUdDU,000f35cb33c4d172,[000f35cb33],https://www.walletexplorer.com/wallet/000f35cb33c4d172,ok,,2026-06-27T10:11:06.043204+00:00
1KTSN7etq3VZf5LrrWXkKo4S9dkpVGgcVU,000f35cb33c4d172,[000f35cb33],https://www.walletexplorer.com/wallet/000f35cb33c4d172,ok,,2026-06-27T10:11:06.584409+00:00
1NTKPi8XqQYnkZsLsrqbGJCszUJQo192dn,000f35cb33c4d172,[000f35cb33],https://www.walletexplorer.com/wallet/000f35cb33c4d172,ok,,2026-06-27T10:11:07.628424+00:00
1Depwb2aaYU7TJ8B2BvoeRbEcWhyVXaBHg,000f35cb33c4d172,[000f35cb33],https://www.walletexplorer.com/wallet/000f35cb33c4d172,ok,,2026-06-27T10:11:08.241735+00:00
1MwakVzKjLLESnehFfMrzcCu6Hu9Li6fZV,000f35cb33c4d172,[000f35cb33],https://www.walletexplorer.com/wallet/000f35cb33c4d172,ok,,2026-06-27T10:11:08.784477+00:00
1EkoogjeZSCWUdzt5rvN9eeQVKkHKkfysX,000f35cb33c4d172,[000f35cb33],https://www.walletexplorer.com/wallet/000f35cb33c4d172,ok,,2026-06-27T10:11:09.264667+00:00
1PQc9PepCPqv78YEBP6jyVz81YKDfcXGtM,015560c27ef31026,[015560c27e],https://www.walletexplorer.com/wallet/015560c27ef31026,ok,,2026-06-27T10:11:09.737517+00:00
1CfkAmUysimQbxxAf4AtBHCR6WHpWgTAFX,000f35cb33c4d172,[000f35cb33],https://www.walletexplorer.com/wallet/000f35cb33c4d172,ok,,2026-06-27T10:11:10.307076+00:00
1CQEZc6T89tT5FHAVn1BcMifHU6EZchbbH,000f35cb33c4d172,[000f35cb33],https://www.walletexplorer.com/wallet/000f35cb33c4d172,ok,,2026-06-27T10:11:10.871942+00:00
1BnoeRyyUAqUhLwjfA49L9wG9MPLBq5ABL,000f35cb33c4d172,[000f35cb33],https://www.walletexplorer.com/wallet/000f35cb33c4d172,ok,,2026-06-27T10:11:11.944974+00:00
14CSzyRxrRky2qS76qtDMZgyaFsTp9JtoL,000f35cb33c4d172,[000f35cb33],https://www.walletexplorer.com/wallet/000f35cb33c4d172,ok,,2026-06-27T10:11:12.733803+00:00
1znMVDbqMazTm2x4tkKxxTc1DCzDFdUNW,015560c27ef31026,[015560c27e],https://www.walletexplorer.com/wallet/015560c27ef31026,ok,,2026-06-27T10:11:13.344414+00:00
1EaiaU57icVJYGrQfHHFM7CT8QCFtgqYuK,000f35cb33c4d172,[000f35cb33],https://www.walletexplorer.com/wallet/000f35cb33c4d172,ok,,2026-06-27T10:11:13.945081+00:00
1955KaSxQL2ufc9XC2Dtuw72WiXU6TJB4z,000f35cb33c4d172,[000f35cb33],https://www.walletexplorer.com/wallet/000f35cb33c4d172,ok,,2026-06-27T10:11:14.825662+00:00
19Q5SLv6gDyCXGM4RsHoqWnq9Ji8rng2K1,015560c27ef31026,[015560c27e],https://www.walletexplorer.com/wallet/015560c27ef31026,ok,,2026-06-27T10:11:15.344857+00:00
13uJEN7YpTssqBsETcX5eBAZQHGkNt5Hqc,000f35cb33c4d172,[000f35cb33],https://www.walletexplorer.com/wallet/000f35cb33c4d172,ok,,2026-06-27T10:11:15.988664+00:00
1A9p4KtW1rxR9FowZGehmVC21znrhaxd1Y,000f35cb33c4d172,[000f35cb33],https://www.walletexplorer.com/wallet/000f35cb33c4d172,ok,,2026-06-27T10:11:16.514884+00:00
18UYYf8Nsyk1E1fTksBJM2CAEdzaK9WfxQ,000f35cb33c4d172,[000f35cb33],https://www.walletexplorer.com/wallet/000f35cb33c4d172,ok,,2026-06-27T10:11:17.078617+00:00
19paLPN3uPvdPcesTzJdWq8TyPYsNfTK6i,000f35cb33c4d172,[000f35cb33],https://www.walletexplorer.com/wallet/000f35cb33c4d172,ok,,2026-06-27T10:11:17.715821+00:00
12TWgAZSztVfGtzxxmJXDAZTKmYtVDzH11,000f35cb33c4d172,[000f35cb33],https://www.walletexplorer.com/wallet/000f35cb33c4d172,ok,,2026-06-27T10:11:18.237285+00:00
1D8aVhAZE9b7rYc7bBuP5cZzyhxJeH7LvL,000f35cb33c4d172,[000f35cb33],https://www.walletexplorer.com/wallet/000f35cb33c4d172,ok,,2026-06-27T10:11:19.634806+00:00
1Med25nSWo8qukFGhLq2ncBN849rbMfGGM,000f35cb33c4d172,[000f35cb33],https://www.walletexplorer.com/wallet/000f35cb33c4d172,ok,,2026-06-27T10:11:20.182040+00:00
1AQfQEg9DEvXjXY5biKqknbkcuaqjJSPwg,000f35cb33c4d172,[000f35cb33],https://www.walletexplorer.com/wallet/000f35cb33c4d172,ok,,2026-06-27T10:11:20.682494+00:00
18CxxJMB9QtWF8t1ohTrXVo21akAEtncqh,000f35cb33c4d172,[000f35cb33],https://www.walletexplorer.com/wallet/000f35cb33c4d172,ok,,2026-06-27T10:11:21.252010+00:00
1CKyMobZzWMK1uZNBCjTg4QGoVr7HLBqJf,000f35cb33c4d172,[000f35cb33],https://www.walletexplorer.com/wallet/000f35cb33c4d172,ok,,2026-06-27T10:11:21.741692+00:00
1HQyquBLKB9NMJaTdiPJvpXcJFcTYKyabD,000f35cb33c4d172,[000f35cb33],https://www.walletexplorer.com/wallet/000f35cb33c4d172,ok,,2026-06-27T10:11:22.260936+00:00
1Ehs2rjeiq9DJm5HyU1vG4dEcpSbPaeTgg,000f35cb33c4d172,[000f35cb33],https://www.walletexplorer.com/wallet/000f35cb33c4d172,ok,,2026-06-27T10:11:22.797759+00:00
1Bqr6fmiKjcQrCLTMc7d7QmRKChWuBCCbd,000f35cb33c4d172,[000f35cb33],https://www.walletexplorer.com/wallet/000f35cb33c4d172,ok,,2026-06-27T10:11:23.770525+00:00
14HtRZ3dKF7XRNcRGAhkSwRgYQLwHM53wT,000f35cb33c4d172,[000f35cb33],https://www.walletexplorer.com/wallet/000f35cb33c4d172,ok,,2026-06-27T10:11:24.237577+00:00
1VTeqMmKW45Zjz1ASeKs8H6ekE9cRRAo2,000f35cb33c4d172,[000f35cb33],https://www.walletexplorer.com/wallet/000f35cb33c4d172,ok,,2026-06-27T10:11:24.708530+00:00
1FAGD9kTBmgdLL8LtD7id2PMZ5RPtKmJwj,000f35cb33c4d172,[000f35cb33],https://www.walletexplorer.com/wallet/000f35cb33c4d172,ok,,2026-06-27T10:11:25.213526+00:00
1E4yvFYa8iYTQQaioMJfbk7XtJMBBausEL,000f35cb33c4d172,[000f35cb33],https://www.walletexplorer.com/wallet/000f35cb33c4d172,ok,,2026-06-27T10:11:25.721260+00:00
1JcZGCjRcKNdsHRB1B3DaV3F8nBsmytRos,000f35cb33c4d172,[000f35cb33],https://www.walletexplorer.com/wallet/000f35cb33c4d172,ok,,2026-06-27T10:11:26.255212+00:00
1JPHVuuzHCVDZ5igfi4Fqjc47QdGhkxduM,000f35cb33c4d172,[000f35cb33],https://www.walletexplorer.com/wallet/000f35cb33c4d172,ok,,2026-06-27T10:11:27.079105+00:00
16oAZhcoNCJd6mMpimgAZ2KgceWAXcAEjj,000f35cb33c4d172,[000f35cb33],https://www.walletexplorer.com/wallet/000f35cb33c4d172,ok,,2026-06-27T10:11:28.084298+00:00
1ACG9MLb625tu8Yus6XLskxVfNBAha9VbZ,000f35cb33c4d172,[000f35cb33],https://www.walletexplorer.com/wallet/000f35cb33c4d172,ok,,2026-06-27T10:11:28.685688+00:00
1JuwY6Aw8XyJSjjuAPTzg5WCkHka2VAkaK,000f35cb33c4d172,[000f35cb33],https://www.walletexplorer.com/wallet/000f35cb33c4d172,ok,,2026-06-27T10:11:29.256700+00:00
1KjaEUuYUEG98c9wKrx2b5ixR3ti4iT4M6,000f35cb33c4d172,[000f35cb33],https://www.walletexplorer.com/wallet/000f35cb33c4d172,ok,,2026-06-27T10:11:29.780710+00:00
1HMzHnSxYXLaZu6TuekQjn4MJXZgaNB5b2,000f35cb33c4d172,[000f35cb33],https://www.walletexplorer.com/wallet/000f35cb33c4d172,ok,,2026-06-27T10:11:30.316637+00:00
134G87MXschwyXUzdDjQgJLaXGhThcen5c,000f35cb33c4d172,[000f35cb33],https://www.walletexplorer.com/wallet/000f35cb33c4d172,ok,,2026-06-27T10:11:30.797561+00:00
12fZnJy73pdjBTZkAcU1mYRY4L6a84kRku,000f35cb33c4d172,[000f35cb33],https://www.walletexplorer.com/wallet/000f35cb33c4d172,ok,,2026-06-27T10:11:31.349428+00:00
1LURC5aLbWofPSkreLWgWehhNircs9TGAY,028a8385ea759fab,[028a8385ea],https://www.walletexplorer.com/wallet/028a8385ea759fab,ok,,2026-06-27T10:11:32.085008+00:00
17o3k6qMg897ta8WDL3NFBxQWgHTDBZcC7,000f35cb33c4d172,[000f35cb33],https://www.walletexplorer.com/wallet/000f35cb33c4d172,ok,,2026-06-27T10:11:32.637467+00:00
1FCzk6bKo7LNjMzExHPYYJxNEoTbw1FD36,043c1e5c311a9513,[043c1e5c31],https://www.walletexplorer.com/wallet/043c1e5c311a9513,ok,,2026-06-27T10:11:33.112861+00:00
1GnFyxBEG785Mh8EGKV21MR8bEE2r9VpQU,015560c27ef31026,[015560c27e],https://www.walletexplorer.com/wallet/015560c27ef31026,ok,,2026-06-27T10:11:33.599601+00:00
1A6RZqJm2umTcu15LGazcnBmtNK7Kdr9g7,000f35cb33c4d172,[000f35cb33],https://www.walletexplorer.com/wallet/000f35cb33c4d172,ok,,2026-06-27T10:11:34.396047+00:00
1CvtKUvXM2g9u4VR47Bj6UoH31sNpmLZte,000f35cb33c4d172,[000f35cb33],https://www.walletexplorer.com/wallet/000f35cb33c4d172,ok,,2026-06-27T10:11:35.600625+00:00
1Frhczs2XxDawehordvJPLCg6yxrXnMz1H,010d6f47a5c51fb1,[010d6f47a5],https://www.walletexplorer.com/wallet/010d6f47a5c51fb1,ok,,2026-06-27T10:11:36.219446+00:00
19RPgkvebGBSuVY4SbWujHJKEv8BnMuJbG,000305c34ca27efe,[000305c34c],https://www.walletexplorer.com/wallet/000305c34ca27efe,ok,,2026-06-27T10:11:36.777161+00:00
15NQsUemMaQ27ptA7RBchCQ5LrrMgXPUJy,000305c34ca27efe,[000305c34c],https://www.walletexplorer.com/wallet/000305c34ca27efe,ok,,2026-06-27T10:11:37.305195+00:00
1Acyq8zY6rXyJ3NXnfHsbE7iYavqCkzhPF,000305c34ca27efe,[000305c34c],https://www.walletexplorer.com/wallet/000305c34ca27efe,ok,,2026-06-27T10:11:37.777001+00:00
1bBpAVG72zpvDHEruwasnwAQHde7oKMdD,000305c34ca27efe,[000305c34c],https://www.walletexplorer.com/wallet/000305c34ca27efe,ok,,2026-06-27T10:11:38.363465+00:00
1LTn9gSzaZfRx2uKcsL2D8VAVuZ8zwu58,000305c34ca27efe,[000305c34c],https://www.walletexplorer.com/wallet/000305c34ca27efe,ok,,2026-06-27T10:11:39.329027+00:00
1N2dFCbe6bQVmLASs6qMurcq8nVEf8mZHb,000305c34ca27efe,[000305c34c],https://www.walletexplorer.com/wallet/000305c34ca27efe,ok,,2026-06-27T10:11:39.854619+00:00
1QwCzLLwvMG4Uhzer8JbZna3ofNsNRx2g,000305c34ca27efe,[000305c34c],https://www.walletexplorer.com/wallet/000305c34ca27efe,ok,,2026-06-27T10:11:40.331446+00:00
15pjhtVMYvcUjc4uxDGBNvvbBAy5TikGP9,000305c34ca27efe,[000305c34c],https://www.walletexplorer.com/wallet/000305c34ca27efe,ok,,2026-06-27T10:11:40.816702+00:00
13gUoGC6NP1c7YPxrmeb7KGUMDzFfoRvF7,000305c34ca27efe,[000305c34c],https://www.walletexplorer.com/wallet/000305c34ca27efe,ok,,2026-06-27T10:11:41.305827+00:00
1Q4Tc417KpCenPLv2G2r7UCbNCGFHn9UVg,000305c34ca27efe,[000305c34c],https://www.walletexplorer.com/wallet/000305c34ca27efe,ok,,2026-06-27T10:11:41.797250+00:00
1J4XMLGZ8zEDUiaeHkPPy4Jwdp7Z9SBi87,000305c34ca27efe,[000305c34c],https://www.walletexplorer.com/wallet/000305c34ca27efe,ok,,2026-06-27T10:11:42.328064+00:00
1QA5veipPhdThrbg4NbTX3qt4e7spBqRaF,000305c34ca27efe,[000305c34c],https://www.walletexplorer.com/wallet/000305c34ca27efe,ok,,2026-06-27T10:11:42.756225+00:00
1Muxf6WpCatxQtnAkk6NG7cPy7nAgRUKR2,000305c34ca27efe,[000305c34c],https://www.walletexplorer.com/wallet/000305c34ca27efe,ok,,2026-06-27T10:11:43.307105+00:00
1867JixsRzVXJDb1H5fNyv8orr9yvdkrQS,000305c34ca27efe,[000305c34c],https://www.walletexplorer.com/wallet/000305c34ca27efe,ok,,2026-06-27T10:11:43.959756+00:00
1Pma18KzFJN5vNZ4rk2Rfzq7jhaZe3QRyB,000305c34ca27efe,[000305c34c],https://www.walletexplorer.com/wallet/000305c34ca27efe,ok,,2026-06-27T10:11:44.594333+00:00
1DJN4jgJxFWsZN4e91gsBpp8JoGc5wgXN8,000305c34ca27efe,[000305c34c],https://www.walletexplorer.com/wallet/000305c34ca27efe,ok,,2026-06-27T10:11:45.086623+00:00
1EvgiMhvsSjj5Pmw6RJgaiMtSHPY3i8o9H,000305c34ca27efe,[000305c34c],https://www.walletexplorer.com/wallet/000305c34ca27efe,ok,,2026-06-27T10:11:45.600055+00:00
12zE8Nz7cEixCZ6kMTxcbX5bJPXuxGnhfF,000305c34ca27efe,[000305c34c],https://www.walletexplorer.com/wallet/000305c34ca27efe,ok,,2026-06-27T10:11:46.116671+00:00
1PN1tFf2LMVeyGtHwuzXthBCgB3gALqEr,000305c34ca27efe,[000305c34c],https://www.walletexplorer.com/wallet/000305c34ca27efe,ok,,2026-06-27T10:11:46.693299+00:00
15iAVLugSY7RcQfVLikwvbdjtxLt8zVwNr,000305c34ca27efe,[000305c34c],https://www.walletexplorer.com/wallet/000305c34ca27efe,ok,,2026-06-27T10:11:47.151206+00:00
1GaBRuK78XSLQX8erGpDrL1KXKdv5b1eda,000305c34ca27efe,[000305c34c],https://www.walletexplorer.com/wallet/000305c34ca27efe,ok,,2026-06-27T10:11:47.625561+00:00
18WVwRJKKooUfbJ1VjhqypPLJzHY7F1pmp,000305c34ca27efe,[000305c34c],https://www.walletexplorer.com/wallet/000305c34ca27efe,ok,,2026-06-27T10:11:48.127468+00:00
1HPxfB5QUD2ScEAoQv39revNK2X7iorPDg,000305c34ca27efe,[000305c34c],https://www.walletexplorer.com/wallet/000305c34ca27efe,ok,,2026-06-27T10:11:48.617760+00:00
1MS8NLdUsnfhA9CPzjZVHnDWwmz4kzULWb,000305c34ca27efe,[000305c34c],https://www.walletexplorer.com/wallet/000305c34ca27efe,ok,,2026-06-27T10:11:49.115797+00:00
1bM8Nz71unjsLEabvCA25szgTvuedTJvy,000305c34ca27efe,[000305c34c],https://www.walletexplorer.com/wallet/000305c34ca27efe,ok,,2026-06-27T10:11:49.650888+00:00
1Nmfic3XNzR5jPiV2C38diJ24bXJopHedp,000305c34ca27efe,[000305c34c],https://www.walletexplorer.com/wallet/000305c34ca27efe,ok,,2026-06-27T10:11:50.144419+00:00
1DVUpi3C5UMBFmuhow4TZSFQgFS5tih3uo,000305c34ca27efe,[000305c34c],https://www.walletexplorer.com/wallet/000305c34ca27efe,ok,,2026-06-27T10:11:50.593878+00:00
1KMDM13cYALn2rVGkUmeDK82Uzso9Z3koq,000305c34ca27efe,[000305c34c],https://www.walletexplorer.com/wallet/000305c34ca27efe,ok,,2026-06-27T10:11:51.050951+00:00
1KoPVYzWKMDx3HA1g5a3kDJqZKZR24c7Uh,000305c34ca27efe,[000305c34c],https://www.walletexplorer.com/wallet/000305c34ca27efe,ok,,2026-06-27T10:11:51.527307+00:00
1DRK3niBxeHFWDBLwn3qnA3iwEW6Cgcywz,000305c34ca27efe,[000305c34c],https://www.walletexplorer.com/wallet/000305c34ca27efe,ok,,2026-06-27T10:11:52.274998+00:00
18pF3igVXDgpTCwTnpZigsYup3yT8Be212,000305c34ca27efe,[000305c34c],https://www.walletexplorer.com/wallet/000305c34ca27efe,ok,,2026-06-27T10:11:52.895398+00:00
17GnWV59bU5CNBUsrhmq9XgzSAtrQUndfQ,000305c34ca27efe,[000305c34c],https://www.walletexplorer.com/wallet/000305c34ca27efe,ok,,2026-06-27T10:11:53.415897+00:00
121GGY6QGgZ6KYJKaBwBQiGf2bRHtW1b94,000305c34ca27efe,[000305c34c],https://www.walletexplorer.com/wallet/000305c34ca27efe,ok,,2026-06-27T10:11:53.896508+00:00
1P5wBnP5P3MruPxJaAVeBSpZ8LTdyGg33X,000305c34ca27efe,[000305c34c],https://www.walletexplorer.com/wallet/000305c34ca27efe,ok,,2026-06-27T10:11:54.482748+00:00
14hMcRaFqsSuTjKTJLJx4Wkq7JVJ8Y97T2,1ba30c935d4f40bb,[1ba30c935d],https://www.walletexplorer.com/wallet/1ba30c935d4f40bb,ok,,2026-06-27T10:11:55.052937+00:00
1FQLFmhSo2yAAroyZNSv1M5sRsYTKWvbMR,000305c34ca27efe,[000305c34c],https://www.walletexplorer.com/wallet/000305c34ca27efe,ok,,2026-06-27T10:11:55.555087+00:00
144x7gP3M5Gaf13RSSqmRGKKEQyYgDuDzs,000305c34ca27efe,[000305c34c],https://www.walletexplorer.com/wallet/000305c34ca27efe,ok,,2026-06-27T10:11:56.103349+00:00
1K8CFUuxKyPXmfrbgMNJrUHdX86U5X1ynQ,000305c34ca27efe,[000305c34c],https://www.walletexplorer.com/wallet/000305c34ca27efe,ok,,2026-06-27T10:11:56.547890+00:00
18qAqBenMY9RrBCCfMeGL5Gg9As4bAYrGS,000305c34ca27efe,[000305c34c],https://www.walletexplorer.com/wallet/000305c34ca27efe,ok,,2026-06-27T10:11:57.063939+00:00
19MyprPmDTQVDix3pGxBm5RfJcWaC3iSRB,000305c34ca27efe,[000305c34c],https://www.walletexplorer.com/wallet/000305c34ca27efe,ok,,2026-06-27T10:11:57.481348+00:00
1NPW7Grm5kbmz9LjnytqzBDxpjrAUcJXWr,000305c34ca27efe,[000305c34c],https://www.walletexplorer.com/wallet/000305c34ca27efe,ok,,2026-06-27T10:11:57.999306+00:00
1A5DugPxBfj5nwUjvMDUzQPDZ5Le7FQcKo,000305c34ca27efe,[000305c34c],https://www.walletexplorer.com/wallet/000305c34ca27efe,ok,,2026-06-27T10:11:58.606330+00:00
1MkvZmjnvRuGVNzU1ctJ1BzFeMoY2hFV5R,000305c34ca27efe,[000305c34c],https://www.walletexplorer.com/wallet/000305c34ca27efe,ok,,2026-06-27T10:11:59.205613+00:00
18M1ZVDeZgS4TwhrjDh6p8mN6yv2bYt6kt,000305c34ca27efe,[000305c34c],https://www.walletexplorer.com/wallet/000305c34ca27efe,ok,,2026-06-27T10:11:59.730877+00:00
17RiLLhNQsEBas3htRHj7dg6TSiZEkjMNs,000305c34ca27efe,[000305c34c],https://www.walletexplorer.com/wallet/000305c34ca27efe,ok,,2026-06-27T10:12:00.261786+00:00
19cRH6ct3hA8711NTUNn3mCEoxL69YhazF,000305c34ca27efe,[000305c34c],https://www.walletexplorer.com/wallet/000305c34ca27efe,ok,,2026-06-27T10:12:00.737382+00:00
1KU7GYa4uptjw6WuWT3o2yBue3FXVqN9xy,000305c34ca27efe,[000305c34c],https://www.walletexplorer.com/wallet/000305c34ca27efe,ok,,2026-06-27T10:12:01.566623+00:00
1LE3735hY2tNxPNSoUcM9uGG4NfQTmDB4P,000305c34ca27efe,[000305c34c],https://www.walletexplorer.com/wallet/000305c34ca27efe,ok,,2026-06-27T10:12:02.090729+00:00
1GYsJ5jkB2R8jDX9DPp42LJiB7CFKBViEi,000305c34ca27efe,[000305c34c],https://www.walletexplorer.com/wallet/000305c34ca27efe,ok,,2026-06-27T10:12:02.594136+00:00
1KgxythS8kAHvJh89RWmLrZKMpR6qzHRCV,000305c34ca27efe,[000305c34c],https://www.walletexplorer.com/wallet/000305c34ca27efe,ok,,2026-06-27T10:12:03.063772+00:00
15Lg9LwWU9beHBYbq2b1RZPo9CZL5hvvLw,000305c34ca27efe,[000305c34c],https://www.walletexplorer.com/wallet/000305c34ca27efe,ok,,2026-06-27T10:12:03.551972+00:00
1wchG58aJX2UAGYSrcu5LRE5q3uARbTdE,000305c34ca27efe,[000305c34c],https://www.walletexplorer.com/wallet/000305c34ca27efe,ok,,2026-06-27T10:12:04.059830+00:00
166eoaxsYPzSTSAdV8m7t3BnFR8Bp6s3yW,000305c34ca27efe,[000305c34c],https://www.walletexplorer.com/wallet/000305c34ca27efe,ok,,2026-06-27T10:12:04.549101+00:00
1KFTwaQDHAD8upPz5RA4MJ78i6Yh5UskFn,000305c34ca27efe,[000305c34c],https://www.walletexplorer.com/wallet/000305c34ca27efe,ok,,2026-06-27T10:12:04.971906+00:00
12NMn2WmZ6hpgP6d2PuwWCNe2CcCbkrwev,000305c34ca27efe,[000305c34c],https://www.walletexplorer.com/wallet/000305c34ca27efe,ok,,2026-06-27T10:12:05.521840+00:00
1NJH6PfEvULnmBauLCjPy2x67Qkox5o31o,000305c34ca27efe,[000305c34c],https://www.walletexplorer.com/wallet/000305c34ca27efe,ok,,2026-06-27T10:12:06.086781+00:00
1AmoKvbyhyxvt4RUmVMFH1LjZhTfz9XSmn,000305c34ca27efe,[000305c34c],https://www.walletexplorer.com/wallet/000305c34ca27efe,ok,,2026-06-27T10:12:06.531886+00:00
1HSbtuqKv4a1YuXD3DMqgrSYBnUuCrMEp6,000305c34ca27efe,[000305c34c],https://www.walletexplorer.com/wallet/000305c34ca27efe,ok,,2026-06-27T10:12:07.055295+00:00
1y4YGjWgdJn2NrUoebTgS3BpCNYiiZ8iF,000305c34ca27efe,[000305c34c],https://www.walletexplorer.com/wallet/000305c34ca27efe,ok,,2026-06-27T10:12:07.607016+00:00
1JiMsvfwUc5hWAofgQdv3AsM7jjB3Kb8fw,000305c34ca27efe,[000305c34c],https://www.walletexplorer.com/wallet/000305c34ca27efe,ok,,2026-06-27T10:12:08.166599+00:00
115a23YZWNEPHPXAA6ucyGVzodovg9ikiD,000305c34ca27efe,[000305c34c],https://www.walletexplorer.com/wallet/000305c34ca27efe,ok,,2026-06-27T10:12:08.707371+00:00
15YHU4mBFuxVqCv1vrurMonDh8qAi3UxiQ,000305c34ca27efe,[000305c34c],https://www.walletexplorer.com/wallet/000305c34ca27efe,ok,,2026-06-27T10:12:09.225013+00:00
12Nfc2dHDEwcNxX1qeZzk6RNVmUbHnfLrs,000305c34ca27efe,[000305c34c],https://www.walletexplorer.com/wallet/000305c34ca27efe,ok,,2026-06-27T10:12:09.756917+00:00
12HGhTSTMXtDuaFBrBrYCwJesob6RRKCCu,000305c34ca27efe,[000305c34c],https://www.walletexplorer.com/wallet/000305c34ca27efe,ok,,2026-06-27T10:12:10.551107+00:00
1JmbT2kUY7AqZFjWU7U7ba7c7f1n7QQaqD,000305c34ca27efe,[000305c34c],https://www.walletexplorer.com/wallet/000305c34ca27efe,ok,,2026-06-27T10:12:10.874844+00:00
1DkvDXZn4LMKDYdKxVB7eoh7htQoDcoL1h,000305c34ca27efe,[000305c34c],https://www.walletexplorer.com/wallet/000305c34ca27efe,ok,,2026-06-27T10:12:11.321045+00:00
1Crtn6cdnUBHLLy3XJ9MCeQkpDe2k1WVn1,000305c34ca27efe,[000305c34c],https://www.walletexplorer.com/wallet/000305c34ca27efe,ok,,2026-06-27T10:12:11.900055+00:00
1GHpgMh88g7UTG3tUdF8K6Qu35sk2mc6BL,000305c34ca27efe,[000305c34c],https://www.walletexplorer.com/wallet/000305c34ca27efe,ok,,2026-06-27T10:12:12.387039+00:00
1LaL6FGZuUpqWZ1J4WLkiBXJz7t4wGFjJd,000305c34ca27efe,[000305c34c],https://www.walletexplorer.com/wallet/000305c34ca27efe,ok,,2026-06-27T10:12:12.790350+00:00
1N7mEjaufuCSSbuipvypur6CL73jXHRixH,000305c34ca27efe,[000305c34c],https://www.walletexplorer.com/wallet/000305c34ca27efe,ok,,2026-06-27T10:12:13.309953+00:00
1MGpKHWxjaAKFnHQRszCXTAccB5r2V4uAp,000305c34ca27efe,[000305c34c],https://www.walletexplorer.com/wallet/000305c34ca27efe,ok,,2026-06-27T10:12:13.810659+00:00
1PCQ91jLsxciXJviZWRccGRYEjUwRVfbbB,000305c34ca27efe,[000305c34c],https://www.walletexplorer.com/wallet/000305c34ca27efe,ok,,2026-06-27T10:12:14.295309+00:00
1LQA3R4exZPFtAWg5dnt1VoLbJN5Xgtxaj,000305c34ca27efe,[000305c34c],https://www.walletexplorer.com/wallet/000305c34ca27efe,ok,,2026-06-27T10:12:14.758521+00:00
1FBiJimYXLUDu7gKt47QvwHFawT3MSiEkD,000305c34ca27efe,[000305c34c],https://www.walletexplorer.com/wallet/000305c34ca27efe,ok,,2026-06-27T10:12:15.322027+00:00
14WpbiDYavHRiJpaUaF2mYiiwfkLuL9zQC,000305c34ca27efe,[000305c34c],https://www.walletexplorer.com/wallet/000305c34ca27efe,ok,,2026-06-27T10:12:15.840613+00:00
15pvGK95hpYNffDpCzRhtptmcuxqQ5Qzqh,000305c34ca27efe,[000305c34c],https://www.walletexplorer.com/wallet/000305c34ca27efe,ok,,2026-06-27T10:12:16.394345+00:00
1KzK91EMNNB2wfaHFytg1BLcXuS48pK6bP,000305c34ca27efe,[000305c34c],https://www.walletexplorer.com/wallet/000305c34ca27efe,ok,,2026-06-27T10:12:17.028279+00:00
1kgPwGwkuqx3twPkAx7FdjFNxX7AkU8Nh,000305c34ca27efe,[000305c34c],https://www.walletexplorer.com/wallet/000305c34ca27efe,ok,,2026-06-27T10:12:17.676464+00:00
1CFJs3Ua6aPXt8ppQ46ATEaonN5AnLsuBr,000305c34ca27efe,[000305c34c],https://www.walletexplorer.com/wallet/000305c34ca27efe,ok,,2026-06-27T10:12:18.276133+00:00
1MKJazPZxQxHmE32LRixQ5hFrxiAVbVZ2N,000305c34ca27efe,[000305c34c],https://www.walletexplorer.com/wallet/000305c34ca27efe,ok,,2026-06-27T10:12:18.975772+00:00
1dewPP2J28Ztzp6MBCo6GFEFdqqS8gCtJ,000305c34ca27efe,[000305c34c],https://www.walletexplorer.com/wallet/000305c34ca27efe,ok,,2026-06-27T10:12:19.606359+00:00
14Z1fhrcgXk3gXiTwK15siQN2gGQy33kyk,000305c34ca27efe,[000305c34c],https://www.walletexplorer.com/wallet/000305c34ca27efe,ok,,2026-06-27T10:12:20.166264+00:00
1KV8ydtpCJo2gNTPFDvJitEyXSTzms5VU4,000305c34ca27efe,[000305c34c],https://www.walletexplorer.com/wallet/000305c34ca27efe,ok,,2026-06-27T10:12:20.702755+00:00
1JehTgtsHur9tyNj3APETELTLphxELT8v,000305c34ca27efe,[000305c34c],https://www.walletexplorer.com/wallet/000305c34ca27efe,ok,,2026-06-27T10:12:21.243652+00:00
129BuT5y3aeZqfrHqgNVNp52tzCQFA7t4R,000305c34ca27efe,[000305c34c],https://www.walletexplorer.com/wallet/000305c34ca27efe,ok,,2026-06-27T10:12:21.709559+00:00
1JJKPvknoWdQ4yvRgGpBxNmKjqYNntvc7H,000305c34ca27efe,[000305c34c],https://www.walletexplorer.com/wallet/000305c34ca27efe,ok,,2026-06-27T10:12:22.211099+00:00
16gr64pofFL1Wv3zs2AV2dMPhqd6RKAzyG,000305c34ca27efe,[000305c34c],https://www.walletexplorer.com/wallet/000305c34ca27efe,ok,,2026-06-27T10:12:22.711187+00:00
1PHJoyu9D2cotoDXDQb2qcdZERr42YWeJx,000305c34ca27efe,[000305c34c],https://www.walletexplorer.com/wallet/000305c34ca27efe,ok,,2026-06-27T10:12:23.184640+00:00
1Kp4mQ96jdYYJSK9XAEYHrjsfuCtGGdbQk,000305c34ca27efe,[000305c34c],https://www.walletexplorer.com/wallet/000305c34ca27efe,ok,,2026-06-27T10:12:23.765149+00:00
1HA8fxfAX1mQ1mrCt5ZDss4k5Y3CeoZKth,000305c34ca27efe,[000305c34c],https://www.walletexplorer.com/wallet/000305c34ca27efe,ok,,2026-06-27T10:12:24.288509+00:00
1FSViEoL4x8WLoNzF67YkyNMYQwR8xHLHf,000305c34ca27efe,[000305c34c],https://www.walletexplorer.com/wallet/000305c34ca27efe,ok,,2026-06-27T10:12:24.799901+00:00
1EhF1CUo1jsNfT8AMtWvWUA6QhqTxanGnc,000305c34ca27efe,[000305c34c],https://www.walletexplorer.com/wallet/000305c34ca27efe,ok,,2026-06-27T10:12:25.314786+00:00
13PJZg33fwDhS2L2cckEnmzYE3scfijuE6,000305c34ca27efe,[000305c34c],https://www.walletexplorer.com/wallet/000305c34ca27efe,ok,,2026-06-27T10:12:25.825921+00:00
1Mdfz1AZq2Et2eU2vuM1hH1dzwMKpuNHML,000305c34ca27efe,[000305c34c],https://www.walletexplorer.com/wallet/000305c34ca27efe,ok,,2026-06-27T10:12:26.398506+00:00
18eWm1MKFzM8DZ5nTLryRi8fmKr81LpCzb,000305c34ca27efe,[000305c34c],https://www.walletexplorer.com/wallet/000305c34ca27efe,ok,,2026-06-27T10:12:26.962885+00:00
12U7h1VoUviMBt8oNJ5SVnbbcFuo587Xjn,000305c34ca27efe,[000305c34c],https://www.walletexplorer.com/wallet/000305c34ca27efe,ok,,2026-06-27T10:12:27.757359+00:00
1MqBDNeig6Vt39iyM2Hk4XTan3GWrUPS7s,000305c34ca27efe,[000305c34c],https://www.walletexplorer.com/wallet/000305c34ca27efe,ok,,2026-06-27T10:12:28.117316+00:00
1NKqTRiXDbBF8HPyepfYHXNUiS8jZNkZ6z,000305c34ca27efe,[000305c34c],https://www.walletexplorer.com/wallet/000305c34ca27efe,ok,,2026-06-27T10:12:28.579553+00:00
1MLidS2pgFzqbsmtTpk9unnYiJkXZq2zu6,000305c34ca27efe,[000305c34c],https://www.walletexplorer.com/wallet/000305c34ca27efe,ok,,2026-06-27T10:12:29.091047+00:00
16HrESgQzSHgpaEHFcTyncqHrW8USvHWwP,000305c34ca27efe,[000305c34c],https://www.walletexplorer.com/wallet/000305c34ca27efe,ok,,2026-06-27T10:12:29.596782+00:00
17i1FrgV1D81Pd6wFYDiMZPuVD7415FWtq,000305c34ca27efe,[000305c34c],https://www.walletexplorer.com/wallet/000305c34ca27efe,ok,,2026-06-27T10:12:30.078123+00:00
1DE7XHBWfSaTGXM4hvNcfUoeWaDkMhCVxr,000305c34ca27efe,[000305c34c],https://www.walletexplorer.com/wallet/000305c34ca27efe,ok,,2026-06-27T10:12:30.530399+00:00
1F4AZ2dRuNPdXqVaSdhWGk8rqEAbeN1Zh3,000305c34ca27efe,[000305c34c],https://www.walletexplorer.com/wallet/000305c34ca27efe,ok,,2026-06-27T10:12:31.056967+00:00
17p3Xyqi3AQw5PaB5zAoxW3RbXhAU7radW,000305c34ca27efe,[000305c34c],https://www.walletexplorer.com/wallet/000305c34ca27efe,ok,,2026-06-27T10:12:31.608264+00:00
1Ay75AHuwAHTaCh8DjvnP9UuecayKYRcEp,000305c34ca27efe,[000305c34c],https://www.walletexplorer.com/wallet/000305c34ca27efe,ok,,2026-06-27T10:12:32.309143+00:00
1J71WwP7SEXdX9S7Hs1q7fLuBHNdZpfpR3,000305c34ca27efe,[000305c34c],https://www.walletexplorer.com/wallet/000305c34ca27efe,ok,,2026-06-27T10:12:32.949002+00:00
18h7hEavUuUnv8Q5vofcZiYwqVKctkjorA,000305c34ca27efe,[000305c34c],https://www.walletexplorer.com/wallet/000305c34ca27efe,ok,,2026-06-27T10:12:33.407653+00:00
1PwhCunc23uHFq4qNALqhzsQvQAr1Fa67v,000305c34ca27efe,[000305c34c],https://www.walletexplorer.com/wallet/000305c34ca27efe,ok,,2026-06-27T10:12:33.898166+00:00
1EyTJSCPQJYV4S4rhBpJ3Qo6oy6NmTKKHp,000305c34ca27efe,[000305c34c],https://www.walletexplorer.com/wallet/000305c34ca27efe,ok,,2026-06-27T10:12:34.373375+00:00
1HLbXQK8dywjqryyn3QmjWJVDxikxnR2N7,000305c34ca27efe,[000305c34c],https://www.walletexplorer.com/wallet/000305c34ca27efe,ok,,2026-06-27T10:12:34.951734+00:00
19LLazSRdtKH9nQ5ANZCbauxCNcP9tgkHH,000305c34ca27efe,[000305c34c],https://www.walletexplorer.com/wallet/000305c34ca27efe,ok,,2026-06-27T10:12:35.488774+00:00
1UL8HADy8whvkDh4kRxHqtG2cQSjTJCne,000305c34ca27efe,[000305c34c],https://www.walletexplorer.com/wallet/000305c34ca27efe,ok,,2026-06-27T10:12:36.042646+00:00
1EZVespJG5rcN3Wgv2DxXS5ZEKwdv39Rai,000305c34ca27efe,[000305c34c],https://www.walletexplorer.com/wallet/000305c34ca27efe,ok,,2026-06-27T10:12:36.506192+00:00
1AnDqbdyaU4WMk3m3btRf5Ypf67cdbchYS,000305c34ca27efe,[000305c34c],https://www.walletexplorer.com/wallet/000305c34ca27efe,ok,,2026-06-27T10:12:37.239631+00:00
17iJuQTdcYWrqMzQa1Byja1tCn16xsDp8o,000305c34ca27efe,[000305c34c],https://www.walletexplorer.com/wallet/000305c34ca27efe,ok,,2026-06-27T10:12:37.806513+00:00
1HggDJnkSNCkiNgjL5755DSxxXcgDo8cpZ,000305c34ca27efe,[000305c34c],https://www.walletexplorer.com/wallet/000305c34ca27efe,ok,,2026-06-27T10:12:38.301945+00:00
1N4qaNwgaG3hP4WgA5LneDazGg3ura7xrC,000305c34ca27efe,[000305c34c],https://www.walletexplorer.com/wallet/000305c34ca27efe,ok,,2026-06-27T10:12:38.848617+00:00
1ELejXgDkm1Y2B5gRb7tfsYi4quAAMnuB7,000305c34ca27efe,[000305c34c],https://www.walletexplorer.com/wallet/000305c34ca27efe,ok,,2026-06-27T10:12:39.385151+00:00
16uM46oN9aucrAkNTxNmpcneWQbLqHvpRq,000305c34ca27efe,[000305c34c],https://www.walletexplorer.com/wallet/000305c34ca27efe,ok,,2026-06-27T10:12:40.139489+00:00
1NTPuA9Zrsw1kJULSkTyEGi6YEoQ9CKzQm,000305c34ca27efe,[000305c34c],https://www.walletexplorer.com/wallet/000305c34ca27efe,ok,,2026-06-27T10:12:40.755985+00:00
15rM63X23D12YhUnBDRmkH1wVfc8rxTv3H,000305c34ca27efe,[000305c34c],https://www.walletexplorer.com/wallet/000305c34ca27efe,ok,,2026-06-27T10:12:41.310557+00:00
1DvKT4MrJLVWMLYLD211JM9RDufFLEYFfe,000305c34ca27efe,[000305c34c],https://www.walletexplorer.com/wallet/000305c34ca27efe,ok,,2026-06-27T10:12:41.874749+00:00
1EQiuxxcPSkJEuVvP98LqQ6rgQZBWWDR3f,000305c34ca27efe,[000305c34c],https://www.walletexplorer.com/wallet/000305c34ca27efe,ok,,2026-06-27T10:12:42.411384+00:00
1FcfKdZ2bPpXoHHurhU2guf75MRhm3uyDS,000305c34ca27efe,[000305c34c],https://www.walletexplorer.com/wallet/000305c34ca27efe,ok,,2026-06-27T10:12:42.810471+00:00
173u8XCZ23uJjCYc5PwVU96116hyXqjWKt,000305c34ca27efe,[000305c34c],https://www.walletexplorer.com/wallet/000305c34ca27efe,ok,,2026-06-27T10:12:43.360521+00:00
15d7QH4duKjA8VVpGQEeVzcvJHQuXEa8gH,000305c34ca27efe,[000305c34c],https://www.walletexplorer.com/wallet/000305c34ca27efe,ok,,2026-06-27T10:12:43.862511+00:00
1CcNZeXVx8ZTNPd18RjzMxnYHBsbhqpvLR,000305c34ca27efe,[000305c34c],https://www.walletexplorer.com/wallet/000305c34ca27efe,ok,,2026-06-27T10:12:44.329360+00:00
15BX3r7CsmYNJTEFaHpmF9mFpz3yXWFZRA,000305c34ca27efe,[000305c34c],https://www.walletexplorer.com/wallet/000305c34ca27efe,ok,,2026-06-27T10:12:44.801919+00:00
1PVhemPuwRbeL3bXCqfV1TKjH2joDtPKbq,000305c34ca27efe,[000305c34c],https://www.walletexplorer.com/wallet/000305c34ca27efe,ok,,2026-06-27T10:12:45.264590+00:00
1N33LJimcw3LFMS45soCu5aQnPfmJ88hbj,000305c34ca27efe,[000305c34c],https://www.walletexplorer.com/wallet/000305c34ca27efe,ok,,2026-06-27T10:12:45.873704+00:00
1ySPRqD6MWaCVbbAafSPg9Wvo3cYhEiqm,000305c34ca27efe,[000305c34c],https://www.walletexplorer.com/wallet/000305c34ca27efe,ok,,2026-06-27T10:12:46.159418+00:00
1JfVUjYAb5w3BN2w6He89hHSPbBKitVhqJ,000305c34ca27efe,[000305c34c],https://www.walletexplorer.com/wallet/000305c34ca27efe,ok,,2026-06-27T10:12:46.772716+00:00
1B1kLENSR2gTgKPFkLKETHF9NZSktLcMdH,000305c34ca27efe,[000305c34c],https://www.walletexplorer.com/wallet/000305c34ca27efe,ok,,2026-06-27T10:12:47.297664+00:00
1GbwG4C9XhR1GeY75YhAswasZaHr3LDEHW,000305c34ca27efe,[000305c34c],https://www.walletexplorer.com/wallet/000305c34ca27efe,ok,,2026-06-27T10:12:47.788541+00:00
15DsV7gomT7b7crEk1tKwgxiiHxpajPZuc,000305c34ca27efe,[000305c34c],https://www.walletexplorer.com/wallet/000305c34ca27efe,ok,,2026-06-27T10:12:48.300073+00:00
14pLrTARZoxErfWpPrNPEk9UZxTi3A6aah,000305c34ca27efe,[000305c34c],https://www.walletexplorer.com/wallet/000305c34ca27efe,ok,,2026-06-27T10:12:48.830968+00:00
1F63ni6JRKZJe32GXFGmMbJ5dztWEmCKjq,000305c34ca27efe,[000305c34c],https://www.walletexplorer.com/wallet/000305c34ca27efe,ok,,2026-06-27T10:12:49.256233+00:00
18NTDLucFV6EjSSNiFfuJBB8K5xdgCt3Ef,000305c34ca27efe,[000305c34c],https://www.walletexplorer.com/wallet/000305c34ca27efe,ok,,2026-06-27T10:12:49.783031+00:00
15yAi3f7FW1NmVCcFZkNY2Fg3xev1YD6C3,000305c34ca27efe,[000305c34c],https://www.walletexplorer.com/wallet/000305c34ca27efe,ok,,2026-06-27T10:12:50.410172+00:00
13VmhbrnHACwML5kbtoUAYr4hss1Ekbjh9,000305c34ca27efe,[000305c34c],https://www.walletexplorer.com/wallet/000305c34ca27efe,ok,,2026-06-27T10:12:50.955309+00:00
12QeCGLdAwFkXW45m2dMfd4FdmQdDMBrdX,000305c34ca27efe,[000305c34c],https://www.walletexplorer.com/wallet/000305c34ca27efe,ok,,2026-06-27T10:12:51.419713+00:00
1AnYB4zxmjdT5ZPYxHsBY6n1CS9nnurTgd,000305c34ca27efe,[000305c34c],https://www.walletexplorer.com/wallet/000305c34ca27efe,ok,,2026-06-27T10:12:51.907896+00:00
1MyWjeG4zDaAsC6F4PSGvLmevvrKoYoMGX,000305c34ca27efe,[000305c34c],https://www.walletexplorer.com/wallet/000305c34ca27efe,ok,,2026-06-27T10:12:52.382709+00:00
152KdKrj11XbnXPnmMxzc87sV8NGHrbsBT,000305c34ca27efe,[000305c34c],https://www.walletexplorer.com/wallet/000305c34ca27efe,ok,,2026-06-27T10:12:52.893243+00:00
1GKGt4XoJRHAK8Y6upA4ZVUcgckWtfFsFR,000305c34ca27efe,[000305c34c],https://www.walletexplorer.com/wallet/000305c34ca27efe,ok,,2026-06-27T10:12:53.398733+00:00
1JD2eBT5JBKkmicH7Ri5seVZT39NeacQ4k,000305c34ca27efe,[000305c34c],https://www.walletexplorer.com/wallet/000305c34ca27efe,ok,,2026-06-27T10:12:53.911096+00:00
18fYwqvkqMeJs9E8ccJro6H6gTt2gssdDA,000305c34ca27efe,[000305c34c],https://www.walletexplorer.com/wallet/000305c34ca27efe,ok,,2026-06-27T10:12:54.638395+00:00
1DXjEmbYj9Rw9SD2iWw9hoS74JPDaVrB7U,000305c34ca27efe,[000305c34c],https://www.walletexplorer.com/wallet/000305c34ca27efe,ok,,2026-06-27T10:12:55.201681+00:00
16wNFeFt78EZsJPfffNAsKJrJrEqGGoLhV,000305c34ca27efe,[000305c34c],https://www.walletexplorer.com/wallet/000305c34ca27efe,ok,,2026-06-27T10:12:55.842418+00:00
1EPdX3PpubfFEWZJ1dQDG2gfFHnjGUKdrh,000305c34ca27efe,[000305c34c],https://www.walletexplorer.com/wallet/000305c34ca27efe,ok,,2026-06-27T10:12:56.329094+00:00
17pkjCCHiQePvyu448N7nnwibunyQNny6G,000305c34ca27efe,[000305c34c],https://www.walletexplorer.com/wallet/000305c34ca27efe,ok,,2026-06-27T10:12:57.007020+00:00
1MYT1c4XCukWh7NXwe2MQjcdJXQCFB45pj,000305c34ca27efe,[000305c34c],https://www.walletexplorer.com/wallet/000305c34ca27efe,ok,,2026-06-27T10:12:57.709485+00:00
1JSQVpwkSXs4hnJZ5F1tnZakTNSJPWZbaY,000305c34ca27efe,[000305c34c],https://www.walletexplorer.com/wallet/000305c34ca27efe,ok,,2026-06-27T10:12:58.339384+00:00
1CRx7TDAMgTKEvrBRgExYAinPhJ9y4yAQJ,000305c34ca27efe,[000305c34c],https://www.walletexplorer.com/wallet/000305c34ca27efe,ok,,2026-06-27T10:12:59.179274+00:00
1JWRmxa7XD8qq4mLtSdZhPDFv9mKo69fYQ,000305c34ca27efe,[000305c34c],https://www.walletexplorer.com/wallet/000305c34ca27efe,ok,,2026-06-27T10:12:59.757332+00:00
1MDo7xEaNFXQdKpnYeY9NpzEmkoPQ11BJW,000305c34ca27efe,[000305c34c],https://www.walletexplorer.com/wallet/000305c34ca27efe,ok,,2026-06-27T10:13:00.283318+00:00
1FDqvVPsskcrUSmPn3NsVaD9rimgqDcqaY,000305c34ca27efe,[000305c34c],https://www.walletexplorer.com/wallet/000305c34ca27efe,ok,,2026-06-27T10:13:00.820824+00:00
18SSvG8YzYsGajbHNVCdirnDpDMHPK9cZr,000305c34ca27efe,[000305c34c],https://www.walletexplorer.com/wallet/000305c34ca27efe,ok,,2026-06-27T10:13:01.396326+00:00
1NAvJrvfMCmJCFMwZG2WXCFsFubdQbbZat,000305c34ca27efe,[000305c34c],https://www.walletexplorer.com/wallet/000305c34ca27efe,ok,,2026-06-27T10:13:02.191374+00:00
13vVnamRXQL3GBBRpB3YZjE2JBAXZ3NS1s,000305c34ca27efe,[000305c34c],https://www.walletexplorer.com/wallet/000305c34ca27efe,ok,,2026-06-27T10:13:02.760900+00:00
183gGo64fKF8mYwwtxY7ULDinNuE5JpAh9,000305c34ca27efe,[000305c34c],https://www.walletexplorer.com/wallet/000305c34ca27efe,ok,,2026-06-27T10:13:03.245854+00:00
17U2wiF8hXSQHNu1gK2XKnwrrBWK9eFGVL,000305c34ca27efe,[000305c34c],https://www.walletexplorer.com/wallet/000305c34ca27efe,ok,,2026-06-27T10:13:03.922799+00:00
13MrSp4zGS23vCAHmv2vUsZqTrJerxKCtQ,000305c34ca27efe,[000305c34c],https://www.walletexplorer.com/wallet/000305c34ca27efe,ok,,2026-06-27T10:13:04.428052+00:00
1Cuf2Nz2NWtUtyq1u4miRNxYDq2L74TXJH,000305c34ca27efe,[000305c34c],https://www.walletexplorer.com/wallet/000305c34ca27efe,ok,,2026-06-27T10:13:05.031759+00:00
1DYJbsadECrQjcNyJ3u8EoY6TZsYhEDU2r,000305c34ca27efe,[000305c34c],https://www.walletexplorer.com/wallet/000305c34ca27efe,ok,,2026-06-27T10:13:05.647394+00:00
1PEHgDyzp4qZ1oQW6ejRTcY8yVdcnX7n58,000305c34ca27efe,[000305c34c],https://www.walletexplorer.com/wallet/000305c34ca27efe,ok,,2026-06-27T10:13:06.186808+00:00
13SvAKYrSFCuwpn8mGfPhNzTmWdFZcM6D8,000305c34ca27efe,[000305c34c],https://www.walletexplorer.com/wallet/000305c34ca27efe,ok,,2026-06-27T10:13:06.717030+00:00
1MW8fWQ5m5pFBVVmG58i1CbB8xqk8K3zq8,000305c34ca27efe,[000305c34c],https://www.walletexplorer.com/wallet/000305c34ca27efe,ok,,2026-06-27T10:13:07.223152+00:00
18bMrsdUu7GXCZ4XcrAoPUeJ9QYpfAyNcL,000305c34ca27efe,[000305c34c],https://www.walletexplorer.com/wallet/000305c34ca27efe,ok,,2026-06-27T10:13:07.661804+00:00
1Wnkq7GEikDeJnAWyhnaT6ZVNbFSppVmZ,000305c34ca27efe,[000305c34c],https://www.walletexplorer.com/wallet/000305c34ca27efe,ok,,2026-06-27T10:13:08.140964+00:00
114yByXhttLXkbm7eB8ftCuvPWRqv1woWb,000305c34ca27efe,[000305c34c],https://www.walletexplorer.com/wallet/000305c34ca27efe,ok,,2026-06-27T10:13:08.682080+00:00
13jnaoVtCRk6n69HiNBBhfTukghWKRYnKz,000305c34ca27efe,[000305c34c],https://www.walletexplorer.com/wallet/000305c34ca27efe,ok,,2026-06-27T10:13:09.246477+00:00
1Go4N5p4DHQNgFvy4rZji5hLhK6vyrTuNn,000305c34ca27efe,[000305c34c],https://www.walletexplorer.com/wallet/000305c34ca27efe,ok,,2026-06-27T10:13:09.910489+00:00
175BrMGtuaEBkqA9ppBqPCPCs9qEs9XKzD,000305c34ca27efe,[000305c34c],https://www.walletexplorer.com/wallet/000305c34ca27efe,ok,,2026-06-27T10:13:10.539989+00:00
1HQapbXU64vmK2UwE4f1pF9DSNSvykZDy,000305c34ca27efe,[000305c34c],https://www.walletexplorer.com/wallet/000305c34ca27efe,ok,,2026-06-27T10:13:11.113029+00:00
1NQBEGV83swpJUDFzSsv7Tc6TVPzok5dpX,000305c34ca27efe,[000305c34c],https://www.walletexplorer.com/wallet/000305c34ca27efe,ok,,2026-06-27T10:13:11.624749+00:00
12jxQ35Zmp4ZknxQx3gMuyNTGmXGZpkjtu,000305c34ca27efe,[000305c34c],https://www.walletexplorer.com/wallet/000305c34ca27efe,ok,,2026-06-27T10:13:12.227604+00:00
1ANHnhvsNj7jeERGaA5QcaGyhrGtTzCLM4,000305c34ca27efe,[000305c34c],https://www.walletexplorer.com/wallet/000305c34ca27efe,ok,,2026-06-27T10:13:12.910510+00:00
15Kx7NZ8cUNNxWLEETdfsoZ32dLNzariQG,000305c34ca27efe,[000305c34c],https://www.walletexplorer.com/wallet/000305c34ca27efe,ok,,2026-06-27T10:13:13.464372+00:00
1Biwwus3Fn317vtdUAKz9HavqL7TDEHSbi,000305c34ca27efe,[000305c34c],https://www.walletexplorer.com/wallet/000305c34ca27efe,ok,,2026-06-27T10:13:14.037825+00:00
1DXJpZt3XCkQRqWnrdQtyrj8smCY4r2DZK,000305c34ca27efe,[000305c34c],https://www.walletexplorer.com/wallet/000305c34ca27efe,ok,,2026-06-27T10:13:14.607412+00:00
156x87tdKSn3Sfchvg5frjtgMVsdbdShLq,000305c34ca27efe,[000305c34c],https://www.walletexplorer.com/wallet/000305c34ca27efe,ok,,2026-06-27T10:13:15.168924+00:00
1J5ZyjWgCEC3rLLiDkRT2bDAjwp6v17JPu,000305c34ca27efe,[000305c34c],https://www.walletexplorer.com/wallet/000305c34ca27efe,ok,,2026-06-27T10:13:15.727567+00:00
16Fh4NTw8dMz5kW7HhaRd2DPULSnhammx7,000305c34ca27efe,[000305c34c],https://www.walletexplorer.com/wallet/000305c34ca27efe,ok,,2026-06-27T10:13:16.272862+00:00
182pVz2hHdq4rdZLssKY4gcTzqCmPvT86J,000305c34ca27efe,[000305c34c],https://www.walletexplorer.com/wallet/000305c34ca27efe,ok,,2026-06-27T10:13:16.731730+00:00
12N4jiLvsmFu3s1eGfZDQa1AcGwnCJFtQ1,000305c34ca27efe,[000305c34c],https://www.walletexplorer.com/wallet/000305c34ca27efe,ok,,2026-06-27T10:13:17.241172+00:00
14Z7YbcvBqon9n6YZfWCTPJquFLXLEAsHc,000305c34ca27efe,[000305c34c],https://www.walletexplorer.com/wallet/000305c34ca27efe,ok,,2026-06-27T10:13:17.721569+00:00
1Bzomg1NNyFV3gftp1qKbmn5pybKkxrsHa,000305c34ca27efe,[000305c34c],https://www.walletexplorer.com/wallet/000305c34ca27efe,ok,,2026-06-27T10:13:18.374492+00:00
1PFoGduqLC1bLqZP5r6D3AykfL8hdL1s71,000305c34ca27efe,[000305c34c],https://www.walletexplorer.com/wallet/000305c34ca27efe,ok,,2026-06-27T10:13:18.863698+00:00
1K3j6vogiSTX4kQGQcQBdhVXsPP6qfq2CH,000305c34ca27efe,[000305c34c],https://www.walletexplorer.com/wallet/000305c34ca27efe,ok,,2026-06-27T10:13:19.343709+00:00
15WQd5VzmE5NggdqE6WW33y9RTDrQ4fbLH,000305c34ca27efe,[000305c34c],https://www.walletexplorer.com/wallet/000305c34ca27efe,ok,,2026-06-27T10:13:19.712770+00:00
1HrBM6XnpYSF8nUFoDeWCTu2Ddb1TcXsP7,000305c34ca27efe,[000305c34c],https://www.walletexplorer.com/wallet/000305c34ca27efe,ok,,2026-06-27T10:13:20.316189+00:00
12R9AL1DS16y5Y9wRf7X6L1RYSScngCXYo,000305c34ca27efe,[000305c34c],https://www.walletexplorer.com/wallet/000305c34ca27efe,ok,,2026-06-27T10:13:20.829442+00:00
1JrdgGvkYcHJuJBRzA5ie2VCutQ2T93c5f,000305c34ca27efe,[000305c34c],https://www.walletexplorer.com/wallet/000305c34ca27efe,ok,,2026-06-27T10:13:21.359489+00:00
1KwMG3fCHKD4afK3qQSUHZ7fHk5PDFgvMB,000305c34ca27efe,[000305c34c],https://www.walletexplorer.com/wallet/000305c34ca27efe,ok,,2026-06-27T10:13:22.019323+00:00
17vferRk6boUHW1P5LzykQMyS1mhLgzUbf,000305c34ca27efe,[000305c34c],https://www.walletexplorer.com/wallet/000305c34ca27efe,ok,,2026-06-27T10:13:22.549338+00:00
1EswQFUZgLGmcVTa4AEZYUS4ZiGQB69Ybb,000305c34ca27efe,[000305c34c],https://www.walletexplorer.com/wallet/000305c34ca27efe,ok,,2026-06-27T10:13:23.057863+00:00
1D2S29n2cFENLbp7fzS43VDvg8ghLKHv8U,000305c34ca27efe,[000305c34c],https://www.walletexplorer.com/wallet/000305c34ca27efe,ok,,2026-06-27T10:13:23.574826+00:00
1695fkbwTYCVc3ExskS5FsCgiLtyNTCxMd,000305c34ca27efe,[000305c34c],https://www.walletexplorer.com/wallet/000305c34ca27efe,ok,,2026-06-27T10:13:24.135242+00:00
12W5JevMBVqFf8uLYw6u69WttnLsPrB8vA,000305c34ca27efe,[000305c34c],https://www.walletexplorer.com/wallet/000305c34ca27efe,ok,,2026-06-27T10:13:24.766873+00:00
1ApTzKc1hvCWtnDxY7Nzf23kbLwmwAzKsz,000305c34ca27efe,[000305c34c],https://www.walletexplorer.com/wallet/000305c34ca27efe,ok,,2026-06-27T10:13:25.351025+00:00
1P1uA8HQMQm4qxw7N2ivF1nxJTWxcJEfwd,000305c34ca27efe,[000305c34c],https://www.walletexplorer.com/wallet/000305c34ca27efe,ok,,2026-06-27T10:13:25.898355+00:00
15vwLg1o9KDhRg8yDpMAampj8RmdqoeTJ8,000305c34ca27efe,[000305c34c],https://www.walletexplorer.com/wallet/000305c34ca27efe,ok,,2026-06-27T10:13:26.472221+00:00
12QMsNGmBxEvvvoKurohBeJWedTNG3oszy,000305c34ca27efe,[000305c34c],https://www.walletexplorer.com/wallet/000305c34ca27efe,ok,,2026-06-27T10:13:27.061601+00:00
1KUkguSbGiCAo25v1rGoxHUKhXw5wSnyXq,000305c34ca27efe,[000305c34c],https://www.walletexplorer.com/wallet/000305c34ca27efe,ok,,2026-06-27T10:13:27.604361+00:00
1GPs3p8NqopCM19mGW4D7PTiCbpX9vzxKt,000305c34ca27efe,[000305c34c],https://www.walletexplorer.com/wallet/000305c34ca27efe,ok,,2026-06-27T10:13:28.209500+00:00
114MPEm2QdM6m7WNcSRPUBoivPUJLSfBqk,000305c34ca27efe,[000305c34c],https://www.walletexplorer.com/wallet/000305c34ca27efe,ok,,2026-06-27T10:13:28.748942+00:00
1AqsxMkcxxBmaBQnL8ash2M9o6wTAjBRHp,000305c34ca27efe,[000305c34c],https://www.walletexplorer.com/wallet/000305c34ca27efe,ok,,2026-06-27T10:13:29.271619+00:00
1663PVEFytkZTeGwrdAC4bYTJxRXorfNRe,000305c34ca27efe,[000305c34c],https://www.walletexplorer.com/wallet/000305c34ca27efe,ok,,2026-06-27T10:13:29.658479+00:00
14WF4rCW6EuX1RHWVqsffQJLUpgBfxWp94,000305c34ca27efe,[000305c34c],https://www.walletexplorer.com/wallet/000305c34ca27efe,ok,,2026-06-27T10:13:30.173743+00:00
183bGjBRRxvNALD4knGLPrH2jT6j5jwx9Q,000305c34ca27efe,[000305c34c],https://www.walletexplorer.com/wallet/000305c34ca27efe,ok,,2026-06-27T10:13:30.714146+00:00
1GaNJcKsFfekPoAMj66fAduDgMWi4nVuUj,000305c34ca27efe,[000305c34c],https://www.walletexplorer.com/wallet/000305c34ca27efe,ok,,2026-06-27T10:13:31.554898+00:00
1UbP6XvEH5oWCco5TjGDQYBzgVqU3hHng,000305c34ca27efe,[000305c34c],https://www.walletexplorer.com/wallet/000305c34ca27efe,ok,,2026-06-27T10:13:32.157685+00:00
1Lzi4Pr1ibyatjf47uQFdBQ7YYnDwDFvpg,000305c34ca27efe,[000305c34c],https://www.walletexplorer.com/wallet/000305c34ca27efe,ok,,2026-06-27T10:13:33.111260+00:00
1oVVWmLCJDEpiduUbydS6rqSXm5mUYhAx,000305c34ca27efe,[000305c34c],https://www.walletexplorer.com/wallet/000305c34ca27efe,ok,,2026-06-27T10:13:33.616176+00:00
1Ldp8R5pF5tRobuJDU7XEnR8ast4hdJGcc,000305c34ca27efe,[000305c34c],https://www.walletexplorer.com/wallet/000305c34ca27efe,ok,,2026-06-27T10:13:34.184875+00:00
1Kg9yX27zYjd6qcuupAxdHhkgbRohK9EEX,000305c34ca27efe,[000305c34c],https://www.walletexplorer.com/wallet/000305c34ca27efe,ok,,2026-06-27T10:13:34.710372+00:00
1FER2M34fL9UY5obfjJ2rsM2V5AwNMx6u4,000305c34ca27efe,[000305c34c],https://www.walletexplorer.com/wallet/000305c34ca27efe,ok,,2026-06-27T10:13:35.231283+00:00
1EyXEf3YVTmddYT43wNN14EhmNR7JTY72J,000305c34ca27efe,[000305c34c],https://www.walletexplorer.com/wallet/000305c34ca27efe,ok,,2026-06-27T10:13:35.662025+00:00
19Ako5GuGAhza1FccJmDrZpjvTT2YLvwRB,000305c34ca27efe,[000305c34c],https://www.walletexplorer.com/wallet/000305c34ca27efe,ok,,2026-06-27T10:13:36.230361+00:00
1Fw3PAPkcKCCt587rbnzmnP1o8dNMfkj9d,000305c34ca27efe,[000305c34c],https://www.walletexplorer.com/wallet/000305c34ca27efe,ok,,2026-06-27T10:13:36.789305+00:00
1HTHkgH9EcSwuuhCuEYHuS2BUZWgMG3LsH,000305c34ca27efe,[000305c34c],https://www.walletexplorer.com/wallet/000305c34ca27efe,ok,,2026-06-27T10:13:37.349352+00:00
1PWh1CkkZ7e7xvJ6rn1MCgFLtJ1K2bEGGC,000305c34ca27efe,[000305c34c],https://www.walletexplorer.com/wallet/000305c34ca27efe,ok,,2026-06-27T10:13:37.886563+00:00
189mvR4G2p9cRqUUFfmpxi5CGgRkBsnKkx,000305c34ca27efe,[000305c34c],https://www.walletexplorer.com/wallet/000305c34ca27efe,ok,,2026-06-27T10:13:38.443175+00:00
1BtYaR6Z7VGjcEyoYgf1GpEqeN63kpA5ZL,000305c34ca27efe,[000305c34c],https://www.walletexplorer.com/wallet/000305c34ca27efe,ok,,2026-06-27T10:13:38.984787+00:00
18JbKxebhNUUrq4r9sMsggYLgSqzqrtjq,000305c34ca27efe,[000305c34c],https://www.walletexplorer.com/wallet/000305c34ca27efe,ok,,2026-06-27T10:13:39.562015+00:00
1NRYxfWh1hmaBi3f4W4RqPSB24WjM4vU5s,000305c34ca27efe,[000305c34c],https://www.walletexplorer.com/wallet/000305c34ca27efe,ok,,2026-06-27T10:13:40.474023+00:00
14daGL1PF6mYsV9X8FXX3Q2j9Tspv9EUdE,000305c34ca27efe,[000305c34c],https://www.walletexplorer.com/wallet/000305c34ca27efe,ok,,2026-06-27T10:13:41.024987+00:00
17znTaiY6w1g1yYY7WnPrwPuz62E7cSXQ6,000305c34ca27efe,[000305c34c],https://www.walletexplorer.com/wallet/000305c34ca27efe,ok,,2026-06-27T10:13:41.790755+00:00
1AxLPEoFyYoX6A8Wn8TuuzfcqcXgZWrMpd,000305c34ca27efe,[000305c34c],https://www.walletexplorer.com/wallet/000305c34ca27efe,ok,,2026-06-27T10:13:42.316487+00:00
1EC4yb9c8zHGhf5wbddntCRZDUqrxPGge1,000305c34ca27efe,[000305c34c],https://www.walletexplorer.com/wallet/000305c34ca27efe,ok,,2026-06-27T10:13:42.967316+00:00
1FYEhNvgwgtmhKCVj99g7QZTHrdPTQ39x,000305c34ca27efe,[000305c34c],https://www.walletexplorer.com/wallet/000305c34ca27efe,ok,,2026-06-27T10:13:43.535587+00:00
1MCk9V1YCYX14LaPdy4wqfi6VjAaayGmsG,000305c34ca27efe,[000305c34c],https://www.walletexplorer.com/wallet/000305c34ca27efe,ok,,2026-06-27T10:13:44.108037+00:00
1Q2ZETAMKeX7dE1g1Y9HH3tr5Bf1vXWbGT,000305c34ca27efe,[000305c34c],https://www.walletexplorer.com/wallet/000305c34ca27efe,ok,,2026-06-27T10:13:44.658343+00:00
18YSSPsCgfAM1QqVHxMZeHoYecac7To54r,000305c34ca27efe,[000305c34c],https://www.walletexplorer.com/wallet/000305c34ca27efe,ok,,2026-06-27T10:13:45.234751+00:00
13NotTWjiDycHHrmXPJbfhU65vBVZerWZR,000305c34ca27efe,[000305c34c],https://www.walletexplorer.com/wallet/000305c34ca27efe,ok,,2026-06-27T10:13:45.708740+00:00
1MHGrnXGPRpo7pFoWETV6djY4ZNKVgjnHx,000305c34ca27efe,[000305c34c],https://www.walletexplorer.com/wallet/000305c34ca27efe,ok,,2026-06-27T10:13:46.225738+00:00
19idEtFXDvHgJgxWRGCMpXQDbXmoJpjSFF,000305c34ca27efe,[000305c34c],https://www.walletexplorer.com/wallet/000305c34ca27efe,ok,,2026-06-27T10:13:47.001322+00:00
1GC84yH3jVReCZoaRBgHq6rALFq8HbHy3c,000305c34ca27efe,[000305c34c],https://www.walletexplorer.com/wallet/000305c34ca27efe,ok,,2026-06-27T10:13:47.517826+00:00
1CJAqaFFxjQGHLaZKZ7EaxYwbPn9cjPYr1,000305c34ca27efe,[000305c34c],https://www.walletexplorer.com/wallet/000305c34ca27efe,ok,,2026-06-27T10:13:48.094165+00:00
1CSqWd1s89RFKSqo6RtQu3E1VecuQQeFoU,000305c34ca27efe,[000305c34c],https://www.walletexplorer.com/wallet/000305c34ca27efe,ok,,2026-06-27T10:13:48.654805+00:00
18zPqwz6bBko1ERc3UjNkKvABZFihmSZNn,000305c34ca27efe,[000305c34c],https://www.walletexplorer.com/wallet/000305c34ca27efe,ok,,2026-06-27T10:13:49.450931+00:00
1AUTy4Nvm5mNMKNra2xhbV4WQFoeFhAjGQ,000305c34ca27efe,[000305c34c],https://www.walletexplorer.com/wallet/000305c34ca27efe,ok,,2026-06-27T10:13:49.939977+00:00
127zFm63QHxGLzxn5c7odT9kSLTuVBLVKe,000305c34ca27efe,[000305c34c],https://www.walletexplorer.com/wallet/000305c34ca27efe,ok,,2026-06-27T10:13:50.784131+00:00
1GxEtRiq5sMh6QrEXfcAAx9k6YXSnedq2t,000305c34ca27efe,[000305c34c],https://www.walletexplorer.com/wallet/000305c34ca27efe,ok,,2026-06-27T10:13:51.459279+00:00
13vLbxDoJw54WWTcWSdqFY6oNmKWWXqxPL,000305c34ca27efe,[000305c34c],https://www.walletexplorer.com/wallet/000305c34ca27efe,ok,,2026-06-27T10:13:51.889489+00:00
1CUKJNNezsD9QDeFXFUmpiYCra2wbKqtXS,000305c34ca27efe,[000305c34c],https://www.walletexplorer.com/wallet/000305c34ca27efe,ok,,2026-06-27T10:13:52.439360+00:00
1CJfoq7Rt1hpq3QFhb76JQNVrERHSCHQ94,000305c34ca27efe,[000305c34c],https://www.walletexplorer.com/wallet/000305c34ca27efe,ok,,2026-06-27T10:13:52.976138+00:00
1ATA3rk5r82hDCMc8bDfyyKSPW5QhFcYqt,000305c34ca27efe,[000305c34c],https://www.walletexplorer.com/wallet/000305c34ca27efe,ok,,2026-06-27T10:13:53.469301+00:00
1F9SUHuWNaUjKThSxVaajF92ScYH2asJcJ,000305c34ca27efe,[000305c34c],https://www.walletexplorer.com/wallet/000305c34ca27efe,ok,,2026-06-27T10:13:54.016957+00:00
1HHcdoBp8BKeMai5iiiZcv1mdhaN7h5oEs,000305c34ca27efe,[000305c34c],https://www.walletexplorer.com/wallet/000305c34ca27efe,ok,,2026-06-27T10:13:54.551919+00:00
1FKLw94PZzMpq7Gdzx6eSbLXdzFMkRjTg1,000305c34ca27efe,[000305c34c],https://www.walletexplorer.com/wallet/000305c34ca27efe,ok,,2026-06-27T10:13:55.061126+00:00
1Mwj1FwMf7wTLp4xpeaFPZo5KcAYWmkUwm,000305c34ca27efe,[000305c34c],https://www.walletexplorer.com/wallet/000305c34ca27efe,ok,,2026-06-27T10:13:55.634784+00:00
138hihgVCbnQuwuA1GqM5SN7ikVjm7Er8U,000305c34ca27efe,[000305c34c],https://www.walletexplorer.com/wallet/000305c34ca27efe,ok,,2026-06-27T10:13:56.165294+00:00
1PBPqLCbd4RNUkGd41AXTW1Q28dbmpwT7L,000305c34ca27efe,[000305c34c],https://www.walletexplorer.com/wallet/000305c34ca27efe,ok,,2026-06-27T10:13:56.735672+00:00
1GVgjdvGswnRvSRn5Yn3yyMjH5EoskNRej,000305c34ca27efe,[000305c34c],https://www.walletexplorer.com/wallet/000305c34ca27efe,ok,,2026-06-27T10:13:57.297022+00:00
15CSYe5yGRU19GBTZ8S4TcaxFjoewYVPRX,000305c34ca27efe,[000305c34c],https://www.walletexplorer.com/wallet/000305c34ca27efe,ok,,2026-06-27T10:13:58.105690+00:00
18ek5KjMYhNRWZC3hgn7jo7KWuouS8ZFCS,000305c34ca27efe,[000305c34c],https://www.walletexplorer.com/wallet/000305c34ca27efe,ok,,2026-06-27T10:13:58.794783+00:00
1KT2Ty2PeWWqe2mG1SBtXKEizH4BchJAE8,000305c34ca27efe,[000305c34c],https://www.walletexplorer.com/wallet/000305c34ca27efe,ok,,2026-06-27T10:14:02.106898+00:00
1CNfYoxYnbhuWFVaZRfTwbtB5MXt7Wyoqu,000305c34ca27efe,[000305c34c],https://www.walletexplorer.com/wallet/000305c34ca27efe,ok,,2026-06-27T10:14:02.703414+00:00
12uxmcKH9WPDZpLhY8wnKz1vk6zcVesR6m,000305c34ca27efe,[000305c34c],https://www.walletexplorer.com/wallet/000305c34ca27efe,ok,,2026-06-27T10:14:03.678391+00:00
1BRRJ83axTyPrJk4Th7hpJVrNaDV28u9mt,000305c34ca27efe,[000305c34c],https://www.walletexplorer.com/wallet/000305c34ca27efe,ok,,2026-06-27T10:14:04.289260+00:00
1MVQwDP1UvH9BL21nU6tiWaX5QkR9hHSxQ,000305c34ca27efe,[000305c34c],https://www.walletexplorer.com/wallet/000305c34ca27efe,ok,,2026-06-27T10:14:04.789336+00:00
1PGxBbDCw9ZgBHvRCS257VKNqW3Pxdi6CM,000305c34ca27efe,[000305c34c],https://www.walletexplorer.com/wallet/000305c34ca27efe,ok,,2026-06-27T10:14:05.267725+00:00
1BaM5MGcSFb6mZ7L4Nck5r54DWiMpYTj3N,000305c34ca27efe,[000305c34c],https://www.walletexplorer.com/wallet/000305c34ca27efe,ok,,2026-06-27T10:14:05.887900+00:00
1LK84iEb8gztxQzUikUvTGSuLQRHazSK5e,000305c34ca27efe,[000305c34c],https://www.walletexplorer.com/wallet/000305c34ca27efe,ok,,2026-06-27T10:14:06.565002+00:00
187aM1zfGfTzFdejEjTbQ9jcvCBZwNaPbY,000305c34ca27efe,[000305c34c],https://www.walletexplorer.com/wallet/000305c34ca27efe,ok,,2026-06-27T10:14:07.642212+00:00
1F93AozLaJ6ctZfRBCsAG2Cag8qJ2gNZY3,000305c34ca27efe,[000305c34c],https://www.walletexplorer.com/wallet/000305c34ca27efe,ok,,2026-06-27T10:14:08.256726+00:00
1HYCEQ2MrqvwW6jLQk1hq2s8rcqYzJ8pYK,000305c34ca27efe,[000305c34c],https://www.walletexplorer.com/wallet/000305c34ca27efe,ok,,2026-06-27T10:14:08.857986+00:00
1DwqKnskfR9QmB2atEFi8CZknieU36S4yK,000305c34ca27efe,[000305c34c],https://www.walletexplorer.com/wallet/000305c34ca27efe,ok,,2026-06-27T10:14:09.515185+00:00
1AT7cPsDYLeaerjbt2C9ytMTvNqQxHusaq,000305c34ca27efe,[000305c34c],https://www.walletexplorer.com/wallet/000305c34ca27efe,ok,,2026-06-27T10:14:10.333915+00:00
137GegsQwEfoeXr3rhhkfRSagYWqZGNZU1,000305c34ca27efe,[000305c34c],https://www.walletexplorer.com/wallet/000305c34ca27efe,ok,,2026-06-27T10:14:10.991299+00:00
1HEUvSWddQtY9GvR8xrtqz8jZGHyMTep71,000305c34ca27efe,[000305c34c],https://www.walletexplorer.com/wallet/000305c34ca27efe,ok,,2026-06-27T10:14:11.565123+00:00
1N3sj8fsTfmVAhEpdkLWkutJwSb9jwTSE1,000305c34ca27efe,[000305c34c],https://www.walletexplorer.com/wallet/000305c34ca27efe,ok,,2026-06-27T10:14:12.203479+00:00
1ETX3x4zzuK9XEjUDZajugwHXigejYSKr8,0058a7246c4a54e3,[0058a7246c],https://www.walletexplorer.com/wallet/0058a7246c4a54e3,ok,,2026-06-27T10:14:12.688441+00:00
16uaoDpUck2q7jiy9tSVCE5T8vbRddVsCN,0058a7246c4a54e3,[0058a7246c],https://www.walletexplorer.com/wallet/0058a7246c4a54e3,ok,,2026-06-27T10:14:13.235668+00:00
1EUPpbpBxifGwvcxRbKgRVchb3x375sth1,0058a7246c4a54e3,[0058a7246c],https://www.walletexplorer.com/wallet/0058a7246c4a54e3,ok,,2026-06-27T10:14:13.756586+00:00
1MYt8a7ZNcLnLWSc1gXRVtLAiRfvNHhBH4,0058a7246c4a54e3,[0058a7246c],https://www.walletexplorer.com/wallet/0058a7246c4a54e3,ok,,2026-06-27T10:14:14.539666+00:00
1D74yrHx2mNqztpbjBEEAdZHHnKzSKYstT,0058a7246c4a54e3,[0058a7246c],https://www.walletexplorer.com/wallet/0058a7246c4a54e3,ok,,2026-06-27T10:14:15.166764+00:00
1KhjPjRCY6v8uHcLny34k1SydPEBNSwW4M,02aa3f9d6a7f0bda,[02aa3f9d6a],https://www.walletexplorer.com/wallet/02aa3f9d6a7f0bda,ok,,2026-06-27T10:14:15.838185+00:00
1ELhropqWTgC4kPg7WNbeqLdGHKpx1Xrxz,0058a7246c4a54e3,[0058a7246c],https://www.walletexplorer.com/wallet/0058a7246c4a54e3,ok,,2026-06-27T10:14:16.422708+00:00
112UuxyjKhwRaRgcqwSq2R1EGzzmYnSVNS,001b861dc58d5ac3,[001b861dc5],https://www.walletexplorer.com/wallet/001b861dc58d5ac3,ok,,2026-06-27T10:14:17.017412+00:00
1KjfjRkoZv74RPo4g65ysuP3pAtDXaTf7a,0058a7246c4a54e3,[0058a7246c],https://www.walletexplorer.com/wallet/0058a7246c4a54e3,ok,,2026-06-27T10:14:17.565659+00:00
16YyxM5DwgfN44QUemYB2oPhLvNWRakuKm,0058a7246c4a54e3,[0058a7246c],https://www.walletexplorer.com/wallet/0058a7246c4a54e3,ok,,2026-06-27T10:14:18.287491+00:00
14z2bNiRRfj6DzsuFymFJzni9rWnE53Nti,0058a7246c4a54e3,[0058a7246c],https://www.walletexplorer.com/wallet/0058a7246c4a54e3,ok,,2026-06-27T10:14:19.528277+00:00
124vFmWCH4V4u7y7yyFSQpCAopKnWL6jet,001b861dc58d5ac3,[001b861dc5],https://www.walletexplorer.com/wallet/001b861dc58d5ac3,ok,,2026-06-27T10:14:20.052595+00:00
1HAYqTQP5y7HKzFihdAeDWpAD4h1gShcoD,0058a7246c4a54e3,[0058a7246c],https://www.walletexplorer.com/wallet/0058a7246c4a54e3,ok,,2026-06-27T10:14:20.635701+00:00
1Fvcy9bNbg2KDp7Wr8hm4Uc6ddaArso9qX,0058a7246c4a54e3,[0058a7246c],https://www.walletexplorer.com/wallet/0058a7246c4a54e3,ok,,2026-06-27T10:14:21.219367+00:00
13R4GYLV9Zt5yipmekK5pQLKoEKwDo1EQL,0058a7246c4a54e3,[0058a7246c],https://www.walletexplorer.com/wallet/0058a7246c4a54e3,ok,,2026-06-27T10:14:21.776624+00:00
1A4ttXStdBLUSdqMbuq5kux1tr4CPk3cu2,0058a7246c4a54e3,[0058a7246c],https://www.walletexplorer.com/wallet/0058a7246c4a54e3,ok,,2026-06-27T10:14:22.333115+00:00
1G2UokzDNGLngmoKkC3qXTCQxyRwG4nVTx,0058a7246c4a54e3,[0058a7246c],https://www.walletexplorer.com/wallet/0058a7246c4a54e3,ok,,2026-06-27T10:14:22.753072+00:00
12PxVVKT8rRwQ2ttfof5rw9sAjFfXqW1hZ,001b861dc58d5ac3,[001b861dc5],https://www.walletexplorer.com/wallet/001b861dc58d5ac3,ok,,2026-06-27T10:14:23.510823+00:00
1fS84ZTqkY9SKcUqfoXPiFHcpAek7euZT,0058a7246c4a54e3,[0058a7246c],https://www.walletexplorer.com/wallet/0058a7246c4a54e3,ok,,2026-06-27T10:14:24.081962+00:00
1APx2icF4ZzEzocAryADkar5w6PX5GZGnY,0058a7246c4a54e3,[0058a7246c],https://www.walletexplorer.com/wallet/0058a7246c4a54e3,ok,,2026-06-27T10:14:24.696396+00:00
1Jhkx3grxmbmTFz5j86WjkMRNdM72L5b5s,0058a7246c4a54e3,[0058a7246c],https://www.walletexplorer.com/wallet/0058a7246c4a54e3,ok,,2026-06-27T10:14:25.137366+00:00
19BR4mz5yUdUKDhMkExDppJtAiBxJyAYoB,0058a7246c4a54e3,[0058a7246c],https://www.walletexplorer.com/wallet/0058a7246c4a54e3,ok,,2026-06-27T10:14:25.572762+00:00
185txTHHfwKMUwETduP5M3jyQaLU5t4Ckp,0058a7246c4a54e3,[0058a7246c],https://www.walletexplorer.com/wallet/0058a7246c4a54e3,ok,,2026-06-27T10:14:26.146881+00:00
1L895jPXG6CKT6chg8KGshEP3migQmoMX5,0058a7246c4a54e3,[0058a7246c],https://www.walletexplorer.com/wallet/0058a7246c4a54e3,ok,,2026-06-27T10:14:26.745757+00:00
1GRPuxXceRwFfzxvw7YvgvF1deWkGBp6rd,001b861dc58d5ac3,[001b861dc5],https://www.walletexplorer.com/wallet/001b861dc58d5ac3,ok,,2026-06-27T10:14:27.301952+00:00
19Ajeu21ZTHBJnmoKefnAVYRuSivdSzBsK,0058a7246c4a54e3,[0058a7246c],https://www.walletexplorer.com/wallet/0058a7246c4a54e3,ok,,2026-06-27T10:14:27.916720+00:00
1Pzf5XVgfBnwUfu1ujWhpPj2Fx6nrgZfBF,0058a7246c4a54e3,[0058a7246c],https://www.walletexplorer.com/wallet/0058a7246c4a54e3,ok,,2026-06-27T10:14:28.493971+00:00
16ERzYPmkvu6kVv4bp5pRmrxzy3a61KK7h,0058a7246c4a54e3,[0058a7246c],https://www.walletexplorer.com/wallet/0058a7246c4a54e3,ok,,2026-06-27T10:14:29.085752+00:00
1PPsovqGpZ6hNXkNT7RDSjpUkhnC7zFmQT,0058a7246c4a54e3,[0058a7246c],https://www.walletexplorer.com/wallet/0058a7246c4a54e3,ok,,2026-06-27T10:14:29.674872+00:00
15XcLLrMJVTHJQ8NxQh5GX1uj35BSpTQtZ,001b861dc58d5ac3,[001b861dc5],https://www.walletexplorer.com/wallet/001b861dc58d5ac3,ok,,2026-06-27T10:14:30.232651+00:00
1NK2aYh28XYaBj3CXxB5eYkH68ibW2j9kR,0058a7246c4a54e3,[0058a7246c],https://www.walletexplorer.com/wallet/0058a7246c4a54e3,ok,,2026-06-27T10:14:30.607535+00:00
1FCVigcZnNnro8S5bXb6qKhX83LEigznHc,0058a7246c4a54e3,[0058a7246c],https://www.walletexplorer.com/wallet/0058a7246c4a54e3,ok,,2026-06-27T10:14:31.113178+00:00
1Ncz6uN5f5cxPTYpjYZZtuDc7RfULX3sbr,0058a7246c4a54e3,[0058a7246c],https://www.walletexplorer.com/wallet/0058a7246c4a54e3,ok,,2026-06-27T10:14:31.668137+00:00
1KSjDiLhz8DEzjx1BV4V2YwbbsFXFimwtw,0058a7246c4a54e3,[0058a7246c],https://www.walletexplorer.com/wallet/0058a7246c4a54e3,ok,,2026-06-27T10:14:32.399945+00:00
1CzD1eSWVGMoQdxvnifTpD1dBXKZBYTobQ,0058a7246c4a54e3,[0058a7246c],https://www.walletexplorer.com/wallet/0058a7246c4a54e3,ok,,2026-06-27T10:14:32.928764+00:00
157UPKc28pB2bjjhW6v6okBLjP2RhgQRXa,0058a7246c4a54e3,[0058a7246c],https://www.walletexplorer.com/wallet/0058a7246c4a54e3,ok,,2026-06-27T10:14:33.615852+00:00
1CwfDE33UcmgRg9ag2xnrrH1if9WgjP82k,0058a7246c4a54e3,[0058a7246c],https://www.walletexplorer.com/wallet/0058a7246c4a54e3,ok,,2026-06-27T10:14:34.298232+00:00
149iGWUZ9gv2qdDx9L9ieRLgZasg5hgSq1,0058a7246c4a54e3,[0058a7246c],https://www.walletexplorer.com/wallet/0058a7246c4a54e3,ok,,2026-06-27T10:14:34.906142+00:00
1HkSmnFCrjwY1et3TSyUQFRbhB45miwzF7,0058a7246c4a54e3,[0058a7246c],https://www.walletexplorer.com/wallet/0058a7246c4a54e3,ok,,2026-06-27T10:14:35.469398+00:00
12ZxRCK9fJCy14uxYv37ei8EAp9o3EtPtg,0058a7246c4a54e3,[0058a7246c],https://www.walletexplorer.com/wallet/0058a7246c4a54e3,ok,,2026-06-27T10:14:36.012585+00:00
14UhGFCgCekmzuuh23mGvvU6GmAjMN9WEJ,0058a7246c4a54e3,[0058a7246c],https://www.walletexplorer.com/wallet/0058a7246c4a54e3,ok,,2026-06-27T10:14:36.529954+00:00
1JWztWkFLkQoQq449ER9893nszYCEcshie,0058a7246c4a54e3,[0058a7246c],https://www.walletexplorer.com/wallet/0058a7246c4a54e3,ok,,2026-06-27T10:14:37.109165+00:00
12kon8k2e6vWYfj12M8KZ2xpfzj3p8nrmR,0058a7246c4a54e3,[0058a7246c],https://www.walletexplorer.com/wallet/0058a7246c4a54e3,ok,,2026-06-27T10:14:37.579360+00:00
1NpvBWjb1TWv6V2uLxvFPypjozb2uwh62r,0058a7246c4a54e3,[0058a7246c],https://www.walletexplorer.com/wallet/0058a7246c4a54e3,ok,,2026-06-27T10:14:38.186012+00:00
18Fdw2EErazrEJjYgcfcbe3mvhLma2Rzky,0058a7246c4a54e3,[0058a7246c],https://www.walletexplorer.com/wallet/0058a7246c4a54e3,ok,,2026-06-27T10:14:38.730677+00:00
162qEYxSRmxRFNVDeWoNofaQ8uZKneSLet,0058a7246c4a54e3,[0058a7246c],https://www.walletexplorer.com/wallet/0058a7246c4a54e3,ok,,2026-06-27T10:14:39.285564+00:00
1EUAw3Neyt97QCuw2DKKnyBBZSrfNZpGF6,0058a7246c4a54e3,[0058a7246c],https://www.walletexplorer.com/wallet/0058a7246c4a54e3,ok,,2026-06-27T10:14:39.838267+00:00
1M1245e9zgBGZm1BjR5sXANQarQyfcaWAZ,0058a7246c4a54e3,[0058a7246c],https://www.walletexplorer.com/wallet/0058a7246c4a54e3,ok,,2026-06-27T10:14:40.456098+00:00
1HmKE17n31YQsNmqdWxLspoxNtvXEUXCfU,0058a7246c4a54e3,[0058a7246c],https://www.walletexplorer.com/wallet/0058a7246c4a54e3,ok,,2026-06-27T10:14:41.081224+00:00
1BzyCAaAqLb6wyg2mYvVPMcPeML6MDCDra,0058a7246c4a54e3,[0058a7246c],https://www.walletexplorer.com/wallet/0058a7246c4a54e3,ok,,2026-06-27T10:14:41.638421+00:00
1EAuk24DYpffVgvqgARMqoQeFr6R8qJGNb,0058a7246c4a54e3,[0058a7246c],https://www.walletexplorer.com/wallet/0058a7246c4a54e3,ok,,2026-06-27T10:14:42.118158+00:00
1JFLzFYNQMtk2STEsv2rzmUCmgLiEqLzWK,0058a7246c4a54e3,[0058a7246c],https://www.walletexplorer.com/wallet/0058a7246c4a54e3,ok,,2026-06-27T10:14:42.664103+00:00
19adtRq6M4WLudYnMYxDTMQFhXVfwzqnRV,0058a7246c4a54e3,[0058a7246c],https://www.walletexplorer.com/wallet/0058a7246c4a54e3,ok,,2026-06-27T10:14:43.244024+00:00
1QFzaaqLnsSoM3quKax9XR1BM9vdvvnNU2,0058a7246c4a54e3,[0058a7246c],https://www.walletexplorer.com/wallet/0058a7246c4a54e3,ok,,2026-06-27T10:14:43.771251+00:00
15SNZ7g5dbanDqktDR939Ao4kujMJRNxU7,001b861dc58d5ac3,[001b861dc5],https://www.walletexplorer.com/wallet/001b861dc58d5ac3,ok,,2026-06-27T10:14:44.355197+00:00
1JWVLSxAGeytHQgPRPUiBsGu8sK9Sxh2SB,001b861dc58d5ac3,[001b861dc5],https://www.walletexplorer.com/wallet/001b861dc58d5ac3,ok,,2026-06-27T10:14:44.906958+00:00
1BfWDtsmcnNssQrzDy9EP9KGsrSofBxErm,001b861dc58d5ac3,[001b861dc5],https://www.walletexplorer.com/wallet/001b861dc58d5ac3,ok,,2026-06-27T10:14:45.483368+00:00
1Nsg1yka7hu6q7YRMAPkY9sAS7PhJKEGNZ,001b861dc58d5ac3,[001b861dc5],https://www.walletexplorer.com/wallet/001b861dc58d5ac3,ok,,2026-06-27T10:14:46.058302+00:00
13RcpMvhJ3UC3dHWpkcd4TMfu7FHfTqEtj,001b861dc58d5ac3,[001b861dc5],https://www.walletexplorer.com/wallet/001b861dc58d5ac3,ok,,2026-06-27T10:14:46.676808+00:00
1LvYYZXuvTf2JBAJw1MQHJJ5wiS4cak73K,0058a7246c4a54e3,[0058a7246c],https://www.walletexplorer.com/wallet/0058a7246c4a54e3,ok,,2026-06-27T10:14:47.244391+00:00
1NC4LcrQZVMKH61W7ysmfojGTKzMRzUcjM,0058a7246c4a54e3,[0058a7246c],https://www.walletexplorer.com/wallet/0058a7246c4a54e3,ok,,2026-06-27T10:14:47.835584+00:00
1hNUbbv1oTA4oSxwm5TKqmGtJ5pJLK74g,001b861dc58d5ac3,[001b861dc5],https://www.walletexplorer.com/wallet/001b861dc58d5ac3,ok,,2026-06-27T10:14:48.401865+00:00
1Bsuqsa34AAFHVcF6MQeGj24GFF5Hdn74a,0058a7246c4a54e3,[0058a7246c],https://www.walletexplorer.com/wallet/0058a7246c4a54e3,ok,,2026-06-27T10:14:48.999589+00:00
1PANPpZXTB2RsgXADonFNEmhPLCcZP8twZ,0058a7246c4a54e3,[0058a7246c],https://www.walletexplorer.com/wallet/0058a7246c4a54e3,ok,,2026-06-27T10:14:49.592282+00:00
1GvZCN9icSbFmgGrD58n8XSQpQu2G4n45y,0058a7246c4a54e3,[0058a7246c],https://www.walletexplorer.com/wallet/0058a7246c4a54e3,ok,,2026-06-27T10:14:50.319101+00:00
1LX2d33PxB99Aw1XirTAkgzabnP2CkVxWX,0058a7246c4a54e3,[0058a7246c],https://www.walletexplorer.com/wallet/0058a7246c4a54e3,ok,,2026-06-27T10:14:50.961979+00:00
12HZGYnjSu6187NJicXfMBa7STA488MXwT,0058a7246c4a54e3,[0058a7246c],https://www.walletexplorer.com/wallet/0058a7246c4a54e3,ok,,2026-06-27T10:14:51.562398+00:00
1DjBJtzymemGdxHNSTwFWoUXMbFcnL8yJs,001b861dc58d5ac3,[001b861dc5],https://www.walletexplorer.com/wallet/001b861dc58d5ac3,ok,,2026-06-27T10:14:52.193633+00:00
1EVWkTRJgnvXoReo5qAmpCQ2JpAGWUEKvr,001b861dc58d5ac3,[001b861dc5],https://www.walletexplorer.com/wallet/001b861dc58d5ac3,ok,,2026-06-27T10:14:52.811279+00:00
1A7r27vnSbsmvGAoiPvDrMn22UiMF28jUk,0058a7246c4a54e3,[0058a7246c],https://www.walletexplorer.com/wallet/0058a7246c4a54e3,ok,,2026-06-27T10:14:53.407288+00:00
1PCGbWnAL2h3anKovY1GVQzthfEsyqMZz7,001b861dc58d5ac3,[001b861dc5],https://www.walletexplorer.com/wallet/001b861dc58d5ac3,ok,,2026-06-27T10:14:53.975784+00:00
133ZQ118yTi44AG44dXMdKBsZyQAc9pET8,0058a7246c4a54e3,[0058a7246c],https://www.walletexplorer.com/wallet/0058a7246c4a54e3,ok,,2026-06-27T10:14:54.610753+00:00
1PSZkBLbc5UMZghB6qugB2uni48nZ1jBoE,0058a7246c4a54e3,[0058a7246c],https://www.walletexplorer.com/wallet/0058a7246c4a54e3,ok,,2026-06-27T10:14:55.244759+00:00
14G5Fai7rqFCQhneJeD5xXvBA89tRj5kVZ,001b861dc58d5ac3,[001b861dc5],https://www.walletexplorer.com/wallet/001b861dc58d5ac3,ok,,2026-06-27T10:14:55.804256+00:00
188Xg75EBzEhq84Ko7APrjc5PyBHrdcRYo,0058a7246c4a54e3,[0058a7246c],https://www.walletexplorer.com/wallet/0058a7246c4a54e3,ok,,2026-06-27T10:14:56.497912+00:00
1ENPw8dZcNbEvVX3yxntmbhQ4MBjk6tRvo,001b861dc58d5ac3,[001b861dc5],https://www.walletexplorer.com/wallet/001b861dc58d5ac3,ok,,2026-06-27T10:14:57.012257+00:00
14c5dvCSYitmW1NRYfcQ9Av3NWG7Suw2MY,001b861dc58d5ac3,[001b861dc5],https://www.walletexplorer.com/wallet/001b861dc58d5ac3,ok,,2026-06-27T10:14:57.742968+00:00
1JeHGePU9xCnbaQADredTRo1i9w4wgEtNZ,0058a7246c4a54e3,[0058a7246c],https://www.walletexplorer.com/wallet/0058a7246c4a54e3,ok,,2026-06-27T10:14:58.334299+00:00
1Mkr4aZzon9fHTwBBoZHJZEExAJF8fhRUr,001b861dc58d5ac3,[001b861dc5],https://www.walletexplorer.com/wallet/001b861dc58d5ac3,ok,,2026-06-27T10:14:58.891343+00:00
14sFKbvFi27tpLHxy6gSQpnkhzuJJ11ofo,0058a7246c4a54e3,[0058a7246c],https://www.walletexplorer.com/wallet/0058a7246c4a54e3,ok,,2026-06-27T10:14:59.629517+00:00
1CfU3CqEWr6LK9FBaBt7qrPQcET7yHQUxH,0058a7246c4a54e3,[0058a7246c],https://www.walletexplorer.com/wallet/0058a7246c4a54e3,ok,,2026-06-27T10:15:00.164400+00:00
1Q4AZUbzj56uheahHwfEumCXbqpqyc1vzP,0058a7246c4a54e3,[0058a7246c],https://www.walletexplorer.com/wallet/0058a7246c4a54e3,ok,,2026-06-27T10:15:00.778448+00:00
1CqFasqkb1SKRSWauEu26gb35o6zwa3s4i,0058a7246c4a54e3,[0058a7246c],https://www.walletexplorer.com/wallet/0058a7246c4a54e3,ok,,2026-06-27T10:15:01.325764+00:00
18n6Hf95KpmXZH8hD7mtaruki2VgYSrufj,0058a7246c4a54e3,[0058a7246c],https://www.walletexplorer.com/wallet/0058a7246c4a54e3,ok,,2026-06-27T10:15:02.024094+00:00
1KaQKc6WhQsDs1NFZ9PUSxi6enrb2Jkdcf,001b861dc58d5ac3,[001b861dc5],https://www.walletexplorer.com/wallet/001b861dc58d5ac3,ok,,2026-06-27T10:15:02.605751+00:00
1HpLs4s6y9yPrwW79Q4SDjfLrvUh2Y4Bxa,001b861dc58d5ac3,[001b861dc5],https://www.walletexplorer.com/wallet/001b861dc58d5ac3,ok,,2026-06-27T10:15:03.174612+00:00
1Ms1tiKrqrqTrgCwF1R6cUJMVWrWQ6oV9T,0058a7246c4a54e3,[0058a7246c],https://www.walletexplorer.com/wallet/0058a7246c4a54e3,ok,,2026-06-27T10:15:03.857216+00:00
14UUoHAxU8G5bYSTJtaJD3Hdw4jhWnWAJz,001b861dc58d5ac3,[001b861dc5],https://www.walletexplorer.com/wallet/001b861dc58d5ac3,ok,,2026-06-27T10:15:04.562825+00:00
1GTdDnerjhqMWwLoxzpK11mCV2EFoKFNXX,001b861dc58d5ac3,[001b861dc5],https://www.walletexplorer.com/wallet/001b861dc58d5ac3,ok,,2026-06-27T10:15:05.052558+00:00
19r9PQfcH8Ek4KD5ZAMnaWyErKdVMKmzTg,001b861dc58d5ac3,[001b861dc5],https://www.walletexplorer.com/wallet/001b861dc58d5ac3,ok,,2026-06-27T10:15:05.614888+00:00
153KmMEpkZUX3qYPbK2arFMRwgEbayLk1P,001b861dc58d5ac3,[001b861dc5],https://www.walletexplorer.com/wallet/001b861dc58d5ac3,ok,,2026-06-27T10:15:06.209499+00:00
1LywfhJY5HTwhJRogR9zTtZc9wu89XwdS1,001b861dc58d5ac3,[001b861dc5],https://www.walletexplorer.com/wallet/001b861dc58d5ac3,ok,,2026-06-27T10:15:07.557392+00:00
1J2DEdBtPj7oVKCk6qV8niwGYfDGrCCMJV,001b861dc58d5ac3,[001b861dc5],https://www.walletexplorer.com/wallet/001b861dc58d5ac3,ok,,2026-06-27T10:15:08.227731+00:00
1Hm81Rw3nkSDM63Zdxzg8peN59zZakvfzL,0058a7246c4a54e3,[0058a7246c],https://www.walletexplorer.com/wallet/0058a7246c4a54e3,ok,,2026-06-27T10:15:08.814418+00:00
1MEW5TVJFj1rSMZc5TvSjXfXBDEzQLsKv9,0058a7246c4a54e3,[0058a7246c],https://www.walletexplorer.com/wallet/0058a7246c4a54e3,ok,,2026-06-27T10:15:09.394931+00:00
14W4nbSr3qX2xdArtMMsoKEUA1ZuGeUz5V,001b861dc58d5ac3,[001b861dc5],https://www.walletexplorer.com/wallet/001b861dc58d5ac3,ok,,2026-06-27T10:15:09.999890+00:00
16CncFif5133v5vbBxWmNJoakm7VrSZ6b2,0058a7246c4a54e3,[0058a7246c],https://www.walletexplorer.com/wallet/0058a7246c4a54e3,ok,,2026-06-27T10:15:10.530247+00:00
14bsHfDTyK6PPhSTjF181rE3b9QoB2pQEC,001b861dc58d5ac3,[001b861dc5],https://www.walletexplorer.com/wallet/001b861dc58d5ac3,ok,,2026-06-27T10:15:11.062841+00:00
1DgkcgsW3bWS2mjsB8F9onTnRZfVRu3FNp,001b861dc58d5ac3,[001b861dc5],https://www.walletexplorer.com/wallet/001b861dc58d5ac3,ok,,2026-06-27T10:15:11.784517+00:00
1GaW5ASFcE1UhUJBtTAHEG3zCSmLJNBfac,0058a7246c4a54e3,[0058a7246c],https://www.walletexplorer.com/wallet/0058a7246c4a54e3,ok,,2026-06-27T10:15:12.375264+00:00
1ETgJEyFE4EWffk74CPoxqTbidYLrY6n92,02aa3f9d6a7f0bda,[02aa3f9d6a],https://www.walletexplorer.com/wallet/02aa3f9d6a7f0bda,ok,,2026-06-27T10:15:12.957252+00:00
1HN9KRL2mjRVQiuEgAKp2mhWkJZxiiije7,001b861dc58d5ac3,[001b861dc5],https://www.walletexplorer.com/wallet/001b861dc58d5ac3,ok,,2026-06-27T10:15:13.500636+00:00
1K82nuW1uDCh9MVZ62ASZuRnD5Z6YaLvHU,02aa3f9d6a7f0bda,[02aa3f9d6a],https://www.walletexplorer.com/wallet/02aa3f9d6a7f0bda,ok,,2026-06-27T10:15:13.994124+00:00
189unNxPZ1t8KqojvwfULt1uTN6UiGrLhz,001b861dc58d5ac3,[001b861dc5],https://www.walletexplorer.com/wallet/001b861dc58d5ac3,ok,,2026-06-27T10:15:14.571501+00:00
1DNjFPkhAQtnEK2XxfFTL59Wq2N9GgMURT,001b861dc58d5ac3,[001b861dc5],https://www.walletexplorer.com/wallet/001b861dc58d5ac3,ok,,2026-06-27T10:15:15.659068+00:00
1N72dgJ7rt3Cr6MgpjM9SPKXbuWRZnKE3Q,001b861dc58d5ac3,[001b861dc5],https://www.walletexplorer.com/wallet/001b861dc58d5ac3,ok,,2026-06-27T10:15:16.505111+00:00
1454J8x24kQ91nKwDDmVJ8fJz59jCwCJwr,001b861dc58d5ac3,[001b861dc5],https://www.walletexplorer.com/wallet/001b861dc58d5ac3,ok,,2026-06-27T10:15:17.037044+00:00
1ECfngF2m8eiKgov3QhNevdBTncu81eW9i,5315ef7ac3475a9b,[5315ef7ac3],https://www.walletexplorer.com/wallet/5315ef7ac3475a9b,ok,,2026-06-27T10:15:17.582806+00:00
14Bc1d7DP54MEdWt7iU4JqyNynJ5LLJJzh,001b861dc58d5ac3,[001b861dc5],https://www.walletexplorer.com/wallet/001b861dc58d5ac3,ok,,2026-06-27T10:15:18.251898+00:00
1Cf1Nqfk2HPhnuiP3sbmgYZB6k13o5qMfN,5315ef7ac3475a9b,[5315ef7ac3],https://www.walletexplorer.com/wallet/5315ef7ac3475a9b,ok,,2026-06-27T10:15:18.887865+00:00
1N9BgfPjntMUgP8P6XC1SrihBCDtoy25Go,001b861dc58d5ac3,[001b861dc5],https://www.walletexplorer.com/wallet/001b861dc58d5ac3,ok,,2026-06-27T10:15:19.601201+00:00
19XEm6HaqzrH392PoWbah3byEpNPbFppP7,001b861dc58d5ac3,[001b861dc5],https://www.walletexplorer.com/wallet/001b861dc58d5ac3,ok,,2026-06-27T10:15:20.203921+00:00
1QACEDZ7Txesyv1vtybTwH8F9HJBdZVGoK,001b861dc58d5ac3,[001b861dc5],https://www.walletexplorer.com/wallet/001b861dc58d5ac3,ok,,2026-06-27T10:15:20.759864+00:00
17HS2cx4J5dERzrLmLwgfGC5L15hUzPQQ4,001b861dc58d5ac3,[001b861dc5],https://www.walletexplorer.com/wallet/001b861dc58d5ac3,ok,,2026-06-27T10:15:21.340760+00:00
17fsnr3rFpfGfuRoFgDpD6JUDXDK1DtHth,001b861dc58d5ac3,[001b861dc5],https://www.walletexplorer.com/wallet/001b861dc58d5ac3,ok,,2026-06-27T10:15:21.935636+00:00
142YHPTL6GZK2FuH6UxY5QeYLqTEjEFeL7,dc500f5fcf57804c,[dc500f5fcf],https://www.walletexplorer.com/wallet/dc500f5fcf57804c,ok,,2026-06-27T10:15:22.537854+00:00
1B1KCX1FEKgRULmCaQgFyZUG6Hn7h8qqGi,001b861dc58d5ac3,[001b861dc5],https://www.walletexplorer.com/wallet/001b861dc58d5ac3,ok,,2026-06-27T10:15:23.267631+00:00
14ZvJuME2G6H4sbtDCNsqGpHZREQKKHgLB,001b861dc58d5ac3,[001b861dc5],https://www.walletexplorer.com/wallet/001b861dc58d5ac3,ok,,2026-06-27T10:15:23.809537+00:00
1B88DPi7vBEW2qT3nwpWmrpgxztuZM96Ge,0058a7246c4a54e3,[0058a7246c],https://www.walletexplorer.com/wallet/0058a7246c4a54e3,ok,,2026-06-27T10:15:24.474837+00:00
1Efw92C1GnS6B22E7upm8SJ25Sujh4JTTy,001b861dc58d5ac3,[001b861dc5],https://www.walletexplorer.com/wallet/001b861dc58d5ac3,ok,,2026-06-27T10:15:24.956794+00:00
15BjTsPhPmVap8mLrwFWTrkDDWETGsfueQ,001b861dc58d5ac3,[001b861dc5],https://www.walletexplorer.com/wallet/001b861dc58d5ac3,ok,,2026-06-27T10:15:25.889186+00:00
1MeVScRMEGAbxKrnE7FtoGAWZ98TL4nPNN,001b861dc58d5ac3,[001b861dc5],https://www.walletexplorer.com/wallet/001b861dc58d5ac3,ok,,2026-06-27T10:15:26.628842+00:00
1Ggy1DXob78xJFzXB5C7kWnzCushjofGKW,001b861dc58d5ac3,[001b861dc5],https://www.walletexplorer.com/wallet/001b861dc58d5ac3,ok,,2026-06-27T10:15:27.730753+00:00
15JS5EEi2YLXYXnM6sUxBT9bzDC28VxP5b,001b861dc58d5ac3,[001b861dc5],https://www.walletexplorer.com/wallet/001b861dc58d5ac3,ok,,2026-06-27T10:15:28.378061+00:00
1Dcy2YoEEzZs9DQ1d2L7mtmLpurRhCAzM7,001b861dc58d5ac3,[001b861dc5],https://www.walletexplorer.com/wallet/001b861dc58d5ac3,ok,,2026-06-27T10:15:28.989570+00:00
1LoZQMMohKQNJauN6VvneJTzZQM2ZSq9N3,001b861dc58d5ac3,[001b861dc5],https://www.walletexplorer.com/wallet/001b861dc58d5ac3,ok,,2026-06-27T10:15:29.617432+00:00
12iz92pBud1r5uDCfLGEfRc1AwXfz7tSo9,02aa3f9d6a7f0bda,[02aa3f9d6a],https://www.walletexplorer.com/wallet/02aa3f9d6a7f0bda,ok,,2026-06-27T10:15:30.231929+00:00
14UBdkaZ6E6arf7XtfQVPzvUdgtGh6hMRu,001b861dc58d5ac3,[001b861dc5],https://www.walletexplorer.com/wallet/001b861dc58d5ac3,ok,,2026-06-27T10:15:30.871495+00:00
1PtaU82qkEBnWJKbRLoyVJYy6V9s4pDg4s,02aa3f9d6a7f0bda,[02aa3f9d6a],https://www.walletexplorer.com/wallet/02aa3f9d6a7f0bda,ok,,2026-06-27T10:15:31.573567+00:00
1CDUgspVYxBYyqwKhzTVqDqfPh82aeDYMZ,001b861dc58d5ac3,[001b861dc5],https://www.walletexplorer.com/wallet/001b861dc58d5ac3,ok,,2026-06-27T10:15:32.241656+00:00
1ZFpxwWcghWJmtqb8NMWikhdCfA1nqjov,001b861dc58d5ac3,[001b861dc5],https://www.walletexplorer.com/wallet/001b861dc58d5ac3,ok,,2026-06-27T10:15:32.895380+00:00
16efG8cXpvgLEufpeKmPSY9XBWbjFGxfxA,001b861dc58d5ac3,[001b861dc5],https://www.walletexplorer.com/wallet/001b861dc58d5ac3,ok,,2026-06-27T10:15:33.528658+00:00
16noFyGPSBePj1Ca4ceGg8Kt3pZQFTMHgw,001b861dc58d5ac3,[001b861dc5],https://www.walletexplorer.com/wallet/001b861dc58d5ac3,ok,,2026-06-27T10:15:34.356287+00:00
174Cy7pqJkHqDDg3vAXCfnRZqte1uuzu5G,001b861dc58d5ac3,[001b861dc5],https://www.walletexplorer.com/wallet/001b861dc58d5ac3,ok,,2026-06-27T10:15:35.076617+00:00
1DBDzKCfT8HUUxNzJTkr4nFFPPJnP67ydD,001b861dc58d5ac3,[001b861dc5],https://www.walletexplorer.com/wallet/001b861dc58d5ac3,ok,,2026-06-27T10:15:35.788860+00:00
1DrCdMZpVTWENUL6kov2YU8XoEHNAC3w8B,001b861dc58d5ac3,[001b861dc5],https://www.walletexplorer.com/wallet/001b861dc58d5ac3,ok,,2026-06-27T10:15:36.341589+00:00
1EvF2vGXxVpW91k4MU4vqAzMmq8co2dYSP,001b861dc58d5ac3,[001b861dc5],https://www.walletexplorer.com/wallet/001b861dc58d5ac3,ok,,2026-06-27T10:15:36.926319+00:00
1L2Dm4VTu9Aouw9NhFVi7Poi3xWQ29o6aX,117623e08a055aa4,[117623e08a],https://www.walletexplorer.com/wallet/117623e08a055aa4,ok,,2026-06-27T10:15:37.524246+00:00
13TmqSNKuueSKykRFy166Ng8CW2ofP2GFL,117623e08a055aa4,[117623e08a],https://www.walletexplorer.com/wallet/117623e08a055aa4,ok,,2026-06-27T10:15:38.095111+00:00
1HWGvrAssdQBHGcCEqaEsbS294rr5UtdN1,117623e08a055aa4,[117623e08a],https://www.walletexplorer.com/wallet/117623e08a055aa4,ok,,2026-06-27T10:15:38.739160+00:00
1LhiuhgvnwDUKYiHuGdycC3tX2sftdT6ah,001b861dc58d5ac3,[001b861dc5],https://www.walletexplorer.com/wallet/001b861dc58d5ac3,ok,,2026-06-27T10:15:39.494777+00:00
19J2iKQkBGzpebi4givX3ZopmbuxnqyafC,0058a7246c4a54e3,[0058a7246c],https://www.walletexplorer.com/wallet/0058a7246c4a54e3,ok,,2026-06-27T10:15:39.996843+00:00
12yqSFoaNazUNEp1nUEnRfxS8Yh6NNHrhK,001b861dc58d5ac3,[001b861dc5],https://www.walletexplorer.com/wallet/001b861dc58d5ac3,ok,,2026-06-27T10:15:40.596327+00:00
1MCWkJZBZ7TamfmT7XpUbjUkKtZur7HzDL,001b861dc58d5ac3,[001b861dc5],https://www.walletexplorer.com/wallet/001b861dc58d5ac3,ok,,2026-06-27T10:15:41.114090+00:00
148yAM6BDFDQYVp3C9j5MeAqxMVQXBZ2BC,001b861dc58d5ac3,[001b861dc5],https://www.walletexplorer.com/wallet/001b861dc58d5ac3,ok,,2026-06-27T10:15:41.841734+00:00
1By2spuoAyJYn7pUwhPSqAZ8G2DHUzBj67,001b861dc58d5ac3,[001b861dc5],https://www.walletexplorer.com/wallet/001b861dc58d5ac3,ok,,2026-06-27T10:15:42.442284+00:00
1e3R3HeFUYH964HNg4D3jfvN1jESkKaco,001b861dc58d5ac3,[001b861dc5],https://www.walletexplorer.com/wallet/001b861dc58d5ac3,ok,,2026-06-27T10:15:43.616063+00:00
13KS6fht6ZFy9oCbVaFUADs76tgi7f3tZs,001b861dc58d5ac3,[001b861dc5],https://www.walletexplorer.com/wallet/001b861dc58d5ac3,ok,,2026-06-27T10:15:44.330057+00:00
1FL9jzuK8Gw7f3TbmJmNmJymkkMQQWjX6L,001b861dc58d5ac3,[001b861dc5],https://www.walletexplorer.com/wallet/001b861dc58d5ac3,ok,,2026-06-27T10:15:44.931851+00:00
1Nn245vrnxFNRbZWYioe5aVpXiu5mLxyQa,0058a7246c4a54e3,[0058a7246c],https://www.walletexplorer.com/wallet/0058a7246c4a54e3,ok,,2026-06-27T10:15:45.540872+00:00
1P2xEZNVFFioRFEEXbjdziXyMTvDvyKZM1,001b861dc58d5ac3,[001b861dc5],https://www.walletexplorer.com/wallet/001b861dc58d5ac3,ok,,2026-06-27T10:15:46.190532+00:00
12EirX1cQLNGyE5oafB2x4aS74d18wbJQN,02aa3f9d6a7f0bda,[02aa3f9d6a],https://www.walletexplorer.com/wallet/02aa3f9d6a7f0bda,ok,,2026-06-27T10:15:46.858463+00:00
1H2NbCbP9PMXLyfbZQVfZuEAoM3RnjdUPM,001b861dc58d5ac3,[001b861dc5],https://www.walletexplorer.com/wallet/001b861dc58d5ac3,ok,,2026-06-27T10:15:47.547165+00:00
1G22d7ybsH9bpmhC4agpFV2ZAgdeAXVwM,001b861dc58d5ac3,[001b861dc5],https://www.walletexplorer.com/wallet/001b861dc58d5ac3,ok,,2026-06-27T10:15:48.186609+00:00
17KXUpgs65Mwvsfen5Y5hzHzg6iPRmG1Sq,001b861dc58d5ac3,[001b861dc5],https://www.walletexplorer.com/wallet/001b861dc58d5ac3,ok,,2026-06-27T10:15:48.748058+00:00
1MxE6jUMvxfVzd6zPyXMuyiAmqn8UdHuFw,117623e08a055aa4,[117623e08a],https://www.walletexplorer.com/wallet/117623e08a055aa4,ok,,2026-06-27T10:15:49.385680+00:00
1NHMAvJs42cZ6knDucDSsDqVK4nXDXg2qj,117623e08a055aa4,[117623e08a],https://www.walletexplorer.com/wallet/117623e08a055aa4,ok,,2026-06-27T10:15:49.978756+00:00
14vFYT1R8mzNw65kBa3er9GKYw7LT3wAFF,598181f83529cbef,[598181f835],https://www.walletexplorer.com/wallet/598181f83529cbef,ok,,2026-06-27T10:15:50.539893+00:00
1Pw3Uv7eakN42e6Bb9JaEM166Y7EDq29XN,001b861dc58d5ac3,[001b861dc5],https://www.walletexplorer.com/wallet/001b861dc58d5ac3,ok,,2026-06-27T10:15:51.889181+00:00
19CV3XnhpFcX3o4Yki4SHtUMb1nJW4fLiQ,001b861dc58d5ac3,[001b861dc5],https://www.walletexplorer.com/wallet/001b861dc58d5ac3,ok,,2026-06-27T10:15:52.674804+00:00
1Bje33upov7uE4bbtfeeNsszWgwvRSE5pW,7f66484eafa8c617,[7f66484eaf],https://www.walletexplorer.com/wallet/7f66484eafa8c617,ok,,2026-06-27T10:15:53.375438+00:00
1LVtieSmtFR5Nsvj78igouUdk3hzzpErER,001b861dc58d5ac3,[001b861dc5],https://www.walletexplorer.com/wallet/001b861dc58d5ac3,ok,,2026-06-27T10:15:54.012687+00:00
1FRVV3rLzGdYhNW72Qk49dUEZoQHZssx2q,001b861dc58d5ac3,[001b861dc5],https://www.walletexplorer.com/wallet/001b861dc58d5ac3,ok,,2026-06-27T10:15:54.621165+00:00
1LkcaRBzQuAndmGKjQMdnh5kjCeQHQTWKn,001b861dc58d5ac3,[001b861dc5],https://www.walletexplorer.com/wallet/001b861dc58d5ac3,ok,,2026-06-27T10:15:55.224510+00:00
1GFcqfkVdAJpFhHN6do7sxHGeG2vUMmhc3,001b861dc58d5ac3,[001b861dc5],https://www.walletexplorer.com/wallet/001b861dc58d5ac3,ok,,2026-06-27T10:15:55.749309+00:00
1JeHQ5zKjYEq8H5g6Qg6sKEPgiHxy5jkRa,c002ec106d0ad82b,[c002ec106d],https://www.walletexplorer.com/wallet/c002ec106d0ad82b,ok,,2026-06-27T10:15:56.390065+00:00
1EAVETLN1uWPWjHmT6G5EZesiRdmcwe5bn,001b861dc58d5ac3,[001b861dc5],https://www.walletexplorer.com/wallet/001b861dc58d5ac3,ok,,2026-06-27T10:15:56.967473+00:00
1KKviTxboXGFmqr3xqCdZuaJC2Rth3WwU6,598181f83529cbef,[598181f835],https://www.walletexplorer.com/wallet/598181f83529cbef,ok,,2026-06-27T10:15:57.844267+00:00
15dYd5CaBPq8ERU76bt4dj2hDzXJRnYwNe,001b861dc58d5ac3,[001b861dc5],https://www.walletexplorer.com/wallet/001b861dc58d5ac3,ok,,2026-06-27T10:15:58.521209+00:00
1BLZoPpcT7o1nTtoKv5n6VYJi5tKiE4m9f,4b03b7a2641f8da8,[4b03b7a264],https://www.walletexplorer.com/wallet/4b03b7a2641f8da8,ok,,2026-06-27T10:15:59.165818+00:00
18BfJXkMkeNpMLaVBXvrCoYjbCm9MzXnuX,e80be87c995cf552,[e80be87c99],https://www.walletexplorer.com/wallet/e80be87c995cf552,ok,,2026-06-27T10:15:59.822690+00:00
15ubkwDfA1VCQ2JdoEyaGXgpTJbipcd5j9,001b861dc58d5ac3,[001b861dc5],https://www.walletexplorer.com/wallet/001b861dc58d5ac3,ok,,2026-06-27T10:16:00.491693+00:00
16QtJ15RovVKqMgXNshVaZkwAVUFM63nmX,6ff145c5c1506914,[6ff145c5c1],https://www.walletexplorer.com/wallet/6ff145c5c1506914,ok,,2026-06-27T10:16:01.136191+00:00
1HydH26uMhgWz47ZCHrWBTb2VL3pT6B7Hh,001b861dc58d5ac3,[001b861dc5],https://www.walletexplorer.com/wallet/001b861dc58d5ac3,ok,,2026-06-27T10:16:01.897270+00:00
1CgFuTT2F1MVBTq4ZRiSqba7D6rBf6Rxqp,117623e08a055aa4,[117623e08a],https://www.walletexplorer.com/wallet/117623e08a055aa4,ok,,2026-06-27T10:16:02.743080+00:00
1F68srcoe1DYLNVqEcH2f43SEwPNF3BG7n,001b861dc58d5ac3,[001b861dc5],https://www.walletexplorer.com/wallet/001b861dc58d5ac3,ok,,2026-06-27T10:16:03.564875+00:00
1N93vndKtaXbriXhxiqzWtCvLwKsZPqdko,001b861dc58d5ac3,[001b861dc5],https://www.walletexplorer.com/wallet/001b861dc58d5ac3,ok,,2026-06-27T10:16:04.217403+00:00
16Neb9aqjwkcgDy32BGqhSbDJMgYD8yYcM,001b861dc58d5ac3,[001b861dc5],https://www.walletexplorer.com/wallet/001b861dc58d5ac3,ok,,2026-06-27T10:16:04.854605+00:00
16FZM4gVueaswW1F5T6bYDAGN9qcPN6pNB,d205fdb8de86bb6c,[d205fdb8de],https://www.walletexplorer.com/wallet/d205fdb8de86bb6c,ok,,2026-06-27T10:16:05.512834+00:00
1E6ZkVE1pUmSLiaGBvEpu7Kx2ajBMnwm8N,02aa3f9d6a7f0bda,[02aa3f9d6a],https://www.walletexplorer.com/wallet/02aa3f9d6a7f0bda,ok,,2026-06-27T10:16:06.109237+00:00
1K4qx5QHvAfzYUJQQN93x7n7gdCzcoay6v,001b861dc58d5ac3,[001b861dc5],https://www.walletexplorer.com/wallet/001b861dc58d5ac3,ok,,2026-06-27T10:16:06.726280+00:00
12rUVLjP3x64VXBgGB4MJ61rFoP8AV3fSr,001b861dc58d5ac3,[001b861dc5],https://www.walletexplorer.com/wallet/001b861dc58d5ac3,ok,,2026-06-27T10:16:07.416761+00:00
15snF92BhkEGW27bo6uLLjPSjrSZDRpwzK,001b861dc58d5ac3,[001b861dc5],https://www.walletexplorer.com/wallet/001b861dc58d5ac3,ok,,2026-06-27T10:16:07.995810+00:00
198tkcCdqhie4Jwe8v59j4UUsppDMRCdL3,001b861dc58d5ac3,[001b861dc5],https://www.walletexplorer.com/wallet/001b861dc58d5ac3,ok,,2026-06-27T10:16:08.583447+00:00
1A7CiJvQTiuLiCMnnDJEp6zsueCQyeNocM,001b861dc58d5ac3,[001b861dc5],https://www.walletexplorer.com/wallet/001b861dc58d5ac3,ok,,2026-06-27T10:16:09.152383+00:00
1PjuaNxiEqiQfoE9XpPzy3i47syLNLoSy3,001b861dc58d5ac3,[001b861dc5],https://www.walletexplorer.com/wallet/001b861dc58d5ac3,ok,,2026-06-27T10:16:09.684555+00:00
1ATKmhh1MRWeEggeqYBbkDgoVvVoX2j3Fx,001b861dc58d5ac3,[001b861dc5],https://www.walletexplorer.com/wallet/001b861dc58d5ac3,ok,,2026-06-27T10:16:10.254443+00:00
16jiCz6B2o3GWtSeS2xhNtEU5MN1kkUE4n,001b861dc58d5ac3,[001b861dc5],https://www.walletexplorer.com/wallet/001b861dc58d5ac3,ok,,2026-06-27T10:16:11.146387+00:00
1GKKfsauKipwvS2phFSTjYMP3F9YzPv2H8,001b861dc58d5ac3,[001b861dc5],https://www.walletexplorer.com/wallet/001b861dc58d5ac3,ok,,2026-06-27T10:16:11.780832+00:00
13zPEkqVWYAoaMtztdiQ1xr8vE8ATi8nc5,fa2b929657e88e71,[fa2b929657],https://www.walletexplorer.com/wallet/fa2b929657e88e71,ok,,2026-06-27T10:16:12.526074+00:00
1PDWgjKpbDLspCTX9smVbDkyU4okwrqUv3,001b861dc58d5ac3,[001b861dc5],https://www.walletexplorer.com/wallet/001b861dc58d5ac3,ok,,2026-06-27T10:16:13.150922+00:00
1PHUzZyQdKXUPX2DPefTDgnzNeVa2NY7uQ,001b861dc58d5ac3,[001b861dc5],https://www.walletexplorer.com/wallet/001b861dc58d5ac3,ok,,2026-06-27T10:16:13.823395+00:00
12FfeX3qH7zhWEqdaGzQJvFipeZiYZaWtn,0058a7246c4a54e3,[0058a7246c],https://www.walletexplorer.com/wallet/0058a7246c4a54e3,ok,,2026-06-27T10:16:14.389987+00:00
196ZBwXQodmewjjWJY14Hwu5z9rzXo2U95,001b861dc58d5ac3,[001b861dc5],https://www.walletexplorer.com/wallet/001b861dc58d5ac3,ok,,2026-06-27T10:16:14.986145+00:00
1FEftBHZQJPR4cSyQAN6VUfcJCpSb74hq6,14d2b67ce4cb8316,[14d2b67ce4],https://www.walletexplorer.com/wallet/14d2b67ce4cb8316,ok,,2026-06-27T10:16:15.719452+00:00
1KACVaxiuo7j3JLgpDGLi2wA9ZdeENt1dS,001b861dc58d5ac3,[001b861dc5],https://www.walletexplorer.com/wallet/001b861dc58d5ac3,ok,,2026-06-27T10:16:16.393810+00:00
1LiHJaPKVZeoGePR5Nu22jaT8zwR4YAyEx,001b861dc58d5ac3,[001b861dc5],https://www.walletexplorer.com/wallet/001b861dc58d5ac3,ok,,2026-06-27T10:16:16.963053+00:00
1GmxboyLteM4VUN8ML3AKT3HhqXdhqm6xf,001b861dc58d5ac3,[001b861dc5],https://www.walletexplorer.com/wallet/001b861dc58d5ac3,ok,,2026-06-27T10:16:17.530618+00:00
1i6cMpMAzAgCLJMmq762yQEWQFPMGV8DQ,001b861dc58d5ac3,[001b861dc5],https://www.walletexplorer.com/wallet/001b861dc58d5ac3,ok,,2026-06-27T10:16:18.181230+00:00
1F8tzzmDuvjSkPJ2Vm1174M1a6VkqZ3LqZ,001b861dc58d5ac3,[001b861dc5],https://www.walletexplorer.com/wallet/001b861dc58d5ac3,ok,,2026-06-27T10:16:18.856875+00:00
1JM9Wa6TB7NwkCdSwTMq3k3Ai4s3ksy7ED,001b861dc58d5ac3,[001b861dc5],https://www.walletexplorer.com/wallet/001b861dc58d5ac3,ok,,2026-06-27T10:16:19.661236+00:00
1C7eotSvAJRtQEFCo6M5n6WxnMSPjGe18U,02aa3f9d6a7f0bda,[02aa3f9d6a],https://www.walletexplorer.com/wallet/02aa3f9d6a7f0bda,ok,,2026-06-27T10:16:20.483221+00:00
13GZWNvmDd9toSxW8ymM2jJ7i6yFYoRTRA,001b861dc58d5ac3,[001b861dc5],https://www.walletexplorer.com/wallet/001b861dc58d5ac3,ok,,2026-06-27T10:16:21.231583+00:00
18YGpM6pcsLJtgQBXYNZYpQn625qtAsfzx,001b861dc58d5ac3,[001b861dc5],https://www.walletexplorer.com/wallet/001b861dc58d5ac3,ok,,2026-06-27T10:16:21.805295+00:00
16bZbraypf73N75AhPKNf3hWEk5ssM2Qpn,001b861dc58d5ac3,[001b861dc5],https://www.walletexplorer.com/wallet/001b861dc58d5ac3,ok,,2026-06-27T10:16:22.421266+00:00
1BrcCcoAfcBH82TbAT18YwZJvLeEuNdMmA,001b861dc58d5ac3,[001b861dc5],https://www.walletexplorer.com/wallet/001b861dc58d5ac3,ok,,2026-06-27T10:16:23.074975+00:00
18X7pXvFptfjAZRu9U8sFdRhmTaUwcyNZQ,03fe14b0ba07f215,[03fe14b0ba],https://www.walletexplorer.com/wallet/03fe14b0ba07f215,ok,,2026-06-27T10:16:23.692883+00:00
15CzEkP4hAUBV3BdWoFP1bRLNZ5pqSmAJL,001b861dc58d5ac3,[001b861dc5],https://www.walletexplorer.com/wallet/001b861dc58d5ac3,ok,,2026-06-27T10:16:24.315781+00:00
1Q7nSdSnSbsfgHotufvn4R3BEA62RKSNEd,001b861dc58d5ac3,[001b861dc5],https://www.walletexplorer.com/wallet/001b861dc58d5ac3,ok,,2026-06-27T10:16:24.951886+00:00
1N5MQ6F6NokNGP83WdqZvK1nC8ufegRaDB,001b861dc58d5ac3,[001b861dc5],https://www.walletexplorer.com/wallet/001b861dc58d5ac3,ok,,2026-06-27T10:16:25.686138+00:00
1G7bFGixE52AYpQgEarpeBRNQUS7phZX1C,001b861dc58d5ac3,[001b861dc5],https://www.walletexplorer.com/wallet/001b861dc58d5ac3,ok,,2026-06-27T10:16:26.354465+00:00
1ABzhHRFeQTnbosqNJ8rekG83Mpg5EVbgr,001b861dc58d5ac3,[001b861dc5],https://www.walletexplorer.com/wallet/001b861dc58d5ac3,ok,,2026-06-27T10:16:27.013379+00:00
1FSfDafXz2JZSnyrWu9QmJwbm7oUKmTuUB,001b861dc58d5ac3,[001b861dc5],https://www.walletexplorer.com/wallet/001b861dc58d5ac3,ok,,2026-06-27T10:16:27.686351+00:00
1LmHF8pnoMPd5gxZ7Hnz3RUfNzLLug1D7B,001b861dc58d5ac3,[001b861dc5],https://www.walletexplorer.com/wallet/001b861dc58d5ac3,ok,,2026-06-27T10:16:28.291253+00:00
1N9pNyC6McjXpKK8Ps3Aqtkb2ZxmmqwuC,001b861dc58d5ac3,[001b861dc5],https://www.walletexplorer.com/wallet/001b861dc58d5ac3,ok,,2026-06-27T10:16:29.012466+00:00
1KuQnkQSbSK9VU71mRcPDLdm6FUdNT45iP,001b861dc58d5ac3,[001b861dc5],https://www.walletexplorer.com/wallet/001b861dc58d5ac3,ok,,2026-06-27T10:16:29.612833+00:00
1AJESCBkKU4BZoKP37vZNYevVM5XivaEqi,117623e08a055aa4,[117623e08a],https://www.walletexplorer.com/wallet/117623e08a055aa4,ok,,2026-06-27T10:16:30.236258+00:00
1JqnS4VQWbHWEpNFpKpJR7CNC1ibFdEVGG,001b861dc58d5ac3,[001b861dc5],https://www.walletexplorer.com/wallet/001b861dc58d5ac3,ok,,2026-06-27T10:16:30.890301+00:00
1KGAV9XTf7NnMk7me2PkEBdH1RoXB8PZMW,03fe14b0ba07f215,[03fe14b0ba],https://www.walletexplorer.com/wallet/03fe14b0ba07f215,ok,,2026-06-27T10:16:31.461429+00:00
1CVgA1WWB5w5XMDrQQpPTyNCrRQbB5SJhM,001b861dc58d5ac3,[001b861dc5],https://www.walletexplorer.com/wallet/001b861dc58d5ac3,ok,,2026-06-27T10:16:32.092807+00:00
15o9qpAi5oPapYBNBirHorXSpsRg1pDmKb,001b861dc58d5ac3,[001b861dc5],https://www.walletexplorer.com/wallet/001b861dc58d5ac3,ok,,2026-06-27T10:16:32.716369+00:00
1MvVeyCuighLemkhdHezuw7TYaJLAiKhQt,001b861dc58d5ac3,[001b861dc5],https://www.walletexplorer.com/wallet/001b861dc58d5ac3,ok,,2026-06-27T10:16:33.323477+00:00
1FbkuGga9puWjUq1vZZ8EXC46Cu5ks2dUD,001b861dc58d5ac3,[001b861dc5],https://www.walletexplorer.com/wallet/001b861dc58d5ac3,ok,,2026-06-27T10:16:34.117104+00:00
1G91Qgufxz949mZVSNuEVCG16CbWZKeLkv,001b861dc58d5ac3,[001b861dc5],https://www.walletexplorer.com/wallet/001b861dc58d5ac3,ok,,2026-06-27T10:16:34.860492+00:00
1LdhYJXMUacGLxWpx5g3vx4Uqr5cekYTjx,5b86070c4b6fb605,[5b86070c4b],https://www.walletexplorer.com/wallet/5b86070c4b6fb605,ok,,2026-06-27T10:16:35.428017+00:00
1GpNo6Dw2Vfh9R8rXCM13hwgoNmvixnnK2,da21cca497b463c6,[da21cca497],https://www.walletexplorer.com/wallet/da21cca497b463c6,ok,,2026-06-27T10:16:36.044026+00:00
18JJy4yCoiCcsZvczUQotoWTxo3R9wNXid,793e639606089649,[793e639606],https://www.walletexplorer.com/wallet/793e639606089649,ok,,2026-06-27T10:16:36.730427+00:00
1KaKNaDGjp1UkWijroiaycUYRuZT5ZEfyf,001b861dc58d5ac3,[001b861dc5],https://www.walletexplorer.com/wallet/001b861dc58d5ac3,ok,,2026-06-27T10:16:37.368092+00:00
1Bpyn1hcKk5H24i1nto3MX2UQtVfUBCqXz,001b861dc58d5ac3,[001b861dc5],https://www.walletexplorer.com/wallet/001b861dc58d5ac3,ok,,2026-06-27T10:16:38.071489+00:00
19cAcUbVYYgUn79giEWdMiGBLQZb4cBQtV,001b861dc58d5ac3,[001b861dc5],https://www.walletexplorer.com/wallet/001b861dc58d5ac3,ok,,2026-06-27T10:16:38.629960+00:00
1NbUPu6NTkTXBGg8a8ToKR8kubEksmUV6B,5b86070c4b6fb605,[5b86070c4b],https://www.walletexplorer.com/wallet/5b86070c4b6fb605,ok,,2026-06-27T10:16:39.314038+00:00
13H8yStxp7Lpb8SbzqvoP3mrVEhTbXAyFR,02aa3f9d6a7f0bda,[02aa3f9d6a],https://www.walletexplorer.com/wallet/02aa3f9d6a7f0bda,ok,,2026-06-27T10:16:40.106904+00:00
1ENXbTiHCJA4NKNvEXcSrRAAXc2MQysBcg,001b861dc58d5ac3,[001b861dc5],https://www.walletexplorer.com/wallet/001b861dc58d5ac3,ok,,2026-06-27T10:16:40.762342+00:00
13QE2jhhap5TysRzAGbbcDBXAnTNfvCGed,001b861dc58d5ac3,[001b861dc5],https://www.walletexplorer.com/wallet/001b861dc58d5ac3,ok,,2026-06-27T10:16:41.361485+00:00
17RbaRSaQsHn9fSCvmVELgVE7zvHTS5E1m,ebf63e0bfb4bbcd0,[ebf63e0bfb],https://www.walletexplorer.com/wallet/ebf63e0bfb4bbcd0,ok,,2026-06-27T10:16:42.173549+00:00
1PC5V67pJT1fKXUfGwEARq6XV6MWgGiFeT,001b861dc58d5ac3,[001b861dc5],https://www.walletexplorer.com/wallet/001b861dc58d5ac3,ok,,2026-06-27T10:16:42.794101+00:00
18vSUYH5D9PMLRm1Tt1fEsFn5rigDR1tYi,02aa3f9d6a7f0bda,[02aa3f9d6a],https://www.walletexplorer.com/wallet/02aa3f9d6a7f0bda,ok,,2026-06-27T10:16:43.520150+00:00
129kTTb43iGBiammKjpnnp7NfNbjkz1nxm,02aa3f9d6a7f0bda,[02aa3f9d6a],https://www.walletexplorer.com/wallet/02aa3f9d6a7f0bda,ok,,2026-06-27T10:16:44.182750+00:00
1EcUJFENqN8onhJ6ZPVfYHtCQ3EtfoUecK,001b861dc58d5ac3,[001b861dc5],https://www.walletexplorer.com/wallet/001b861dc58d5ac3,ok,,2026-06-27T10:16:44.756811+00:00
1JnjfptdFtkD2qoLt2CAuPFQWykLajLu5D,001b861dc58d5ac3,[001b861dc5],https://www.walletexplorer.com/wallet/001b861dc58d5ac3,ok,,2026-06-27T10:16:45.463255+00:00
1EmBg9Zus4o89oAQhuixXNTGgv3GWd99GT,001b861dc58d5ac3,[001b861dc5],https://www.walletexplorer.com/wallet/001b861dc58d5ac3,ok,,2026-06-27T10:16:46.132286+00:00
1J94vEvmeYkKyDSHoSiCCzgDj5we8ZY8x2,117623e08a055aa4,[117623e08a],https://www.walletexplorer.com/wallet/117623e08a055aa4,ok,,2026-06-27T10:16:46.895932+00:00
1Ckaa5hEWm4C1xcKWd6DWAgo77K5y7fomE,001b861dc58d5ac3,[001b861dc5],https://www.walletexplorer.com/wallet/001b861dc58d5ac3,ok,,2026-06-27T10:16:47.609223+00:00
17yi24NoV4baF5WZdoxKg55E7VE8ngdkz3,001b861dc58d5ac3,[001b861dc5],https://www.walletexplorer.com/wallet/001b861dc58d5ac3,ok,,2026-06-27T10:16:48.431257+00:00
1KE4TZR7Hyo9rVRyHoR5yzb8TE8dDbYyL5,001b861dc58d5ac3,[001b861dc5],https://www.walletexplorer.com/wallet/001b861dc58d5ac3,ok,,2026-06-27T10:16:49.108898+00:00
1JiXYJK9s5J4FfYgLvvTZ1wSBvPQ1mGxiy,001b861dc58d5ac3,[001b861dc5],https://www.walletexplorer.com/wallet/001b861dc58d5ac3,ok,,2026-06-27T10:16:49.927772+00:00
1Mx6ZKXJSYxhkG7oKsind5YfHZ44yzQHy8,150e9fe1677f7921,[150e9fe167],https://www.walletexplorer.com/wallet/150e9fe1677f7921,ok,,2026-06-27T10:16:50.579501+00:00
1HcuAv8X9Mxk5rWtLUpqxJxx2vN6BbKfwB,004bf37491a806d0,[004bf37491],https://www.walletexplorer.com/wallet/004bf37491a806d0,ok,,2026-06-27T10:16:51.098483+00:00
12XDmdweRS4ZEyUnKpAmSJbb9pWQ6m23P1,004bf37491a806d0,[004bf37491],https://www.walletexplorer.com/wallet/004bf37491a806d0,ok,,2026-06-27T10:16:51.673308+00:00
15ASjimpKGmjyLQ7ucDwzq2n3jqBmGPwbW,004bf37491a806d0,[004bf37491],https://www.walletexplorer.com/wallet/004bf37491a806d0,ok,,2026-06-27T10:16:52.401186+00:00
1Q5YizYYdEUj2j3vj9HBxMxrALVqL22Lhb,004bf37491a806d0,[004bf37491],https://www.walletexplorer.com/wallet/004bf37491a806d0,ok,,2026-06-27T10:16:52.861681+00:00
17oj1XU9cfAR9X8AJ3Dg6F8KKYLWaJXqhP,004bf37491a806d0,[004bf37491],https://www.walletexplorer.com/wallet/004bf37491a806d0,ok,,2026-06-27T10:16:53.534832+00:00
1PQ5tqZSkpWdX1Enqn8XU9uxcevbjPhBsP,004bf37491a806d0,[004bf37491],https://www.walletexplorer.com/wallet/004bf37491a806d0,ok,,2026-06-27T10:16:54.262089+00:00
1Ezode5w81aSZVhVGMq8GqQY5Lx4yDaW9d,004bf37491a806d0,[004bf37491],https://www.walletexplorer.com/wallet/004bf37491a806d0,ok,,2026-06-27T10:16:55.010550+00:00
1JAmgsPCFd1UkdMr8un2Luthmefuc3gdWC,004bf37491a806d0,[004bf37491],https://www.walletexplorer.com/wallet/004bf37491a806d0,ok,,2026-06-27T10:16:55.843763+00:00
1Q6p4SwJEMRK5NFzqYRGPDQPnqosDKfDt,004bf37491a806d0,[004bf37491],https://www.walletexplorer.com/wallet/004bf37491a806d0,ok,,2026-06-27T10:16:56.927850+00:00
1ES9d3Ug61ZYuiySbxCaJYBFy22uB4nbLK,004bf37491a806d0,[004bf37491],https://www.walletexplorer.com/wallet/004bf37491a806d0,ok,,2026-06-27T10:16:58.102537+00:00
1Kb6dvWixG7z8J9qT6aJ2r2uHoscD1v9zL,004bf37491a806d0,[004bf37491],https://www.walletexplorer.com/wallet/004bf37491a806d0,ok,,2026-06-27T10:16:58.905198+00:00
1JpKErT7JZQgNWVJHWewzBNquBVagkAJVD,004bf37491a806d0,[004bf37491],https://www.walletexplorer.com/wallet/004bf37491a806d0,ok,,2026-06-27T10:16:59.550765+00:00
1JGMPqyv5Stx3d46GkLD8n7MZdcUNec5q6,004bf37491a806d0,[004bf37491],https://www.walletexplorer.com/wallet/004bf37491a806d0,ok,,2026-06-27T10:17:00.170493+00:00
1MMdfudfD4DwhVCcFpDkyfWQ6CswXF343G,004bf37491a806d0,[004bf37491],https://www.walletexplorer.com/wallet/004bf37491a806d0,ok,,2026-06-27T10:17:00.864088+00:00
1JqeYmdoqm1WeZ2uzELQveJm6uthi8VFTS,00dd09df0a8556d2,[00dd09df0a],https://www.walletexplorer.com/wallet/00dd09df0a8556d2,ok,,2026-06-27T10:17:01.606445+00:00
1KFnPievoHSC42drzincwirtCzFLxhF1ui,004bf37491a806d0,[004bf37491],https://www.walletexplorer.com/wallet/004bf37491a806d0,ok,,2026-06-27T10:17:02.236786+00:00
1QA4TP1owWZhsy2Urh7EgsNBthD8cX9V6y,004bf37491a806d0,[004bf37491],https://www.walletexplorer.com/wallet/004bf37491a806d0,ok,,2026-06-27T10:17:03.032483+00:00
1A6wsZmubvURv7dUt54WXNmHg5yz6uMVsa,004bf37491a806d0,[004bf37491],https://www.walletexplorer.com/wallet/004bf37491a806d0,ok,,2026-06-27T10:17:03.671472+00:00
13yDkMS2xsW9DserVn4mGzHBgiqkfwu267,004bf37491a806d0,[004bf37491],https://www.walletexplorer.com/wallet/004bf37491a806d0,ok,,2026-06-27T10:17:04.323349+00:00
1HqEFjeLvyYZwjU6hvN3BYLp1vARcvYZt7,004bf37491a806d0,[004bf37491],https://www.walletexplorer.com/wallet/004bf37491a806d0,ok,,2026-06-27T10:17:05.040696+00:00
1MXsWSwhLnWiiM4KHPZ1kUZTnmXRSiWgga,004bf37491a806d0,[004bf37491],https://www.walletexplorer.com/wallet/004bf37491a806d0,ok,,2026-06-27T10:17:05.827250+00:00
1JQkvWgce4U5TRPL6zRWaJmAzUBBFojUWx,004bf37491a806d0,[004bf37491],https://www.walletexplorer.com/wallet/004bf37491a806d0,ok,,2026-06-27T10:17:06.701528+00:00
1BUkddHPfv484i8B4yYGkSPuVYvuqVqenP,004bf37491a806d0,[004bf37491],https://www.walletexplorer.com/wallet/004bf37491a806d0,ok,,2026-06-27T10:17:07.463636+00:00
1AhvGQynZyjsGuvfAQKh6ccvFZ4dNEqyhK,004bf37491a806d0,[004bf37491],https://www.walletexplorer.com/wallet/004bf37491a806d0,ok,,2026-06-27T10:17:08.061737+00:00
17k72UMCX1dTQsayPdD81a5mrcsEcRvXfd,004bf37491a806d0,[004bf37491],https://www.walletexplorer.com/wallet/004bf37491a806d0,ok,,2026-06-27T10:17:08.833636+00:00
1KEJc2JRH5i7mfs3ML9vh1C3PbD1QAGwz4,004bf37491a806d0,[004bf37491],https://www.walletexplorer.com/wallet/004bf37491a806d0,ok,,2026-06-27T10:17:09.641330+00:00
174XQtH2DjSuvPKy2dYR4SAfAT3hMGVce1,004bf37491a806d0,[004bf37491],https://www.walletexplorer.com/wallet/004bf37491a806d0,ok,,2026-06-27T10:17:10.286406+00:00
13FcM8Qsf4NqsuX5YrCfdSGpDPnAqV58zT,004bf37491a806d0,[004bf37491],https://www.walletexplorer.com/wallet/004bf37491a806d0,ok,,2026-06-27T10:17:10.990233+00:00
1QGiCjHmTgLeAHKUERRHdby6XARSjPW5wu,004bf37491a806d0,[004bf37491],https://www.walletexplorer.com/wallet/004bf37491a806d0,ok,,2026-06-27T10:17:11.634578+00:00
1KKPgpVcXfWJ29CgytVqz44Y6YYG72daDw,004bf37491a806d0,[004bf37491],https://www.walletexplorer.com/wallet/004bf37491a806d0,ok,,2026-06-27T10:17:12.246586+00:00
16BmHwC9C8o4rx2ieifod1UVcqPDY7hsKQ,004bf37491a806d0,[004bf37491],https://www.walletexplorer.com/wallet/004bf37491a806d0,ok,,2026-06-27T10:17:12.938081+00:00
1AfZ7zWqeRUUVAsbA2x66uPS9EraDvXA8z,004bf37491a806d0,[004bf37491],https://www.walletexplorer.com/wallet/004bf37491a806d0,ok,,2026-06-27T10:17:13.850949+00:00
1GNeYa8UGqZYdVUFpbxyfXcE5qwCVbiWqs,00dd09df0a8556d2,[00dd09df0a],https://www.walletexplorer.com/wallet/00dd09df0a8556d2,ok,,2026-06-27T10:17:14.549858+00:00
15L2mEXwn4uuxmeEhPcsMfMV9jRfaXUWfs,004bf37491a806d0,[004bf37491],https://www.walletexplorer.com/wallet/004bf37491a806d0,ok,,2026-06-27T10:17:15.672165+00:00
1Aorrg8uirQDgiRxsGk6bqL64r4xSjd3BM,004bf37491a806d0,[004bf37491],https://www.walletexplorer.com/wallet/004bf37491a806d0,ok,,2026-06-27T10:17:16.552866+00:00
1QHscX4uJuhU9KmZBFUfxZuWBPKQDrEHHq,004bf37491a806d0,[004bf37491],https://www.walletexplorer.com/wallet/004bf37491a806d0,ok,,2026-06-27T10:17:17.210935+00:00
1Jpzi7RA7PQvmBGUWpJPahZMMgMzpmkNSk,004bf37491a806d0,[004bf37491],https://www.walletexplorer.com/wallet/004bf37491a806d0,ok,,2026-06-27T10:17:17.911927+00:00
1Lb6UTfcD3hcjomDbsMNSSRMSR9M51pNiw,004bf37491a806d0,[004bf37491],https://www.walletexplorer.com/wallet/004bf37491a806d0,ok,,2026-06-27T10:17:18.610481+00:00
14qCDo23679y92cdRbWHdqBJF8T4P4dpot,004bf37491a806d0,[004bf37491],https://www.walletexplorer.com/wallet/004bf37491a806d0,ok,,2026-06-27T10:17:19.289675+00:00
16LCcTgxP3r15xXuHkzNh4hhFgLEk9VaYE,00dd09df0a8556d2,[00dd09df0a],https://www.walletexplorer.com/wallet/00dd09df0a8556d2,ok,,2026-06-27T10:17:19.970161+00:00
1NERUSCJJFKRsxuFGYoYQBkQgh5y1i5vpT,004bf37491a806d0,[004bf37491],https://www.walletexplorer.com/wallet/004bf37491a806d0,ok,,2026-06-27T10:17:20.613796+00:00
1DhFxKQ5rW5n9VaSxE4zmGN5niAogDFDBm,004bf37491a806d0,[004bf37491],https://www.walletexplorer.com/wallet/004bf37491a806d0,ok,,2026-06-27T10:17:21.218706+00:00
15QJDR2F8i5hrxCqyANZCHc5Uctdq2eemc,004bf37491a806d0,[004bf37491],https://www.walletexplorer.com/wallet/004bf37491a806d0,ok,,2026-06-27T10:17:21.893296+00:00
14xSaSMhuRfzttmV4yZswkApCcch645B7g,004bf37491a806d0,[004bf37491],https://www.walletexplorer.com/wallet/004bf37491a806d0,ok,,2026-06-27T10:17:22.530428+00:00
1AsP96HgWVtMH6DimBrimZ5PZHfTEzb1MN,004bf37491a806d0,[004bf37491],https://www.walletexplorer.com/wallet/004bf37491a806d0,ok,,2026-06-27T10:17:23.209805+00:00
12EuxpYcFUsYAptQAyFavc5apSkUmFXZaw,004bf37491a806d0,[004bf37491],https://www.walletexplorer.com/wallet/004bf37491a806d0,ok,,2026-06-27T10:17:23.946063+00:00
1GLNs2GUmEdRJJUeLoNC37CTZSByarca5o,004bf37491a806d0,[004bf37491],https://www.walletexplorer.com/wallet/004bf37491a806d0,ok,,2026-06-27T10:17:24.919662+00:00
1DGYUBhy1wez3MAANNhL45xMSkKXk97sK8,004bf37491a806d0,[004bf37491],https://www.walletexplorer.com/wallet/004bf37491a806d0,ok,,2026-06-27T10:17:25.566327+00:00
1Yq8iiwo2pPg3zkCs69wAhQuYQbyztQsE,004bf37491a806d0,[004bf37491],https://www.walletexplorer.com/wallet/004bf37491a806d0,ok,,2026-06-27T10:17:26.191524+00:00
14Fznx9BpjPsDBjeh8L9TxqkVMKFKx2DKi,004bf37491a806d0,[004bf37491],https://www.walletexplorer.com/wallet/004bf37491a806d0,ok,,2026-06-27T10:17:28.401675+00:00
16BHfdhUU7viUL43LgCTMZfDVsgN64KSht,004bf37491a806d0,[004bf37491],https://www.walletexplorer.com/wallet/004bf37491a806d0,ok,,2026-06-27T10:17:29.136625+00:00
1FTnPcrNB26VqcP55awZLkAjWPZmEq28Ht,004bf37491a806d0,[004bf37491],https://www.walletexplorer.com/wallet/004bf37491a806d0,ok,,2026-06-27T10:17:29.834782+00:00
19f9p62pEBFLppzt64dykncfoHmAE4RySN,00dd09df0a8556d2,[00dd09df0a],https://www.walletexplorer.com/wallet/00dd09df0a8556d2,ok,,2026-06-27T10:17:30.517442+00:00
1PDmtAKJpruif1zqiynTqJtpfYt3avgYwy,00dd09df0a8556d2,[00dd09df0a],https://www.walletexplorer.com/wallet/00dd09df0a8556d2,ok,,2026-06-27T10:17:31.160093+00:00
1NgFKf5T4286jqE3B3PB8xo2MdfsYR7iYo,004bf37491a806d0,[004bf37491],https://www.walletexplorer.com/wallet/004bf37491a806d0,ok,,2026-06-27T10:17:31.741066+00:00
1AtYHq829HWENjYQuGiXkxoCA1fgXJFMZz,004bf37491a806d0,[004bf37491],https://www.walletexplorer.com/wallet/004bf37491a806d0,ok,,2026-06-27T10:17:32.385800+00:00
1DJmFBFnSLcp4xhSmx7E5yTsJpT4MTx3wL,00dd09df0a8556d2,[00dd09df0a],https://www.walletexplorer.com/wallet/00dd09df0a8556d2,ok,,2026-06-27T10:17:33.249703+00:00
1CE3M4reVi4MjvSCUQaSpdqw93zj6dFNF7,00dd09df0a8556d2,[00dd09df0a],https://www.walletexplorer.com/wallet/00dd09df0a8556d2,ok,,2026-06-27T10:17:33.977591+00:00
12297bJRJSJtJj2dHe1Xzw9mAnU8nZaV9n,004bf37491a806d0,[004bf37491],https://www.walletexplorer.com/wallet/004bf37491a806d0,ok,,2026-06-27T10:17:34.662936+00:00
1Kg1DgFocJRw5USYUSTvoTtYTZ2Hw78Jrg,004bf37491a806d0,[004bf37491],https://www.walletexplorer.com/wallet/004bf37491a806d0,ok,,2026-06-27T10:17:35.377310+00:00
15MbayAhiDtEvAZQjzAMoAfy3K1Yy8SqkH,004bf37491a806d0,[004bf37491],https://www.walletexplorer.com/wallet/004bf37491a806d0,ok,,2026-06-27T10:17:36.018518+00:00
1589NSLWzJ5HnzZpELQMEjqbQuJhFBDQ3x,004bf37491a806d0,[004bf37491],https://www.walletexplorer.com/wallet/004bf37491a806d0,ok,,2026-06-27T10:17:36.673299+00:00
1L7QqUaCC3bznsVtV81NkLx4tH3naj22jX,004bf37491a806d0,[004bf37491],https://www.walletexplorer.com/wallet/004bf37491a806d0,ok,,2026-06-27T10:17:37.315577+00:00
1JNw11wug6T4FPSeHpWVGkQzbAqNYKZ7u,004bf37491a806d0,[004bf37491],https://www.walletexplorer.com/wallet/004bf37491a806d0,ok,,2026-06-27T10:17:38.118553+00:00
1KmCVjxsh9PWV5fhNpxHdesGDPb9cgLJVa,004bf37491a806d0,[004bf37491],https://www.walletexplorer.com/wallet/004bf37491a806d0,ok,,2026-06-27T10:17:38.868650+00:00
1GMHpzLb54bqgtfGHzsCSE23eFFNiDMteF,004bf37491a806d0,[004bf37491],https://www.walletexplorer.com/wallet/004bf37491a806d0,ok,,2026-06-27T10:17:39.541613+00:00
167zwjA4uK3FbbRCZZAmZGw9SFwKZmddvz,00dd09df0a8556d2,[00dd09df0a],https://www.walletexplorer.com/wallet/00dd09df0a8556d2,ok,,2026-06-27T10:17:40.250642+00:00
1DQ8TymFKx6qAD1kxtsJJE5rF2VL4wiQhM,004bf37491a806d0,[004bf37491],https://www.walletexplorer.com/wallet/004bf37491a806d0,ok,,2026-06-27T10:17:40.947393+00:00
1JrLRFPS6JQ7M6baRP1jdvdLw1uy5GovP9,00dd09df0a8556d2,[00dd09df0a],https://www.walletexplorer.com/wallet/00dd09df0a8556d2,ok,,2026-06-27T10:17:41.570146+00:00
1A8fEiPxetMcA6seqB95KBtimcGPuvamHL,004bf37491a806d0,[004bf37491],https://www.walletexplorer.com/wallet/004bf37491a806d0,ok,,2026-06-27T10:17:42.448126+00:00
12Bqx2PyS413RnebrKQXw4cftjXZbGk6gC,00dd09df0a8556d2,[00dd09df0a],https://www.walletexplorer.com/wallet/00dd09df0a8556d2,ok,,2026-06-27T10:17:43.240453+00:00
1Hu2HEUDAEsCGyWb9djGtN6BrJeCboXV7U,004bf37491a806d0,[004bf37491],https://www.walletexplorer.com/wallet/004bf37491a806d0,ok,,2026-06-27T10:17:44.094792+00:00
1HNjSra2FdAQARubXPKvSDmZ3Yu1Sd35cg,004bf37491a806d0,[004bf37491],https://www.walletexplorer.com/wallet/004bf37491a806d0,ok,,2026-06-27T10:17:44.870642+00:00
1GHuCWtMrVyJQdAXzPn8KkazWe8uXntmA2,004bf37491a806d0,[004bf37491],https://www.walletexplorer.com/wallet/004bf37491a806d0,ok,,2026-06-27T10:17:45.653158+00:00
1J8Vhd2UvS7deZv8K7ZCZ8mJ1XHmtgnSF1,004bf37491a806d0,[004bf37491],https://www.walletexplorer.com/wallet/004bf37491a806d0,ok,,2026-06-27T10:17:46.352410+00:00
19fgfAqyFVWgJcRiqJcWsw1mg8rKd1naXU,004bf37491a806d0,[004bf37491],https://www.walletexplorer.com/wallet/004bf37491a806d0,ok,,2026-06-27T10:17:47.074684+00:00
179WGwfEJrHciddSeBSSbNBbXsmmQHWuQk,00dd09df0a8556d2,[00dd09df0a],https://www.walletexplorer.com/wallet/00dd09df0a8556d2,ok,,2026-06-27T10:17:47.686278+00:00
1DMdKNfo9mkjVbKMvmQrj6qr57i5pzrV5G,004bf37491a806d0,[004bf37491],https://www.walletexplorer.com/wallet/004bf37491a806d0,ok,,2026-06-27T10:17:48.336493+00:00
1PTsijKCbwBzhzTqV1GixKj2EzV8uGJtsf,004bf37491a806d0,[004bf37491],https://www.walletexplorer.com/wallet/004bf37491a806d0,ok,,2026-06-27T10:17:49.018554+00:00
1Dvy2kxNCxhyeDYNqYLwzubFUAXyzn9oBc,004bf37491a806d0,[004bf37491],https://www.walletexplorer.com/wallet/004bf37491a806d0,ok,,2026-06-27T10:17:49.564688+00:00
1GMbZMFx6vj3sYf1icg2ntkf57FaBosw9K,004bf37491a806d0,[004bf37491],https://www.walletexplorer.com/wallet/004bf37491a806d0,ok,,2026-06-27T10:17:50.192459+00:00
13coVNBKA54vLpd3Ce51UcCbg6E7GbFQ64,00dd09df0a8556d2,[00dd09df0a],https://www.walletexplorer.com/wallet/00dd09df0a8556d2,ok,,2026-06-27T10:17:50.887377+00:00
1B9HLHV4ojqSTAFtueaEPo2wqzy7VPf4b5,004bf37491a806d0,[004bf37491],https://www.walletexplorer.com/wallet/004bf37491a806d0,ok,,2026-06-27T10:17:51.723965+00:00
16maSwZ4dexKYwApdvp7Q2e7d2ufUK3L2k,004bf37491a806d0,[004bf37491],https://www.walletexplorer.com/wallet/004bf37491a806d0,ok,,2026-06-27T10:17:52.458161+00:00
1C1LxUvNCxQPENV3pkoBCH8Kfo3Xr4LLvE,004bf37491a806d0,[004bf37491],https://www.walletexplorer.com/wallet/004bf37491a806d0,ok,,2026-06-27T10:17:53.100203+00:00
14LZVkQXMtdny1k4veBYhfSfo5JTiwgT5m,004bf37491a806d0,[004bf37491],https://www.walletexplorer.com/wallet/004bf37491a806d0,ok,,2026-06-27T10:17:53.790097+00:00
1GuU62BEnxiA2r98CJ1HNmrhZF9pkvci65,004bf37491a806d0,[004bf37491],https://www.walletexplorer.com/wallet/004bf37491a806d0,ok,,2026-06-27T10:17:54.513356+00:00
14Ci2Gg5zPrmjsSVMNRkZ3sz6ACAHx7mgx,004bf37491a806d0,[004bf37491],https://www.walletexplorer.com/wallet/004bf37491a806d0,ok,,2026-06-27T10:17:55.159480+00:00
19bjbpTN1cPrjtGeRMc1tZF64nqQC51EZm,004bf37491a806d0,[004bf37491],https://www.walletexplorer.com/wallet/004bf37491a806d0,ok,,2026-06-27T10:17:56.008635+00:00
1HDcwFPooV1jmbgbmVgXpN9rY4Qwssedj6,004bf37491a806d0,[004bf37491],https://www.walletexplorer.com/wallet/004bf37491a806d0,ok,,2026-06-27T10:17:56.599194+00:00
1D8HguGkPhbaHRD4PF4LLxkhFB8BfzavWH,004bf37491a806d0,[004bf37491],https://www.walletexplorer.com/wallet/004bf37491a806d0,ok,,2026-06-27T10:17:57.126108+00:00
1DCVXzshnTbwcCBkAJkn9dSzkkLRwko3Kn,004bf37491a806d0,[004bf37491],https://www.walletexplorer.com/wallet/004bf37491a806d0,ok,,2026-06-27T10:17:57.839429+00:00
1559Ryv8eMRBJcUN1hEUZeNv7xX11EwZNo,004bf37491a806d0,[004bf37491],https://www.walletexplorer.com/wallet/004bf37491a806d0,ok,,2026-06-27T10:17:58.537996+00:00
15c24bzDRnKASj2GgWDda7Rrk77ipf6U7m,004bf37491a806d0,[004bf37491],https://www.walletexplorer.com/wallet/004bf37491a806d0,ok,,2026-06-27T10:17:59.287840+00:00
1M4nR7gYJ5jYkU6kAy3PyE7vKjbB624QTb,005c544cebcf1b05,[005c544ceb],https://www.walletexplorer.com/wallet/005c544cebcf1b05,ok,,2026-06-27T10:18:00.116453+00:00
172P1iffbVz2QyCTuZAUZNSSQ2Qdqyko3d,004bf37491a806d0,[004bf37491],https://www.walletexplorer.com/wallet/004bf37491a806d0,ok,,2026-06-27T10:18:00.890574+00:00
15djPpDF4qHD29yEEggKDWqLDfPG9the4N,004bf37491a806d0,[004bf37491],https://www.walletexplorer.com/wallet/004bf37491a806d0,ok,,2026-06-27T10:18:01.582713+00:00
1PveAaQCWLUD3sE6uGerjvAns5cWnoq2pP,004bf37491a806d0,[004bf37491],https://www.walletexplorer.com/wallet/004bf37491a806d0,ok,,2026-06-27T10:18:02.274230+00:00
15QHqSCoWLMjgwBkkX9D52DLZmCYPDtwT3,004bf37491a806d0,[004bf37491],https://www.walletexplorer.com/wallet/004bf37491a806d0,ok,,2026-06-27T10:18:02.906612+00:00
18Bnd2qPENWBjPuR3ndK74cPoTTrtQye46,004bf37491a806d0,[004bf37491],https://www.walletexplorer.com/wallet/004bf37491a806d0,ok,,2026-06-27T10:18:03.731581+00:00
1KTEsXT3exzGCNZdcbstnvuAKkRCXhHhoN,004bf37491a806d0,[004bf37491],https://www.walletexplorer.com/wallet/004bf37491a806d0,ok,,2026-06-27T10:18:04.511243+00:00
1LcftArwpHA3H7QGNvZUz8zqx3k967jRjM,004bf37491a806d0,[004bf37491],https://www.walletexplorer.com/wallet/004bf37491a806d0,ok,,2026-06-27T10:18:05.136289+00:00
1FyRFeg4nD6q48HZ22TgDiqVPg4tGp4vXs,004bf37491a806d0,[004bf37491],https://www.walletexplorer.com/wallet/004bf37491a806d0,ok,,2026-06-27T10:18:05.699953+00:00
1BHFWNMiaPjYidkGreP9NrwsUYDb7aza7a,00dd09df0a8556d2,[00dd09df0a],https://www.walletexplorer.com/wallet/00dd09df0a8556d2,ok,,2026-06-27T10:18:06.259585+00:00
1EBXLfwuiekPp8VWsVmcAeNVk1hKfk3GBC,004bf37491a806d0,[004bf37491],https://www.walletexplorer.com/wallet/004bf37491a806d0,ok,,2026-06-27T10:18:07.020447+00:00
1HPPnTm5WAhCoseiPBDCMavK9DgdquisGx,004bf37491a806d0,[004bf37491],https://www.walletexplorer.com/wallet/004bf37491a806d0,ok,,2026-06-27T10:18:07.650008+00:00
12sYJGtvzJ4ydawir2svxdVAv8B6CoLGzn,00dd09df0a8556d2,[00dd09df0a],https://www.walletexplorer.com/wallet/00dd09df0a8556d2,ok,,2026-06-27T10:18:08.448191+00:00
1JCYAmwBVgSAhDg2gK1bm5e2nf4kiedhiv,004bf37491a806d0,[004bf37491],https://www.walletexplorer.com/wallet/004bf37491a806d0,ok,,2026-06-27T10:18:09.235409+00:00
1HCbhFaG2fBwd3Us1mFwdqjkUzovtJWPGX,004bf37491a806d0,[004bf37491],https://www.walletexplorer.com/wallet/004bf37491a806d0,ok,,2026-06-27T10:18:09.853912+00:00
17Vi4CBRSPfSY3dadCsnbL47Aymptb66zz,004bf37491a806d0,[004bf37491],https://www.walletexplorer.com/wallet/004bf37491a806d0,ok,,2026-06-27T10:18:10.567038+00:00
1M5VWjjmQ2onzWqvruxZhJAF69vVj7uaim,004bf37491a806d0,[004bf37491],https://www.walletexplorer.com/wallet/004bf37491a806d0,ok,,2026-06-27T10:18:11.837600+00:00
1DUHhDt5tshb81Txjj8ckaoq2Vb3E1iCBc,004bf37491a806d0,[004bf37491],https://www.walletexplorer.com/wallet/004bf37491a806d0,ok,,2026-06-27T10:18:12.526549+00:00
1Mupf9H4ESn8L5f9gvNAYiEhw3kFFn16oJ,004bf37491a806d0,[004bf37491],https://www.walletexplorer.com/wallet/004bf37491a806d0,ok,,2026-06-27T10:18:13.106589+00:00
15FEx6f3soNNQqxKayDpBj72Z4u9AQ9iNj,004bf37491a806d0,[004bf37491],https://www.walletexplorer.com/wallet/004bf37491a806d0,ok,,2026-06-27T10:18:13.743273+00:00
1E1egdkR3EDv89aoUe2vy3CN8vUY4BYy9L,004bf37491a806d0,[004bf37491],https://www.walletexplorer.com/wallet/004bf37491a806d0,ok,,2026-06-27T10:18:14.370784+00:00
12P9bkQVVWoRjoQD2TtF2YmXYKu5Zumoez,004bf37491a806d0,[004bf37491],https://www.walletexplorer.com/wallet/004bf37491a806d0,ok,,2026-06-27T10:18:15.557043+00:00
1GNT486wFbpEGdDabV43NkwkNP262QGPgj,004bf37491a806d0,[004bf37491],https://www.walletexplorer.com/wallet/004bf37491a806d0,ok,,2026-06-27T10:18:16.168436+00:00
1BekCevwcn2KaCY27tWVmsTXnnS2ok8R29,004bf37491a806d0,[004bf37491],https://www.walletexplorer.com/wallet/004bf37491a806d0,ok,,2026-06-27T10:18:16.759011+00:00
1B6wBGuGbZAcsvjACBH7b5p1WEPyHxQHxC,004bf37491a806d0,[004bf37491],https://www.walletexplorer.com/wallet/004bf37491a806d0,ok,,2026-06-27T10:18:17.327997+00:00
1JgNTqjRSgj6pN98N1zNx1XpnbcVUSaX8A,004bf37491a806d0,[004bf37491],https://www.walletexplorer.com/wallet/004bf37491a806d0,ok,,2026-06-27T10:18:18.096689+00:00
1E2CtEpXYoHuPGmPpNJhvrr3SkUMjwWzgV,004bf37491a806d0,[004bf37491],https://www.walletexplorer.com/wallet/004bf37491a806d0,ok,,2026-06-27T10:18:18.680560+00:00
1Nk6PEhaMwH6WPduCv12ZRJGEft1AxwMfQ,00dd09df0a8556d2,[00dd09df0a],https://www.walletexplorer.com/wallet/00dd09df0a8556d2,ok,,2026-06-27T10:18:19.208276+00:00
1M4uiX9jhS3C9bPirHQ6chdK6JAuGUqpGw,004bf37491a806d0,[004bf37491],https://www.walletexplorer.com/wallet/004bf37491a806d0,ok,,2026-06-27T10:18:19.781135+00:00
12JSutWxGb4AJrSBJyqirT4nd44qTrTA8Z,004bf37491a806d0,[004bf37491],https://www.walletexplorer.com/wallet/004bf37491a806d0,ok,,2026-06-27T10:18:20.372062+00:00
13rAPGF85H8K3cNHKfFfEWRwPpC91RAAfK,004bf37491a806d0,[004bf37491],https://www.walletexplorer.com/wallet/004bf37491a806d0,ok,,2026-06-27T10:18:21.153187+00:00
1M5mcw4yXHDBU6trKFGQHgZ73bzHVox1Mc,004bf37491a806d0,[004bf37491],https://www.walletexplorer.com/wallet/004bf37491a806d0,ok,,2026-06-27T10:18:21.822551+00:00
1BzN1vrzKDqqZNmhFvQB3dYpnU7Gutd3We,004bf37491a806d0,[004bf37491],https://www.walletexplorer.com/wallet/004bf37491a806d0,ok,,2026-06-27T10:18:22.393664+00:00
1JSEe64BWLuoT9TYYpRCPwbhQnrBX8VhLk,004bf37491a806d0,[004bf37491],https://www.walletexplorer.com/wallet/004bf37491a806d0,ok,,2026-06-27T10:18:23.006288+00:00
18u67xLdJScbaGnzQQxfsG28nVpJV55WwK,004bf37491a806d0,[004bf37491],https://www.walletexplorer.com/wallet/004bf37491a806d0,ok,,2026-06-27T10:18:23.485778+00:00
1LKuWqTRsmcsdcUARbsqKReCbfLZ6vkCpY,004bf37491a806d0,[004bf37491],https://www.walletexplorer.com/wallet/004bf37491a806d0,ok,,2026-06-27T10:18:24.093646+00:00
1C9ZXNS4nmhbiCUZuW2pRcL6MpqidaZoyo,004bf37491a806d0,[004bf37491],https://www.walletexplorer.com/wallet/004bf37491a806d0,ok,,2026-06-27T10:18:24.618659+00:00
18bXKqcoxUyqNrZ3JXdqPK6AKg2vKzKKzp,004bf37491a806d0,[004bf37491],https://www.walletexplorer.com/wallet/004bf37491a806d0,ok,,2026-06-27T10:18:25.210544+00:00
1H8iPbDfpYgFJEZvHsgxktHHa7TBDHKBYt,004bf37491a806d0,[004bf37491],https://www.walletexplorer.com/wallet/004bf37491a806d0,ok,,2026-06-27T10:18:25.957696+00:00
1DLYzdLFHCRRagRbJFVNKAV9SeK7xL68bC,004bf37491a806d0,[004bf37491],https://www.walletexplorer.com/wallet/004bf37491a806d0,ok,,2026-06-27T10:18:26.554401+00:00
1MmaZk4yJSAx8F7dNPMcEFdBMT3PsrLFw5,004bf37491a806d0,[004bf37491],https://www.walletexplorer.com/wallet/004bf37491a806d0,ok,,2026-06-27T10:18:27.151888+00:00
1Ms8U5mUdTGjwsUq6fXmyETAk4dzU4R7mY,00dd09df0a8556d2,[00dd09df0a],https://www.walletexplorer.com/wallet/00dd09df0a8556d2,ok,,2026-06-27T10:18:27.863863+00:00
1GtdGUPqo4r99JFxfTcjFH8RAEFVjXmoCF,004bf37491a806d0,[004bf37491],https://www.walletexplorer.com/wallet/004bf37491a806d0,ok,,2026-06-27T10:18:28.441174+00:00
16dkC2rUuCqMgh5vQAqEPW8oSqvg9dFwXT,004bf37491a806d0,[004bf37491],https://www.walletexplorer.com/wallet/004bf37491a806d0,ok,,2026-06-27T10:18:29.059083+00:00
1CtiA4CpFT8VqUJk6GzZaZYQq4ydVQJas2,004bf37491a806d0,[004bf37491],https://www.walletexplorer.com/wallet/004bf37491a806d0,ok,,2026-06-27T10:18:29.520715+00:00
14Qfn6Pk7icGnKQtzvcoWHVR6nubQDjpwY,004bf37491a806d0,[004bf37491],https://www.walletexplorer.com/wallet/004bf37491a806d0,ok,,2026-06-27T10:18:30.092083+00:00
14SJtj1GRsz9qVMZWbwN7pNuEKiCtretry,004bf37491a806d0,[004bf37491],https://www.walletexplorer.com/wallet/004bf37491a806d0,ok,,2026-06-27T10:18:30.670950+00:00
12r93uu61uqwRSCEMEkdqk6krtEq4wP3PF,004bf37491a806d0,[004bf37491],https://www.walletexplorer.com/wallet/004bf37491a806d0,ok,,2026-06-27T10:18:31.401296+00:00
1G8nxyK4AjLpuGB59xC47WusDwnntCVXSw,004bf37491a806d0,[004bf37491],https://www.walletexplorer.com/wallet/004bf37491a806d0,ok,,2026-06-27T10:18:32.004329+00:00
1AjDozbHa1Pp7VmTcG66pNwKt2m3A5WksK,004bf37491a806d0,[004bf37491],https://www.walletexplorer.com/wallet/004bf37491a806d0,ok,,2026-06-27T10:18:32.615227+00:00
1PwBAJScPXmWG2KjD3vkGnuic3Bn1GhJaV,004bf37491a806d0,[004bf37491],https://www.walletexplorer.com/wallet/004bf37491a806d0,ok,,2026-06-27T10:18:33.246304+00:00
1LEBiBs9iG6UQZuvfrcjdgDg3HVDbjVgzF,004bf37491a806d0,[004bf37491],https://www.walletexplorer.com/wallet/004bf37491a806d0,ok,,2026-06-27T10:18:33.883506+00:00
1D1HgsvBMuM9UZ37iCH96uiAmjY6dNuDQB,004bf37491a806d0,[004bf37491],https://www.walletexplorer.com/wallet/004bf37491a806d0,ok,,2026-06-27T10:18:34.620592+00:00
1Mns6aivFmY1rQEWtq431SdJuhTVrJqsmR,004bf37491a806d0,[004bf37491],https://www.walletexplorer.com/wallet/004bf37491a806d0,ok,,2026-06-27T10:18:35.227833+00:00
18vfvb7gPxWJiyEjJ9xNjVrXDmTm5qX4dx,004bf37491a806d0,[004bf37491],https://www.walletexplorer.com/wallet/004bf37491a806d0,ok,,2026-06-27T10:18:35.905314+00:00
1EZfWQMdZfKyz5XQkkg3kRNtJeVnh1PRcV,00dd09df0a8556d2,[00dd09df0a],https://www.walletexplorer.com/wallet/00dd09df0a8556d2,ok,,2026-06-27T10:18:36.527738+00:00
1B5gxiBab5egFbVzC5rt5nX3NcjBxk7xgy,004bf37491a806d0,[004bf37491],https://www.walletexplorer.com/wallet/004bf37491a806d0,ok,,2026-06-27T10:18:37.180551+00:00
13gSDaQ6ucNmMaz12fPuMHG3PPpedidoCp,004bf37491a806d0,[004bf37491],https://www.walletexplorer.com/wallet/004bf37491a806d0,ok,,2026-06-27T10:18:37.798754+00:00
1Bf91XV8NqLd4kW58534TZbtZ4Kq4mgax8,004bf37491a806d0,[004bf37491],https://www.walletexplorer.com/wallet/004bf37491a806d0,ok,,2026-06-27T10:18:38.369022+00:00
1J7w8mC2MmwqEUzbw8dyWKpRyHAfNz1Gy5,004bf37491a806d0,[004bf37491],https://www.walletexplorer.com/wallet/004bf37491a806d0,ok,,2026-06-27T10:18:39.038528+00:00
1LYL76SF5jX64YuyoQP1vmwiZm1BdquaKe,004bf37491a806d0,[004bf37491],https://www.walletexplorer.com/wallet/004bf37491a806d0,ok,,2026-06-27T10:18:39.688898+00:00
1DzetvraPJG9wxqWnRfa6D3nRrCQ2HVztG,004bf37491a806d0,[004bf37491],https://www.walletexplorer.com/wallet/004bf37491a806d0,ok,,2026-06-27T10:18:40.119400+00:00
1GGbKcAZk1nYVKXrRT189zvz3evwrQEppv,004bf37491a806d0,[004bf37491],https://www.walletexplorer.com/wallet/004bf37491a806d0,ok,,2026-06-27T10:18:40.716788+00:00
164ZgcwR9BUFfpGWUHRgbuE6UmpQMUGhCo,004bf37491a806d0,[004bf37491],https://www.walletexplorer.com/wallet/004bf37491a806d0,ok,,2026-06-27T10:18:41.255587+00:00
13KdZG5iMrrAtuAzRqAxLBHkFSjTWYRS1i,004bf37491a806d0,[004bf37491],https://www.walletexplorer.com/wallet/004bf37491a806d0,ok,,2026-06-27T10:18:41.822277+00:00
1BS7Ws2ECHLBAt9BN6Ku5tbp6Fw3WkhVhB,004bf37491a806d0,[004bf37491],https://www.walletexplorer.com/wallet/004bf37491a806d0,ok,,2026-06-27T10:18:42.306758+00:00
15LNDJB7vdRrTWkMBYmd3edhJRfxmGMawX,004bf37491a806d0,[004bf37491],https://www.walletexplorer.com/wallet/004bf37491a806d0,ok,,2026-06-27T10:18:42.798266+00:00
176D1aYyiiLY2VPyCbuwhEdPNYyvBWnuqr,004bf37491a806d0,[004bf37491],https://www.walletexplorer.com/wallet/004bf37491a806d0,ok,,2026-06-27T10:18:43.251842+00:00
1NLWJbqCzi1RgncHE7uyUKzmv7ApY4Myof,004bf37491a806d0,[004bf37491],https://www.walletexplorer.com/wallet/004bf37491a806d0,ok,,2026-06-27T10:18:43.709351+00:00
1HHmXNziobvVEkhtVg2RVnedtCLa7a5q2u,004bf37491a806d0,[004bf37491],https://www.walletexplorer.com/wallet/004bf37491a806d0,ok,,2026-06-27T10:18:44.144502+00:00
14iSnx4PTY56dhsYyAtmDWn9z72h4F1kFx,00dd09df0a8556d2,[00dd09df0a],https://www.walletexplorer.com/wallet/00dd09df0a8556d2,ok,,2026-06-27T10:18:44.527991+00:00
12zuFyg277t29be6npFaMbmCZpg47SKAGf,004bf37491a806d0,[004bf37491],https://www.walletexplorer.com/wallet/004bf37491a806d0,ok,,2026-06-27T10:18:45.007559+00:00
1MKpswHphiboBBBj1gyy46ayy9wZefi3u9,004bf37491a806d0,[004bf37491],https://www.walletexplorer.com/wallet/004bf37491a806d0,ok,,2026-06-27T10:18:45.406275+00:00
1E2sW91iWTiP2mRKrCYTEMWjKzBe2gzSm5,004bf37491a806d0,[004bf37491],https://www.walletexplorer.com/wallet/004bf37491a806d0,ok,,2026-06-27T10:18:45.823399+00:00
13dX3tURnk7R3gQPrV27xwY63HAZMV5KTy,004bf37491a806d0,[004bf37491],https://www.walletexplorer.com/wallet/004bf37491a806d0,ok,,2026-06-27T10:18:46.240418+00:00
16adNUPLW4yN6oukXvRXkcMML9ho5GEgLL,004bf37491a806d0,[004bf37491],https://www.walletexplorer.com/wallet/004bf37491a806d0,ok,,2026-06-27T10:18:46.675230+00:00
18SeXtUJvDA9Dnigm56Ka1dxeEy9iMHhdD,004bf37491a806d0,[004bf37491],https://www.walletexplorer.com/wallet/004bf37491a806d0,ok,,2026-06-27T10:18:47.167335+00:00
1JtLYvczJrTQwkMS5LGD3HV6LxiCzfDUNT,004bf37491a806d0,[004bf37491],https://www.walletexplorer.com/wallet/004bf37491a806d0,ok,,2026-06-27T10:18:47.603803+00:00
1NuWKCjLPfwgMCeLZ6LPP18v22yNpkkCVB,004bf37491a806d0,[004bf37491],https://www.walletexplorer.com/wallet/004bf37491a806d0,ok,,2026-06-27T10:18:48.049590+00:00
1HJ9u2gd7g1E9wRRVGmBAP6jaV1iEh6UR3,00dd09df0a8556d2,[00dd09df0a],https://www.walletexplorer.com/wallet/00dd09df0a8556d2,ok,,2026-06-27T10:18:48.620136+00:00
1Pzh4WqYWMT2rLzpZNz8dgqUwW73TkkvAD,004bf37491a806d0,[004bf37491],https://www.walletexplorer.com/wallet/004bf37491a806d0,ok,,2026-06-27T10:18:49.168905+00:00
1LKgZgRF8viRg4jS7D8NnNsr5wxZCoAZD3,004bf37491a806d0,[004bf37491],https://www.walletexplorer.com/wallet/004bf37491a806d0,ok,,2026-06-27T10:18:49.662363+00:00
1Meew8HPcMqxNhSYkQmpc5TJ3pCQT2V1NW,00dd09df0a8556d2,[00dd09df0a],https://www.walletexplorer.com/wallet/00dd09df0a8556d2,ok,,2026-06-27T10:18:50.359592+00:00
19b92zkeb685AtSeYoZeRjTGBaERtS5Pfd,004bf37491a806d0,[004bf37491],https://www.walletexplorer.com/wallet/004bf37491a806d0,ok,,2026-06-27T10:18:50.773777+00:00
1M15MnGRJBncLp1V4eN7Q7Nwo95Tz95sYt,004bf37491a806d0,[004bf37491],https://www.walletexplorer.com/wallet/004bf37491a806d0,ok,,2026-06-27T10:18:51.184948+00:00
1MSKb9XcSPTSuTTw1hE1K4SchQVWycEAPQ,00dd09df0a8556d2,[00dd09df0a],https://www.walletexplorer.com/wallet/00dd09df0a8556d2,ok,,2026-06-27T10:18:51.574681+00:00
1Nq5VmigQUGq2eSrBstMkcFadnNK9idnW6,004bf37491a806d0,[004bf37491],https://www.walletexplorer.com/wallet/004bf37491a806d0,ok,,2026-06-27T10:18:52.086368+00:00
12uh4s3aFgR21MfravQTCR8XU7jyYkFUgF,004bf37491a806d0,[004bf37491],https://www.walletexplorer.com/wallet/004bf37491a806d0,ok,,2026-06-27T10:18:52.515304+00:00
1KxLRtoAFnNLfuZQzbg1qvBJGitijZ1oZn,004bf37491a806d0,[004bf37491],https://www.walletexplorer.com/wallet/004bf37491a806d0,ok,,2026-06-27T10:18:52.987878+00:00
19YTSA1wv4Eg4nJfaewjv3gcLbADwD5hgu,004bf37491a806d0,[004bf37491],https://www.walletexplorer.com/wallet/004bf37491a806d0,ok,,2026-06-27T10:18:53.428245+00:00
1C7ytjLeU8vNBRuPnVFRLyard8HasjuE1v,004bf37491a806d0,[004bf37491],https://www.walletexplorer.com/wallet/004bf37491a806d0,ok,,2026-06-27T10:18:53.919597+00:00
1HxcseVLYYZy9yEsHQhcLT4WKc219Cfu2j,00dd09df0a8556d2,[00dd09df0a],https://www.walletexplorer.com/wallet/00dd09df0a8556d2,ok,,2026-06-27T10:18:54.487801+00:00
1A8DzVTi8N65fZVGbvxLPkT8HaQoCT3C7c,004bf37491a806d0,[004bf37491],https://www.walletexplorer.com/wallet/004bf37491a806d0,ok,,2026-06-27T10:18:55.013478+00:00
16QwnU4F396TDFSBJKY1modqdUCViUp2uF,00dd09df0a8556d2,[00dd09df0a],https://www.walletexplorer.com/wallet/00dd09df0a8556d2,ok,,2026-06-27T10:18:55.646380+00:00
1A4JnKJxSi46vmY15sMin8jDKkYotfAW3C,00dd09df0a8556d2,[00dd09df0a],https://www.walletexplorer.com/wallet/00dd09df0a8556d2,ok,,2026-06-27T10:18:56.133266+00:00
1G7ifFgJFe958XpSW2WWwMZezLvMHL6K3f,00dd09df0a8556d2,[00dd09df0a],https://www.walletexplorer.com/wallet/00dd09df0a8556d2,ok,,2026-06-27T10:18:56.567764+00:00
1KTQ6cvGaoAeuPqJkkmKYNaVNu9qyFe2Kx,004bf37491a806d0,[004bf37491],https://www.walletexplorer.com/wallet/004bf37491a806d0,ok,,2026-06-27T10:18:57.052905+00:00
1KvWskEUjx4mJXRAivZaSJVQahjrqim3r5,004bf37491a806d0,[004bf37491],https://www.walletexplorer.com/wallet/004bf37491a806d0,ok,,2026-06-27T10:18:57.481770+00:00
16qGn6eJteuQNqo2hAuscW9HuLct24K3wE,00dd09df0a8556d2,[00dd09df0a],https://www.walletexplorer.com/wallet/00dd09df0a8556d2,ok,,2026-06-27T10:18:57.929694+00:00
1NKDf6ApEhHbpR41aXFBCdKQW4nysrjdgq,004bf37491a806d0,[004bf37491],https://www.walletexplorer.com/wallet/004bf37491a806d0,ok,,2026-06-27T10:18:58.350206+00:00
15WyGMpsbvgk8FigEeoEa2ZQrAXk2uyXeH,004bf37491a806d0,[004bf37491],https://www.walletexplorer.com/wallet/004bf37491a806d0,ok,,2026-06-27T10:18:58.819915+00:00
1i5UddtCqRx9dUivabUQicMcoaB1X5W9T,004bf37491a806d0,[004bf37491],https://www.walletexplorer.com/wallet/004bf37491a806d0,ok,,2026-06-27T10:18:59.240468+00:00
1GsxsnCAWbxjrVxWAxh9Eop4cWQzMcZJe7,004bf37491a806d0,[004bf37491],https://www.walletexplorer.com/wallet/004bf37491a806d0,ok,,2026-06-27T10:18:59.641572+00:00
138ZoPg9HTJwicFTxXUP42Ede777Q5rDgi,004bf37491a806d0,[004bf37491],https://www.walletexplorer.com/wallet/004bf37491a806d0,ok,,2026-06-27T10:19:00.161271+00:00
1NP8jH8XjFsWHVSf7bRMhLCPA8UQhR3vJ2,004bf37491a806d0,[004bf37491],https://www.walletexplorer.com/wallet/004bf37491a806d0,ok,,2026-06-27T10:19:00.559277+00:00
1GAqG9neRcTpzyarkEEwnzJn4UfmbGpMbo,005c544cebcf1b05,[005c544ceb],https://www.walletexplorer.com/wallet/005c544cebcf1b05,ok,,2026-06-27T10:19:01.030504+00:00
14i8cWAQx7N7VALxptzGwvzuKYtaTF7diV,00dd09df0a8556d2,[00dd09df0a],https://www.walletexplorer.com/wallet/00dd09df0a8556d2,ok,,2026-06-27T10:19:01.463868+00:00
1Pj1SeS46htNeDNqaFgkpCK7WFpQrZ1isR,004bf37491a806d0,[004bf37491],https://www.walletexplorer.com/wallet/004bf37491a806d0,ok,,2026-06-27T10:19:01.979486+00:00
1NZtn3XTdF6rquvCp1bdYSVvHm1dX8Z7fk,004bf37491a806d0,[004bf37491],https://www.walletexplorer.com/wallet/004bf37491a806d0,ok,,2026-06-27T10:19:02.719715+00:00
17SGWMLKav35wxKUov6Fo5hfez38yQN7JZ,004bf37491a806d0,[004bf37491],https://www.walletexplorer.com/wallet/004bf37491a806d0,ok,,2026-06-27T10:19:03.142800+00:00
1KYzXb4QAy29zb67E9dfKPW3i9Q3F3n6JP,00dd09df0a8556d2,[00dd09df0a],https://www.walletexplorer.com/wallet/00dd09df0a8556d2,ok,,2026-06-27T10:19:03.568803+00:00
18qAerTW8sWPNCXmzWkf6YyDsozS4ABeA9,00dd09df0a8556d2,[00dd09df0a],https://www.walletexplorer.com/wallet/00dd09df0a8556d2,ok,,2026-06-27T10:19:04.038368+00:00
1BxFDAN9LZpho1gruP8Cs2t4EbTMPYiUBF,005c544cebcf1b05,[005c544ceb],https://www.walletexplorer.com/wallet/005c544cebcf1b05,ok,,2026-06-27T10:19:04.478679+00:00
12LufWELB8nRx3rUKzXCQw4T3LC5AuE7B6,00dd09df0a8556d2,[00dd09df0a],https://www.walletexplorer.com/wallet/00dd09df0a8556d2,ok,,2026-06-27T10:19:04.943494+00:00
1UFmHYgWgdynJUS5KGsckKCfxHZS8QLFe,005c544cebcf1b05,[005c544ceb],https://www.walletexplorer.com/wallet/005c544cebcf1b05,ok,,2026-06-27T10:19:05.422660+00:00
1KhFaT3jzGYvJnBz8FLKv3L3y4GCtJ5j3r,30ec7609f11b73d2,[30ec7609f1],https://www.walletexplorer.com/wallet/30ec7609f11b73d2,ok,,2026-06-27T10:19:05.923988+00:00
1L4TkHroXdPGYQYU5PAAgjBiFKShLkzrno,005c544cebcf1b05,[005c544ceb],https://www.walletexplorer.com/wallet/005c544cebcf1b05,ok,,2026-06-27T10:19:06.364777+00:00
1FXsBm1zJUPwAfvnToaT1SeGD6USYK8U3y,0698ff2cf696b15b,[0698ff2cf6],https://www.walletexplorer.com/wallet/0698ff2cf696b15b,ok,,2026-06-27T10:19:06.868568+00:00
1C1cDu2jLcWRA4ZV5EjJF6LEetuoouBrsQ,0585169ff061e739,[0585169ff0],https://www.walletexplorer.com/wallet/0585169ff061e739,ok,,2026-06-27T10:19:07.311999+00:00
1BSynqnY1gRXGeRzVCMZJPAJc4qnqx6zoT,46b2800ccc02ef33,[46b2800ccc],https://www.walletexplorer.com/wallet/46b2800ccc02ef33,ok,,2026-06-27T10:19:07.774428+00:00
1CWZqpGGJRctT7dhc72SaS7qdsVxSi2sbS,0698ff2cf696b15b,[0698ff2cf6],https://www.walletexplorer.com/wallet/0698ff2cf696b15b,ok,,2026-06-27T10:19:08.253374+00:00
1AsuxChDXKXESSVDxXR6iaLZn9pumy8j5T,18055c68e7c808ce,[18055c68e7],https://www.walletexplorer.com/wallet/18055c68e7c808ce,ok,,2026-06-27T10:19:08.760829+00:00
1ETnuEjtEzbHWRea3NxTZmDj6D7PVadBob,1ba63c236bd5eb36,[1ba63c236b],https://www.walletexplorer.com/wallet/1ba63c236bd5eb36,ok,,2026-06-27T10:19:09.384854+00:00
18qn4ZN7EpzpERLnYjErqucskXVjaPecf,0341f6f8c592c6b7,[0341f6f8c5],https://www.walletexplorer.com/wallet/0341f6f8c592c6b7,ok,,2026-06-27T10:19:09.842804+00:00
1NXpn6p4tmfC9xRp6c9EykABwrAcE8FLwP,a15048d3b7bad5ce,[a15048d3b7],https://www.walletexplorer.com/wallet/a15048d3b7bad5ce,ok,,2026-06-27T10:19:10.313404+00:00
11DCepM1XR6ktjqQmRVPke2D6zDevH1K2,0341f6f8c592c6b7,[0341f6f8c5],https://www.walletexplorer.com/wallet/0341f6f8c592c6b7,ok,,2026-06-27T10:19:10.769044+00:00
1FtCX35PxpAVfWc7nG7jKSGo7UYrm57xHn,0698ff2cf696b15b,[0698ff2cf6],https://www.walletexplorer.com/wallet/0698ff2cf696b15b,ok,,2026-06-27T10:19:11.231046+00:00
15jsVMAgsK2i284jg2f6pksnu5Rph5XKuJ,0698ff2cf696b15b,[0698ff2cf6],https://www.walletexplorer.com/wallet/0698ff2cf696b15b,ok,,2026-06-27T10:19:11.662010+00:00
14dt5aHPCXCgQMEFe4k9TM7MGoTEbk761M,0698ff2cf696b15b,[0698ff2cf6],https://www.walletexplorer.com/wallet/0698ff2cf696b15b,ok,,2026-06-27T10:19:12.195658+00:00
1M59j2BQxFDbcitCMH5LiaBcGoyny3mL5R,7ec603174d6488b7,[7ec603174d],https://www.walletexplorer.com/wallet/7ec603174d6488b7,ok,,2026-06-27T10:19:12.730783+00:00
137WU7cFHpP1NExAzu19m1tCZeAmz5KcSz,02c45e598337fc3e,[02c45e5983],https://www.walletexplorer.com/wallet/02c45e598337fc3e,ok,,2026-06-27T10:19:13.164451+00:00
1KBaUcwqKFwg5VfTuVAVkAYVeTsMJXwWWh,0698ff2cf696b15b,[0698ff2cf6],https://www.walletexplorer.com/wallet/0698ff2cf696b15b,ok,,2026-06-27T10:19:13.623467+00:00
1ArWoiXqjruHJqdCX78cEMMKHe8uE62QmC,178bd9243415ed1b,[178bd92434],https://www.walletexplorer.com/wallet/178bd9243415ed1b,ok,,2026-06-27T10:19:14.082168+00:00
1BGALdfuujHhowS7NVPdFKVpip2AjFPt9X,0698ff2cf696b15b,[0698ff2cf6],https://www.walletexplorer.com/wallet/0698ff2cf696b15b,ok,,2026-06-27T10:19:14.547941+00:00
14qX1UA6L7Jug4fCiXCXSPxnEVuo5UM63v,4db76895906ef8fc,[4db7689590],https://www.walletexplorer.com/wallet/4db76895906ef8fc,ok,,2026-06-27T10:19:15.526441+00:00
1N1DVX7hxwbkhn7fyuDMWU6V49ucSy5iSx,b93392460013a516,[b933924600],https://www.walletexplorer.com/wallet/b93392460013a516,ok,,2026-06-27T10:19:16.195715+00:00
14vPKfkbmAjjbx3W8UXd3kV67vfXLo8snA,601a6833ea402401,[601a6833ea],https://www.walletexplorer.com/wallet/601a6833ea402401,ok,,2026-06-27T10:19:16.585006+00:00
16jrUUMLkyGHnFr86fqCDWyv7QVxsqsUt,08e0fb7e70461970,[08e0fb7e70],https://www.walletexplorer.com/wallet/08e0fb7e70461970,ok,,2026-06-27T10:19:17.041298+00:00
15ukum4TRuuFEZu1ckrhJrEqjHiAftPD2T,6da278c9d389a5cc,[6da278c9d3],https://www.walletexplorer.com/wallet/6da278c9d389a5cc,ok,,2026-06-27T10:19:17.450251+00:00
1JRi7iBmLF17PULHts8yXnoRTP7jGn6C9i,d3a6672c5fc49b8a,[d3a6672c5f],https://www.walletexplorer.com/wallet/d3a6672c5fc49b8a,ok,,2026-06-27T10:19:17.931559+00:00
18YXxjMmoTvURDvuqjSJAFqdU1tUjGUPWb,e6b15a67a8755737,[e6b15a67a8],https://www.walletexplorer.com/wallet/e6b15a67a8755737,ok,,2026-06-27T10:19:18.393656+00:00
121gYJNDPFH2FwRP22vBKkjEinztDoyF4A,8359c648297f68c0,[8359c64829],https://www.walletexplorer.com/wallet/8359c648297f68c0,ok,,2026-06-27T10:19:19.822765+00:00
1F3ZbE4i1jXPUjQNRERPRQJfjtirtf6eHx,32dd013344980907,[32dd013344],https://www.walletexplorer.com/wallet/32dd013344980907,ok,,2026-06-27T10:19:20.264802+00:00
1FGTPPHP1EEoEuSUZqPAi1KVmTay4JN8fm,02c45e598337fc3e,[02c45e5983],https://www.walletexplorer.com/wallet/02c45e598337fc3e,ok,,2026-06-27T10:19:20.606805+00:00
1KrSWL7DwN2fj3JSjrNHGxAniuaJD1t64Z,0a3dadfc2cd7ec04,[0a3dadfc2c],https://www.walletexplorer.com/wallet/0a3dadfc2cd7ec04,ok,,2026-06-27T10:19:21.065398+00:00
196LR89T7a9jL2DwAZsZQ6TsTCK53YJsBq,20eef5e285718841,[20eef5e285],https://www.walletexplorer.com/wallet/20eef5e285718841,ok,,2026-06-27T10:19:21.539144+00:00
13vYTp15nELrW3w6eSSyp4UkL9nX9gPUKC,02c45e598337fc3e,[02c45e5983],https://www.walletexplorer.com/wallet/02c45e598337fc3e,ok,,2026-06-27T10:19:22.734574+00:00
19Kb3MrkHjjiVxEUZa63vw2yDRa53fFY4x,02c45e598337fc3e,[02c45e5983],https://www.walletexplorer.com/wallet/02c45e598337fc3e,ok,,2026-06-27T10:19:23.673875+00:00
1KTGvDmKLouC59E9qMNukWYw9YXFECMpo,02c45e598337fc3e,[02c45e5983],https://www.walletexplorer.com/wallet/02c45e598337fc3e,ok,,2026-06-27T10:19:24.156185+00:00
1M3HsjmLG6zvJWhqJExjRuTurqqPmi6pqC,02c45e598337fc3e,[02c45e5983],https://www.walletexplorer.com/wallet/02c45e598337fc3e,ok,,2026-06-27T10:19:24.670580+00:00
1BZq9XLTJb5SY4NKGA38G7stxcdPvA6tkB,0005f727dbee0bf6,[0005f727db],https://www.walletexplorer.com/wallet/0005f727dbee0bf6,ok,,2026-06-27T10:19:25.203885+00:00
1M6VA9fN8WMAeb5kv3HosHH3QkX5xmGgDJ,0005f727dbee0bf6,[0005f727db],https://www.walletexplorer.com/wallet/0005f727dbee0bf6,ok,,2026-06-27T10:19:25.856748+00:00
1Nb5R8tXtpvXzBGGyNSmLYkaKXtfDBvH1N,0005f727dbee0bf6,[0005f727db],https://www.walletexplorer.com/wallet/0005f727dbee0bf6,ok,,2026-06-27T10:19:26.459301+00:00
1BQcEhPwjByA55PDAEsNY81DDNuiYbMFRG,0005f727dbee0bf6,[0005f727db],https://www.walletexplorer.com/wallet/0005f727dbee0bf6,ok,,2026-06-27T10:19:26.984989+00:00
1Ke8979JZM1CNHHPgGQkbxyMJjvjJTLnUp,0005f727dbee0bf6,[0005f727db],https://www.walletexplorer.com/wallet/0005f727dbee0bf6,ok,,2026-06-27T10:19:27.677754+00:00
1UjgaZYoDt2pvqJo148yLKtQDo49Eoju9,0005f727dbee0bf6,[0005f727db],https://www.walletexplorer.com/wallet/0005f727dbee0bf6,ok,,2026-06-27T10:19:28.246636+00:00
1MF8TKmY6L8qzVs9jnu9ETC3RURx9DzZJY,0005f727dbee0bf6,[0005f727db],https://www.walletexplorer.com/wallet/0005f727dbee0bf6,ok,,2026-06-27T10:19:28.820605+00:00
1MknDjGQg5i8GameRRkge7oQFwspDxVFLW,0005f727dbee0bf6,[0005f727db],https://www.walletexplorer.com/wallet/0005f727dbee0bf6,ok,,2026-06-27T10:19:29.374883+00:00
1HHnL2fRnbDVALV4BwtsvdfGCobmneKZH8,0005f727dbee0bf6,[0005f727db],https://www.walletexplorer.com/wallet/0005f727dbee0bf6,ok,,2026-06-27T10:19:30.121404+00:00
15nAFSRcpk8TfJcThb1eT1aR3kp9mU5ro9,0005f727dbee0bf6,[0005f727db],https://www.walletexplorer.com/wallet/0005f727dbee0bf6,ok,,2026-06-27T10:19:30.877407+00:00
1MdhpQLXeQTWRuQGX5cF8wAbCpPoQtCby5,0005f727dbee0bf6,[0005f727db],https://www.walletexplorer.com/wallet/0005f727dbee0bf6,ok,,2026-06-27T10:19:31.531263+00:00
1NrmTtT7JD7yxeXyBrq21XEXB45ahdMpbn,0005f727dbee0bf6,[0005f727db],https://www.walletexplorer.com/wallet/0005f727dbee0bf6,ok,,2026-06-27T10:19:32.122532+00:00
151Z76EiUVXTXBfsrq1UAob2e1cqXnsEmz,0005f727dbee0bf6,[0005f727db],https://www.walletexplorer.com/wallet/0005f727dbee0bf6,ok,,2026-06-27T10:19:32.828726+00:00
1FFewoz7yoWzBMyxsUUGjzUEyZr7VePPWR,0005f727dbee0bf6,[0005f727db],https://www.walletexplorer.com/wallet/0005f727dbee0bf6,ok,,2026-06-27T10:19:33.385110+00:00
1BFf2EJHRj3s1qmfDxHcQBNqzFkBddgWmo,0005f727dbee0bf6,[0005f727db],https://www.walletexplorer.com/wallet/0005f727dbee0bf6,ok,,2026-06-27T10:19:34.035094+00:00
1K3Fjtig5r2X4BMNjxiyy5hzvB3Df7mzAv,0005f727dbee0bf6,[0005f727db],https://www.walletexplorer.com/wallet/0005f727dbee0bf6,ok,,2026-06-27T10:19:34.677777+00:00
1PiVWSBJKwcByLnt1kauKZSVW6gum8zQyt,0005f727dbee0bf6,[0005f727db],https://www.walletexplorer.com/wallet/0005f727dbee0bf6,ok,,2026-06-27T10:19:35.322526+00:00
1DjJMBEjidsNmnaRjvm7Ab8TxwLVW2S2rT,0005f727dbee0bf6,[0005f727db],https://www.walletexplorer.com/wallet/0005f727dbee0bf6,ok,,2026-06-27T10:19:35.837950+00:00
1MDfuNEjvEvggWvKTdSxh2qCwhYDXvPnTn,0005f727dbee0bf6,[0005f727db],https://www.walletexplorer.com/wallet/0005f727dbee0bf6,ok,,2026-06-27T10:19:36.413833+00:00
1N33jADTeA2Ss168KhYZ7fyHd4qna8oAtr,0005f727dbee0bf6,[0005f727db],https://www.walletexplorer.com/wallet/0005f727dbee0bf6,ok,,2026-06-27T10:19:37.060196+00:00
17HpKepoh1nLF36M46G1MGE8FQUW2CnvuN,0005f727dbee0bf6,[0005f727db],https://www.walletexplorer.com/wallet/0005f727dbee0bf6,ok,,2026-06-27T10:19:37.638158+00:00
17kZS9TpxBXhqRDURXqNXQohWVbwohjHtQ,0005f727dbee0bf6,[0005f727db],https://www.walletexplorer.com/wallet/0005f727dbee0bf6,ok,,2026-06-27T10:19:39.336606+00:00
1CTf1Z6fsafPAVjrjY4Frssd4DJJuF9qoW,0005f727dbee0bf6,[0005f727db],https://www.walletexplorer.com/wallet/0005f727dbee0bf6,ok,,2026-06-27T10:19:39.909558+00:00
1GBXu9f4BifXC7GkR9xJ84FNq79F441R1M,0005f727dbee0bf6,[0005f727db],https://www.walletexplorer.com/wallet/0005f727dbee0bf6,ok,,2026-06-27T10:19:40.498417+00:00
1GRkr2JMpnjzDFzrVrizD4w2isxtx3wSnQ,0005f727dbee0bf6,[0005f727db],https://www.walletexplorer.com/wallet/0005f727dbee0bf6,ok,,2026-06-27T10:19:41.088616+00:00
1GjPucq7b2uAMMdoK4ta8UF6QyqeeauvLj,0005f727dbee0bf6,[0005f727db],https://www.walletexplorer.com/wallet/0005f727dbee0bf6,ok,,2026-06-27T10:19:41.553970+00:00
1G1cSmvbm3qTUUPvtyTqBn3fPgdx95ajLg,0005f727dbee0bf6,[0005f727db],https://www.walletexplorer.com/wallet/0005f727dbee0bf6,ok,,2026-06-27T10:19:42.138437+00:00
1GtzM2dqBTVkZKpk7ReKFKTXLigDSguXaZ,0005f727dbee0bf6,[0005f727db],https://www.walletexplorer.com/wallet/0005f727dbee0bf6,ok,,2026-06-27T10:19:42.700456+00:00
188R4a6z7NY8ZHScFBc4V5n5PEZQhJy5rM,0005f727dbee0bf6,[0005f727db],https://www.walletexplorer.com/wallet/0005f727dbee0bf6,ok,,2026-06-27T10:19:43.658127+00:00
1PRqiwJkgzw119Xs2uPN2BnMn5LrppVc4s,0005f727dbee0bf6,[0005f727db],https://www.walletexplorer.com/wallet/0005f727dbee0bf6,ok,,2026-06-27T10:19:44.272046+00:00
1zZY6L65AbxNqKmJhsgTRd4fW7gC4iq4v,0005f727dbee0bf6,[0005f727db],https://www.walletexplorer.com/wallet/0005f727dbee0bf6,ok,,2026-06-27T10:19:45.152522+00:00
13K7pR6152qGqdiGmUZ5FLcvr3p1Xg2ohJ,0005f727dbee0bf6,[0005f727db],https://www.walletexplorer.com/wallet/0005f727dbee0bf6,ok,,2026-06-27T10:19:45.774069+00:00
1QD49SNfnPP2jrs54WA9tbQ4VQ51Gy27fZ,0005f727dbee0bf6,[0005f727db],https://www.walletexplorer.com/wallet/0005f727dbee0bf6,ok,,2026-06-27T10:19:46.415120+00:00
1LifmsVU4pKLEDcoP3nrXXiGuyGWRsYCzX,0005f727dbee0bf6,[0005f727db],https://www.walletexplorer.com/wallet/0005f727dbee0bf6,ok,,2026-06-27T10:19:47.083617+00:00
1KSG4LJPdw6LpXf46uXwS5cKEeq7fSJwDv,0005f727dbee0bf6,[0005f727db],https://www.walletexplorer.com/wallet/0005f727dbee0bf6,ok,,2026-06-27T10:19:47.627731+00:00
1JEdaZQQu64fp8H6qh1YkWV3rgG2o5BWMU,0005f727dbee0bf6,[0005f727db],https://www.walletexplorer.com/wallet/0005f727dbee0bf6,ok,,2026-06-27T10:19:48.196184+00:00
1AX67PFNdcvmyGdLmjKrjnSDhMeKuHM5fb,0005f727dbee0bf6,[0005f727db],https://www.walletexplorer.com/wallet/0005f727dbee0bf6,ok,,2026-06-27T10:19:49.323606+00:00
1Pq953vA45RHwN3tea8TjobdpFUiER2MQ5,0005f727dbee0bf6,[0005f727db],https://www.walletexplorer.com/wallet/0005f727dbee0bf6,ok,,2026-06-27T10:19:50.046080+00:00
19rJRG7tE8ef7K9uN9AbHxDdVbscp6Aj7A,0005f727dbee0bf6,[0005f727db],https://www.walletexplorer.com/wallet/0005f727dbee0bf6,ok,,2026-06-27T10:19:50.676059+00:00
14TKt4dbzAVx2j874vY37m6sXjkRJ5A7M2,0005f727dbee0bf6,[0005f727db],https://www.walletexplorer.com/wallet/0005f727dbee0bf6,ok,,2026-06-27T10:19:51.262075+00:00
1HT3B4L1r11TeacWtqnMrXS9YkyAkhekng,0005f727dbee0bf6,[0005f727db],https://www.walletexplorer.com/wallet/0005f727dbee0bf6,ok,,2026-06-27T10:19:52.176191+00:00
1JKwjx5oZF32KQoAYzf6FXf4V3iaAxar93,0005f727dbee0bf6,[0005f727db],https://www.walletexplorer.com/wallet/0005f727dbee0bf6,ok,,2026-06-27T10:19:52.693705+00:00
16uKj49zxtUpBKVBgXM7idbKDq4vyLbmKf,0005f727dbee0bf6,[0005f727db],https://www.walletexplorer.com/wallet/0005f727dbee0bf6,ok,,2026-06-27T10:19:53.227098+00:00
1MQM2P5RYvncadSGizNRaX7ehfAh7DWDaU,0117324e53cad4e7,[0117324e53],https://www.walletexplorer.com/wallet/0117324e53cad4e7,ok,,2026-06-27T10:19:53.631386+00:00
19vQngBctYY3ZxKr1M8sL5RdMUdsD7nxzM,0005f727dbee0bf6,[0005f727db],https://www.walletexplorer.com/wallet/0005f727dbee0bf6,ok,,2026-06-27T10:19:55.563560+00:00
15MiFYqx4V4HCcbCion8dyXF2EtXe1br9K,0005f727dbee0bf6,[0005f727db],https://www.walletexplorer.com/wallet/0005f727dbee0bf6,ok,,2026-06-27T10:19:56.233230+00:00
1HEpMGLoYKc3BmuSWRKheauZdsU2SHu6Z,0005f727dbee0bf6,[0005f727db],https://www.walletexplorer.com/wallet/0005f727dbee0bf6,ok,,2026-06-27T10:19:56.587487+00:00
1MnjArcwCALE7yLX4xEeEAeZJyJcb6V3GE,0005f727dbee0bf6,[0005f727db],https://www.walletexplorer.com/wallet/0005f727dbee0bf6,ok,,2026-06-27T10:19:57.120238+00:00
1cZpwR7rVUmp28eaWb5XrL5Bod2pXymdS,0005f727dbee0bf6,[0005f727db],https://www.walletexplorer.com/wallet/0005f727dbee0bf6,ok,,2026-06-27T10:19:57.739974+00:00
1KUJ8MZ8726f4CWkxAcPYnmWhQeBee8Q72,0005f727dbee0bf6,[0005f727db],https://www.walletexplorer.com/wallet/0005f727dbee0bf6,ok,,2026-06-27T10:19:58.342824+00:00
176t9yppqby2kfMYgaKtvbHwgZz1h5sk4A,0005f727dbee0bf6,[0005f727db],https://www.walletexplorer.com/wallet/0005f727dbee0bf6,ok,,2026-06-27T10:19:59.157873+00:00
18jTGoqoXZwdq9UiXk3oPpsfbMmGdpUsZD,0005f727dbee0bf6,[0005f727db],https://www.walletexplorer.com/wallet/0005f727dbee0bf6,ok,,2026-06-27T10:19:59.859071+00:00
1GhCSvhBwTSLA7dJVUJzVidUCW9wFbmvRq,0005f727dbee0bf6,[0005f727db],https://www.walletexplorer.com/wallet/0005f727dbee0bf6,ok,,2026-06-27T10:20:00.613052+00:00
1FDpXrHE3fje5SV8JLgKvufBByBiGr4jra,0005f727dbee0bf6,[0005f727db],https://www.walletexplorer.com/wallet/0005f727dbee0bf6,ok,,2026-06-27T10:20:01.193626+00:00
14uumxdtYDfUyPDKK7488Xsc2to2bCmtxM,0005f727dbee0bf6,[0005f727db],https://www.walletexplorer.com/wallet/0005f727dbee0bf6,ok,,2026-06-27T10:20:01.800268+00:00
15f9JUX3s4fZ96jp7nrxAtAkQZcruRbGQi,0005f727dbee0bf6,[0005f727db],https://www.walletexplorer.com/wallet/0005f727dbee0bf6,ok,,2026-06-27T10:20:02.336619+00:00
1BFF9HJDPsyeNNxam6tK1WU4HgkdyHtFAc,0005f727dbee0bf6,[0005f727db],https://www.walletexplorer.com/wallet/0005f727dbee0bf6,ok,,2026-06-27T10:20:02.912157+00:00
1CrgaseYp133uTxRQMLp2S4pVRd4etj5gB,0005f727dbee0bf6,[0005f727db],https://www.walletexplorer.com/wallet/0005f727dbee0bf6,ok,,2026-06-27T10:20:03.531818+00:00
1AyTWVogAzoJAoRqaRz8bSPYvqpCZWXAsG,0117324e53cad4e7,[0117324e53],https://www.walletexplorer.com/wallet/0117324e53cad4e7,ok,,2026-06-27T10:20:04.175371+00:00
1NBtSCUvjbd6DKpTXWEcjRmKnEniBe8iqs,0005f727dbee0bf6,[0005f727db],https://www.walletexplorer.com/wallet/0005f727dbee0bf6,ok,,2026-06-27T10:20:04.686439+00:00
1Jw99zsHG73vmJsvSJS9Jmf1pSSFdaDCQB,0117324e53cad4e7,[0117324e53],https://www.walletexplorer.com/wallet/0117324e53cad4e7,ok,,2026-06-27T10:20:05.269623+00:00
1FiCE7XezngiQpkk59Td9mYaMJzHMTXasL,0117324e53cad4e7,[0117324e53],https://www.walletexplorer.com/wallet/0117324e53cad4e7,ok,,2026-06-27T10:20:05.953227+00:00
1M4GdsimgprVxLLCGfX5yp7tRMcwfbvF2,0005f727dbee0bf6,[0005f727db],https://www.walletexplorer.com/wallet/0005f727dbee0bf6,ok,,2026-06-27T10:20:06.479086+00:00
1D9C9767voTPShqUf6e6siiWJgJxpurb1L,0005f727dbee0bf6,[0005f727db],https://www.walletexplorer.com/wallet/0005f727dbee0bf6,ok,,2026-06-27T10:20:07.259500+00:00
18ipxug7e3JH25S71tAGqRFXSU5Z3TqrxP,0005f727dbee0bf6,[0005f727db],https://www.walletexplorer.com/wallet/0005f727dbee0bf6,ok,,2026-06-27T10:20:07.892946+00:00
18kQ5xeJdgTvvfcs2BAhAApPCHcJYrBnNA,0005f727dbee0bf6,[0005f727db],https://www.walletexplorer.com/wallet/0005f727dbee0bf6,ok,,2026-06-27T10:20:08.446235+00:00
1FPWWnDkPbD2vwQGrgWQkM7kw7k5Vydqy7,0117324e53cad4e7,[0117324e53],https://www.walletexplorer.com/wallet/0117324e53cad4e7,ok,,2026-06-27T10:20:09.054827+00:00
1CQT5qrhMpujB7NLzoEEaCBFsc9tjiQ7Y4,0005f727dbee0bf6,[0005f727db],https://www.walletexplorer.com/wallet/0005f727dbee0bf6,ok,,2026-06-27T10:20:09.652867+00:00
1BtaxT6jZdeK5CFDkv1JFNcYHomxsiimrB,0117324e53cad4e7,[0117324e53],https://www.walletexplorer.com/wallet/0117324e53cad4e7,ok,,2026-06-27T10:20:10.241442+00:00
1ABN3mY8aLKSBGsHFEDXZhsBKJmLKYF3pG,0005f727dbee0bf6,[0005f727db],https://www.walletexplorer.com/wallet/0005f727dbee0bf6,ok,,2026-06-27T10:20:10.826168+00:00
1JMeirnyvGB4iH64wQT9WKzVJ3xYi7BvpJ,0005f727dbee0bf6,[0005f727db],https://www.walletexplorer.com/wallet/0005f727dbee0bf6,ok,,2026-06-27T10:20:11.512832+00:00
16NeUWrMrrVKAJneSg6r1Sm1gFDfBxu8pc,0005f727dbee0bf6,[0005f727db],https://www.walletexplorer.com/wallet/0005f727dbee0bf6,ok,,2026-06-27T10:20:12.101509+00:00
13fdCoXdsLBcyf4hMwUCmCQxqG9sm5HHJG,0005f727dbee0bf6,[0005f727db],https://www.walletexplorer.com/wallet/0005f727dbee0bf6,ok,,2026-06-27T10:20:12.649768+00:00
1LLN4aemu7Zfz3eRP6pCZ6VQXc6zLuwGGc,0005f727dbee0bf6,[0005f727db],https://www.walletexplorer.com/wallet/0005f727dbee0bf6,ok,,2026-06-27T10:20:13.196719+00:00
17qFy7gQKMt5UXkz2AimoGPpvCtrpPQP5m,0005f727dbee0bf6,[0005f727db],https://www.walletexplorer.com/wallet/0005f727dbee0bf6,ok,,2026-06-27T10:20:13.771033+00:00
14RDA9xdEwqFFSaGBRSFynB8WRqgrG8jXp,0005f727dbee0bf6,[0005f727db],https://www.walletexplorer.com/wallet/0005f727dbee0bf6,ok,,2026-06-27T10:20:14.599320+00:00
1Fxg4kaSMsb2E8eanoUXehCDP2LsLYkd9Z,0005f727dbee0bf6,[0005f727db],https://www.walletexplorer.com/wallet/0005f727dbee0bf6,ok,,2026-06-27T10:20:15.211432+00:00
1M5rv84Nbo5ar8nxNy2Y7j1Pd5s6VSZLpK,0005f727dbee0bf6,[0005f727db],https://www.walletexplorer.com/wallet/0005f727dbee0bf6,ok,,2026-06-27T10:20:15.803098+00:00
17UxYNiYGCvoCjaqfWPrR6xKtNdj7i9iVY,0005f727dbee0bf6,[0005f727db],https://www.walletexplorer.com/wallet/0005f727dbee0bf6,ok,,2026-06-27T10:20:16.357638+00:00
15QK6AUcDKSvxuoeACWxFdXydsczcx5ezC,0005f727dbee0bf6,[0005f727db],https://www.walletexplorer.com/wallet/0005f727dbee0bf6,ok,,2026-06-27T10:20:16.864939+00:00
1DnJCPCi1czMxZfxNvtReTEtFmgyCEFAbA,0005f727dbee0bf6,[0005f727db],https://www.walletexplorer.com/wallet/0005f727dbee0bf6,ok,,2026-06-27T10:20:17.431031+00:00
114aeaiAnvBcs13Mn9X1MAFbygGbhmY9Tk,0005f727dbee0bf6,[0005f727db],https://www.walletexplorer.com/wallet/0005f727dbee0bf6,ok,,2026-06-27T10:20:18.016313+00:00
1HSdVa4jtaGhSxjWTSjUrrb7hetJauAaNH,0005f727dbee0bf6,[0005f727db],https://www.walletexplorer.com/wallet/0005f727dbee0bf6,ok,,2026-06-27T10:20:18.556428+00:00
18tGuCQ8uoiKwYx2xwEyUeNeMahveJvKCd,0005f727dbee0bf6,[0005f727db],https://www.walletexplorer.com/wallet/0005f727dbee0bf6,ok,,2026-06-27T10:20:19.185792+00:00
1QHQZGMkHc4H6idFBVLzWFySJDLanV5Q3n,0005f727dbee0bf6,[0005f727db],https://www.walletexplorer.com/wallet/0005f727dbee0bf6,ok,,2026-06-27T10:20:19.754497+00:00
18yZVFCdaq4hJqNJ1pK8aiXsmJYjg2Xo1u,0005f727dbee0bf6,[0005f727db],https://www.walletexplorer.com/wallet/0005f727dbee0bf6,ok,,2026-06-27T10:20:20.396218+00:00
1C648gcjK3VvqHecyjAodqZCXHvoE8kBaM,0005f727dbee0bf6,[0005f727db],https://www.walletexplorer.com/wallet/0005f727dbee0bf6,ok,,2026-06-27T10:20:20.987258+00:00
1KdUffsECRX5dq1NwdUuEYvohYSvB5fbY4,0005f727dbee0bf6,[0005f727db],https://www.walletexplorer.com/wallet/0005f727dbee0bf6,ok,,2026-06-27T10:20:21.433952+00:00
1F2BMNbpzSVeYJwRUMMNjdNSdijKMebMhL,0005f727dbee0bf6,[0005f727db],https://www.walletexplorer.com/wallet/0005f727dbee0bf6,ok,,2026-06-27T10:20:22.214675+00:00
1QKgnSVYjNu2c7i7PJVxuGeAVR94P96ELh,0005f727dbee0bf6,[0005f727db],https://www.walletexplorer.com/wallet/0005f727dbee0bf6,ok,,2026-06-27T10:20:22.792383+00:00
1Pu2vF854ChHbVmvUob7MGcXZg2UpYG4Uk,0005f727dbee0bf6,[0005f727db],https://www.walletexplorer.com/wallet/0005f727dbee0bf6,ok,,2026-06-27T10:20:23.342971+00:00
16rsYxoR4868XQpHg3Js7U1k2BeMrHCxRX,0005f727dbee0bf6,[0005f727db],https://www.walletexplorer.com/wallet/0005f727dbee0bf6,ok,,2026-06-27T10:20:23.955648+00:00
1D2fbVXF4ZFxm9fW8x6tWg6REdhnFQvs6a,0005f727dbee0bf6,[0005f727db],https://www.walletexplorer.com/wallet/0005f727dbee0bf6,ok,,2026-06-27T10:20:24.516581+00:00
13DUH1sHcck9KN7X7837EbYLvEWZ5zczof,0005f727dbee0bf6,[0005f727db],https://www.walletexplorer.com/wallet/0005f727dbee0bf6,ok,,2026-06-27T10:20:25.140654+00:00
1Bw2UbHjVMdFxDXRXpRxdCDswHDwvR6NHe,0005f727dbee0bf6,[0005f727db],https://www.walletexplorer.com/wallet/0005f727dbee0bf6,ok,,2026-06-27T10:20:25.690779+00:00
13Z9ehqDU7gkFKfsvwY6jHsbv5gEfC5BTM,0005f727dbee0bf6,[0005f727db],https://www.walletexplorer.com/wallet/0005f727dbee0bf6,ok,,2026-06-27T10:20:26.336949+00:00
1PobAqKfYjg5gcoiz9rpfVSRWCmMAHLNpk,0005f727dbee0bf6,[0005f727db],https://www.walletexplorer.com/wallet/0005f727dbee0bf6,ok,,2026-06-27T10:20:26.935925+00:00
17MimaWK9tpidxGYEDRYY2SShuzjEsYtsL,0005f727dbee0bf6,[0005f727db],https://www.walletexplorer.com/wallet/0005f727dbee0bf6,ok,,2026-06-27T10:20:27.788540+00:00
13rAnJt8EeRUHhpCa2wqLnk4AtmqzRpeCF,0005f727dbee0bf6,[0005f727db],https://www.walletexplorer.com/wallet/0005f727dbee0bf6,ok,,2026-06-27T10:20:28.595522+00:00
17WgpDH7w84PzQZkAs4BNywsX4Z6a7kFBj,0005f727dbee0bf6,[0005f727db],https://www.walletexplorer.com/wallet/0005f727dbee0bf6,ok,,2026-06-27T10:20:29.432880+00:00
1KBmFcRy4ALniBXMdNceXHhm1rrwsvaFzS,0005f727dbee0bf6,[0005f727db],https://www.walletexplorer.com/wallet/0005f727dbee0bf6,ok,,2026-06-27T10:20:30.260155+00:00
12jo34mEMNWMsUvGvBekHkrfnUHE3Lzt7h,0005f727dbee0bf6,[0005f727db],https://www.walletexplorer.com/wallet/0005f727dbee0bf6,ok,,2026-06-27T10:20:31.028417+00:00
13UrSnbe1QPgzXAVnQuND2eCCTcZkrShuw,0005f727dbee0bf6,[0005f727db],https://www.walletexplorer.com/wallet/0005f727dbee0bf6,ok,,2026-06-27T10:20:31.610418+00:00
1FoxrgdSe3cLEQbSonTEpiTphbJ7cUTQby,0005f727dbee0bf6,[0005f727db],https://www.walletexplorer.com/wallet/0005f727dbee0bf6,ok,,2026-06-27T10:20:32.382431+00:00
1MKoXVGbzTbahMjLZB4S4PN6MRfKFhRxBj,0005f727dbee0bf6,[0005f727db],https://www.walletexplorer.com/wallet/0005f727dbee0bf6,ok,,2026-06-27T10:20:33.324209+00:00
1NMxYQP464AbWW3abSdjvhXYc1y5Vt9W6G,0005f727dbee0bf6,[0005f727db],https://www.walletexplorer.com/wallet/0005f727dbee0bf6,ok,,2026-06-27T10:20:34.066708+00:00
1A7RLmg6UabkcmGK4wZjoQMRuKLQvkWHow,0005f727dbee0bf6,[0005f727db],https://www.walletexplorer.com/wallet/0005f727dbee0bf6,ok,,2026-06-27T10:20:34.494979+00:00
1P4G7wLbYgPVJDp28qMZLxJt1Sz4QYw5Bt,0005f727dbee0bf6,[0005f727db],https://www.walletexplorer.com/wallet/0005f727dbee0bf6,ok,,2026-06-27T10:20:35.062655+00:00
1FTqqCxRsD7hZBPA42Wx35YFgkwugALQSZ,0005f727dbee0bf6,[0005f727db],https://www.walletexplorer.com/wallet/0005f727dbee0bf6,ok,,2026-06-27T10:20:35.616038+00:00
1JMfKeAivpntSZQkheFKpeWwimP8s9BHti,0005f727dbee0bf6,[0005f727db],https://www.walletexplorer.com/wallet/0005f727dbee0bf6,ok,,2026-06-27T10:20:36.185834+00:00
19a7XR2FocvCuwwNxU8kT9QZZoQSyqrqZr,0005f727dbee0bf6,[0005f727db],https://www.walletexplorer.com/wallet/0005f727dbee0bf6,ok,,2026-06-27T10:20:36.862440+00:00
16RaqeymG8f1jr7MRuHhjWubM4FmteVggf,048934a69ce5f880,[048934a69c],https://www.walletexplorer.com/wallet/048934a69ce5f880,ok,,2026-06-27T10:20:37.411563+00:00
1E9J7iRG3tExdt8Y4QcSMb5AjFb4CAdZDN,048934a69ce5f880,[048934a69c],https://www.walletexplorer.com/wallet/048934a69ce5f880,ok,,2026-06-27T10:20:38.209949+00:00
16xaSHE36kdMGtdLaSf5AL8wYSoE9YY2ek,0005f727dbee0bf6,[0005f727db],https://www.walletexplorer.com/wallet/0005f727dbee0bf6,ok,,2026-06-27T10:20:38.792052+00:00
1CtVvmUQopegCojuLE1Z5p1LxVPNCjLZ5x,0005f727dbee0bf6,[0005f727db],https://www.walletexplorer.com/wallet/0005f727dbee0bf6,ok,,2026-06-27T10:20:39.452715+00:00
18f4N1MhtBydBFFUSAMHXK9JUq6yUZ7vxT,0005f727dbee0bf6,[0005f727db],https://www.walletexplorer.com/wallet/0005f727dbee0bf6,ok,,2026-06-27T10:20:40.080224+00:00
1BHV2asfBq735EgYDNpx9ftnU4B3veoeuq,0005f727dbee0bf6,[0005f727db],https://www.walletexplorer.com/wallet/0005f727dbee0bf6,ok,,2026-06-27T10:20:40.801050+00:00
12TS4dzcXXdK3rdCTGTbjCGUQDnKxn1WH1,0005f727dbee0bf6,[0005f727db],https://www.walletexplorer.com/wallet/0005f727dbee0bf6,ok,,2026-06-27T10:20:41.402184+00:00
1GMWLMxAHH8nFURdespUSy52NHmc8Vcaj6,0005f727dbee0bf6,[0005f727db],https://www.walletexplorer.com/wallet/0005f727dbee0bf6,ok,,2026-06-27T10:20:41.908247+00:00
18pMvZKjTdiecvWEWZ5BV6FwFR8HPgbxGk,0005f727dbee0bf6,[0005f727db],https://www.walletexplorer.com/wallet/0005f727dbee0bf6,ok,,2026-06-27T10:20:42.694089+00:00
19u6rYEVHB6tz6Wrupwhmq2snKDhvE6WHB,0005f727dbee0bf6,[0005f727db],https://www.walletexplorer.com/wallet/0005f727dbee0bf6,ok,,2026-06-27T10:20:43.254805+00:00
1CtXRnYhskRWy1JyARoBvmaVY7u2v2LG4B,0005f727dbee0bf6,[0005f727db],https://www.walletexplorer.com/wallet/0005f727dbee0bf6,ok,,2026-06-27T10:20:43.784560+00:00
19Ptkod5zg9DipzuoSkCdv68T4sfDjVGt4,0005f727dbee0bf6,[0005f727db],https://www.walletexplorer.com/wallet/0005f727dbee0bf6,ok,,2026-06-27T10:20:44.345821+00:00
1NA5M3TXhdZiWziZDGJf6E1stqq9URHZyj,0005f727dbee0bf6,[0005f727db],https://www.walletexplorer.com/wallet/0005f727dbee0bf6,ok,,2026-06-27T10:20:44.875441+00:00
19o6127XVee1d2rUAVJYkoc3mDR2aGeKwu,0005f727dbee0bf6,[0005f727db],https://www.walletexplorer.com/wallet/0005f727dbee0bf6,ok,,2026-06-27T10:20:45.583593+00:00
189hSma8PnTeooKbVuAbQgWCda9qV4JsN3,0005f727dbee0bf6,[0005f727db],https://www.walletexplorer.com/wallet/0005f727dbee0bf6,ok,,2026-06-27T10:20:45.982206+00:00
17rzDQKrVhMsZ2FNRGS9nRPPG2GPfbxJUt,00edf3d26dfa5e23,[00edf3d26d],https://www.walletexplorer.com/wallet/00edf3d26dfa5e23,ok,,2026-06-27T10:20:46.523979+00:00
1EcFUeJoWZM93gqzJCppCzt6KtVqyzbomm,0005f727dbee0bf6,[0005f727db],https://www.walletexplorer.com/wallet/0005f727dbee0bf6,ok,,2026-06-27T10:20:47.077446+00:00
1KuMsjt3RtJV2TBpFEVJhBmmq9JSd5VM3Z,0005f727dbee0bf6,[0005f727db],https://www.walletexplorer.com/wallet/0005f727dbee0bf6,ok,,2026-06-27T10:20:47.651654+00:00
1BLNVf31VTARK6hLZcHWuL6LgMCPCLkxMA,0005f727dbee0bf6,[0005f727db],https://www.walletexplorer.com/wallet/0005f727dbee0bf6,ok,,2026-06-27T10:20:48.245788+00:00
12eXUePNHT9Td1dYQfDYjNGbE1xR5Niii9,0005f727dbee0bf6,[0005f727db],https://www.walletexplorer.com/wallet/0005f727dbee0bf6,ok,,2026-06-27T10:20:48.770926+00:00
1HRYNedY1S5dFxdZhiNVF1io9X4jcvDenc,00edf3d26dfa5e23,[00edf3d26d],https://www.walletexplorer.com/wallet/00edf3d26dfa5e23,ok,,2026-06-27T10:20:49.374845+00:00
155crwh5Y2Km6TwRH1yfuaX3qkewTqSG4C,0005f727dbee0bf6,[0005f727db],https://www.walletexplorer.com/wallet/0005f727dbee0bf6,ok,,2026-06-27T10:20:49.822959+00:00
1Eztwip2sXpdMLsAAHVFyv8LCrqHmrukJ6,00edf3d26dfa5e23,[00edf3d26d],https://www.walletexplorer.com/wallet/00edf3d26dfa5e23,ok,,2026-06-27T10:20:50.285646+00:00
1Pn5tF2C79ov4LCdPTMBbkaBNZeANznfy9,00edf3d26dfa5e23,[00edf3d26d],https://www.walletexplorer.com/wallet/00edf3d26dfa5e23,ok,,2026-06-27T10:20:50.837945+00:00
1nBbsNbAKgTuJ11G7zDGqKuqtRKsGWZec,00edf3d26dfa5e23,[00edf3d26d],https://www.walletexplorer.com/wallet/00edf3d26dfa5e23,ok,,2026-06-27T10:20:51.309115+00:00
1HeG8HmLBdakqMiVPZiFjNiDBHGUb5K8Xb,00edf3d26dfa5e23,[00edf3d26d],https://www.walletexplorer.com/wallet/00edf3d26dfa5e23,ok,,2026-06-27T10:20:52.000121+00:00
1NkcWGhUCoaGwPUNX6DTXhXDe779gER8sC,00edf3d26dfa5e23,[00edf3d26d],https://www.walletexplorer.com/wallet/00edf3d26dfa5e23,ok,,2026-06-27T10:20:52.500861+00:00
1L7mMMEYLgDTE3MSzdiFne1dQhhEdkPkpP,00edf3d26dfa5e23,[00edf3d26d],https://www.walletexplorer.com/wallet/00edf3d26dfa5e23,ok,,2026-06-27T10:20:52.975172+00:00
1KXtqvQGiPR64iYoqDx1seSttMwuMM1Nq2,0005f727dbee0bf6,[0005f727db],https://www.walletexplorer.com/wallet/0005f727dbee0bf6,ok,,2026-06-27T10:20:53.442439+00:00
15BkLPWVdudzB3P83JUM7FSQNVFXP3vt6H,00edf3d26dfa5e23,[00edf3d26d],https://www.walletexplorer.com/wallet/00edf3d26dfa5e23,ok,,2026-06-27T10:20:53.926786+00:00
1DiAdPvwDKoTpxNpJo8MxroPjq6V44U3P3,00edf3d26dfa5e23,[00edf3d26d],https://www.walletexplorer.com/wallet/00edf3d26dfa5e23,ok,,2026-06-27T10:20:54.462407+00:00
1CY4wgNQzrrEfU3UFu8QJX4qnWVbPs6DES,00edf3d26dfa5e23,[00edf3d26d],https://www.walletexplorer.com/wallet/00edf3d26dfa5e23,ok,,2026-06-27T10:20:55.161816+00:00
1Gj9enuDSMuKzeHYwvKTCiW7pJMeaxZi9X,0005f727dbee0bf6,[0005f727db],https://www.walletexplorer.com/wallet/0005f727dbee0bf6,ok,,2026-06-27T10:20:55.811179+00:00
1LuCCDofBQ4k4SZRmuF5Q1DdQ3ptz8wrv2,0005f727dbee0bf6,[0005f727db],https://www.walletexplorer.com/wallet/0005f727dbee0bf6,ok,,2026-06-27T10:20:56.317134+00:00
1PFEQRnvbA3mx9V2Tkp7An1aeSBHa825D2,00edf3d26dfa5e23,[00edf3d26d],https://www.walletexplorer.com/wallet/00edf3d26dfa5e23,ok,,2026-06-27T10:20:56.821467+00:00
1K12pxvmfCUjFJpgxfzEAecxmp2YzMiDoK,0005f727dbee0bf6,[0005f727db],https://www.walletexplorer.com/wallet/0005f727dbee0bf6,ok,,2026-06-27T10:20:57.332002+00:00
1o6wfF91q8Wn55gJdetGfpWJbPwNvyJ74,0005f727dbee0bf6,[0005f727db],https://www.walletexplorer.com/wallet/0005f727dbee0bf6,ok,,2026-06-27T10:20:57.830588+00:00
1LXBsM3taZPLsPNRA7tNGPGrBCEpTTd7Ar,0005f727dbee0bf6,[0005f727db],https://www.walletexplorer.com/wallet/0005f727dbee0bf6,ok,,2026-06-27T10:20:59.320875+00:00
1KrKeoeSX3cH3JafHdAPEkYCEjR93Ku19s,0005f727dbee0bf6,[0005f727db],https://www.walletexplorer.com/wallet/0005f727dbee0bf6,ok,,2026-06-27T10:21:00.026266+00:00
1PymYhtPyKhsuhzXNod2dX37qkwNh8NhJj,0005f727dbee0bf6,[0005f727db],https://www.walletexplorer.com/wallet/0005f727dbee0bf6,ok,,2026-06-27T10:21:00.594857+00:00
1quv9XCQcvcqaFqz6RDPoDkd96bGcBcir,0005f727dbee0bf6,[0005f727db],https://www.walletexplorer.com/wallet/0005f727dbee0bf6,ok,,2026-06-27T10:21:01.064108+00:00
1PfKmuF5ubRfDutXw3XNmvzN4zctS6cX6d,0005f727dbee0bf6,[0005f727db],https://www.walletexplorer.com/wallet/0005f727dbee0bf6,ok,,2026-06-27T10:21:01.696388+00:00
19TQrwbD35xL1mZWGWF39qSPbv9q6mmVdN,0005f727dbee0bf6,[0005f727db],https://www.walletexplorer.com/wallet/0005f727dbee0bf6,ok,,2026-06-27T10:21:02.223031+00:00
1BWRwdmJ2KZPejmD8RpUgpZxHPZd6s6Hy7,0005f727dbee0bf6,[0005f727db],https://www.walletexplorer.com/wallet/0005f727dbee0bf6,ok,,2026-06-27T10:21:03.573606+00:00
1D12JdMG1VUXyigJdduUJDGtp8j6iRJMBv,0005f727dbee0bf6,[0005f727db],https://www.walletexplorer.com/wallet/0005f727dbee0bf6,ok,,2026-06-27T10:21:04.099550+00:00
1HnmcDq9ZwkQUC5ZwynUPQYcfFFdLDn9zL,0005f727dbee0bf6,[0005f727db],https://www.walletexplorer.com/wallet/0005f727dbee0bf6,ok,,2026-06-27T10:21:04.623455+00:00
1P1k6ZpGSCFQmUJVhpQHr3q3XmJMqAdWE6,0005f727dbee0bf6,[0005f727db],https://www.walletexplorer.com/wallet/0005f727dbee0bf6,ok,,2026-06-27T10:21:05.221966+00:00
1B1qt25aHvV7C4NnmHpSpgDRE1JgjkhmWt,0005f727dbee0bf6,[0005f727db],https://www.walletexplorer.com/wallet/0005f727dbee0bf6,ok,,2026-06-27T10:21:05.711872+00:00
1JXutCnp5oWM8oMi3hQ7DZpBrtZBS1GmaR,0005f727dbee0bf6,[0005f727db],https://www.walletexplorer.com/wallet/0005f727dbee0bf6,ok,,2026-06-27T10:21:06.025108+00:00
1GstvwaxDRkkw85PxZS3tnBRPJv2gwK1Ap,0005f727dbee0bf6,[0005f727db],https://www.walletexplorer.com/wallet/0005f727dbee0bf6,ok,,2026-06-27T10:21:06.502697+00:00
1K8N7qipGEnfZ2YkmRnmRHfgwSA4vCLjck,0005f727dbee0bf6,[0005f727db],https://www.walletexplorer.com/wallet/0005f727dbee0bf6,ok,,2026-06-27T10:21:07.052670+00:00
19Peh3ueFJkj7HDpsRKu9mei8kr2Qhccyz,0005f727dbee0bf6,[0005f727db],https://www.walletexplorer.com/wallet/0005f727dbee0bf6,ok,,2026-06-27T10:21:07.771314+00:00
1nNjnpbqtdZpajJBTxfRehCtvhTieiFKh,0005f727dbee0bf6,[0005f727db],https://www.walletexplorer.com/wallet/0005f727dbee0bf6,ok,,2026-06-27T10:21:08.261423+00:00
19jFpVKrNyWnd5cfsvfBikMBbPWFMRdSuk,0005f727dbee0bf6,[0005f727db],https://www.walletexplorer.com/wallet/0005f727dbee0bf6,ok,,2026-06-27T10:21:08.803361+00:00
13eZ67GsVhCe6Kr1g1zEFxPPNqwfpqCx9i,0005f727dbee0bf6,[0005f727db],https://www.walletexplorer.com/wallet/0005f727dbee0bf6,ok,,2026-06-27T10:21:09.322213+00:00
1768LSR1nKvPKCUrxryGRzpfWYGZLHKNZx,0005f727dbee0bf6,[0005f727db],https://www.walletexplorer.com/wallet/0005f727dbee0bf6,ok,,2026-06-27T10:21:09.826084+00:00
16yYXkBTDeeA3uN6XvxwX8x9TUkFRB9ziw,0005f727dbee0bf6,[0005f727db],https://www.walletexplorer.com/wallet/0005f727dbee0bf6,ok,,2026-06-27T10:21:10.272122+00:00
1CPHs3Hm1LYdxR7n6FRhVBaDDQrEM215ST,0005f727dbee0bf6,[0005f727db],https://www.walletexplorer.com/wallet/0005f727dbee0bf6,ok,,2026-06-27T10:21:10.717264+00:00
1HKSQ9MbzJPc1bvTGdWuk9npUYhK9DNHP8,0005f727dbee0bf6,[0005f727db],https://www.walletexplorer.com/wallet/0005f727dbee0bf6,ok,,2026-06-27T10:21:11.272409+00:00
163VFZWnYc9THSp8tu51Y2rgsZkELj1cb9,0005f727dbee0bf6,[0005f727db],https://www.walletexplorer.com/wallet/0005f727dbee0bf6,ok,,2026-06-27T10:21:11.766179+00:00
149kneFw9LHqv459J7fURvMw54PrgZcTE4,0005f727dbee0bf6,[0005f727db],https://www.walletexplorer.com/wallet/0005f727dbee0bf6,ok,,2026-06-27T10:21:12.400244+00:00
1JrMKi65k3iDi1NPKHLQg65BB12yWmW1Ba,0005f727dbee0bf6,[0005f727db],https://www.walletexplorer.com/wallet/0005f727dbee0bf6,ok,,2026-06-27T10:21:12.958419+00:00
1BSYgGcUagfX2wmFR5wizex2xhRE69f2yt,0005f727dbee0bf6,[0005f727db],https://www.walletexplorer.com/wallet/0005f727dbee0bf6,ok,,2026-06-27T10:21:13.463151+00:00
1AhLi32PKmT6A5ArZ2Y2wahyifm74TiisX,0005f727dbee0bf6,[0005f727db],https://www.walletexplorer.com/wallet/0005f727dbee0bf6,ok,,2026-06-27T10:21:14.016470+00:00
1NL1jCXMsy6TPJxXSTip5DuM2Xa7QeFcLC,0005f727dbee0bf6,[0005f727db],https://www.walletexplorer.com/wallet/0005f727dbee0bf6,ok,,2026-06-27T10:21:14.567218+00:00
1DgWZX615idcnmGHk7bUfbE7MTSVw4RsYf,0005f727dbee0bf6,[0005f727db],https://www.walletexplorer.com/wallet/0005f727dbee0bf6,ok,,2026-06-27T10:21:15.816763+00:00
18Ffj1bauZQJs8uiycdRtJcweUPfyo8Dxf,0005f727dbee0bf6,[0005f727db],https://www.walletexplorer.com/wallet/0005f727dbee0bf6,ok,,2026-06-27T10:21:16.310307+00:00
1F4Rsf964WS5UVv5yy9SGE2THURPMRFTSa,0005f727dbee0bf6,[0005f727db],https://www.walletexplorer.com/wallet/0005f727dbee0bf6,ok,,2026-06-27T10:21:16.799817+00:00
14egnMCPJ2WDGMP4Ty91hP3CuSEMf4u8mU,0005f727dbee0bf6,[0005f727db],https://www.walletexplorer.com/wallet/0005f727dbee0bf6,ok,,2026-06-27T10:21:17.239899+00:00
1GQVfPKL39NZwzpkp8h3DxMZraGWiTYQKt,0005f727dbee0bf6,[0005f727db],https://www.walletexplorer.com/wallet/0005f727dbee0bf6,ok,,2026-06-27T10:21:17.749680+00:00
1CdC8HcaFY1GWPBT3W3RD7hQypdsatnaWm,0005f727dbee0bf6,[0005f727db],https://www.walletexplorer.com/wallet/0005f727dbee0bf6,ok,,2026-06-27T10:21:18.206174+00:00
1BFii6LHqdgmeddXAoL3sTrRpjvhVzjtaJ,0005f727dbee0bf6,[0005f727db],https://www.walletexplorer.com/wallet/0005f727dbee0bf6,ok,,2026-06-27T10:21:18.915310+00:00
19cqEPTrQ3qdKsmm1ZNQiqWB2pX7oSyPE4,0005f727dbee0bf6,[0005f727db],https://www.walletexplorer.com/wallet/0005f727dbee0bf6,ok,,2026-06-27T10:21:19.504072+00:00
1JYhGcNeJhD8mRaX7f6R86vQfnppL8K7Cy,0005f727dbee0bf6,[0005f727db],https://www.walletexplorer.com/wallet/0005f727dbee0bf6,ok,,2026-06-27T10:21:20.026645+00:00
1KZGh4Q27Wza4cPJVDMnU6gH9rWGD8xFBz,0005f727dbee0bf6,[0005f727db],https://www.walletexplorer.com/wallet/0005f727dbee0bf6,ok,,2026-06-27T10:21:20.533383+00:00
13BMZXCPiywhGBKwVDbtqFQzgvrq4EgzUX,0005f727dbee0bf6,[0005f727db],https://www.walletexplorer.com/wallet/0005f727dbee0bf6,ok,,2026-06-27T10:21:20.976987+00:00
1A8tYuXCtKqdyrXD3P3kZ8Ym9YhV9wPqQG,0005f727dbee0bf6,[0005f727db],https://www.walletexplorer.com/wallet/0005f727dbee0bf6,ok,,2026-06-27T10:21:21.458069+00:00
1BKwv8Hwyw2c7hYwmnCaCZ5iKs8fwpvGZr,0005f727dbee0bf6,[0005f727db],https://www.walletexplorer.com/wallet/0005f727dbee0bf6,ok,,2026-06-27T10:21:21.982265+00:00
1EYEEdc3MJYqo3EKXjcpgTGM5XF9H4RxB4,0005f727dbee0bf6,[0005f727db],https://www.walletexplorer.com/wallet/0005f727dbee0bf6,ok,,2026-06-27T10:21:22.438571+00:00
1Jv7rC59Z4X8qhyweSrAkxkgDBU264ZhJf,0005f727dbee0bf6,[0005f727db],https://www.walletexplorer.com/wallet/0005f727dbee0bf6,ok,,2026-06-27T10:21:22.898878+00:00
19MaZjeeDTWshhChoehPRogL1kNzWKH58R,0005f727dbee0bf6,[0005f727db],https://www.walletexplorer.com/wallet/0005f727dbee0bf6,ok,,2026-06-27T10:21:23.532155+00:00
1G5pnoWhuo3oMBMNoFr5rmeEnqEPbMhZxe,0005f727dbee0bf6,[0005f727db],https://www.walletexplorer.com/wallet/0005f727dbee0bf6,ok,,2026-06-27T10:21:24.142021+00:00
1EPahR58L2rQ1sva1bfjrUM3aVZqteJLXd,0005f727dbee0bf6,[0005f727db],https://www.walletexplorer.com/wallet/0005f727dbee0bf6,ok,,2026-06-27T10:21:24.702170+00:00
1BMNX9i5QKrBhFrvoKPQP6LoTMX28LXcMP,0005f727dbee0bf6,[0005f727db],https://www.walletexplorer.com/wallet/0005f727dbee0bf6,ok,,2026-06-27T10:21:25.307890+00:00
1PzyX3FUZ2CfjbeAXyHHFBodx4uZbRqQnx,0005f727dbee0bf6,[0005f727db],https://www.walletexplorer.com/wallet/0005f727dbee0bf6,ok,,2026-06-27T10:21:25.784490+00:00
19QqVC5cmjZzeSghvA1Khp4t4KujfwtBaC,0005f727dbee0bf6,[0005f727db],https://www.walletexplorer.com/wallet/0005f727dbee0bf6,ok,,2026-06-27T10:21:26.289716+00:00
1487jCWgHwcnugJNZzbpkVHKYsmEqzXYrn,0005f727dbee0bf6,[0005f727db],https://www.walletexplorer.com/wallet/0005f727dbee0bf6,ok,,2026-06-27T10:21:27.207113+00:00
1B5vszLQYXvvpF3C1tU6xq4oRLcFiUbS7u,0005f727dbee0bf6,[0005f727db],https://www.walletexplorer.com/wallet/0005f727dbee0bf6,ok,,2026-06-27T10:21:27.906997+00:00
17dPJEnk6SErC6jmrv3SnMdgetQAWecg4k,0005f727dbee0bf6,[0005f727db],https://www.walletexplorer.com/wallet/0005f727dbee0bf6,ok,,2026-06-27T10:21:28.406110+00:00
17DYVx9bz7xoAio5jiWwVQBf6H3ApRFH9q,0005f727dbee0bf6,[0005f727db],https://www.walletexplorer.com/wallet/0005f727dbee0bf6,ok,,2026-06-27T10:21:29.009313+00:00
168opEVn7kKSFZZxawQwH74JNYzsmwj2K4,0005f727dbee0bf6,[0005f727db],https://www.walletexplorer.com/wallet/0005f727dbee0bf6,ok,,2026-06-27T10:21:29.550148+00:00
1GxjSSqCyr4UR9po5oKfHv1BUhAycjvbpZ,0005f727dbee0bf6,[0005f727db],https://www.walletexplorer.com/wallet/0005f727dbee0bf6,ok,,2026-06-27T10:21:30.106416+00:00
134zrWUCx4amWBDKTF611cw4Ag3YhEzaEk,0005f727dbee0bf6,[0005f727db],https://www.walletexplorer.com/wallet/0005f727dbee0bf6,ok,,2026-06-27T10:21:30.647688+00:00
1GB5TPtH5ipE8JPae98WfQXTNKtHzf3uXS,0005f727dbee0bf6,[0005f727db],https://www.walletexplorer.com/wallet/0005f727dbee0bf6,ok,,2026-06-27T10:21:31.516280+00:00
12wiCiXSFKk5MaDGaraJN8ibTprNHYMv9U,0005f727dbee0bf6,[0005f727db],https://www.walletexplorer.com/wallet/0005f727dbee0bf6,ok,,2026-06-27T10:21:32.323274+00:00
1CX5V1Uzk6dPfs4NVYMDsdYLMM98SBNqfB,0005f727dbee0bf6,[0005f727db],https://www.walletexplorer.com/wallet/0005f727dbee0bf6,ok,,2026-06-27T10:21:32.845894+00:00
13rKC6G87QWdLKkCpfK1UBhJ3WxwDKp5zA,0005f727dbee0bf6,[0005f727db],https://www.walletexplorer.com/wallet/0005f727dbee0bf6,ok,,2026-06-27T10:21:33.338432+00:00
1LqviGhDaJPTyDLPnMmYHq639nJiQ13ous,0005f727dbee0bf6,[0005f727db],https://www.walletexplorer.com/wallet/0005f727dbee0bf6,ok,,2026-06-27T10:21:33.881532+00:00
1BF7SJzvLutNeg2f8oLDwGU5UmVRM5SK8k,0005f727dbee0bf6,[0005f727db],https://www.walletexplorer.com/wallet/0005f727dbee0bf6,ok,,2026-06-27T10:21:35.149457+00:00
136r7yuFTAjQS6qtRujvtadnAXimMVL7Cy,0005f727dbee0bf6,[0005f727db],https://www.walletexplorer.com/wallet/0005f727dbee0bf6,ok,,2026-06-27T10:21:35.939891+00:00
1K7zrKisYZzbKqUJYVbZD8GZQ1z7FsiCvd,0005f727dbee0bf6,[0005f727db],https://www.walletexplorer.com/wallet/0005f727dbee0bf6,ok,,2026-06-27T10:21:36.604989+00:00
12sgc2sdkruRd4oJBTgoCSGsrjTWir7EJZ,3ee65dc2d2ad3fc0,[3ee65dc2d2],https://www.walletexplorer.com/wallet/3ee65dc2d2ad3fc0,ok,,2026-06-27T10:21:37.109303+00:00
1fWeG7rU6w3dSjsn1cmA2LpCr84nYujcX,0005f727dbee0bf6,[0005f727db],https://www.walletexplorer.com/wallet/0005f727dbee0bf6,ok,,2026-06-27T10:21:37.629397+00:00
12AAQWn3GE7jHBF5hSwEMnnqATBSFpjgL4,0005f727dbee0bf6,[0005f727db],https://www.walletexplorer.com/wallet/0005f727dbee0bf6,ok,,2026-06-27T10:21:38.126880+00:00
18dXHTzXU3867EZHAQMeRmSBz6CZbRjsWQ,0005f727dbee0bf6,[0005f727db],https://www.walletexplorer.com/wallet/0005f727dbee0bf6,ok,,2026-06-27T10:21:39.296242+00:00
1D9eA1ZJycTj1BGk5KLZM3R1Ex1XYfDqmM,0005f727dbee0bf6,[0005f727db],https://www.walletexplorer.com/wallet/0005f727dbee0bf6,ok,,2026-06-27T10:21:39.920497+00:00
12N42JttqwtsmHdFeCuk7DFYfTD1ShZFAP,0005f727dbee0bf6,[0005f727db],https://www.walletexplorer.com/wallet/0005f727dbee0bf6,ok,,2026-06-27T10:21:40.456368+00:00
1AP9gNtrh5XS6pXZ5xJKKa5U2QquRCih57,0005f727dbee0bf6,[0005f727db],https://www.walletexplorer.com/wallet/0005f727dbee0bf6,ok,,2026-06-27T10:21:41.038740+00:00
1Fdo7qbjRvzMp798DZVebfk5Awput5FwNm,0005f727dbee0bf6,[0005f727db],https://www.walletexplorer.com/wallet/0005f727dbee0bf6,ok,,2026-06-27T10:21:41.578583+00:00
1AhyRnQ1BXWGUPnEeUzxnehMUxsm6yqZLg,0005f727dbee0bf6,[0005f727db],https://www.walletexplorer.com/wallet/0005f727dbee0bf6,ok,,2026-06-27T10:21:42.057868+00:00
136LhyPQ2op6nH6p4A3bJ1WMBhwXuTH1jE,0005f727dbee0bf6,[0005f727db],https://www.walletexplorer.com/wallet/0005f727dbee0bf6,ok,,2026-06-27T10:21:43.486519+00:00
1LeYvE6cs4sjGAJQxyGTk8JsYq2Ev19fqG,0005f727dbee0bf6,[0005f727db],https://www.walletexplorer.com/wallet/0005f727dbee0bf6,ok,,2026-06-27T10:21:44.051488+00:00
112n2TZ9ftwYUEAS7jvk6M9zFk5Vj3SmpZ,0005f727dbee0bf6,[0005f727db],https://www.walletexplorer.com/wallet/0005f727dbee0bf6,ok,,2026-06-27T10:21:44.532773+00:00
1FDB9wLMiEJej1zCiiGXsFpTGX5pJhJM6M,0005f727dbee0bf6,[0005f727db],https://www.walletexplorer.com/wallet/0005f727dbee0bf6,ok,,2026-06-27T10:21:45.108921+00:00
1Mt21Fp6kQG6v2ux7uw6jt24PvBrvxeRqA,0005f727dbee0bf6,[0005f727db],https://www.walletexplorer.com/wallet/0005f727dbee0bf6,ok,,2026-06-27T10:21:45.824862+00:00
1CAAkRWTiuH5qZNJVd8p5gamhbC8E3Acs7,fca504ca4716e469,[fca504ca47],https://www.walletexplorer.com/wallet/fca504ca4716e469,ok,,2026-06-27T10:21:46.375908+00:00
1FMNF5Bs1awK47WWg9ktAzwTM6g6MGZCUr,41dca00ab5e0445d,[41dca00ab5],https://www.walletexplorer.com/wallet/41dca00ab5e0445d,ok,,2026-06-27T10:21:47.332128+00:00
1NYXLjwEmrFVJVVxkaqTbVABrq8haSrij,54b44ba135151bba,[54b44ba135],https://www.walletexplorer.com/wallet/54b44ba135151bba,ok,,2026-06-27T10:21:47.926688+00:00
16BK1Vwt2b1tnBdqmAyFehjogAHyCVFfV4,1051f222d0c8e57f,[1051f222d0],https://www.walletexplorer.com/wallet/1051f222d0c8e57f,ok,,2026-06-27T10:21:48.524729+00:00
14hazccZw5iCw9EgX6tjmSFRknfXKyZEoF,03452e3a6616ca55,[03452e3a66],https://www.walletexplorer.com/wallet/03452e3a6616ca55,ok,,2026-06-27T10:21:49.073679+00:00
1J7gBY2K7qGaEEUo9uCxGNV9GE1SLV8vvx,50e7d972a5f38819,[50e7d972a5],https://www.walletexplorer.com/wallet/50e7d972a5f38819,ok,,2026-06-27T10:21:49.669279+00:00
14wePbbGtExGyMkZ1ievJXyfMfcDZcchTt,0005f727dbee0bf6,[0005f727db],https://www.walletexplorer.com/wallet/0005f727dbee0bf6,ok,,2026-06-27T10:21:50.207606+00:00
14UFUtNNET1FKDcf7hCiTHgBbARq1zG46n,1051f222d0c8e57f,[1051f222d0],https://www.walletexplorer.com/wallet/1051f222d0c8e57f,ok,,2026-06-27T10:21:50.742864+00:00
19PHVRVRS9dkTCgSbNPmoq9KGHJfUhTqjk,0005f727dbee0bf6,[0005f727db],https://www.walletexplorer.com/wallet/0005f727dbee0bf6,ok,,2026-06-27T10:21:51.479927+00:00
1KaWzSPTd8us7a2UHopVs9JifdpVYwdfVM,0005f727dbee0bf6,[0005f727db],https://www.walletexplorer.com/wallet/0005f727dbee0bf6,ok,,2026-06-27T10:21:52.063714+00:00
1A4sNu7mJKuNihLqRWorsCG4z6GLUyr7BV,0012ea9acfdf3b20,[0012ea9acf],https://www.walletexplorer.com/wallet/0012ea9acfdf3b20,ok,,2026-06-27T10:21:52.685742+00:00
18GvcrTGFFVc4EE4NYJjqwYUgHcm7Br4fg,0012ea9acfdf3b20,[0012ea9acf],https://www.walletexplorer.com/wallet/0012ea9acfdf3b20,ok,,2026-06-27T10:21:53.232378+00:00
18RJXs2eQES1sT1NwRuVGDU68E5i1BfMBg,0012ea9acfdf3b20,[0012ea9acf],https://www.walletexplorer.com/wallet/0012ea9acfdf3b20,ok,,2026-06-27T10:21:53.713552+00:00
1NQsn9ex239ssqMzkgn63jQNtAoV3zUxN6,0012ea9acfdf3b20,[0012ea9acf],https://www.walletexplorer.com/wallet/0012ea9acfdf3b20,ok,,2026-06-27T10:21:54.133045+00:00
17rkPeRwP93d3SC75oxAiBxqghZNNJJDrP,0012ea9acfdf3b20,[0012ea9acf],https://www.walletexplorer.com/wallet/0012ea9acfdf3b20,ok,,2026-06-27T10:21:55.169640+00:00
1NqvccoWvwM22P3vdRuotr1PwdGtXCjhAH,0012ea9acfdf3b20,[0012ea9acf],https://www.walletexplorer.com/wallet/0012ea9acfdf3b20,ok,,2026-06-27T10:21:55.856099+00:00
1BLDRiK2MZKezU1HN8SKxeqaoSqSJptGQq,0012ea9acfdf3b20,[0012ea9acf],https://www.walletexplorer.com/wallet/0012ea9acfdf3b20,ok,,2026-06-27T10:21:56.411960+00:00
1DS8NXWfqamRq5vTCZxYw2BzqQrhUvFpKq,0012ea9acfdf3b20,[0012ea9acf],https://www.walletexplorer.com/wallet/0012ea9acfdf3b20,ok,,2026-06-27T10:21:57.041285+00:00
15517tNLeyy5RQ3JzkBLPpBfx6PfmVb31K,0012ea9acfdf3b20,[0012ea9acf],https://www.walletexplorer.com/wallet/0012ea9acfdf3b20,ok,,2026-06-27T10:21:57.747978+00:00
16sBrSLzLC7UHZAjFv6812hnSVqeXaE6MQ,0012ea9acfdf3b20,[0012ea9acf],https://www.walletexplorer.com/wallet/0012ea9acfdf3b20,ok,,2026-06-27T10:21:58.362185+00:00
1TFvfNM8xP3nKApvxWAxxTgRkgdVKNqnb,0012ea9acfdf3b20,[0012ea9acf],https://www.walletexplorer.com/wallet/0012ea9acfdf3b20,ok,,2026-06-27T10:21:58.942551+00:00
15xF4xXsbRPrSRB8CvWC2E62xAnhuRHtW4,0012ea9acfdf3b20,[0012ea9acf],https://www.walletexplorer.com/wallet/0012ea9acfdf3b20,ok,,2026-06-27T10:21:59.621919+00:00
1262SeRM9GFgev5sakJgnj3q8kqbas4MVH,0012ea9acfdf3b20,[0012ea9acf],https://www.walletexplorer.com/wallet/0012ea9acfdf3b20,ok,,2026-06-27T10:22:00.117805+00:00
1Jn4FToKAnprfoNmkehUABYSEQRJiWp97E,0012ea9acfdf3b20,[0012ea9acf],https://www.walletexplorer.com/wallet/0012ea9acfdf3b20,ok,,2026-06-27T10:22:00.614410+00:00
14EmxQjNvhNcv6pkVjVJwgUWAj7a7Tyxto,0012ea9acfdf3b20,[0012ea9acf],https://www.walletexplorer.com/wallet/0012ea9acfdf3b20,ok,,2026-06-27T10:22:01.179161+00:00
1FahhMQz9C6gW4a3csuqSHEFeQ3W8dHHqS,0012ea9acfdf3b20,[0012ea9acf],https://www.walletexplorer.com/wallet/0012ea9acfdf3b20,ok,,2026-06-27T10:22:01.723911+00:00
12waTvstqZ8Ru2CRDjK5FBzYeTPz8vbSmh,0012ea9acfdf3b20,[0012ea9acf],https://www.walletexplorer.com/wallet/0012ea9acfdf3b20,ok,,2026-06-27T10:22:02.059536+00:00
1P3dWnjFs4A1YmZSXr2mBiU6kNez68nXSe,0012ea9acfdf3b20,[0012ea9acf],https://www.walletexplorer.com/wallet/0012ea9acfdf3b20,ok,,2026-06-27T10:22:02.604019+00:00
1ADU1KGEtD3X81iQ5zGpS4NUG8Z5Lxz761,0012ea9acfdf3b20,[0012ea9acf],https://www.walletexplorer.com/wallet/0012ea9acfdf3b20,ok,,2026-06-27T10:22:03.193484+00:00
17eQjoUb4YXRAtC6Uc6GRdTuYN7JhoHj8A,0012ea9acfdf3b20,[0012ea9acf],https://www.walletexplorer.com/wallet/0012ea9acfdf3b20,ok,,2026-06-27T10:22:03.693147+00:00
1HEiBCkZ77wq5i8pBWBCNAmZ7EC8teZuCh,0012ea9acfdf3b20,[0012ea9acf],https://www.walletexplorer.com/wallet/0012ea9acfdf3b20,ok,,2026-06-27T10:22:04.283814+00:00
1N46vH9rgbdURsN3Luf2DbUnjyzYVSqRjN,0012ea9acfdf3b20,[0012ea9acf],https://www.walletexplorer.com/wallet/0012ea9acfdf3b20,ok,,2026-06-27T10:22:04.810851+00:00
1CZ3RKCXaj1jD4hY3aKRaSPnCbRyyiXxgM,0012ea9acfdf3b20,[0012ea9acf],https://www.walletexplorer.com/wallet/0012ea9acfdf3b20,ok,,2026-06-27T10:22:05.367570+00:00
11Mh7drjTtkw97u7JqpoXwkaVXQbDSg7R,0012ea9acfdf3b20,[0012ea9acf],https://www.walletexplorer.com/wallet/0012ea9acfdf3b20,ok,,2026-06-27T10:22:05.918276+00:00
1NpZsQnAyaG8nHXMRjdSjJUBbBCLfTBR7i,0012ea9acfdf3b20,[0012ea9acf],https://www.walletexplorer.com/wallet/0012ea9acfdf3b20,ok,,2026-06-27T10:22:06.704348+00:00
1ARbZc5hZ1HVsu8C9xGVpSGJHqvR6EKTH2,0012ea9acfdf3b20,[0012ea9acf],https://www.walletexplorer.com/wallet/0012ea9acfdf3b20,ok,,2026-06-27T10:22:07.403168+00:00
15pixktjX3kph22a2ZdFbxgsZecPvthPDg,0012ea9acfdf3b20,[0012ea9acf],https://www.walletexplorer.com/wallet/0012ea9acfdf3b20,ok,,2026-06-27T10:22:07.918483+00:00
13oqCqBzCV3cNGVmMT5x99F9rBQEW3LKLx,0012ea9acfdf3b20,[0012ea9acf],https://www.walletexplorer.com/wallet/0012ea9acfdf3b20,ok,,2026-06-27T10:22:08.563282+00:00
1FX55RBP3vHoKXg68XQB8oRY5sBJUEV82U,0012ea9acfdf3b20,[0012ea9acf],https://www.walletexplorer.com/wallet/0012ea9acfdf3b20,ok,,2026-06-27T10:22:09.231744+00:00
1Nj8hrsPrMsePWU25V9x7dwd2kSxZ5dha2,0012ea9acfdf3b20,[0012ea9acf],https://www.walletexplorer.com/wallet/0012ea9acfdf3b20,ok,,2026-06-27T10:22:09.871960+00:00
1BKTRoJLrPrFHxymmhxsfZuQULJxfFga9b,0012ea9acfdf3b20,[0012ea9acf],https://www.walletexplorer.com/wallet/0012ea9acfdf3b20,ok,,2026-06-27T10:22:10.608858+00:00
16BT6K2aipNQJutD75uFS2NNvZQpjRhLz1,0012ea9acfdf3b20,[0012ea9acf],https://www.walletexplorer.com/wallet/0012ea9acfdf3b20,ok,,2026-06-27T10:22:11.744202+00:00
1FLH5MajYHQZ5ZNYWBbUiht8khhu76xyr1,0012ea9acfdf3b20,[0012ea9acf],https://www.walletexplorer.com/wallet/0012ea9acfdf3b20,ok,,2026-06-27T10:22:12.382011+00:00
16H32a2tRGqYX8XdepEinn7dDA29R2jf5f,0012ea9acfdf3b20,[0012ea9acf],https://www.walletexplorer.com/wallet/0012ea9acfdf3b20,ok,,2026-06-27T10:22:12.915517+00:00
1GJMwEe86FzCszYReMFwmE3xXgAfaDuMSR,0012ea9acfdf3b20,[0012ea9acf],https://www.walletexplorer.com/wallet/0012ea9acfdf3b20,ok,,2026-06-27T10:22:13.475129+00:00
13gWxTmhnNjAYW2hFoGaEH4H5uSJVjnFqP,0012ea9acfdf3b20,[0012ea9acf],https://www.walletexplorer.com/wallet/0012ea9acfdf3b20,ok,,2026-06-27T10:22:14.137825+00:00
1EUC23WGb1xX9dvf2rBDQjZNDUcT3FXhDj,0012ea9acfdf3b20,[0012ea9acf],https://www.walletexplorer.com/wallet/0012ea9acfdf3b20,ok,,2026-06-27T10:22:15.509309+00:00
17EcB3b12qHHeMnz39eA15Gb9TuRLkXpD6,0012ea9acfdf3b20,[0012ea9acf],https://www.walletexplorer.com/wallet/0012ea9acfdf3b20,ok,,2026-06-27T10:22:16.026257+00:00
1HCp8GvneZRzVeiHYd5NaK5pzzpHYwjoNf,0012ea9acfdf3b20,[0012ea9acf],https://www.walletexplorer.com/wallet/0012ea9acfdf3b20,ok,,2026-06-27T10:22:16.564496+00:00
1Ks1nzGSj4T2gpLPPcdUss7efRhAdfvzSo,0012ea9acfdf3b20,[0012ea9acf],https://www.walletexplorer.com/wallet/0012ea9acfdf3b20,ok,,2026-06-27T10:22:17.054119+00:00
1NHwxxbebm9ZxsBbAiAPV4UiwiYZ1JmW2k,0012ea9acfdf3b20,[0012ea9acf],https://www.walletexplorer.com/wallet/0012ea9acfdf3b20,ok,,2026-06-27T10:22:17.648800+00:00
1LNQoHVVsPa878RNEg3QUNMh93LLNyLb6J,0012ea9acfdf3b20,[0012ea9acf],https://www.walletexplorer.com/wallet/0012ea9acfdf3b20,ok,,2026-06-27T10:22:18.174746+00:00
16kYxPyiLa7uru8BVqKGFmHTzsCac1YBzb,0012ea9acfdf3b20,[0012ea9acf],https://www.walletexplorer.com/wallet/0012ea9acfdf3b20,ok,,2026-06-27T10:22:18.741822+00:00
1GbtHK7Y4v1y5VxeQ9DWMNfDpFTcSs9LJu,0012ea9acfdf3b20,[0012ea9acf],https://www.walletexplorer.com/wallet/0012ea9acfdf3b20,ok,,2026-06-27T10:22:19.240694+00:00
1A4MvtCt5F8qWRVMP1XU5M2h4AD6LKMXtP,0012ea9acfdf3b20,[0012ea9acf],https://www.walletexplorer.com/wallet/0012ea9acfdf3b20,ok,,2026-06-27T10:22:19.729646+00:00
13J24NgHqjxMJoWu7QyEuKErU3P9CMBVzC,0012ea9acfdf3b20,[0012ea9acf],https://www.walletexplorer.com/wallet/0012ea9acfdf3b20,ok,,2026-06-27T10:22:20.331093+00:00
1FHs9Ajj5csCRKFhraq6XdpD8AhdKZxcys,0012ea9acfdf3b20,[0012ea9acf],https://www.walletexplorer.com/wallet/0012ea9acfdf3b20,ok,,2026-06-27T10:22:20.901160+00:00
16nnLRbu7YoLeSGQCK3Q1QmVTtgWZgMGKt,0012ea9acfdf3b20,[0012ea9acf],https://www.walletexplorer.com/wallet/0012ea9acfdf3b20,ok,,2026-06-27T10:22:21.447584+00:00
1D8tdohDDGVRyC1nVZgHJdCY1urGbAGiQp,0012ea9acfdf3b20,[0012ea9acf],https://www.walletexplorer.com/wallet/0012ea9acfdf3b20,ok,,2026-06-27T10:22:21.965844+00:00
1NZSvGU51oo9qLDQPaRHaeDqemYLR2z8LE,0012ea9acfdf3b20,[0012ea9acf],https://www.walletexplorer.com/wallet/0012ea9acfdf3b20,ok,,2026-06-27T10:22:22.491049+00:00
19APMNcMck7uRhJ8Rx1iQVvqMKUdMFhpxb,0012ea9acfdf3b20,[0012ea9acf],https://www.walletexplorer.com/wallet/0012ea9acfdf3b20,ok,,2026-06-27T10:22:23.714725+00:00
1LdGnF3kSCHwLAXaPPffZfaaWp3C5zydfZ,0012ea9acfdf3b20,[0012ea9acf],https://www.walletexplorer.com/wallet/0012ea9acfdf3b20,ok,,2026-06-27T10:22:24.164032+00:00
1D1Ay5vm9nQZtAVqKVsu8CNTp1frV1fHS9,0012ea9acfdf3b20,[0012ea9acf],https://www.walletexplorer.com/wallet/0012ea9acfdf3b20,ok,,2026-06-27T10:22:24.708034+00:00
1AbS8u1zsxHvBhTeD9Qr1zsz1zFqC5dgoc,0012ea9acfdf3b20,[0012ea9acf],https://www.walletexplorer.com/wallet/0012ea9acfdf3b20,ok,,2026-06-27T10:22:25.253540+00:00
1JsHxWepf5QgK1qAYqWZH2XkUGaUWa6Dm,0012ea9acfdf3b20,[0012ea9acf],https://www.walletexplorer.com/wallet/0012ea9acfdf3b20,ok,,2026-06-27T10:22:25.893653+00:00
171wx1iztHeWGdbtmzt8AKtQwDunM3WsST,0012ea9acfdf3b20,[0012ea9acf],https://www.walletexplorer.com/wallet/0012ea9acfdf3b20,ok,,2026-06-27T10:22:26.398684+00:00
1K5QzLQQWYQ79xKcfjMRVDRmSFUfS8rPTe,0012ea9acfdf3b20,[0012ea9acf],https://www.walletexplorer.com/wallet/0012ea9acfdf3b20,ok,,2026-06-27T10:22:26.897302+00:00
1GjdpmERgMc3CXyXNmf7yaqwUE3hSiGzod,0012ea9acfdf3b20,[0012ea9acf],https://www.walletexplorer.com/wallet/0012ea9acfdf3b20,ok,,2026-06-27T10:22:27.558343+00:00
1Ck6tVBzbrTygHQGbx4y6zTwMsPE7rzjA2,0012ea9acfdf3b20,[0012ea9acf],https://www.walletexplorer.com/wallet/0012ea9acfdf3b20,ok,,2026-06-27T10:22:28.129376+00:00
1DyToRD5RtmJytGsrzgbCNpF1fkyf5pLd4,0012ea9acfdf3b20,[0012ea9acf],https://www.walletexplorer.com/wallet/0012ea9acfdf3b20,ok,,2026-06-27T10:22:28.712331+00:00
1D2nf3oNHhaqiBHyLDEX15eDyxUvQRLeh5,0012ea9acfdf3b20,[0012ea9acf],https://www.walletexplorer.com/wallet/0012ea9acfdf3b20,ok,,2026-06-27T10:22:29.127348+00:00
19rFDTrAMaV1cWJVjFHbf6CE3mrT5NHpMJ,0012ea9acfdf3b20,[0012ea9acf],https://www.walletexplorer.com/wallet/0012ea9acfdf3b20,ok,,2026-06-27T10:22:29.794053+00:00
1Kr4mi1XdGX7UfZkAnpfX33BWEMzvsDJfa,0012ea9acfdf3b20,[0012ea9acf],https://www.walletexplorer.com/wallet/0012ea9acfdf3b20,ok,,2026-06-27T10:22:30.338711+00:00
1D7rWWf2uRovrj3895C3h711JMU1Jszzgt,0012ea9acfdf3b20,[0012ea9acf],https://www.walletexplorer.com/wallet/0012ea9acfdf3b20,ok,,2026-06-27T10:22:31.068618+00:00
1KCWW88kvvc1i7nTAi7wtGwwbekzoQXLEw,0012ea9acfdf3b20,[0012ea9acf],https://www.walletexplorer.com/wallet/0012ea9acfdf3b20,ok,,2026-06-27T10:22:31.806514+00:00
18gJP8YQJZ3fw6NJZgrGTi9irH2r8tfhru,0012ea9acfdf3b20,[0012ea9acf],https://www.walletexplorer.com/wallet/0012ea9acfdf3b20,ok,,2026-06-27T10:22:32.431221+00:00
1PVkCBuf6wJsmKNcUFfc4cVZLcH9DZsSHA,0012ea9acfdf3b20,[0012ea9acf],https://www.walletexplorer.com/wallet/0012ea9acfdf3b20,ok,,2026-06-27T10:22:32.927745+00:00
1H5gqMNBKR58NrvwENJUyp4w2D8SNZZV3L,0012ea9acfdf3b20,[0012ea9acf],https://www.walletexplorer.com/wallet/0012ea9acfdf3b20,ok,,2026-06-27T10:22:33.554381+00:00
16sKJ7uQ3hhytq7Th3SUKLEbL4MCoCgGw7,0012ea9acfdf3b20,[0012ea9acf],https://www.walletexplorer.com/wallet/0012ea9acfdf3b20,ok,,2026-06-27T10:22:34.326063+00:00
1HhLmi6Jmxo23RmrStWgD3Bw458oXtxXdh,0012ea9acfdf3b20,[0012ea9acf],https://www.walletexplorer.com/wallet/0012ea9acfdf3b20,ok,,2026-06-27T10:22:35.484292+00:00
1DpR1WziKJNDzSeixTbsBFVnQRby2J6f7T,0012ea9acfdf3b20,[0012ea9acf],https://www.walletexplorer.com/wallet/0012ea9acfdf3b20,ok,,2026-06-27T10:22:36.114796+00:00
1BMPytSBRaM7kiD4fXPz2bVcEBwg7XB9XL,0012ea9acfdf3b20,[0012ea9acf],https://www.walletexplorer.com/wallet/0012ea9acfdf3b20,ok,,2026-06-27T10:22:36.907636+00:00
15FQCA7hTvfZfKFx7ysdPkvTSbD7MqC7Pq,0012ea9acfdf3b20,[0012ea9acf],https://www.walletexplorer.com/wallet/0012ea9acfdf3b20,ok,,2026-06-27T10:22:37.483817+00:00
12VQa1zUKY45HyqPpQLh8mBVVDrr1vxQj5,0012ea9acfdf3b20,[0012ea9acf],https://www.walletexplorer.com/wallet/0012ea9acfdf3b20,ok,,2026-06-27T10:22:38.109895+00:00
1PaRa865Ts2AGwSfU5EFbYpVrHacuGaxig,0012ea9acfdf3b20,[0012ea9acf],https://www.walletexplorer.com/wallet/0012ea9acfdf3b20,ok,,2026-06-27T10:22:38.850691+00:00
1x85cZtHgtrULkSYiFKL7Qtg5z3ZW2xav,0012ea9acfdf3b20,[0012ea9acf],https://www.walletexplorer.com/wallet/0012ea9acfdf3b20,ok,,2026-06-27T10:22:39.907087+00:00
1EDBbupCaaZVYFpxaUY3dhnvrRY2nTiLF7,0012ea9acfdf3b20,[0012ea9acf],https://www.walletexplorer.com/wallet/0012ea9acfdf3b20,ok,,2026-06-27T10:22:40.660512+00:00
1PPpht5KjgAFtvNiBtod9oQjSadcnmoeVA,0012ea9acfdf3b20,[0012ea9acf],https://www.walletexplorer.com/wallet/0012ea9acfdf3b20,ok,,2026-06-27T10:22:41.318147+00:00
1PAc63fkvrK44Ym1W4A1cKviyFcWYhvQgd,0012ea9acfdf3b20,[0012ea9acf],https://www.walletexplorer.com/wallet/0012ea9acfdf3b20,ok,,2026-06-27T10:22:42.199638+00:00
1CLSmCn2hk7oBSHkChEemRSW41Fr2XE92u,0012ea9acfdf3b20,[0012ea9acf],https://www.walletexplorer.com/wallet/0012ea9acfdf3b20,ok,,2026-06-27T10:22:43.094195+00:00
1C9cUzWfR9uqGnRXSYBfWfG4n1f6hv7QDp,0012ea9acfdf3b20,[0012ea9acf],https://www.walletexplorer.com/wallet/0012ea9acfdf3b20,ok,,2026-06-27T10:22:43.881276+00:00
1Lynpzrhcb8Vrc7bqTEoJgUYwuyBBeBgs8,0012ea9acfdf3b20,[0012ea9acf],https://www.walletexplorer.com/wallet/0012ea9acfdf3b20,ok,,2026-06-27T10:22:44.610192+00:00
1AE7g3CRzsXDHnZg47bDVqK62ibu1TM7DK,0012ea9acfdf3b20,[0012ea9acf],https://www.walletexplorer.com/wallet/0012ea9acfdf3b20,ok,,2026-06-27T10:22:45.251455+00:00
1DbdHJLrotDDthNcXsz5LjJLN5XHiP7GUU,0012ea9acfdf3b20,[0012ea9acf],https://www.walletexplorer.com/wallet/0012ea9acfdf3b20,ok,,2026-06-27T10:22:45.895816+00:00
1Gp4JdZXTmfxjqwj5vYBdtJLZgP3gBhkCH,0012ea9acfdf3b20,[0012ea9acf],https://www.walletexplorer.com/wallet/0012ea9acfdf3b20,ok,,2026-06-27T10:22:46.591161+00:00
14vJPjmhLkJyJZ52mTPYfLXwRmax9T9wnb,0012ea9acfdf3b20,[0012ea9acf],https://www.walletexplorer.com/wallet/0012ea9acfdf3b20,ok,,2026-06-27T10:22:47.468171+00:00
13zeYpTkQ6M1ahvMrXjm1V4NPFjP4CyCD3,0012ea9acfdf3b20,[0012ea9acf],https://www.walletexplorer.com/wallet/0012ea9acfdf3b20,ok,,2026-06-27T10:22:48.099109+00:00
12UrT364VYtBcqtyTcpQu4bKwHdRQpZPMH,0012ea9acfdf3b20,[0012ea9acf],https://www.walletexplorer.com/wallet/0012ea9acfdf3b20,ok,,2026-06-27T10:22:48.719028+00:00
1HEYxfN7DwEhXBNP3nTr2XVVNDzSimFxqc,0012ea9acfdf3b20,[0012ea9acf],https://www.walletexplorer.com/wallet/0012ea9acfdf3b20,ok,,2026-06-27T10:22:49.750451+00:00
1EeTD8VSZcpw2tRdeFkcXcJ2htcWqjTfx6,0012ea9acfdf3b20,[0012ea9acf],https://www.walletexplorer.com/wallet/0012ea9acfdf3b20,ok,,2026-06-27T10:22:50.474188+00:00
15E3o6NvU4eXsMqdW6jaoAQrqNcFVH5N63,0012ea9acfdf3b20,[0012ea9acf],https://www.walletexplorer.com/wallet/0012ea9acfdf3b20,ok,,2026-06-27T10:22:51.155570+00:00
1t3J7QabT5Mc8Xmok4BgTqqN1vgGVrpre,0012ea9acfdf3b20,[0012ea9acf],https://www.walletexplorer.com/wallet/0012ea9acfdf3b20,ok,,2026-06-27T10:22:51.805674+00:00
1CreDPabRrRJMtarrTdy9mvQr7MrgACpFt,0012ea9acfdf3b20,[0012ea9acf],https://www.walletexplorer.com/wallet/0012ea9acfdf3b20,ok,,2026-06-27T10:22:52.451874+00:00
1ZNMJSTcPk4RVr7Cx3a5LKYk8jgrADPBD,0012ea9acfdf3b20,[0012ea9acf],https://www.walletexplorer.com/wallet/0012ea9acfdf3b20,ok,,2026-06-27T10:22:53.084680+00:00
1PzsgwpnZDwrbYofgG8CxiLjj89E9AgaZk,0012ea9acfdf3b20,[0012ea9acf],https://www.walletexplorer.com/wallet/0012ea9acfdf3b20,ok,,2026-06-27T10:22:53.686828+00:00
1EsuP1cSHvWMNKKpBg991mWhcwwgYXhdmS,0005fc8fba054f33,[0005fc8fba],https://www.walletexplorer.com/wallet/0005fc8fba054f33,ok,,2026-06-27T10:22:54.334477+00:00
17LQ3dbtTJxPNjiGBMGZoh6NBdTVppsYW1,0012ea9acfdf3b20,[0012ea9acf],https://www.walletexplorer.com/wallet/0012ea9acfdf3b20,ok,,2026-06-27T10:22:55.049022+00:00
1KaFKsepGesKFf3VL69x6moU2YJDHxCegn,0012ea9acfdf3b20,[0012ea9acf],https://www.walletexplorer.com/wallet/0012ea9acfdf3b20,ok,,2026-06-27T10:22:55.757540+00:00
1GwemegLRwMQfDkRjamhovmiFKEywBSo5L,0012ea9acfdf3b20,[0012ea9acf],https://www.walletexplorer.com/wallet/0012ea9acfdf3b20,ok,,2026-06-27T10:22:56.400293+00:00
1AtXLkrix6PUa9pPQYf4aYARksPEWnttNK,0012ea9acfdf3b20,[0012ea9acf],https://www.walletexplorer.com/wallet/0012ea9acfdf3b20,ok,,2026-06-27T10:22:57.070919+00:00
12KGAarZRCtgHPzgCRvv4a1S5oCPS3Hhee,0012ea9acfdf3b20,[0012ea9acf],https://www.walletexplorer.com/wallet/0012ea9acfdf3b20,ok,,2026-06-27T10:22:57.907461+00:00
1FxRiQ3q78wqe5w7S3zxnPaSJUkfeMJ3gx,0012ea9acfdf3b20,[0012ea9acf],https://www.walletexplorer.com/wallet/0012ea9acfdf3b20,ok,,2026-06-27T10:22:58.519144+00:00
1EMyz4AW75ehbqcBVaHarpVaHwjbfFqubM,0012ea9acfdf3b20,[0012ea9acf],https://www.walletexplorer.com/wallet/0012ea9acfdf3b20,ok,,2026-06-27T10:22:59.359923+00:00
1JfW7yo1N5LQdcGnHhU2T13WQQhC4fBVrz,0012ea9acfdf3b20,[0012ea9acf],https://www.walletexplorer.com/wallet/0012ea9acfdf3b20,ok,,2026-06-27T10:22:59.953666+00:00
1Db91nUMn5zZRqdeQHEK7qDHb4r18otN7k,0012ea9acfdf3b20,[0012ea9acf],https://www.walletexplorer.com/wallet/0012ea9acfdf3b20,ok,,2026-06-27T10:23:00.677429+00:00
1E8qaRXYkrT2NVPamVdiMq6PoAhXDAv8zV,0012ea9acfdf3b20,[0012ea9acf],https://www.walletexplorer.com/wallet/0012ea9acfdf3b20,ok,,2026-06-27T10:23:01.336709+00:00
1BYWfjZ5xPCcQeToX1wR3oVQpr6YLmAKNr,0012ea9acfdf3b20,[0012ea9acf],https://www.walletexplorer.com/wallet/0012ea9acfdf3b20,ok,,2026-06-27T10:23:01.946685+00:00
1PfmJ6sy6XPqgt4Q5JPtn3ZJUZTQweaqRm,0012ea9acfdf3b20,[0012ea9acf],https://www.walletexplorer.com/wallet/0012ea9acfdf3b20,ok,,2026-06-27T10:23:02.568549+00:00
13bCo1bYfbgWJiE7T79GEkBVGsU45s3VTT,0012ea9acfdf3b20,[0012ea9acf],https://www.walletexplorer.com/wallet/0012ea9acfdf3b20,ok,,2026-06-27T10:23:03.401232+00:00
1NZMBTE6Xy9FtZXAWdjSAMmSSyjv5hPwny,0012ea9acfdf3b20,[0012ea9acf],https://www.walletexplorer.com/wallet/0012ea9acfdf3b20,ok,,2026-06-27T10:23:04.171368+00:00
18kb3uRx58D9wq2dBySSSXszV2y4d5iQX8,0012ea9acfdf3b20,[0012ea9acf],https://www.walletexplorer.com/wallet/0012ea9acfdf3b20,ok,,2026-06-27T10:23:04.850051+00:00
15VKGWVVuoUSLn3UBWGstU9DHEJnT3hL17,0012ea9acfdf3b20,[0012ea9acf],https://www.walletexplorer.com/wallet/0012ea9acfdf3b20,ok,,2026-06-27T10:23:05.727626+00:00
13ALdRfQgmGKGWjetxqXhs3A7g6KWyhZvD,0012ea9acfdf3b20,[0012ea9acf],https://www.walletexplorer.com/wallet/0012ea9acfdf3b20,ok,,2026-06-27T10:23:07.188574+00:00
1Nnbq4jHiD9Ta6mVRCrsUCHwMUqHXpvsG4,0005fc8fba054f33,[0005fc8fba],https://www.walletexplorer.com/wallet/0005fc8fba054f33,ok,,2026-06-27T10:23:08.223685+00:00
1TsmCXVycT1JJUbQK3T7eKnT2wfMaS9mD,0012ea9acfdf3b20,[0012ea9acf],https://www.walletexplorer.com/wallet/0012ea9acfdf3b20,ok,,2026-06-27T10:23:08.988396+00:00
1BDR3XpTWipzpikFcPtPDqgF6MYJjHxJwR,0012ea9acfdf3b20,[0012ea9acf],https://www.walletexplorer.com/wallet/0012ea9acfdf3b20,ok,,2026-06-27T10:23:09.636679+00:00
18LCZbj76qpKMFD6TEYWiFaNm9CNPu3Jdq,0012ea9acfdf3b20,[0012ea9acf],https://www.walletexplorer.com/wallet/0012ea9acfdf3b20,ok,,2026-06-27T10:23:10.332196+00:00
1JJSiX2b5svRrVMPGoZuhvrBWfmkT7tPsA,0012ea9acfdf3b20,[0012ea9acf],https://www.walletexplorer.com/wallet/0012ea9acfdf3b20,ok,,2026-06-27T10:23:10.945310+00:00
1AaKpEShAgMc8pfhiSPzWoYQpDuXKsYuyq,0012ea9acfdf3b20,[0012ea9acf],https://www.walletexplorer.com/wallet/0012ea9acfdf3b20,ok,,2026-06-27T10:23:11.593770+00:00
17yNoBsNHgUhoHq6JELV3j4ZmbPcoTUPsD,0012ea9acfdf3b20,[0012ea9acf],https://www.walletexplorer.com/wallet/0012ea9acfdf3b20,ok,,2026-06-27T10:23:12.227919+00:00
1NqSRP2ArLcK11t5LZV8KZmjanwGUHbGb9,0012ea9acfdf3b20,[0012ea9acf],https://www.walletexplorer.com/wallet/0012ea9acfdf3b20,ok,,2026-06-27T10:23:13.040864+00:00
1EW33H8Kd9gdESJBn6Vn4eZRcGJY6CH4tq,0012ea9acfdf3b20,[0012ea9acf],https://www.walletexplorer.com/wallet/0012ea9acfdf3b20,ok,,2026-06-27T10:23:13.872200+00:00
12fnADLpP8j3xqfbDEufLnSEVwHvrm3pDG,0012ea9acfdf3b20,[0012ea9acf],https://www.walletexplorer.com/wallet/0012ea9acfdf3b20,ok,,2026-06-27T10:23:14.641787+00:00
13Uwp2DDZFv7nXwCnfTr5K2SFDjQdCX6YR,0012ea9acfdf3b20,[0012ea9acf],https://www.walletexplorer.com/wallet/0012ea9acfdf3b20,ok,,2026-06-27T10:23:15.367901+00:00
1KNQphSHqGzyXgHDTefLb8ArmAHmv5iskj,0012ea9acfdf3b20,[0012ea9acf],https://www.walletexplorer.com/wallet/0012ea9acfdf3b20,ok,,2026-06-27T10:23:15.956543+00:00
1AENGzQvawXNqbuwU8LkV5v7k8FbcYm63D,0012ea9acfdf3b20,[0012ea9acf],https://www.walletexplorer.com/wallet/0012ea9acfdf3b20,ok,,2026-06-27T10:23:16.647668+00:00
1Ek8CwKtNqLYZfZSGJ5FJzFkPbXMxbX6X8,0012ea9acfdf3b20,[0012ea9acf],https://www.walletexplorer.com/wallet/0012ea9acfdf3b20,ok,,2026-06-27T10:23:17.638873+00:00
13zXAQxMek1gPi9Jn4UUtAWWh6hzCsJTrP,0012ea9acfdf3b20,[0012ea9acf],https://www.walletexplorer.com/wallet/0012ea9acfdf3b20,ok,,2026-06-27T10:23:18.401585+00:00
18KKXQscaPNGMqk5ab1fSYGPwurQBmguyq,0012ea9acfdf3b20,[0012ea9acf],https://www.walletexplorer.com/wallet/0012ea9acfdf3b20,ok,,2026-06-27T10:23:19.133843+00:00
14PwxX8dZKFa3axMJKjqJgtJ83j2BRskDE,0005fc8fba054f33,[0005fc8fba],https://www.walletexplorer.com/wallet/0005fc8fba054f33,ok,,2026-06-27T10:23:19.926526+00:00
1AhoYYGRdb4KCZssegD6cHsvycMrtctt29,0012ea9acfdf3b20,[0012ea9acf],https://www.walletexplorer.com/wallet/0012ea9acfdf3b20,ok,,2026-06-27T10:23:20.935864+00:00
1A66QJ9rTNvVA6KJXNeX9X8AqLN7qfBfF,0012ea9acfdf3b20,[0012ea9acf],https://www.walletexplorer.com/wallet/0012ea9acfdf3b20,ok,,2026-06-27T10:23:21.599262+00:00
1CYuDe5oVQh6PsFN58CxVWg5tSWR3ZjQuc,0012ea9acfdf3b20,[0012ea9acf],https://www.walletexplorer.com/wallet/0012ea9acfdf3b20,ok,,2026-06-27T10:23:22.349113+00:00
18xzNc9Lv9mcswoCeUuJMat5Afp7BttRTJ,0012ea9acfdf3b20,[0012ea9acf],https://www.walletexplorer.com/wallet/0012ea9acfdf3b20,ok,,2026-06-27T10:23:23.023147+00:00
17PhaTW7ahkkcP2AzYzBwwFBus41XWtccY,0012ea9acfdf3b20,[0012ea9acf],https://www.walletexplorer.com/wallet/0012ea9acfdf3b20,ok,,2026-06-27T10:23:24.023117+00:00
1iqCA2YkQ6VHGQztkTsxF4iEZY25FLNYQ,0012ea9acfdf3b20,[0012ea9acf],https://www.walletexplorer.com/wallet/0012ea9acfdf3b20,ok,,2026-06-27T10:23:24.647842+00:00
14LPbkbLrb5QvkuHprabrC6fa6RrTfdyNh,0012ea9acfdf3b20,[0012ea9acf],https://www.walletexplorer.com/wallet/0012ea9acfdf3b20,ok,,2026-06-27T10:23:25.211034+00:00
12Gm7vxcu9BbjHDQwSkUdnabK9UeuKsVNL,0012ea9acfdf3b20,[0012ea9acf],https://www.walletexplorer.com/wallet/0012ea9acfdf3b20,ok,,2026-06-27T10:23:25.873222+00:00
14KE78u9LwSsKYAUbp5dhFKeknCE3gs1nF,0012ea9acfdf3b20,[0012ea9acf],https://www.walletexplorer.com/wallet/0012ea9acfdf3b20,ok,,2026-06-27T10:23:26.604814+00:00
1LMnLYnouMaXP98rBwuyPadcJo9sp9dsod,0012ea9acfdf3b20,[0012ea9acf],https://www.walletexplorer.com/wallet/0012ea9acfdf3b20,ok,,2026-06-27T10:23:27.318253+00:00
1Exx9CnUhhS3s2EmjXWdWwwtCiq1bVk2wH,0025d633f88ba307,[0025d633f8],https://www.walletexplorer.com/wallet/0025d633f88ba307,ok,,2026-06-27T10:23:28.200466+00:00
1GCpV2RmfsRGhSs4WB48vxow3bC1MAnCk6,0012ea9acfdf3b20,[0012ea9acf],https://www.walletexplorer.com/wallet/0012ea9acfdf3b20,ok,,2026-06-27T10:23:28.849938+00:00
1LjVjz9pzYfBUjoMdeypTXX7yKXdxzjkyv,0012ea9acfdf3b20,[0012ea9acf],https://www.walletexplorer.com/wallet/0012ea9acfdf3b20,ok,,2026-06-27T10:23:29.428496+00:00
147FuM4kqhHehXY2N2fzQhs6qiw4qimAKS,0012ea9acfdf3b20,[0012ea9acf],https://www.walletexplorer.com/wallet/0012ea9acfdf3b20,ok,,2026-06-27T10:23:30.071785+00:00
13qSF8QQGMWs55ZFvpZJM9CTWNEenMcLYZ,0012ea9acfdf3b20,[0012ea9acf],https://www.walletexplorer.com/wallet/0012ea9acfdf3b20,ok,,2026-06-27T10:23:30.670310+00:00
16hhHteueQkbbNrVEWTdpCUeTDhusQRfjF,0012ea9acfdf3b20,[0012ea9acf],https://www.walletexplorer.com/wallet/0012ea9acfdf3b20,ok,,2026-06-27T10:23:31.447777+00:00
13yTNCHCJwjuApMtriMJSsY5neA7ELxJy9,0012ea9acfdf3b20,[0012ea9acf],https://www.walletexplorer.com/wallet/0012ea9acfdf3b20,ok,,2026-06-27T10:23:32.212275+00:00
14oTaTWzxeGvVnCutR7ZYk1EqAipqpaCkX,0012ea9acfdf3b20,[0012ea9acf],https://www.walletexplorer.com/wallet/0012ea9acfdf3b20,ok,,2026-06-27T10:23:32.913198+00:00
1D7GTeya574V5RqdVZpVeH3yqAiaY5M9yW,0012ea9acfdf3b20,[0012ea9acf],https://www.walletexplorer.com/wallet/0012ea9acfdf3b20,ok,,2026-06-27T10:23:33.567729+00:00
1GEA6YumxsbSuxVqgGUYDMae3rwWbr4G99,0012ea9acfdf3b20,[0012ea9acf],https://www.walletexplorer.com/wallet/0012ea9acfdf3b20,ok,,2026-06-27T10:23:34.222798+00:00
1GckhwxCkL9CYoYu9A83aSsw5Burj6Dxqz,0012ea9acfdf3b20,[0012ea9acf],https://www.walletexplorer.com/wallet/0012ea9acfdf3b20,ok,,2026-06-27T10:23:34.835878+00:00
1L5xsFnJ1tdB9RP3dLXq3CnUZijmwhstbY,0012ea9acfdf3b20,[0012ea9acf],https://www.walletexplorer.com/wallet/0012ea9acfdf3b20,ok,,2026-06-27T10:23:36.250956+00:00
1FEt7LUDjpbULK8Gyd6mTrE57KC6UBvcLw,0012ea9acfdf3b20,[0012ea9acf],https://www.walletexplorer.com/wallet/0012ea9acfdf3b20,ok,,2026-06-27T10:23:37.008031+00:00
1NUGUdJTJqwqT8VUZjq6Re7W8MHFS1MnQR,0012ea9acfdf3b20,[0012ea9acf],https://www.walletexplorer.com/wallet/0012ea9acfdf3b20,ok,,2026-06-27T10:23:37.710295+00:00
1C91iBH4mLGHFEfwPRkqUMbQf7Mf5pHcE9,0012ea9acfdf3b20,[0012ea9acf],https://www.walletexplorer.com/wallet/0012ea9acfdf3b20,ok,,2026-06-27T10:23:38.501795+00:00
1LPsrf1a5ok55aWENyRwfZ5W5B4GtvrnUc,0012ea9acfdf3b20,[0012ea9acf],https://www.walletexplorer.com/wallet/0012ea9acfdf3b20,ok,,2026-06-27T10:23:39.144181+00:00
1KgwMoBoAfug81gLz1Bpp5LAYRhB1q8rQj,0012ea9acfdf3b20,[0012ea9acf],https://www.walletexplorer.com/wallet/0012ea9acfdf3b20,ok,,2026-06-27T10:23:40.048316+00:00
1NpSx7orKg7HABmqN6xvTxS617LXGFGfDt,0012ea9acfdf3b20,[0012ea9acf],https://www.walletexplorer.com/wallet/0012ea9acfdf3b20,ok,,2026-06-27T10:23:40.832140+00:00
1CsNpnrKgD29GxWzmKK3RjSPx8XVfzRQTo,0012ea9acfdf3b20,[0012ea9acf],https://www.walletexplorer.com/wallet/0012ea9acfdf3b20,ok,,2026-06-27T10:23:41.658937+00:00
1CYyiRNUkYGJGe5kcMDKLcz2MbCWoDwNtr,0012ea9acfdf3b20,[0012ea9acf],https://www.walletexplorer.com/wallet/0012ea9acfdf3b20,ok,,2026-06-27T10:23:42.281378+00:00
1KykegwHkcW5MGrNMz2xc6akaGxrtwchrx,0012ea9acfdf3b20,[0012ea9acf],https://www.walletexplorer.com/wallet/0012ea9acfdf3b20,ok,,2026-06-27T10:23:42.970070+00:00
16Bmhb9Sh27nifs7RRPy8bpvwt2yR9ahrY,0012ea9acfdf3b20,[0012ea9acf],https://www.walletexplorer.com/wallet/0012ea9acfdf3b20,ok,,2026-06-27T10:23:44.125790+00:00
13kHfn2QoN7YGUMhX35W1JFMTvYouUvDow,0012ea9acfdf3b20,[0012ea9acf],https://www.walletexplorer.com/wallet/0012ea9acfdf3b20,ok,,2026-06-27T10:23:44.779378+00:00
14FXENtx83vXqHvKEzDkDZ6NwGxsn4E3ns,0012ea9acfdf3b20,[0012ea9acf],https://www.walletexplorer.com/wallet/0012ea9acfdf3b20,ok,,2026-06-27T10:23:45.396034+00:00
1pnQFkz9wXrmM71jApgWR3eWc9ZGYgShm,0012ea9acfdf3b20,[0012ea9acf],https://www.walletexplorer.com/wallet/0012ea9acfdf3b20,ok,,2026-06-27T10:23:46.029566+00:00
1MuuTJ9Mj18H2CUKE1y2XGFu8smTUKxPWA,0012ea9acfdf3b20,[0012ea9acf],https://www.walletexplorer.com/wallet/0012ea9acfdf3b20,ok,,2026-06-27T10:23:46.709994+00:00
15aC4ssuiTZ3zp2jc8AhpuMSSfiw9ZENRF,0012ea9acfdf3b20,[0012ea9acf],https://www.walletexplorer.com/wallet/0012ea9acfdf3b20,ok,,2026-06-27T10:23:48.174303+00:00
1FgbEAjsgJoCNWWHyzV1YrCwgmgmcNVtMZ,0012ea9acfdf3b20,[0012ea9acf],https://www.walletexplorer.com/wallet/0012ea9acfdf3b20,ok,,2026-06-27T10:23:48.830185+00:00
1DUgyYU8BUr5UU6BHWiNnbEjE81cvfVWqT,0012ea9acfdf3b20,[0012ea9acf],https://www.walletexplorer.com/wallet/0012ea9acfdf3b20,ok,,2026-06-27T10:23:49.481801+00:00
1P8yghPkenXJieLFgZPok1HXxpWL4SJgyk,0012ea9acfdf3b20,[0012ea9acf],https://www.walletexplorer.com/wallet/0012ea9acfdf3b20,ok,,2026-06-27T10:23:50.907885+00:00
1AKwykhg2s1H7n2m5tiA4sd13v6Qf23yae,0012ea9acfdf3b20,[0012ea9acf],https://www.walletexplorer.com/wallet/0012ea9acfdf3b20,ok,,2026-06-27T10:23:52.429384+00:00
1LiLVdRevJYJs8enp1jv6YcqQ9owejovzw,0012ea9acfdf3b20,[0012ea9acf],https://www.walletexplorer.com/wallet/0012ea9acfdf3b20,ok,,2026-06-27T10:23:53.031514+00:00
1AWfdQscGLNje7kkbLAnUy9UEi3imwNKXC,0012ea9acfdf3b20,[0012ea9acf],https://www.walletexplorer.com/wallet/0012ea9acfdf3b20,ok,,2026-06-27T10:23:53.708880+00:00
1MRKRpKn3HBxfkPUaGy7UY8MA93CEZQ6uW,0012ea9acfdf3b20,[0012ea9acf],https://www.walletexplorer.com/wallet/0012ea9acfdf3b20,ok,,2026-06-27T10:23:54.992963+00:00
1MTjYZfCNtRtxLDegLG2LopjsJpnVsoRHF,0012ea9acfdf3b20,[0012ea9acf],https://www.walletexplorer.com/wallet/0012ea9acfdf3b20,ok,,2026-06-27T10:23:55.847977+00:00
198MawCJcmh3mJiGAkwpn4rD7Yzb9Ltqs4,0012ea9acfdf3b20,[0012ea9acf],https://www.walletexplorer.com/wallet/0012ea9acfdf3b20,ok,,2026-06-27T10:23:56.657158+00:00
1KmL1imdvh2JKzUtzVAiUmEf5BMsgErKQx,0012ea9acfdf3b20,[0012ea9acf],https://www.walletexplorer.com/wallet/0012ea9acfdf3b20,ok,,2026-06-27T10:23:57.317823+00:00
12NLRNPyeBSCTBfgyGwpJ6rWXs46dqpxAW,0012ea9acfdf3b20,[0012ea9acf],https://www.walletexplorer.com/wallet/0012ea9acfdf3b20,ok,,2026-06-27T10:23:58.105284+00:00
1MXvuJPd4qZJj7yL8uwrSV74ebJHgRNKGh,0005fc8fba054f33,[0005fc8fba],https://www.walletexplorer.com/wallet/0005fc8fba054f33,ok,,2026-06-27T10:23:59.780387+00:00
1MN6VvajccS11CHAzxBVaVWGBiW2SbVesu,0012ea9acfdf3b20,[0012ea9acf],https://www.walletexplorer.com/wallet/0012ea9acfdf3b20,ok,,2026-06-27T10:24:00.553048+00:00
1JLQB5vCe79hha4N1MCwvBNwXqX8bDr9wV,0012ea9acfdf3b20,[0012ea9acf],https://www.walletexplorer.com/wallet/0012ea9acfdf3b20,ok,,2026-06-27T10:24:01.291769+00:00
15c2wvfEaqyTeVaANXofeLZE4eonrtzi5G,0012ea9acfdf3b20,[0012ea9acf],https://www.walletexplorer.com/wallet/0012ea9acfdf3b20,ok,,2026-06-27T10:24:01.978938+00:00
14M3T9a7WZrtSL2JuJA1824KLsXvXYcZSK,0012ea9acfdf3b20,[0012ea9acf],https://www.walletexplorer.com/wallet/0012ea9acfdf3b20,ok,,2026-06-27T10:24:04.062128+00:00
195dTnYWWprZ56ZhL43VmLy6Xidur1woNx,0005fc8fba054f33,[0005fc8fba],https://www.walletexplorer.com/wallet/0005fc8fba054f33,ok,,2026-06-27T10:24:04.764840+00:00
1M4mUs5VhEeJm76rgfgHNJ8dZWik2xM1Vi,0012ea9acfdf3b20,[0012ea9acf],https://www.walletexplorer.com/wallet/0012ea9acfdf3b20,ok,,2026-06-27T10:24:05.586929+00:00
19oBrYyby25iuyZBptLvDujWnhzDL69aKZ,0012ea9acfdf3b20,[0012ea9acf],https://www.walletexplorer.com/wallet/0012ea9acfdf3b20,ok,,2026-06-27T10:24:06.322596+00:00
1CaLhrdSgL87TQMSypMoDYMpKEDKWAkWd,0012ea9acfdf3b20,[0012ea9acf],https://www.walletexplorer.com/wallet/0012ea9acfdf3b20,ok,,2026-06-27T10:24:07.235186+00:00
16ZrVNtbUGdMrAaEGmgf3UWVhYHef7NUKR,0005fc8fba054f33,[0005fc8fba],https://www.walletexplorer.com/wallet/0005fc8fba054f33,ok,,2026-06-27T10:24:07.936853+00:00
1MkJWK7spAZa7NsrhWL8qUfeBzcTnRz3iS,0012ea9acfdf3b20,[0012ea9acf],https://www.walletexplorer.com/wallet/0012ea9acfdf3b20,ok,,2026-06-27T10:24:08.620056+00:00
14pvsrasnw7F26o2xD69NGJJAiDrsgWf7m,0012ea9acfdf3b20,[0012ea9acf],https://www.walletexplorer.com/wallet/0012ea9acfdf3b20,ok,,2026-06-27T10:24:09.344905+00:00
1BcGZUyoTEh8KpWwKY7rLtfr7SEqbY7RKT,0012ea9acfdf3b20,[0012ea9acf],https://www.walletexplorer.com/wallet/0012ea9acfdf3b20,ok,,2026-06-27T10:24:10.003974+00:00
1DsmpTevrr7NunLGh8Lz5n6CeBBx9wh6dQ,0012ea9acfdf3b20,[0012ea9acf],https://www.walletexplorer.com/wallet/0012ea9acfdf3b20,ok,,2026-06-27T10:24:10.625220+00:00
1PkaT5K4sHbr2atYzbb7BFY1TzN67rsTUd,0005fc8fba054f33,[0005fc8fba],https://www.walletexplorer.com/wallet/0005fc8fba054f33,ok,,2026-06-27T10:24:11.180135+00:00
1KDUeb2ReoWg5dMU5QFc3p8U23jC44pAQX,0005fc8fba054f33,[0005fc8fba],https://www.walletexplorer.com/wallet/0005fc8fba054f33,ok,,2026-06-27T10:24:12.001160+00:00
1EYmGumRSPBYzP4uV8yXQZtR6KunUZQzVX,0012ea9acfdf3b20,[0012ea9acf],https://www.walletexplorer.com/wallet/0012ea9acfdf3b20,ok,,2026-06-27T10:24:12.722544+00:00
15L1LZvvswjFYyS55TUUQ6JeEyze8PfD9z,0012ea9acfdf3b20,[0012ea9acf],https://www.walletexplorer.com/wallet/0012ea9acfdf3b20,ok,,2026-06-27T10:24:13.479527+00:00
1EiDQYBr3ndgpUSNC5PYh6SZU6atf5AaR5,0012ea9acfdf3b20,[0012ea9acf],https://www.walletexplorer.com/wallet/0012ea9acfdf3b20,ok,,2026-06-27T10:24:14.175859+00:00
1GDHCKH5qQCnCPykWpSH5mCV47mdvG1ety,0012ea9acfdf3b20,[0012ea9acf],https://www.walletexplorer.com/wallet/0012ea9acfdf3b20,ok,,2026-06-27T10:24:14.946488+00:00
16k1knKGGzdkcvivxNxNiX4dzy58DF1Gtt,0012ea9acfdf3b20,[0012ea9acf],https://www.walletexplorer.com/wallet/0012ea9acfdf3b20,ok,,2026-06-27T10:24:15.629834+00:00
1HX5sGiYj946SU7E6RZHqjY5zTf362DZk8,0012ea9acfdf3b20,[0012ea9acf],https://www.walletexplorer.com/wallet/0012ea9acfdf3b20,ok,,2026-06-27T10:24:16.381625+00:00
1EvJHLoNk48yojvFurz4LbDTXrYZ5iGban,0012ea9acfdf3b20,[0012ea9acf],https://www.walletexplorer.com/wallet/0012ea9acfdf3b20,ok,,2026-06-27T10:24:17.137746+00:00
1Khk6n2k6d9hnqjMjjhMJJFK3vdseEUfEj,0012ea9acfdf3b20,[0012ea9acf],https://www.walletexplorer.com/wallet/0012ea9acfdf3b20,ok,,2026-06-27T10:24:17.841819+00:00
13hteZ8SC536Fte1TexiQ3sPgo99GgYgYQ,0012ea9acfdf3b20,[0012ea9acf],https://www.walletexplorer.com/wallet/0012ea9acfdf3b20,ok,,2026-06-27T10:24:18.498110+00:00
12cqVde7TYKYvy8ftm9rrejm9rPfDf6ZFp,0012ea9acfdf3b20,[0012ea9acf],https://www.walletexplorer.com/wallet/0012ea9acfdf3b20,ok,,2026-06-27T10:24:19.257378+00:00
15X1wiBM8doPzBxDoGaXyFWCP7qTM9VST3,0012ea9acfdf3b20,[0012ea9acf],https://www.walletexplorer.com/wallet/0012ea9acfdf3b20,ok,,2026-06-27T10:24:19.978866+00:00
13662KS7fYfnsMyMr3TQE895mudSbuRsBi,0012ea9acfdf3b20,[0012ea9acf],https://www.walletexplorer.com/wallet/0012ea9acfdf3b20,ok,,2026-06-27T10:24:20.817912+00:00
14FnveRBKV1h6bGijQBJfcknHRRds9XZkG,0012ea9acfdf3b20,[0012ea9acf],https://www.walletexplorer.com/wallet/0012ea9acfdf3b20,ok,,2026-06-27T10:24:21.583890+00:00
15wscU1pVkKbhwtpCrXmEtoWZ4QUth2WXy,0012ea9acfdf3b20,[0012ea9acf],https://www.walletexplorer.com/wallet/0012ea9acfdf3b20,ok,,2026-06-27T10:24:22.200858+00:00
18uydn68M3GxFnCqHzNqKZSG9yKnTJ7ZwW,0005fc8fba054f33,[0005fc8fba],https://www.walletexplorer.com/wallet/0005fc8fba054f33,ok,,2026-06-27T10:24:23.503692+00:00
1NTLjMS2SHSCJ84Khiuvz25RXkADF1oJHk,0012ea9acfdf3b20,[0012ea9acf],https://www.walletexplorer.com/wallet/0012ea9acfdf3b20,ok,,2026-06-27T10:24:24.299870+00:00
1KZiGNtZjyEDsmTTGuRiiWDrf9iXyEHyNc,0012ea9acfdf3b20,[0012ea9acf],https://www.walletexplorer.com/wallet/0012ea9acfdf3b20,ok,,2026-06-27T10:24:25.012793+00:00
17HAfnWHDraYRzECt4NtTgM5fBTX9FND1y,0005fc8fba054f33,[0005fc8fba],https://www.walletexplorer.com/wallet/0005fc8fba054f33,ok,,2026-06-27T10:24:25.755146+00:00
1GwaKRW4BAkC3Jxg1H1uekTAGGWhn3sDwz,0025d633f88ba307,[0025d633f8],https://www.walletexplorer.com/wallet/0025d633f88ba307,ok,,2026-06-27T10:24:26.488633+00:00
13wMtff7BhSo8RJKrR49eYP9yPxR2LVeJF,0012ea9acfdf3b20,[0012ea9acf],https://www.walletexplorer.com/wallet/0012ea9acfdf3b20,ok,,2026-06-27T10:24:27.905429+00:00
1JJxg1MwWWboFHh6vmcmWi1RxmzuuYNNBD,0005fc8fba054f33,[0005fc8fba],https://www.walletexplorer.com/wallet/0005fc8fba054f33,ok,,2026-06-27T10:24:28.787168+00:00
19GvRm6PcRNwgHpfj8XMFESqT4gWkH7YxY,0012ea9acfdf3b20,[0012ea9acf],https://www.walletexplorer.com/wallet/0012ea9acfdf3b20,ok,,2026-06-27T10:24:29.412892+00:00
126cYTgLYPH11nwyvi5sh31p9ohMbgJQNv,0012ea9acfdf3b20,[0012ea9acf],https://www.walletexplorer.com/wallet/0012ea9acfdf3b20,ok,,2026-06-27T10:24:30.027460+00:00
17dxdkYQ3HwzuauV9Syim1SEM8xioktYGX,0012ea9acfdf3b20,[0012ea9acf],https://www.walletexplorer.com/wallet/0012ea9acfdf3b20,ok,,2026-06-27T10:24:30.577867+00:00
1JUS11vgpABbu52e3pK9xmKMJWbTiLtjhr,0012ea9acfdf3b20,[0012ea9acf],https://www.walletexplorer.com/wallet/0012ea9acfdf3b20,ok,,2026-06-27T10:24:31.147861+00:00
1Mtg28sEho1AQhepKPuwkT56xCFrtqc3t8,0012ea9acfdf3b20,[0012ea9acf],https://www.walletexplorer.com/wallet/0012ea9acfdf3b20,ok,,2026-06-27T10:24:31.798336+00:00
1qbzunkPiZkT3WCKBjHaJ7uW9EP2RERCq,0012ea9acfdf3b20,[0012ea9acf],https://www.walletexplorer.com/wallet/0012ea9acfdf3b20,ok,,2026-06-27T10:24:32.415461+00:00
1noisp5CzvtxmnfFy3rcdihRVUWyq84V2,0012ea9acfdf3b20,[0012ea9acf],https://www.walletexplorer.com/wallet/0012ea9acfdf3b20,ok,,2026-06-27T10:24:32.999348+00:00
1FvDaHrntvfTTxYa2vt7TYFkRCPfs2h4u2,0012ea9acfdf3b20,[0012ea9acf],https://www.walletexplorer.com/wallet/0012ea9acfdf3b20,ok,,2026-06-27T10:24:33.684671+00:00
1HJfqbV9vBtQ9ZVmhwhXUrNtR3KS94Rjf,0012ea9acfdf3b20,[0012ea9acf],https://www.walletexplorer.com/wallet/0012ea9acfdf3b20,ok,,2026-06-27T10:24:34.360108+00:00
1Km9sQjiDJ8jTn1Rasvz9PwtwCq7wYw3eu,0012ea9acfdf3b20,[0012ea9acf],https://www.walletexplorer.com/wallet/0012ea9acfdf3b20,ok,,2026-06-27T10:24:35.082094+00:00
1HV33Bd1q1iYGK2exCWAQiWHo6kj3FDfff,0012ea9acfdf3b20,[0012ea9acf],https://www.walletexplorer.com/wallet/0012ea9acfdf3b20,ok,,2026-06-27T10:24:35.748417+00:00
131d3jrAV1wWJrfUqK6dSAgdQJqBuh15zw,0012ea9acfdf3b20,[0012ea9acf],https://www.walletexplorer.com/wallet/0012ea9acfdf3b20,ok,,2026-06-27T10:24:36.491644+00:00
1HBJrZGujHRS6vZtw98xbfQnrrxyQv1J37,0012ea9acfdf3b20,[0012ea9acf],https://www.walletexplorer.com/wallet/0012ea9acfdf3b20,ok,,2026-06-27T10:24:37.031334+00:00
1MWmbHg53J75YpQ7kejMcPBFQK6F22WyJt,0005fc8fba054f33,[0005fc8fba],https://www.walletexplorer.com/wallet/0005fc8fba054f33,ok,,2026-06-27T10:24:37.630003+00:00
1AAe51HpZfbzDhJSJ3tM4x45pp9pQNJkVM,0012ea9acfdf3b20,[0012ea9acf],https://www.walletexplorer.com/wallet/0012ea9acfdf3b20,ok,,2026-06-27T10:24:38.154185+00:00
17koWuztXKpogdqY21bZrLpXLjitStjuq8,0012ea9acfdf3b20,[0012ea9acf],https://www.walletexplorer.com/wallet/0012ea9acfdf3b20,ok,,2026-06-27T10:24:38.705742+00:00
1NBc2XNMWDM84haNC1wegkfrkW7BEvDnh7,0012ea9acfdf3b20,[0012ea9acf],https://www.walletexplorer.com/wallet/0012ea9acfdf3b20,ok,,2026-06-27T10:24:39.236454+00:00
12KQV55zTaZ3v7jhppGuJsGNFNvj5rkem1,0005fc8fba054f33,[0005fc8fba],https://www.walletexplorer.com/wallet/0005fc8fba054f33,ok,,2026-06-27T10:24:39.774087+00:00
1EWQCM7CoS7yyMuVsY8di5MaLE6QS3hGTd,3e9dffe96679459b,[3e9dffe966],https://www.walletexplorer.com/wallet/3e9dffe96679459b,ok,,2026-06-27T10:24:40.347439+00:00
18j9jFhHCBoyNvasj5BZpxFwjdNt8qVPWm,0012ea9acfdf3b20,[0012ea9acf],https://www.walletexplorer.com/wallet/0012ea9acfdf3b20,ok,,2026-06-27T10:24:40.974134+00:00
1LbL14yu18nMJG3SMHepoR2rjHtVCUJJRb,0012ea9acfdf3b20,[0012ea9acf],https://www.walletexplorer.com/wallet/0012ea9acfdf3b20,ok,,2026-06-27T10:24:41.445655+00:00
161VaKuGwLtGuVKqhD813VcqtEkzvi6cAS,0012ea9acfdf3b20,[0012ea9acf],https://www.walletexplorer.com/wallet/0012ea9acfdf3b20,ok,,2026-06-27T10:24:42.178748+00:00
1Cebu6P5HVRWhCXvfiiRPV2yLoz4JBJREh,0012ea9acfdf3b20,[0012ea9acf],https://www.walletexplorer.com/wallet/0012ea9acfdf3b20,ok,,2026-06-27T10:24:42.780094+00:00
1HBGA52EjwZmXZbiDcFYmNinEmn8u64GzN,0012ea9acfdf3b20,[0012ea9acf],https://www.walletexplorer.com/wallet/0012ea9acfdf3b20,ok,,2026-06-27T10:24:43.362204+00:00
1MqFBEiGRdDGS7QQq8Lr7cpqqN7hSbVmkz,0012ea9acfdf3b20,[0012ea9acf],https://www.walletexplorer.com/wallet/0012ea9acfdf3b20,ok,,2026-06-27T10:24:43.938378+00:00
13MRmXsL8eHJ661g6MQb2EiTArzzm8Zsgr,0012ea9acfdf3b20,[0012ea9acf],https://www.walletexplorer.com/wallet/0012ea9acfdf3b20,ok,,2026-06-27T10:24:44.519775+00:00
17oWQ7p4Yhog1uxJcSbWkqEFZyFhnKzuMA,0012ea9acfdf3b20,[0012ea9acf],https://www.walletexplorer.com/wallet/0012ea9acfdf3b20,ok,,2026-06-27T10:24:45.091662+00:00
1DnsnRDLbie6tMrsbbZ9JD8TPAXobCBFvU,0fc305212a68db15,[0fc305212a],https://www.walletexplorer.com/wallet/0fc305212a68db15,ok,,2026-06-27T10:24:45.623783+00:00
19rFAKiBk9K8F6BojxnfP4KCVPJcUzB6cb,0012ea9acfdf3b20,[0012ea9acf],https://www.walletexplorer.com/wallet/0012ea9acfdf3b20,ok,,2026-06-27T10:24:46.161963+00:00
1Ke3qAXNuBxGeSzU96E8pvTRh3ST3Qb5G,0012ea9acfdf3b20,[0012ea9acf],https://www.walletexplorer.com/wallet/0012ea9acfdf3b20,ok,,2026-06-27T10:24:46.803182+00:00
1LRsiQpFo82Vk4pcDMgii5werCS1yWb6xW,0012ea9acfdf3b20,[0012ea9acf],https://www.walletexplorer.com/wallet/0012ea9acfdf3b20,ok,,2026-06-27T10:24:47.337083+00:00
1aUpzrzuepGRJREPu1U9BEYR2Wcp8RjcN,0012ea9acfdf3b20,[0012ea9acf],https://www.walletexplorer.com/wallet/0012ea9acfdf3b20,ok,,2026-06-27T10:24:47.919109+00:00
15itvoBdHWnpMkVuV1zC17gkiSpqy12QBi,0012ea9acfdf3b20,[0012ea9acf],https://www.walletexplorer.com/wallet/0012ea9acfdf3b20,ok,,2026-06-27T10:24:48.812767+00:00
1DzY9mAMrFmVDfpp3kwWq3GMmHqYjfnCVP,0012ea9acfdf3b20,[0012ea9acf],https://www.walletexplorer.com/wallet/0012ea9acfdf3b20,ok,,2026-06-27T10:24:49.501739+00:00
135JQyXvcgyrDNAB6Zk3BdVdnNWUrkDjtf,0012ea9acfdf3b20,[0012ea9acf],https://www.walletexplorer.com/wallet/0012ea9acfdf3b20,ok,,2026-06-27T10:24:50.085390+00:00
1Htza6zdijk84osPeFi4hjq4UoMcgSmg8E,0012ea9acfdf3b20,[0012ea9acf],https://www.walletexplorer.com/wallet/0012ea9acfdf3b20,ok,,2026-06-27T10:24:50.730441+00:00
1MZU45mtCuCdo1LBUs4BJA42AG3713UbVP,0012ea9acfdf3b20,[0012ea9acf],https://www.walletexplorer.com/wallet/0012ea9acfdf3b20,ok,,2026-06-27T10:24:51.291838+00:00
1DNWyTvfvqrA9Aeef7JTkTRFPVuSkeH3cf,0012ea9acfdf3b20,[0012ea9acf],https://www.walletexplorer.com/wallet/0012ea9acfdf3b20,ok,,2026-06-27T10:24:51.991422+00:00
1H5UsV7Xx5ziNbCQAf68jANx2K3QSjphxH,0012ea9acfdf3b20,[0012ea9acf],https://www.walletexplorer.com/wallet/0012ea9acfdf3b20,ok,,2026-06-27T10:24:52.666126+00:00
19jH69ARN7cMNZyZxyrbb5gGGp35rANmMV,0012ea9acfdf3b20,[0012ea9acf],https://www.walletexplorer.com/wallet/0012ea9acfdf3b20,ok,,2026-06-27T10:24:53.060865+00:00
17ButoHhc4UNuKpcKJ2LbAJ5fafHSwT7Ha,0012ea9acfdf3b20,[0012ea9acf],https://www.walletexplorer.com/wallet/0012ea9acfdf3b20,ok,,2026-06-27T10:24:53.420746+00:00
1KkqV9czyzGZY6JCqT1C694FwTp7oCkeKn,6cc96a28764a45aa,[6cc96a2876],https://www.walletexplorer.com/wallet/6cc96a28764a45aa,ok,,2026-06-27T10:24:53.876235+00:00
1GpU2QX1E9ZSRTxbbDtXkaSgx3xxDsLsU7,0012ea9acfdf3b20,[0012ea9acf],https://www.walletexplorer.com/wallet/0012ea9acfdf3b20,ok,,2026-06-27T10:24:54.397596+00:00
1KuNZhku2dPU5Fpf6tLDEaGLbRHLj4qr2o,0012ea9acfdf3b20,[0012ea9acf],https://www.walletexplorer.com/wallet/0012ea9acfdf3b20,ok,,2026-06-27T10:24:54.837130+00:00
1CEmwK41k29esXUfDuK9tQZJrf5rCs4mL7,0012ea9acfdf3b20,[0012ea9acf],https://www.walletexplorer.com/wallet/0012ea9acfdf3b20,ok,,2026-06-27T10:24:55.674482+00:00
1Ba4io66hSkW3VUgsmeuEmaQyG2dVe4PoZ,0012ea9acfdf3b20,[0012ea9acf],https://www.walletexplorer.com/wallet/0012ea9acfdf3b20,ok,,2026-06-27T10:24:56.169588+00:00
1PzoMXvhdxFnJTLBVZwXTvoBTAfNH8AsBr,0012ea9acfdf3b20,[0012ea9acf],https://www.walletexplorer.com/wallet/0012ea9acfdf3b20,ok,,2026-06-27T10:24:56.713157+00:00
16eVmnLaSNybmAjSb1nyjMcwxZChFJoxmm,30f948983828f0b5,[30f9489838],https://www.walletexplorer.com/wallet/30f948983828f0b5,ok,,2026-06-27T10:24:57.150605+00:00
1BAJnj3No1fjeuf6uW6gbw4sq8Rkgveyhn,0012ea9acfdf3b20,[0012ea9acf],https://www.walletexplorer.com/wallet/0012ea9acfdf3b20,ok,,2026-06-27T10:24:57.634737+00:00
1LgjNUQKu5rXdvTf4wBWWoiysHAvHamh25,0012ea9acfdf3b20,[0012ea9acf],https://www.walletexplorer.com/wallet/0012ea9acfdf3b20,ok,,2026-06-27T10:24:58.026725+00:00
1CBtwjDFQPXwJQEreQacBuE1YSRphhbXJ5,0012ea9acfdf3b20,[0012ea9acf],https://www.walletexplorer.com/wallet/0012ea9acfdf3b20,ok,,2026-06-27T10:24:58.438395+00:00
1GRNNKDys5zqxdQc6fzbvZ3RX8yfJCSEgc,1e16b1d4ccb7ac34,[1e16b1d4cc],https://www.walletexplorer.com/wallet/1e16b1d4ccb7ac34,ok,,2026-06-27T10:24:58.879471+00:00
1MjYUke6cX7Fc2wKPVchytTykB6247uVf,0012ea9acfdf3b20,[0012ea9acf],https://www.walletexplorer.com/wallet/0012ea9acfdf3b20,ok,,2026-06-27T10:24:59.391914+00:00
1Bhh2S4qLYSkgqKr2yRiz57jnGd9e9oWiD,13cde77ad65519d0,[13cde77ad6],https://www.walletexplorer.com/wallet/13cde77ad65519d0,ok,,2026-06-27T10:24:59.800612+00:00
18svymNi5ebk4MMo7ZSu8qVNQYPe3na4yY,14318175ca73d114,[14318175ca],https://www.walletexplorer.com/wallet/14318175ca73d114,ok,,2026-06-27T10:25:00.204044+00:00
1KYEtmE6Jj8n6wX55fKTYkF1D6FeWwmCDc,0012ea9acfdf3b20,[0012ea9acf],https://www.walletexplorer.com/wallet/0012ea9acfdf3b20,ok,,2026-06-27T10:25:00.654928+00:00
1Pd3oXyWqBtGTcqLHK2aVUtaFDkZj259Eu,0012ea9acfdf3b20,[0012ea9acf],https://www.walletexplorer.com/wallet/0012ea9acfdf3b20,ok,,2026-06-27T10:25:01.163288+00:00
1J3QfeJb2pBmtnqAQAovm4BGq9eayCQnfr,13cde77ad65519d0,[13cde77ad6],https://www.walletexplorer.com/wallet/13cde77ad65519d0,ok,,2026-06-27T10:25:01.749411+00:00
1EFcDX6KEopTmQAXgvMYhe1Yx9USrCSiqm,13cde77ad65519d0,[13cde77ad6],https://www.walletexplorer.com/wallet/13cde77ad65519d0,ok,,2026-06-27T10:25:02.147228+00:00
17djFdwyb9FqaYe31FNB74JJawdZfirPvV,0012ea9acfdf3b20,[0012ea9acf],https://www.walletexplorer.com/wallet/0012ea9acfdf3b20,ok,,2026-06-27T10:25:02.550119+00:00
1BFkjLLJrbRZTDAACkVC6jY3RGHyYoTHA2,0012ea9acfdf3b20,[0012ea9acf],https://www.walletexplorer.com/wallet/0012ea9acfdf3b20,ok,,2026-06-27T10:25:02.938929+00:00
1NaBKLdaSowvvNdojeks6q6wB2uUsztYh9,0012ea9acfdf3b20,[0012ea9acf],https://www.walletexplorer.com/wallet/0012ea9acfdf3b20,ok,,2026-06-27T10:25:03.309232+00:00
1EwriDLPDnf8ga27iE3BUCma4DbvuwDFZA,0012ea9acfdf3b20,[0012ea9acf],https://www.walletexplorer.com/wallet/0012ea9acfdf3b20,ok,,2026-06-27T10:25:03.681077+00:00
1JdRgohsJVnBo2QZt4RMrpMUC6rXNDVXAb,0012ea9acfdf3b20,[0012ea9acf],https://www.walletexplorer.com/wallet/0012ea9acfdf3b20,ok,,2026-06-27T10:25:04.079450+00:00
1FKap5SoZ1yryNYmghKQCi4ULN4i1iABEW,0012ea9acfdf3b20,[0012ea9acf],https://www.walletexplorer.com/wallet/0012ea9acfdf3b20,ok,,2026-06-27T10:25:04.447781+00:00
16BRcSk27QTZ4zN4ib3xZ6Gzt2anY5novb,0012ea9acfdf3b20,[0012ea9acf],https://www.walletexplorer.com/wallet/0012ea9acfdf3b20,ok,,2026-06-27T10:25:04.816737+00:00
1FPYBWknX5osNocr3awfFpXQB8FNy9W1wo,14318175ca73d114,[14318175ca],https://www.walletexplorer.com/wallet/14318175ca73d114,ok,,2026-06-27T10:25:05.210519+00:00
1PWyB9dhuNSwyASvWuvsuKnW3kP9mtkUcK,0012ea9acfdf3b20,[0012ea9acf],https://www.walletexplorer.com/wallet/0012ea9acfdf3b20,ok,,2026-06-27T10:25:05.603281+00:00
12uVZvidh29o5kgHFyMGCeDnkVVs6fkauQ,0012ea9acfdf3b20,[0012ea9acf],https://www.walletexplorer.com/wallet/0012ea9acfdf3b20,ok,,2026-06-27T10:25:05.998478+00:00
13nv3iM9g2PNwDrouesPXghBbDxfXyuKbF,e54b7db19ef82bf6,[e54b7db19e],https://www.walletexplorer.com/wallet/e54b7db19ef82bf6,ok,,2026-06-27T10:25:06.363208+00:00
1F18AXaQhqYmuEGjtES8VCWapRW7LhhmTu,0012ea9acfdf3b20,[0012ea9acf],https://www.walletexplorer.com/wallet/0012ea9acfdf3b20,ok,,2026-06-27T10:25:06.755032+00:00
17vZiw9hamUsdskmdgdywTxHUQB3EPNjE2,0012ea9acfdf3b20,[0012ea9acf],https://www.walletexplorer.com/wallet/0012ea9acfdf3b20,ok,,2026-06-27T10:25:07.151662+00:00
1CypbQ3QVm5Nqut915mZ9nsGGz5rXnM36F,0012ea9acfdf3b20,[0012ea9acf],https://www.walletexplorer.com/wallet/0012ea9acfdf3b20,ok,,2026-06-27T10:25:07.696723+00:00
1HkAusStSGCd899Jbx3eoAjzreJ5SQdmyL,0012ea9acfdf3b20,[0012ea9acf],https://www.walletexplorer.com/wallet/0012ea9acfdf3b20,ok,,2026-06-27T10:25:08.125345+00:00
133yeTj8jJxFE5r5gKD59Afc4iE6whZX3N,0ee25ce4dd89e600,[0ee25ce4dd],https://www.walletexplorer.com/wallet/0ee25ce4dd89e600,ok,,2026-06-27T10:25:08.517247+00:00
1DDS2QicsVVdXyDoQv4Ds4P79tfkGBMJJe,0012ea9acfdf3b20,[0012ea9acf],https://www.walletexplorer.com/wallet/0012ea9acfdf3b20,ok,,2026-06-27T10:25:08.891413+00:00
19tqJEP3WwiKh6mWdoqxySU6Jy39tm499y,0012ea9acfdf3b20,[0012ea9acf],https://www.walletexplorer.com/wallet/0012ea9acfdf3b20,ok,,2026-06-27T10:25:09.252657+00:00
14hwcVH9GLNf1NGXegySmoJynSicvcc9eH,e4f5897972341dce,[e4f5897972],https://www.walletexplorer.com/wallet/e4f5897972341dce,ok,,2026-06-27T10:25:09.656293+00:00
1Ns6SQnsY2GzUrnYo3WToR9uD9tp4RGzgR,01e2426e0c1a8b4f,[01e2426e0c],https://www.walletexplorer.com/wallet/01e2426e0c1a8b4f,ok,,2026-06-27T10:25:10.053431+00:00
1DpZu5CLZU8Gz7ypJK4F2ND6vzDg4yDrET,0012ea9acfdf3b20,[0012ea9acf],https://www.walletexplorer.com/wallet/0012ea9acfdf3b20,ok,,2026-06-27T10:25:10.448857+00:00
1CSivEfXyiWm1vMNtr81FZi5nhv5MChvsD,0012ea9acfdf3b20,[0012ea9acf],https://www.walletexplorer.com/wallet/0012ea9acfdf3b20,ok,,2026-06-27T10:25:10.897539+00:00
13LWiZTJipUhrtQ9adoz9Sbeay9JbfJ3mV,0012ea9acfdf3b20,[0012ea9acf],https://www.walletexplorer.com/wallet/0012ea9acfdf3b20,ok,,2026-06-27T10:25:11.321997+00:00
1B2EyFnNno1jnSStaFp7CKrRMe1DkdPkCz,e56a2b605a6619c7,[e56a2b605a],https://www.walletexplorer.com/wallet/e56a2b605a6619c7,ok,,2026-06-27T10:25:11.705053+00:00
1LoQX5TAhrnQjqG6MSx6skS4yWtPyU5xqb,0ee25ce4dd89e600,[0ee25ce4dd],https://www.walletexplorer.com/wallet/0ee25ce4dd89e600,ok,,2026-06-27T10:25:12.174990+00:00
1G7Lg9H35nC1K21wcs86YZdrvrYQnha1eF,0012ea9acfdf3b20,[0012ea9acf],https://www.walletexplorer.com/wallet/0012ea9acfdf3b20,ok,,2026-06-27T10:25:12.564804+00:00
1PqWyE97jArzwcQwepRe5hgX8EbRmiBZpS,1f8a7887916f52ba,[1f8a788791],https://www.walletexplorer.com/wallet/1f8a7887916f52ba,ok,,2026-06-27T10:25:12.942444+00:00
1DD17HWEGHBNJ3XcQpx4o2uiDST8fivLWQ,0012ea9acfdf3b20,[0012ea9acf],https://www.walletexplorer.com/wallet/0012ea9acfdf3b20,ok,,2026-06-27T10:25:13.444881+00:00
1CWmr1pUrddupVtxuLVkURTkJNgdnBfgkX,0012ea9acfdf3b20,[0012ea9acf],https://www.walletexplorer.com/wallet/0012ea9acfdf3b20,ok,,2026-06-27T10:25:13.807121+00:00
16B7FW5pFberCYPtJj7KeKLFwZTaGTrJBL,0012ea9acfdf3b20,[0012ea9acf],https://www.walletexplorer.com/wallet/0012ea9acfdf3b20,ok,,2026-06-27T10:25:14.170658+00:00
1EXaUKTGdkxeUhJFFrgf6pWKKNZtKFq6jN,0012ea9acfdf3b20,[0012ea9acf],https://www.walletexplorer.com/wallet/0012ea9acfdf3b20,ok,,2026-06-27T10:25:14.564206+00:00
17vAwB8auPukXVwGcCevrREuQmgiFegXaV,5cf128196a4b3b1e,[5cf128196a],https://www.walletexplorer.com/wallet/5cf128196a4b3b1e,ok,,2026-06-27T10:25:15.000860+00:00
19ndn5qeJsTVmjY62LurCEgGnSCQ4yCQQg,a83568150a9103e4,[a83568150a],https://www.walletexplorer.com/wallet/a83568150a9103e4,ok,,2026-06-27T10:25:15.431081+00:00
1JKNtncrTEvsjV712xuro4TxkhdWNrpQMa,0012ea9acfdf3b20,[0012ea9acf],https://www.walletexplorer.com/wallet/0012ea9acfdf3b20,ok,,2026-06-27T10:25:16.014432+00:00
1EDVPaUykHi78htq8BRqYhAMCZvhgkbu71,0012ea9acfdf3b20,[0012ea9acf],https://www.walletexplorer.com/wallet/0012ea9acfdf3b20,ok,,2026-06-27T10:25:16.463089+00:00
1C4Tbxh1jZwgjLcaUqM1uyjNGw2fn94jK6,0012ea9acfdf3b20,[0012ea9acf],https://www.walletexplorer.com/wallet/0012ea9acfdf3b20,ok,,2026-06-27T10:25:16.829454+00:00
1FkHgcNaM1ScorZTzQAWCiFqsZd4g74cKW,0012ea9acfdf3b20,[0012ea9acf],https://www.walletexplorer.com/wallet/0012ea9acfdf3b20,ok,,2026-06-27T10:25:17.193988+00:00
1547VCCpruh2UuviqiJNVgtwcAhJJfAAS6,0012ea9acfdf3b20,[0012ea9acf],https://www.walletexplorer.com/wallet/0012ea9acfdf3b20,ok,,2026-06-27T10:25:17.555581+00:00
16vhUmYoPnnaxgfFVDyz3ckz6aAakRPeUF,0012ea9acfdf3b20,[0012ea9acf],https://www.walletexplorer.com/wallet/0012ea9acfdf3b20,ok,,2026-06-27T10:25:17.968215+00:00
1EgoTyuUvMKULQPj4dKnHwgynD2DWfh5hB,0012ea9acfdf3b20,[0012ea9acf],https://www.walletexplorer.com/wallet/0012ea9acfdf3b20,ok,,2026-06-27T10:25:18.392879+00:00
1CXFEzgqiLEPPUEjCWMd7EsyiWdAFvA71q,0012ea9acfdf3b20,[0012ea9acf],https://www.walletexplorer.com/wallet/0012ea9acfdf3b20,ok,,2026-06-27T10:25:18.963148+00:00
1FVyQq6i9toJSPnWheQJ6uugfPR8xADbpS,0012ea9acfdf3b20,[0012ea9acf],https://www.walletexplorer.com/wallet/0012ea9acfdf3b20,ok,,2026-06-27T10:25:19.507553+00:00
18uGPy7iL3usrvtwVz66owrzeeb6KMwgHM,0012ea9acfdf3b20,[0012ea9acf],https://www.walletexplorer.com/wallet/0012ea9acfdf3b20,ok,,2026-06-27T10:25:19.860663+00:00
125RGuRrx8AFCmeWfEiTkWTN52bdo5SU94,0012ea9acfdf3b20,[0012ea9acf],https://www.walletexplorer.com/wallet/0012ea9acfdf3b20,ok,,2026-06-27T10:25:20.275355+00:00
1GML5gPaLQTKYXq3NEEmhehkjq98GJUdeS,0012ea9acfdf3b20,[0012ea9acf],https://www.walletexplorer.com/wallet/0012ea9acfdf3b20,ok,,2026-06-27T10:25:20.657401+00:00
1BTstimktPSR3UELpL1wLrxCozMCcKBY3i,0012ea9acfdf3b20,[0012ea9acf],https://www.walletexplorer.com/wallet/0012ea9acfdf3b20,ok,,2026-06-27T10:25:21.023008+00:00
1F7EdRVM8LNGEkgV1Sfk5HiAkt4cjyQUCL,0012ea9acfdf3b20,[0012ea9acf],https://www.walletexplorer.com/wallet/0012ea9acfdf3b20,ok,,2026-06-27T10:25:21.411467+00:00
1FoaBnAuramqdYEN4AakrPnonWgWwXFuQC,0012ea9acfdf3b20,[0012ea9acf],https://www.walletexplorer.com/wallet/0012ea9acfdf3b20,ok,,2026-06-27T10:25:21.818507+00:00
1PrYcivj8fcddo3ApqprMeR96zFkBy5QxD,271aed41722b323b,[271aed4172],https://www.walletexplorer.com/wallet/271aed41722b323b,ok,,2026-06-27T10:25:22.371693+00:00
1JFUG7KGN9YT96EEAfevyuaNG8CKRLShNw,0012ea9acfdf3b20,[0012ea9acf],https://www.walletexplorer.com/wallet/0012ea9acfdf3b20,ok,,2026-06-27T10:25:22.934207+00:00
1J3uGppvNTKG8qS6DGNAFpUGf5Wpt5bwX8,0012ea9acfdf3b20,[0012ea9acf],https://www.walletexplorer.com/wallet/0012ea9acfdf3b20,ok,,2026-06-27T10:25:23.403951+00:00
12LbT7XZtYHikrhY17D7w6NY9yz14qUNRP,0012ea9acfdf3b20,[0012ea9acf],https://www.walletexplorer.com/wallet/0012ea9acfdf3b20,ok,,2026-06-27T10:25:23.815248+00:00
1Lnh5BzkwkXDCEbyXnintGt729U55QkW78,0012ea9acfdf3b20,[0012ea9acf],https://www.walletexplorer.com/wallet/0012ea9acfdf3b20,ok,,2026-06-27T10:25:24.230862+00:00
1BKCcgUNPxJv6xje3cw8o3CKJMoNPRpACn,39fb59a77711bf42,[39fb59a777],https://www.walletexplorer.com/wallet/39fb59a77711bf42,ok,,2026-06-27T10:25:24.855492+00:00
1B69ww1DDfxJScWU6oFb8F853yxXMocWXb,0012ea9acfdf3b20,[0012ea9acf],https://www.walletexplorer.com/wallet/0012ea9acfdf3b20,ok,,2026-06-27T10:25:25.323936+00:00
1XYnUTv7qZTa7SGzKvo2HRwxQxyEmAtsh,0012ea9acfdf3b20,[0012ea9acf],https://www.walletexplorer.com/wallet/0012ea9acfdf3b20,ok,,2026-06-27T10:25:25.703937+00:00
1Lze3D41Z14153RnczeYGv88VUEUBBTcBU,0012ea9acfdf3b20,[0012ea9acf],https://www.walletexplorer.com/wallet/0012ea9acfdf3b20,ok,,2026-06-27T10:25:26.083120+00:00
1KkQsfwDBWm69nUR67pnb3TXBZZ1LPBsuz,0012ea9acfdf3b20,[0012ea9acf],https://www.walletexplorer.com/wallet/0012ea9acfdf3b20,ok,,2026-06-27T10:25:26.476476+00:00
15x1L3xnKMJ5T6yTkemCNg4KqnW4FYWU4f,0012ea9acfdf3b20,[0012ea9acf],https://www.walletexplorer.com/wallet/0012ea9acfdf3b20,ok,,2026-06-27T10:25:26.927112+00:00
1MYn3XMWV2JmAEL6mtDNSoK1PWFss1Mkmb,0012ea9acfdf3b20,[0012ea9acf],https://www.walletexplorer.com/wallet/0012ea9acfdf3b20,ok,,2026-06-27T10:25:27.323465+00:00
1L64CZnwfK6TMexad9ddACShrTSjW7UduR,0012ea9acfdf3b20,[0012ea9acf],https://www.walletexplorer.com/wallet/0012ea9acfdf3b20,ok,,2026-06-27T10:25:27.675086+00:00
14tugqHtK4ER7bfcPesddwEEwf9eaX9AVx,0012ea9acfdf3b20,[0012ea9acf],https://www.walletexplorer.com/wallet/0012ea9acfdf3b20,ok,,2026-06-27T10:25:28.092840+00:00
1L1BfjjEAqv3FJaXWGTxUGRXwyK1E37ZE8,0012ea9acfdf3b20,[0012ea9acf],https://www.walletexplorer.com/wallet/0012ea9acfdf3b20,ok,,2026-06-27T10:25:28.521288+00:00
19w43RSiJZDHsi7znUuNzKXXrbPrpoAqz,0012ea9acfdf3b20,[0012ea9acf],https://www.walletexplorer.com/wallet/0012ea9acfdf3b20,ok,,2026-06-27T10:25:28.920013+00:00
1FoU22Dx4FwWVj8HyPhfCPg6v2NVVqjSxJ,0012ea9acfdf3b20,[0012ea9acf],https://www.walletexplorer.com/wallet/0012ea9acfdf3b20,ok,,2026-06-27T10:25:29.344206+00:00
1JgQZwpppE2P7qyJiaTR9NJMMzTe9g8LyQ,0012ea9acfdf3b20,[0012ea9acf],https://www.walletexplorer.com/wallet/0012ea9acfdf3b20,ok,,2026-06-27T10:25:29.760056+00:00
1DDtGUcf7BK9eVb9uE7VDieuwpZpV7vDjA,797820f844619f47,[797820f844],https://www.walletexplorer.com/wallet/797820f844619f47,ok,,2026-06-27T10:25:30.202598+00:00
1HjNzSkJJgmi4R5MkyNqNkVy37pn1rBPE,ceba57aa48694664,[ceba57aa48],https://www.walletexplorer.com/wallet/ceba57aa48694664,ok,,2026-06-27T10:25:30.740063+00:00
18m99bYm7Aqy8wEdQv2iM1yozE2GhEhuAC,56118fc8d09eb50a,[56118fc8d0],https://www.walletexplorer.com/wallet/56118fc8d09eb50a,ok,,2026-06-27T10:25:31.346240+00:00
1McYaGf4n9tcuuky6Uc5kSB4PxH17Am2oj,0012ea9acfdf3b20,[0012ea9acf],https://www.walletexplorer.com/wallet/0012ea9acfdf3b20,ok,,2026-06-27T10:25:31.714593+00:00
1FNuXqt6kYS9HTjeE78VHrvwGcLdfHMBdY,0012ea9acfdf3b20,[0012ea9acf],https://www.walletexplorer.com/wallet/0012ea9acfdf3b20,ok,,2026-06-27T10:25:32.097329+00:00
1BTsyXjJErpq7rXCLH5PtqHSEPagHNi6Bw,0012ea9acfdf3b20,[0012ea9acf],https://www.walletexplorer.com/wallet/0012ea9acfdf3b20,ok,,2026-06-27T10:25:32.462278+00:00
1CGsGsBumJUrxvwV5PKAdw3dNu4E3Z52Tu,06f014ed13a544c5,[06f014ed13],https://www.walletexplorer.com/wallet/06f014ed13a544c5,ok,,2026-06-27T10:25:32.807876+00:00
138CzHgzMpT1uzJwTA6jV77wP26t4WU6DF,0012ea9acfdf3b20,[0012ea9acf],https://www.walletexplorer.com/wallet/0012ea9acfdf3b20,ok,,2026-06-27T10:25:33.469464+00:00
1BFKbLXsMNaxPdZzNp73EitrtYs9dpMkQx,0012ea9acfdf3b20,[0012ea9acf],https://www.walletexplorer.com/wallet/0012ea9acfdf3b20,ok,,2026-06-27T10:25:33.868479+00:00
19gbJ6Hvb7aqJPe8GyL7PPg3DyRQ5gfLBo,0012ea9acfdf3b20,[0012ea9acf],https://www.walletexplorer.com/wallet/0012ea9acfdf3b20,ok,,2026-06-27T10:25:34.268986+00:00
16yPNHdzm114gn2S2cnYscS8YLw5U5xGEP,0012ea9acfdf3b20,[0012ea9acf],https://www.walletexplorer.com/wallet/0012ea9acfdf3b20,ok,,2026-06-27T10:25:34.695906+00:00
15rZT3pKJP8mtbKwAsuaiVHVmbKF8SKQya,0012ea9acfdf3b20,[0012ea9acf],https://www.walletexplorer.com/wallet/0012ea9acfdf3b20,ok,,2026-06-27T10:25:35.104345+00:00
1AXFWK2Ef1PckhWTYDKN8gAr8YvyE89JKk,0012ea9acfdf3b20,[0012ea9acf],https://www.walletexplorer.com/wallet/0012ea9acfdf3b20,ok,,2026-06-27T10:25:35.519889+00:00
16wQaYAUNydXSk23XVAjvxwemPFc9WwQsh,0012ea9acfdf3b20,[0012ea9acf],https://www.walletexplorer.com/wallet/0012ea9acfdf3b20,ok,,2026-06-27T10:25:35.933453+00:00
1LZvPABJAr1X5Zdt7qwF91ZgKfjbYezf3A,0012ea9acfdf3b20,[0012ea9acf],https://www.walletexplorer.com/wallet/0012ea9acfdf3b20,ok,,2026-06-27T10:25:36.448931+00:00
12e5vE9qhNPsxxkWFnNsnc25ZVzXLXjReA,0012ea9acfdf3b20,[0012ea9acf],https://www.walletexplorer.com/wallet/0012ea9acfdf3b20,ok,,2026-06-27T10:25:36.857748+00:00
1GcYo2KCEbg7hN2MPFi9ttnBcgwqPdnEfG,0012ea9acfdf3b20,[0012ea9acf],https://www.walletexplorer.com/wallet/0012ea9acfdf3b20,ok,,2026-06-27T10:25:37.255787+00:00
13LHq6RYYtrXThtHRE75WbX3trYkATP8YL,0012ea9acfdf3b20,[0012ea9acf],https://www.walletexplorer.com/wallet/0012ea9acfdf3b20,ok,,2026-06-27T10:25:37.623871+00:00
16Huy5vWsT4ADuxWMJKszzz3awfAcnfYmA,0012ea9acfdf3b20,[0012ea9acf],https://www.walletexplorer.com/wallet/0012ea9acfdf3b20,ok,,2026-06-27T10:25:38.021950+00:00
18v6EfBEdub9WXbJHyGSGWfcaRBfcyvWjh,0012ea9acfdf3b20,[0012ea9acf],https://www.walletexplorer.com/wallet/0012ea9acfdf3b20,ok,,2026-06-27T10:25:38.526516+00:00
19AXZwd4B2t2gZBGF78o6g7h12UytU6TS2,643facea9f9fb5ea,[643facea9f],https://www.walletexplorer.com/wallet/643facea9f9fb5ea,ok,,2026-06-27T10:25:38.914601+00:00
1NRmybpeQh3SE2qRaDMYJERvVhKnd6u2i5,0012ea9acfdf3b20,[0012ea9acf],https://www.walletexplorer.com/wallet/0012ea9acfdf3b20,ok,,2026-06-27T10:25:39.305911+00:00
1PUvRHsgGRAud3PcfyD3Pu13fRSeo3Zty7,0012ea9acfdf3b20,[0012ea9acf],https://www.walletexplorer.com/wallet/0012ea9acfdf3b20,ok,,2026-06-27T10:25:39.674282+00:00
1L9rTsJYbw1T6Xa4p8HaxVmtgqWMkfV2ew,0012ea9acfdf3b20,[0012ea9acf],https://www.walletexplorer.com/wallet/0012ea9acfdf3b20,ok,,2026-06-27T10:25:40.072909+00:00
1FuddePRRwACr5fRK82i85Ah54UdMT5rsp,0012ea9acfdf3b20,[0012ea9acf],https://www.walletexplorer.com/wallet/0012ea9acfdf3b20,ok,,2026-06-27T10:25:40.438634+00:00
1EkyuGQdr8Bog5KwEbDDDURC5S687EGJ3t,0012ea9acfdf3b20,[0012ea9acf],https://www.walletexplorer.com/wallet/0012ea9acfdf3b20,ok,,2026-06-27T10:25:40.830697+00:00
1PWkYuUnJ4Ja4Baaw36ZRu6jUftSvezCW1,0012ea9acfdf3b20,[0012ea9acf],https://www.walletexplorer.com/wallet/0012ea9acfdf3b20,ok,,2026-06-27T10:25:41.221308+00:00
1N3VCvCj8k41dVHYdADTeit7BZN6M82H6J,0012ea9acfdf3b20,[0012ea9acf],https://www.walletexplorer.com/wallet/0012ea9acfdf3b20,ok,,2026-06-27T10:25:41.618437+00:00
1EpsHHwgyxtf2GUQYj7JEKW6Gs9zDcFuAy,0012ea9acfdf3b20,[0012ea9acf],https://www.walletexplorer.com/wallet/0012ea9acfdf3b20,ok,,2026-06-27T10:25:42.181006+00:00
1PnczbUaMbfGiENkWtKMydxk2wH7ZWGLTP,0ee25ce4dd89e600,[0ee25ce4dd],https://www.walletexplorer.com/wallet/0ee25ce4dd89e600,ok,,2026-06-27T10:25:42.799200+00:00
1AszZBMLYMKfzTkNSFw7ExvBPHAq3DCSgY,0012ea9acfdf3b20,[0012ea9acf],https://www.walletexplorer.com/wallet/0012ea9acfdf3b20,ok,,2026-06-27T10:25:43.418757+00:00
1CyLryCLfww9uGrakD81VqN1HCsHnhxsD8,0012ea9acfdf3b20,[0012ea9acf],https://www.walletexplorer.com/wallet/0012ea9acfdf3b20,ok,,2026-06-27T10:25:43.793110+00:00
1BgnvyKBe8mGBFxUhHKjAYZECCM9aK5eT,0012ea9acfdf3b20,[0012ea9acf],https://www.walletexplorer.com/wallet/0012ea9acfdf3b20,ok,,2026-06-27T10:25:44.210078+00:00
14sU6fYb9UydbArUwfxWTGEJHbeqkKWTig,0012ea9acfdf3b20,[0012ea9acf],https://www.walletexplorer.com/wallet/0012ea9acfdf3b20,ok,,2026-06-27T10:25:44.596462+00:00
14q8WH9XuMJ67RhwZAuRZBf6EqoY1Fadya,06f014ed13a544c5,[06f014ed13],https://www.walletexplorer.com/wallet/06f014ed13a544c5,ok,,2026-06-27T10:25:44.990260+00:00
18cdbBem5DfbWrGLK7WqqAKqyCqwWXjcWc,0ee25ce4dd89e600,[0ee25ce4dd],https://www.walletexplorer.com/wallet/0ee25ce4dd89e600,ok,,2026-06-27T10:25:45.395933+00:00
1GGC6zBAgVqz3kxdbPntMFTSzogU6TqLrB,06f014ed13a544c5,[06f014ed13],https://www.walletexplorer.com/wallet/06f014ed13a544c5,ok,,2026-06-27T10:25:45.797007+00:00
1PWrvRUuhjvhnHqayjScRVuWhUWa1Nwsif,0012ea9acfdf3b20,[0012ea9acf],https://www.walletexplorer.com/wallet/0012ea9acfdf3b20,ok,,2026-06-27T10:25:46.246978+00:00
14poRtUL8YC9aA4a5PW4sPwQx9PRsW4LbF,0012ea9acfdf3b20,[0012ea9acf],https://www.walletexplorer.com/wallet/0012ea9acfdf3b20,ok,,2026-06-27T10:25:46.800809+00:00
1EG1HpbzGdrMAv8Gne6PdeqcZayepCLyfK,0012ea9acfdf3b20,[0012ea9acf],https://www.walletexplorer.com/wallet/0012ea9acfdf3b20,ok,,2026-06-27T10:25:47.364573+00:00
1JVML6GonxHsfj6TN4pY7mCrMmhF4gViea,0012ea9acfdf3b20,[0012ea9acf],https://www.walletexplorer.com/wallet/0012ea9acfdf3b20,ok,,2026-06-27T10:25:48.026338+00:00
1AfDMTusM4KfKwGtzMHoPZwj4EAeKdU6Ak,0012ea9acfdf3b20,[0012ea9acf],https://www.walletexplorer.com/wallet/0012ea9acfdf3b20,ok,,2026-06-27T10:25:48.411939+00:00
14eVVvW1qbXdMzDvgXcXDkUc2PJyzwbX6F,0012ea9acfdf3b20,[0012ea9acf],https://www.walletexplorer.com/wallet/0012ea9acfdf3b20,ok,,2026-06-27T10:25:48.811993+00:00
1KuADbSJxE9Ar4pgACBi2pDiEZ7W5CN8ks,271aed41722b323b,[271aed4172],https://www.walletexplorer.com/wallet/271aed41722b323b,ok,,2026-06-27T10:25:49.213192+00:00
1DpnEzD9mA71LFUyzN6x4PDxXppk9qP4Cg,0012ea9acfdf3b20,[0012ea9acf],https://www.walletexplorer.com/wallet/0012ea9acfdf3b20,ok,,2026-06-27T10:25:49.639115+00:00
1DuT4imoyTCcDRqKQ6G3BcetgWo6zCpmwa,0012ea9acfdf3b20,[0012ea9acf],https://www.walletexplorer.com/wallet/0012ea9acfdf3b20,ok,,2026-06-27T10:25:50.087423+00:00
18ETsgcZMwycvdpXuuKqHd7kMHW5cyND8p,0012ea9acfdf3b20,[0012ea9acf],https://www.walletexplorer.com/wallet/0012ea9acfdf3b20,ok,,2026-06-27T10:25:50.482531+00:00
1F4JcfXUQmmRpPRx6a1fCrw8TNj3Ri5hs1,0012ea9acfdf3b20,[0012ea9acf],https://www.walletexplorer.com/wallet/0012ea9acfdf3b20,ok,,2026-06-27T10:25:50.909135+00:00
1Niky2ah1vU7uxVkZVmh6tCwZ3jU4fnHDx,0012ea9acfdf3b20,[0012ea9acf],https://www.walletexplorer.com/wallet/0012ea9acfdf3b20,ok,,2026-06-27T10:25:51.306934+00:00
1NTp61CrsCfM9HzPzWWC77uhgMoiSwbdTz,0012ea9acfdf3b20,[0012ea9acf],https://www.walletexplorer.com/wallet/0012ea9acfdf3b20,ok,,2026-06-27T10:25:51.868643+00:00
134iKixoFRpw8N95og3VeS4ZqhtF3sLHsZ,0012ea9acfdf3b20,[0012ea9acf],https://www.walletexplorer.com/wallet/0012ea9acfdf3b20,ok,,2026-06-27T10:25:52.355783+00:00
19FhvVydAgcSihNPE4iYJsyw48nCCpAkWx,0012ea9acfdf3b20,[0012ea9acf],https://www.walletexplorer.com/wallet/0012ea9acfdf3b20,ok,,2026-06-27T10:25:52.736021+00:00
1DYfd5HMy41Dec3T4H7mkbFgjLcuJsHXFX,0012ea9acfdf3b20,[0012ea9acf],https://www.walletexplorer.com/wallet/0012ea9acfdf3b20,ok,,2026-06-27T10:25:53.227037+00:00
18TVnop94t9gEY3MDs3zA9q2eRUwTRQBgP,0012ea9acfdf3b20,[0012ea9acf],https://www.walletexplorer.com/wallet/0012ea9acfdf3b20,ok,,2026-06-27T10:25:53.680596+00:00
1DJcz4riufGrwTcaRVw11ikgo7uc7mrfsS,83d2ba92df5242a1,[83d2ba92df],https://www.walletexplorer.com/wallet/83d2ba92df5242a1,ok,,2026-06-27T10:25:54.067807+00:00
19C2hDwsMmYgcSHMPvqiH2ZapgUA3Zw6D6,0012ea9acfdf3b20,[0012ea9acf],https://www.walletexplorer.com/wallet/0012ea9acfdf3b20,ok,,2026-06-27T10:25:54.868601+00:00
1H7RyBvGqTAckGznJTyT1k5a6JPAG7p39N,0012ea9acfdf3b20,[0012ea9acf],https://www.walletexplorer.com/wallet/0012ea9acfdf3b20,ok,,2026-06-27T10:25:55.368828+00:00
15Q9NfxD15yUgqjcD1jxYPVZ89D8Jdfxh9,14318175ca73d114,[14318175ca],https://www.walletexplorer.com/wallet/14318175ca73d114,ok,,2026-06-27T10:25:55.766719+00:00
1BmrUtesnRp8YBedhAgo3vKH8GDzFWvPub,0012ea9acfdf3b20,[0012ea9acf],https://www.walletexplorer.com/wallet/0012ea9acfdf3b20,ok,,2026-06-27T10:25:56.198096+00:00
12kWP3r6KLQq4xNw7nB8uAziMrqgnkfagH,0012ea9acfdf3b20,[0012ea9acf],https://www.walletexplorer.com/wallet/0012ea9acfdf3b20,ok,,2026-06-27T10:25:56.694372+00:00
1PLzc9bxtdLTRJapgDTbDJZHfTNSurRZnR,0012ea9acfdf3b20,[0012ea9acf],https://www.walletexplorer.com/wallet/0012ea9acfdf3b20,ok,,2026-06-27T10:25:57.095027+00:00
12r8WShBu5De4t99JVz6gicpiuqeqdKoMx,0012ea9acfdf3b20,[0012ea9acf],https://www.walletexplorer.com/wallet/0012ea9acfdf3b20,ok,,2026-06-27T10:25:57.493265+00:00
1BacR1NojS2Gz61vR2LFQAwPxXkFc5sDuN,06f014ed13a544c5,[06f014ed13],https://www.walletexplorer.com/wallet/06f014ed13a544c5,ok,,2026-06-27T10:25:57.894075+00:00
1FLvHkbMjiirhZuQn3EnLNBw7k4mQBPQYy,0012ea9acfdf3b20,[0012ea9acf],https://www.walletexplorer.com/wallet/0012ea9acfdf3b20,ok,,2026-06-27T10:25:58.295205+00:00
19jbRY2yx4YbTL4JmyGeUvNxZ8EZnewece,0012ea9acfdf3b20,[0012ea9acf],https://www.walletexplorer.com/wallet/0012ea9acfdf3b20,ok,,2026-06-27T10:25:58.686822+00:00
15AudDV1LymW49E4BtBtLvmE7qSWvVqJqx,25b1ee8b6ab9fccc,[25b1ee8b6a],https://www.walletexplorer.com/wallet/25b1ee8b6ab9fccc,ok,,2026-06-27T10:25:59.220378+00:00
19AMXCajinweHSzE9vGBr5hfe3HAQWEeVe,0012ea9acfdf3b20,[0012ea9acf],https://www.walletexplorer.com/wallet/0012ea9acfdf3b20,ok,,2026-06-27T10:25:59.624685+00:00
1DicbBEMW3FbzFadghxShEP7jdzC48TiKL,0012ea9acfdf3b20,[0012ea9acf],https://www.walletexplorer.com/wallet/0012ea9acfdf3b20,ok,,2026-06-27T10:26:00.050522+00:00
1LSdBJsRM8uTvp7z41oW13dpvLrK8iooeN,0012ea9acfdf3b20,[0012ea9acf],https://www.walletexplorer.com/wallet/0012ea9acfdf3b20,ok,,2026-06-27T10:26:00.475914+00:00
1JXHuKbNKZPH15mH88hStHxHfm38FMsEFY,0012ea9acfdf3b20,[0012ea9acf],https://www.walletexplorer.com/wallet/0012ea9acfdf3b20,ok,,2026-06-27T10:26:00.899497+00:00
1HtAjN8VaYZvWgLKZWdDPLzoCXRaq6swJH,0012ea9acfdf3b20,[0012ea9acf],https://www.walletexplorer.com/wallet/0012ea9acfdf3b20,ok,,2026-06-27T10:26:01.311555+00:00
1CDAC3BL3iLJXsKRNNb7L9xQni7M5Xu1P7,b29ea745aa19a3cf,[b29ea745aa],https://www.walletexplorer.com/wallet/b29ea745aa19a3cf,ok,,2026-06-27T10:26:01.823342+00:00
1GoWAbVshKQgEh71Msg6sAFWt1RqQvd6QN,0012ea9acfdf3b20,[0012ea9acf],https://www.walletexplorer.com/wallet/0012ea9acfdf3b20,ok,,2026-06-27T10:26:02.239009+00:00
1KstRSXShbfNsLugX2Fjn5KUPdy3BbaVBM,0012ea9acfdf3b20,[0012ea9acf],https://www.walletexplorer.com/wallet/0012ea9acfdf3b20,ok,,2026-06-27T10:26:02.626083+00:00
143YoYNmf8DWWqZr4C1yRaySeZQAiCfxak,dff0d9cf64bc8984,[dff0d9cf64],https://www.walletexplorer.com/wallet/dff0d9cf64bc8984,ok,,2026-06-27T10:26:03.031234+00:00
1PxEE24sEzbGFNYApcBGGjeh3MFr9nFCsK,0012ea9acfdf3b20,[0012ea9acf],https://www.walletexplorer.com/wallet/0012ea9acfdf3b20,ok,,2026-06-27T10:26:03.445485+00:00
12GshWmtEFb4AH68esr4ksu4EDNgP13U5t,25b1ee8b6ab9fccc,[25b1ee8b6a],https://www.walletexplorer.com/wallet/25b1ee8b6ab9fccc,ok,,2026-06-27T10:26:03.943279+00:00
1HA6CjjPQPbWF9c37dSjk17t4XzjcQxWaF,0012ea9acfdf3b20,[0012ea9acf],https://www.walletexplorer.com/wallet/0012ea9acfdf3b20,ok,,2026-06-27T10:26:04.324640+00:00
1PoPpR1hpdXSVdfkWqDTynm5gco7tkm2oG,0012ea9acfdf3b20,[0012ea9acf],https://www.walletexplorer.com/wallet/0012ea9acfdf3b20,ok,,2026-06-27T10:26:04.812858+00:00
1HBGJTnJnmRvy8D4T1xAwqrFRNFngdyVwt,0012ea9acfdf3b20,[0012ea9acf],https://www.walletexplorer.com/wallet/0012ea9acfdf3b20,ok,,2026-06-27T10:26:05.396767+00:00
15FwTqMNuYkpzCvWAe7vnd1Rk9xMiBHA7C,3137047ffb3e0f06,[3137047ffb],https://www.walletexplorer.com/wallet/3137047ffb3e0f06,ok,,2026-06-27T10:26:05.822421+00:00
14UTJWb1e5AGxkfqArRqDduUWevK7eFSw7,1fcec5841869d7b4,[1fcec58418],https://www.walletexplorer.com/wallet/1fcec5841869d7b4,ok,,2026-06-27T10:26:06.226101+00:00
1JndhAeXpp8ot7GW1DJsKHieRpVUYQo8te,0012ea9acfdf3b20,[0012ea9acf],https://www.walletexplorer.com/wallet/0012ea9acfdf3b20,ok,,2026-06-27T10:26:06.609005+00:00
1GjWcSytxMFTQw3eFzcZsrBtTBTGsvMNo4,0012ea9acfdf3b20,[0012ea9acf],https://www.walletexplorer.com/wallet/0012ea9acfdf3b20,ok,,2026-06-27T10:26:07.013698+00:00
13AAShHrEaVzaaM4JbjXh1cp8goeSne5c5,0012ea9acfdf3b20,[0012ea9acf],https://www.walletexplorer.com/wallet/0012ea9acfdf3b20,ok,,2026-06-27T10:26:07.393820+00:00
1C35nGFthCRYs1ASRWLFwnmw2kA3HUzBfW,0012ea9acfdf3b20,[0012ea9acf],https://www.walletexplorer.com/wallet/0012ea9acfdf3b20,ok,,2026-06-27T10:26:07.812525+00:00
196QJwzY7GKgWFuuLqQqzCxpmQDyNj9gDe,0012ea9acfdf3b20,[0012ea9acf],https://www.walletexplorer.com/wallet/0012ea9acfdf3b20,ok,,2026-06-27T10:26:08.235461+00:00
1B5f5U9tCQn46KTnHhmp91isa6y7yHzhE4,92f812ba4c872f23,[92f812ba4c],https://www.walletexplorer.com/wallet/92f812ba4c872f23,ok,,2026-06-27T10:26:08.623593+00:00
1MhyDpSzHpNiz7s5yyJfvY3SonpRJQgrDd,0012ea9acfdf3b20,[0012ea9acf],https://www.walletexplorer.com/wallet/0012ea9acfdf3b20,ok,,2026-06-27T10:26:09.015463+00:00
134LCPjv5TqdQHDUUW1KnzhCRfnxfTeQn5,0012ea9acfdf3b20,[0012ea9acf],https://www.walletexplorer.com/wallet/0012ea9acfdf3b20,ok,,2026-06-27T10:26:09.401788+00:00
1PYUx7ZTZJrgzD289bSPF1LHNWsBnu9Etr,0012ea9acfdf3b20,[0012ea9acf],https://www.walletexplorer.com/wallet/0012ea9acfdf3b20,ok,,2026-06-27T10:26:09.801605+00:00
1CaqJJKQTfDPE5ki9PjCLPNS91FUU2vmyk,0012ea9acfdf3b20,[0012ea9acf],https://www.walletexplorer.com/wallet/0012ea9acfdf3b20,ok,,2026-06-27T10:26:10.339290+00:00
1DmjXTKhesifNPKKg62CBSjYonEazVBBVq,0012ea9acfdf3b20,[0012ea9acf],https://www.walletexplorer.com/wallet/0012ea9acfdf3b20,ok,,2026-06-27T10:26:10.726491+00:00
13XP2sKobL1dZgk4Dd9WK5zKV6Ns36KsEG,0012ea9acfdf3b20,[0012ea9acf],https://www.walletexplorer.com/wallet/0012ea9acfdf3b20,ok,,2026-06-27T10:26:11.117917+00:00
1KwfAHeYNWA2QFEjwhma3Wq3wVDYaQbFV7,0012ea9acfdf3b20,[0012ea9acf],https://www.walletexplorer.com/wallet/0012ea9acfdf3b20,ok,,2026-06-27T10:26:11.541142+00:00
1BkahTyWZtuLzfcUiPHi4dLbPHTUUiuWjC,0012ea9acfdf3b20,[0012ea9acf],https://www.walletexplorer.com/wallet/0012ea9acfdf3b20,ok,,2026-06-27T10:26:11.953252+00:00
1L2ZVUHLP3TDp5TgaiY7C9kdNT5Ldqmp7x,0012ea9acfdf3b20,[0012ea9acf],https://www.walletexplorer.com/wallet/0012ea9acfdf3b20,ok,,2026-06-27T10:26:12.372359+00:00
1JUzK7Jpyo98jbnxnkB8nQj25pTF92tUZD,0012ea9acfdf3b20,[0012ea9acf],https://www.walletexplorer.com/wallet/0012ea9acfdf3b20,ok,,2026-06-27T10:26:12.779873+00:00
1eW2qdEneEWkgmvBrP7tYDpfyLYCx8FDp,0012ea9acfdf3b20,[0012ea9acf],https://www.walletexplorer.com/wallet/0012ea9acfdf3b20,ok,,2026-06-27T10:26:13.213325+00:00
19rMuLLytJqV22uY2zGZZ3W7qCG4Tr2P4e,a4f8f783ccb26790,[a4f8f783cc],https://www.walletexplorer.com/wallet/a4f8f783ccb26790,ok,,2026-06-27T10:26:13.631941+00:00
17jYdG9ZirJMpia6yrdSUtw6yHqMfRstai,0012ea9acfdf3b20,[0012ea9acf],https://www.walletexplorer.com/wallet/0012ea9acfdf3b20,ok,,2026-06-27T10:26:14.059287+00:00
1KqjsrWst7TFVahNu4dfyPSQpPrFkrfVmS,0012ea9acfdf3b20,[0012ea9acf],https://www.walletexplorer.com/wallet/0012ea9acfdf3b20,ok,,2026-06-27T10:26:14.462319+00:00
1Frsx1xqsCJZ3aX4mSzSgQXhNvGYCXLLoA,06f014ed13a544c5,[06f014ed13],https://www.walletexplorer.com/wallet/06f014ed13a544c5,ok,,2026-06-27T10:26:14.874973+00:00
1MQNZQWNWY5ysF3z5WwA9WHRmswmtX1Qz2,0012ea9acfdf3b20,[0012ea9acf],https://www.walletexplorer.com/wallet/0012ea9acfdf3b20,ok,,2026-06-27T10:26:15.321514+00:00
15Zwx4sumFaGN2sK867vxZ3uWQdGAS9vjQ,d7611167e9bf5f55,[d7611167e9],https://www.walletexplorer.com/wallet/d7611167e9bf5f55,ok,,2026-06-27T10:26:16.009924+00:00
18fe6fwi8X8ufHNzwKb2vGTdEEdsNcY8zn,06f014ed13a544c5,[06f014ed13],https://www.walletexplorer.com/wallet/06f014ed13a544c5,ok,,2026-06-27T10:26:16.473572+00:00
1ECtrPb3dC5938wzZNvnJPoaQ4j2QjGnYw,0012ea9acfdf3b20,[0012ea9acf],https://www.walletexplorer.com/wallet/0012ea9acfdf3b20,ok,,2026-06-27T10:26:16.903234+00:00
1LYSpRaECADmUa5C2SRmdNDmwgwV8uD5tA,0012ea9acfdf3b20,[0012ea9acf],https://www.walletexplorer.com/wallet/0012ea9acfdf3b20,ok,,2026-06-27T10:26:17.461516+00:00
16B9ZAuCJGEcLgycJiwBkrCAfQh4M2793B,0012ea9acfdf3b20,[0012ea9acf],https://www.walletexplorer.com/wallet/0012ea9acfdf3b20,ok,,2026-06-27T10:26:18.008710+00:00
185fGTHvj5FuWJGiKsUxcyY7jChKBjpvFW,ff776682745c81f8,[ff77668274],https://www.walletexplorer.com/wallet/ff776682745c81f8,ok,,2026-06-27T10:26:18.436597+00:00
1A48zyPiVE8Sm1yxGfhj6BUZ7TxR8WYyBd,0012ea9acfdf3b20,[0012ea9acf],https://www.walletexplorer.com/wallet/0012ea9acfdf3b20,ok,,2026-06-27T10:26:18.871394+00:00
1B6hMS367uLvPfg79vwVhwrVphzDxMTQY3,0012ea9acfdf3b20,[0012ea9acf],https://www.walletexplorer.com/wallet/0012ea9acfdf3b20,ok,,2026-06-27T10:26:19.271492+00:00
1EEjqVBCVV5bUKUZfAW4gDDh66M9JAxNbS,0012ea9acfdf3b20,[0012ea9acf],https://www.walletexplorer.com/wallet/0012ea9acfdf3b20,ok,,2026-06-27T10:26:19.678019+00:00
1KfbEstKX6gWAUmwaLQYzyknDSGSFQFbki,0012ea9acfdf3b20,[0012ea9acf],https://www.walletexplorer.com/wallet/0012ea9acfdf3b20,ok,,2026-06-27T10:26:20.131058+00:00
1JKBcgqoWA5HeDKHccR34oNqDDBwPCwvmy,0012ea9acfdf3b20,[0012ea9acf],https://www.walletexplorer.com/wallet/0012ea9acfdf3b20,ok,,2026-06-27T10:26:20.527437+00:00
1KcBzzAjPgxRNvd1sheE3oyRaaJXBtqowh,0012ea9acfdf3b20,[0012ea9acf],https://www.walletexplorer.com/wallet/0012ea9acfdf3b20,ok,,2026-06-27T10:26:20.936839+00:00
12ZH7HvWSSNHZ1KY79aBDG43TTCymYELb5,0012ea9acfdf3b20,[0012ea9acf],https://www.walletexplorer.com/wallet/0012ea9acfdf3b20,ok,,2026-06-27T10:26:21.335721+00:00
19VdTgq8c5qEx7zS8bWtrUC9faagZ2CxpP,4c5c6fba2be55d4a,[4c5c6fba2b],https://www.walletexplorer.com/wallet/4c5c6fba2be55d4a,ok,,2026-06-27T10:26:21.872630+00:00
1FQYCSacjiYQrPvZPF114izK1dHebrcuiW,79696500e32c9908,[79696500e3],https://www.walletexplorer.com/wallet/79696500e32c9908,ok,,2026-06-27T10:26:22.290227+00:00
1HEzSCDoPKg1LxMLznVo619MF8hWF1VHuU,0012ea9acfdf3b20,[0012ea9acf],https://www.walletexplorer.com/wallet/0012ea9acfdf3b20,ok,,2026-06-27T10:26:22.689026+00:00
16ezFhuRbjxjQEMamt3aTvbDzqrqKZhucq,ae402e473ba33916,[ae402e473b],https://www.walletexplorer.com/wallet/ae402e473ba33916,ok,,2026-06-27T10:26:23.101837+00:00
19kvD6Hhrj2VYP2hSsn9Cf4mzfp4RMRMeX,0012ea9acfdf3b20,[0012ea9acf],https://www.walletexplorer.com/wallet/0012ea9acfdf3b20,ok,,2026-06-27T10:26:23.510056+00:00
